`torch_dtype` is deprecated! Use `dtype` instead!
Loading checkpoint shards:   0%|          | 0/4 [00:00<?, ?it/s]Loading checkpoint shards:  25%|██▌       | 1/4 [00:05<00:16,  5.48s/it]Loading checkpoint shards:  50%|█████     | 2/4 [00:12<00:12,  6.37s/it]Loading checkpoint shards:  75%|███████▌  | 3/4 [00:19<00:06,  6.68s/it]Loading checkpoint shards: 100%|██████████| 4/4 [00:21<00:00,  4.99s/it]Loading checkpoint shards: 100%|██████████| 4/4 [00:21<00:00,  5.48s/it]
CALL geometry3k_test_2401 raw
The following generation flags are not valid and may be ignored: ['temperature', 'top_p', 'top_k']. Set `TRANSFORMERS_VERBOSITY=info` for more details.
OK	geometry3k_test_2401	raw	pred='B'	gold='B'	complete=True	new_tokens=2	duration_s=5.01
CALL geometry3k_test_2401 oracle_full
OK	geometry3k_test_2401	oracle_full	pred='B'	gold='B'	complete=True	new_tokens=2	duration_s=5.40
CALL geometry3k_test_2401 oracle_topk3
OK	geometry3k_test_2401	oracle_topk3	pred='B'	gold='B'	complete=True	new_tokens=2	duration_s=4.46
CALL geometry3k_test_2401 oracle_topk6_cautious
OK	geometry3k_test_2401	oracle_topk6_cautious	pred='B'	gold='B'	complete=True	new_tokens=2	duration_s=4.71
CALL geometry3k_test_2401 oracle_topk3_trusted
OK	geometry3k_test_2401	oracle_topk3_trusted	pred='B'	gold='B'	complete=True	new_tokens=2	duration_s=4.48
CALL geometry3k_test_2401 oracle_topk6_trusted
OK	geometry3k_test_2401	oracle_topk6_trusted	pred='B'	gold='B'	complete=True	new_tokens=2	duration_s=4.73
CALL geometry3k_test_2401 oracle_corrupt_warned
OK	geometry3k_test_2401	oracle_corrupt_warned	pred='B'	gold='B'	complete=True	new_tokens=2	duration_s=4.71
CALL geometry3k_test_2401 oracle_corrupt_trusted
OK	geometry3k_test_2401	oracle_corrupt_trusted	pred='B'	gold='B'	complete=True	new_tokens=2	duration_s=4.76
CALL geometry3k_test_2402 raw
OK	geometry3k_test_2402	raw	pred='A'	gold='A'	complete=True	new_tokens=2	duration_s=4.51
CALL geometry3k_test_2402 oracle_full
OK	geometry3k_test_2402	oracle_full	pred='A'	gold='A'	complete=True	new_tokens=2	duration_s=7.08
CALL geometry3k_test_2402 oracle_topk3
OK	geometry3k_test_2402	oracle_topk3	pred='A'	gold='A'	complete=True	new_tokens=2	duration_s=5.08
CALL geometry3k_test_2402 oracle_topk6_cautious
OK	geometry3k_test_2402	oracle_topk6_cautious	pred='A'	gold='A'	complete=True	new_tokens=2	duration_s=5.10
CALL geometry3k_test_2402 oracle_topk3_trusted
OK	geometry3k_test_2402	oracle_topk3_trusted	pred='A'	gold='A'	complete=True	new_tokens=2	duration_s=4.83
CALL geometry3k_test_2402 oracle_topk6_trusted
OK	geometry3k_test_2402	oracle_topk6_trusted	pred='A'	gold='A'	complete=True	new_tokens=2	duration_s=5.09
CALL geometry3k_test_2402 oracle_corrupt_warned
OK	geometry3k_test_2402	oracle_corrupt_warned	pred='A'	gold='A'	complete=True	new_tokens=2	duration_s=5.08
CALL geometry3k_test_2402 oracle_corrupt_trusted
OK	geometry3k_test_2402	oracle_corrupt_trusted	pred='A'	gold='A'	complete=True	new_tokens=2	duration_s=5.11
CALL geometry3k_test_2403 raw
FAIL	geometry3k_test_2403	raw	pred='B'	gold='A'	complete=True	new_tokens=8	duration_s=5.04
CALL geometry3k_test_2403 oracle_full
FAIL	geometry3k_test_2403	oracle_full	pred='B'	gold='A'	complete=True	new_tokens=2	duration_s=6.49
CALL geometry3k_test_2403 oracle_topk3
FAIL	geometry3k_test_2403	oracle_topk3	pred='B'	gold='A'	complete=True	new_tokens=8	duration_s=5.36
CALL geometry3k_test_2403 oracle_topk6_cautious
FAIL	geometry3k_test_2403	oracle_topk6_cautious	pred='B'	gold='A'	complete=True	new_tokens=8	duration_s=5.65
CALL geometry3k_test_2403 oracle_topk3_trusted
FAIL	geometry3k_test_2403	oracle_topk3_trusted	pred='B'	gold='A'	complete=True	new_tokens=2	duration_s=4.84
CALL geometry3k_test_2403 oracle_topk6_trusted
FAIL	geometry3k_test_2403	oracle_topk6_trusted	pred='B'	gold='A'	complete=True	new_tokens=2	duration_s=5.10
CALL geometry3k_test_2403 oracle_corrupt_warned
FAIL	geometry3k_test_2403	oracle_corrupt_warned	pred='B'	gold='A'	complete=True	new_tokens=2	duration_s=5.08
CALL geometry3k_test_2403 oracle_corrupt_trusted
FAIL	geometry3k_test_2403	oracle_corrupt_trusted	pred='B'	gold='A'	complete=True	new_tokens=2	duration_s=5.10
CALL geometry3k_test_2404 raw
FAIL	geometry3k_test_2404	raw	pred='A'	gold='B'	complete=True	new_tokens=2	duration_s=4.17
CALL geometry3k_test_2404 oracle_full
FAIL	geometry3k_test_2404	oracle_full	pred='A'	gold='B'	complete=True	new_tokens=2	duration_s=6.51
CALL geometry3k_test_2404 oracle_topk3
FAIL	geometry3k_test_2404	oracle_topk3	pred='A'	gold='B'	complete=True	new_tokens=2	duration_s=4.51
CALL geometry3k_test_2404 oracle_topk6_cautious
FAIL	geometry3k_test_2404	oracle_topk6_cautious	pred='A'	gold='B'	complete=True	new_tokens=2	duration_s=4.81
CALL geometry3k_test_2404 oracle_topk3_trusted
FAIL	geometry3k_test_2404	oracle_topk3_trusted	pred='A'	gold='B'	complete=True	new_tokens=2	duration_s=4.53
CALL geometry3k_test_2404 oracle_topk6_trusted
FAIL	geometry3k_test_2404	oracle_topk6_trusted	pred='A'	gold='B'	complete=True	new_tokens=2	duration_s=4.78
CALL geometry3k_test_2404 oracle_corrupt_warned
FAIL	geometry3k_test_2404	oracle_corrupt_warned	pred='A'	gold='B'	complete=True	new_tokens=2	duration_s=4.79
CALL geometry3k_test_2404 oracle_corrupt_trusted
FAIL	geometry3k_test_2404	oracle_corrupt_trusted	pred='A'	gold='B'	complete=True	new_tokens=2	duration_s=4.81
CALL geometry3k_test_2405 raw
FAIL	geometry3k_test_2405	raw	pred='C'	gold='D'	complete=True	new_tokens=2	duration_s=9.53
CALL geometry3k_test_2405 oracle_full
FAIL	geometry3k_test_2405	oracle_full	pred='C'	gold='D'	complete=True	new_tokens=2	duration_s=12.64
CALL geometry3k_test_2405 oracle_topk3
FAIL	geometry3k_test_2405	oracle_topk3	pred='C'	gold='D'	complete=True	new_tokens=2	duration_s=9.90
CALL geometry3k_test_2405 oracle_topk6_cautious
FAIL	geometry3k_test_2405	oracle_topk6_cautious	pred='C'	gold='D'	complete=True	new_tokens=2	duration_s=10.19
CALL geometry3k_test_2405 oracle_topk3_trusted
FAIL	geometry3k_test_2405	oracle_topk3_trusted	pred='C'	gold='D'	complete=True	new_tokens=2	duration_s=9.92
CALL geometry3k_test_2405 oracle_topk6_trusted
FAIL	geometry3k_test_2405	oracle_topk6_trusted	pred='C'	gold='D'	complete=True	new_tokens=2	duration_s=10.20
CALL geometry3k_test_2405 oracle_corrupt_warned
FAIL	geometry3k_test_2405	oracle_corrupt_warned	pred='C'	gold='D'	complete=True	new_tokens=2	duration_s=10.22
CALL geometry3k_test_2405 oracle_corrupt_trusted
FAIL	geometry3k_test_2405	oracle_corrupt_trusted	pred='C'	gold='D'	complete=True	new_tokens=2	duration_s=10.21
CALL geometry3k_test_2406 raw
FAIL	geometry3k_test_2406	raw	pred='B'	gold='A'	complete=True	new_tokens=2	duration_s=9.98
CALL geometry3k_test_2406 oracle_full
FAIL	geometry3k_test_2406	oracle_full	pred='B'	gold='A'	complete=True	new_tokens=2	duration_s=12.40
CALL geometry3k_test_2406 oracle_topk3
FAIL	geometry3k_test_2406	oracle_topk3	pred='B'	gold='A'	complete=True	new_tokens=2	duration_s=10.35
CALL geometry3k_test_2406 oracle_topk6_cautious
FAIL	geometry3k_test_2406	oracle_topk6_cautious	pred='B'	gold='A'	complete=True	new_tokens=2	duration_s=10.69
CALL geometry3k_test_2406 oracle_topk3_trusted
FAIL	geometry3k_test_2406	oracle_topk3_trusted	pred='B'	gold='A'	complete=True	new_tokens=2	duration_s=10.38
CALL geometry3k_test_2406 oracle_topk6_trusted
FAIL	geometry3k_test_2406	oracle_topk6_trusted	pred='B'	gold='A'	complete=True	new_tokens=2	duration_s=10.65
CALL geometry3k_test_2406 oracle_corrupt_warned
FAIL	geometry3k_test_2406	oracle_corrupt_warned	pred='B'	gold='A'	complete=True	new_tokens=2	duration_s=10.64
CALL geometry3k_test_2406 oracle_corrupt_trusted
FAIL	geometry3k_test_2406	oracle_corrupt_trusted	pred='B'	gold='A'	complete=True	new_tokens=2	duration_s=10.62
CALL geometry3k_test_2407 raw
FAIL	geometry3k_test_2407	raw	pred='B'	gold='C'	complete=True	new_tokens=2	duration_s=9.73
CALL geometry3k_test_2407 oracle_full
FAIL	geometry3k_test_2407	oracle_full	pred='B'	gold='C'	complete=True	new_tokens=2	duration_s=12.49
CALL geometry3k_test_2407 oracle_topk3
FAIL	geometry3k_test_2407	oracle_topk3	pred='B'	gold='C'	complete=True	new_tokens=2	duration_s=10.10
CALL geometry3k_test_2407 oracle_topk6_cautious
OK	geometry3k_test_2407	oracle_topk6_cautious	pred='C'	gold='C'	complete=True	new_tokens=2	duration_s=10.38
CALL geometry3k_test_2407 oracle_topk3_trusted
FAIL	geometry3k_test_2407	oracle_topk3_trusted	pred='B'	gold='C'	complete=True	new_tokens=2	duration_s=10.12
CALL geometry3k_test_2407 oracle_topk6_trusted
FAIL	geometry3k_test_2407	oracle_topk6_trusted	pred='B'	gold='C'	complete=True	new_tokens=2	duration_s=10.40
CALL geometry3k_test_2407 oracle_corrupt_warned
FAIL	geometry3k_test_2407	oracle_corrupt_warned	pred='B'	gold='C'	complete=True	new_tokens=2	duration_s=10.41
CALL geometry3k_test_2407 oracle_corrupt_trusted
FAIL	geometry3k_test_2407	oracle_corrupt_trusted	pred='B'	gold='C'	complete=True	new_tokens=2	duration_s=10.34
CALL geometry3k_test_2408 raw
FAIL	geometry3k_test_2408	raw	pred='A'	gold='C'	complete=True	new_tokens=2	duration_s=9.07
CALL geometry3k_test_2408 oracle_full
FAIL	geometry3k_test_2408	oracle_full	pred='B'	gold='C'	complete=True	new_tokens=2	duration_s=11.52
CALL geometry3k_test_2408 oracle_topk3
FAIL	geometry3k_test_2408	oracle_topk3	pred='A'	gold='C'	complete=True	new_tokens=6	duration_s=9.77
CALL geometry3k_test_2408 oracle_topk6_cautious
FAIL	geometry3k_test_2408	oracle_topk6_cautious	pred='B'	gold='C'	complete=True	new_tokens=2	duration_s=9.47
CALL geometry3k_test_2408 oracle_topk3_trusted
FAIL	geometry3k_test_2408	oracle_topk3_trusted	pred='B'	gold='C'	complete=True	new_tokens=2	duration_s=9.43
CALL geometry3k_test_2408 oracle_topk6_trusted
FAIL	geometry3k_test_2408	oracle_topk6_trusted	pred='B'	gold='C'	complete=True	new_tokens=2	duration_s=9.48
CALL geometry3k_test_2408 oracle_corrupt_warned
FAIL	geometry3k_test_2408	oracle_corrupt_warned	pred='A'	gold='C'	complete=True	new_tokens=2	duration_s=9.46
CALL geometry3k_test_2408 oracle_corrupt_trusted
FAIL	geometry3k_test_2408	oracle_corrupt_trusted	pred='A'	gold='C'	complete=True	new_tokens=6	duration_s=9.80
CALL geometry3k_test_2409 raw
OK	geometry3k_test_2409	raw	pred='C'	gold='C'	complete=True	new_tokens=2	duration_s=4.20
CALL geometry3k_test_2409 oracle_full
OK	geometry3k_test_2409	oracle_full	pred='C'	gold='C'	complete=True	new_tokens=2	duration_s=5.82
CALL geometry3k_test_2409 oracle_topk3
OK	geometry3k_test_2409	oracle_topk3	pred='C'	gold='C'	complete=True	new_tokens=2	duration_s=4.53
CALL geometry3k_test_2409 oracle_topk6_cautious
OK	geometry3k_test_2409	oracle_topk6_cautious	pred='C'	gold='C'	complete=True	new_tokens=2	duration_s=4.77
CALL geometry3k_test_2409 oracle_topk3_trusted
OK	geometry3k_test_2409	oracle_topk3_trusted	pred='C'	gold='C'	complete=True	new_tokens=2	duration_s=4.51
CALL geometry3k_test_2409 oracle_topk6_trusted
OK	geometry3k_test_2409	oracle_topk6_trusted	pred='C'	gold='C'	complete=True	new_tokens=2	duration_s=4.78
CALL geometry3k_test_2409 oracle_corrupt_warned
OK	geometry3k_test_2409	oracle_corrupt_warned	pred='C'	gold='C'	complete=True	new_tokens=2	duration_s=4.79
CALL geometry3k_test_2409 oracle_corrupt_trusted
OK	geometry3k_test_2409	oracle_corrupt_trusted	pred='C'	gold='C'	complete=True	new_tokens=2	duration_s=4.79
CALL geometry3k_test_2410 raw
FAIL	geometry3k_test_2410	raw	pred='C'	gold='D'	complete=True	new_tokens=2	duration_s=5.15
CALL geometry3k_test_2410 oracle_full
FAIL	geometry3k_test_2410	oracle_full	pred='C'	gold='D'	complete=True	new_tokens=2	duration_s=7.86
CALL geometry3k_test_2410 oracle_topk3
FAIL	geometry3k_test_2410	oracle_topk3	pred='C'	gold='D'	complete=True	new_tokens=2	duration_s=5.46
CALL geometry3k_test_2410 oracle_topk6_cautious
FAIL	geometry3k_test_2410	oracle_topk6_cautious	pred='C'	gold='D'	complete=True	new_tokens=2	duration_s=5.50
CALL geometry3k_test_2410 oracle_topk3_trusted
FAIL	geometry3k_test_2410	oracle_topk3_trusted	pred='C'	gold='D'	complete=True	new_tokens=2	duration_s=5.44
CALL geometry3k_test_2410 oracle_topk6_trusted
FAIL	geometry3k_test_2410	oracle_topk6_trusted	pred='C'	gold='D'	complete=True	new_tokens=2	duration_s=5.49
CALL geometry3k_test_2410 oracle_corrupt_warned
FAIL	geometry3k_test_2410	oracle_corrupt_warned	pred='C'	gold='D'	complete=True	new_tokens=2	duration_s=5.47
CALL geometry3k_test_2410 oracle_corrupt_trusted
FAIL	geometry3k_test_2410	oracle_corrupt_trusted	pred='C'	gold='D'	complete=True	new_tokens=2	duration_s=5.46
CALL geometry3k_test_2411 raw
FAIL	geometry3k_test_2411	raw	pred='C'	gold='B'	complete=True	new_tokens=2	duration_s=4.14
CALL geometry3k_test_2411 oracle_full
FAIL	geometry3k_test_2411	oracle_full	pred='C'	gold='B'	complete=True	new_tokens=2	duration_s=5.44
CALL geometry3k_test_2411 oracle_topk3
FAIL	geometry3k_test_2411	oracle_topk3	pred='C'	gold='B'	complete=True	new_tokens=2	duration_s=4.49
CALL geometry3k_test_2411 oracle_topk6_cautious
FAIL	geometry3k_test_2411	oracle_topk6_cautious	pred='C'	gold='B'	complete=True	new_tokens=2	duration_s=4.47
CALL geometry3k_test_2411 oracle_topk3_trusted
FAIL	geometry3k_test_2411	oracle_topk3_trusted	pred='C'	gold='B'	complete=True	new_tokens=2	duration_s=4.47
CALL geometry3k_test_2411 oracle_topk6_trusted
FAIL	geometry3k_test_2411	oracle_topk6_trusted	pred='C'	gold='B'	complete=True	new_tokens=2	duration_s=4.48
CALL geometry3k_test_2411 oracle_corrupt_warned
FAIL	geometry3k_test_2411	oracle_corrupt_warned	pred='C'	gold='B'	complete=True	new_tokens=2	duration_s=4.70
CALL geometry3k_test_2411 oracle_corrupt_trusted
FAIL	geometry3k_test_2411	oracle_corrupt_trusted	pred='C'	gold='B'	complete=True	new_tokens=2	duration_s=4.49
CALL geometry3k_test_2412 raw
OK	geometry3k_test_2412	raw	pred='A'	gold='A'	complete=True	new_tokens=2	duration_s=4.52
CALL geometry3k_test_2412 oracle_full
OK	geometry3k_test_2412	oracle_full	pred='A'	gold='A'	complete=True	new_tokens=2	duration_s=6.54
CALL geometry3k_test_2412 oracle_topk3
OK	geometry3k_test_2412	oracle_topk3	pred='A'	gold='A'	complete=True	new_tokens=2	duration_s=4.84
CALL geometry3k_test_2412 oracle_topk6_cautious
OK	geometry3k_test_2412	oracle_topk6_cautious	pred='A'	gold='A'	complete=True	new_tokens=2	duration_s=4.86
CALL geometry3k_test_2412 oracle_topk3_trusted
OK	geometry3k_test_2412	oracle_topk3_trusted	pred='A'	gold='A'	complete=True	new_tokens=2	duration_s=4.84
CALL geometry3k_test_2412 oracle_topk6_trusted
OK	geometry3k_test_2412	oracle_topk6_trusted	pred='A'	gold='A'	complete=True	new_tokens=2	duration_s=4.84
CALL geometry3k_test_2412 oracle_corrupt_warned
OK	geometry3k_test_2412	oracle_corrupt_warned	pred='A'	gold='A'	complete=True	new_tokens=2	duration_s=4.85
CALL geometry3k_test_2412 oracle_corrupt_trusted
OK	geometry3k_test_2412	oracle_corrupt_trusted	pred='A'	gold='A'	complete=True	new_tokens=2	duration_s=4.85
CALL geometry3k_test_2413 raw
FAIL	geometry3k_test_2413	raw	pred='C'	gold='B'	complete=True	new_tokens=2	duration_s=4.18
CALL geometry3k_test_2413 oracle_full
FAIL	geometry3k_test_2413	oracle_full	pred='C'	gold='B'	complete=True	new_tokens=2	duration_s=6.42
CALL geometry3k_test_2413 oracle_topk3
FAIL	geometry3k_test_2413	oracle_topk3	pred='C'	gold='B'	complete=True	new_tokens=2	duration_s=4.70
CALL geometry3k_test_2413 oracle_topk6_cautious
FAIL	geometry3k_test_2413	oracle_topk6_cautious	pred='C'	gold='B'	complete=True	new_tokens=2	duration_s=4.77
CALL geometry3k_test_2413 oracle_topk3_trusted
FAIL	geometry3k_test_2413	oracle_topk3_trusted	pred='C'	gold='B'	complete=True	new_tokens=2	duration_s=4.70
CALL geometry3k_test_2413 oracle_topk6_trusted
FAIL	geometry3k_test_2413	oracle_topk6_trusted	pred='C'	gold='B'	complete=True	new_tokens=2	duration_s=4.75
CALL geometry3k_test_2413 oracle_corrupt_warned
FAIL	geometry3k_test_2413	oracle_corrupt_warned	pred='C'	gold='B'	complete=True	new_tokens=2	duration_s=4.73
CALL geometry3k_test_2413 oracle_corrupt_trusted
FAIL	geometry3k_test_2413	oracle_corrupt_trusted	pred='C'	gold='B'	complete=True	new_tokens=2	duration_s=4.77
CALL geometry3k_test_2414 raw
OK	geometry3k_test_2414	raw	pred='B'	gold='B'	complete=True	new_tokens=2	duration_s=4.22
CALL geometry3k_test_2414 oracle_full
OK	geometry3k_test_2414	oracle_full	pred='B'	gold='B'	complete=True	new_tokens=2	duration_s=6.92
CALL geometry3k_test_2414 oracle_topk3
OK	geometry3k_test_2414	oracle_topk3	pred='B'	gold='B'	complete=True	new_tokens=2	duration_s=4.54
CALL geometry3k_test_2414 oracle_topk6_cautious
OK	geometry3k_test_2414	oracle_topk6_cautious	pred='B'	gold='B'	complete=True	new_tokens=2	duration_s=4.82
CALL geometry3k_test_2414 oracle_topk3_trusted
OK	geometry3k_test_2414	oracle_topk3_trusted	pred='B'	gold='B'	complete=True	new_tokens=2	duration_s=4.55
CALL geometry3k_test_2414 oracle_topk6_trusted
OK	geometry3k_test_2414	oracle_topk6_trusted	pred='B'	gold='B'	complete=True	new_tokens=2	duration_s=4.79
CALL geometry3k_test_2414 oracle_corrupt_warned
OK	geometry3k_test_2414	oracle_corrupt_warned	pred='B'	gold='B'	complete=True	new_tokens=2	duration_s=4.80
CALL geometry3k_test_2414 oracle_corrupt_trusted
OK	geometry3k_test_2414	oracle_corrupt_trusted	pred='B'	gold='B'	complete=True	new_tokens=2	duration_s=4.81
CALL geometry3k_test_2415 raw
FAIL	geometry3k_test_2415	raw	pred='B'	gold='A'	complete=True	new_tokens=2	duration_s=4.89
CALL geometry3k_test_2415 oracle_full
FAIL	geometry3k_test_2415	oracle_full	pred='B'	gold='A'	complete=True	new_tokens=2	duration_s=7.59
CALL geometry3k_test_2415 oracle_topk3
FAIL	geometry3k_test_2415	oracle_topk3	pred='B'	gold='A'	complete=True	new_tokens=2	duration_s=5.23
CALL geometry3k_test_2415 oracle_topk6_cautious
FAIL	geometry3k_test_2415	oracle_topk6_cautious	pred='B'	gold='A'	complete=True	new_tokens=2	duration_s=5.51
CALL geometry3k_test_2415 oracle_topk3_trusted
FAIL	geometry3k_test_2415	oracle_topk3_trusted	pred='B'	gold='A'	complete=True	new_tokens=2	duration_s=5.20
CALL geometry3k_test_2415 oracle_topk6_trusted
FAIL	geometry3k_test_2415	oracle_topk6_trusted	pred='B'	gold='A'	complete=True	new_tokens=2	duration_s=5.49
CALL geometry3k_test_2415 oracle_corrupt_warned
FAIL	geometry3k_test_2415	oracle_corrupt_warned	pred='B'	gold='A'	complete=True	new_tokens=2	duration_s=5.48
CALL geometry3k_test_2415 oracle_corrupt_trusted
FAIL	geometry3k_test_2415	oracle_corrupt_trusted	pred='B'	gold='A'	complete=True	new_tokens=2	duration_s=5.51
CALL geometry3k_test_2416 raw
OK	geometry3k_test_2416	raw	pred='B'	gold='B'	complete=True	new_tokens=2	duration_s=4.44
CALL geometry3k_test_2416 oracle_full
OK	geometry3k_test_2416	oracle_full	pred='B'	gold='B'	complete=True	new_tokens=2	duration_s=6.83
CALL geometry3k_test_2416 oracle_topk3
OK	geometry3k_test_2416	oracle_topk3	pred='B'	gold='B'	complete=True	new_tokens=2	duration_s=4.79
CALL geometry3k_test_2416 oracle_topk6_cautious
OK	geometry3k_test_2416	oracle_topk6_cautious	pred='B'	gold='B'	complete=True	new_tokens=2	duration_s=5.07
CALL geometry3k_test_2416 oracle_topk3_trusted
OK	geometry3k_test_2416	oracle_topk3_trusted	pred='B'	gold='B'	complete=True	new_tokens=2	duration_s=4.79
CALL geometry3k_test_2416 oracle_topk6_trusted
OK	geometry3k_test_2416	oracle_topk6_trusted	pred='B'	gold='B'	complete=True	new_tokens=2	duration_s=5.07
CALL geometry3k_test_2416 oracle_corrupt_warned
OK	geometry3k_test_2416	oracle_corrupt_warned	pred='B'	gold='B'	complete=True	new_tokens=2	duration_s=5.04
CALL geometry3k_test_2416 oracle_corrupt_trusted
OK	geometry3k_test_2416	oracle_corrupt_trusted	pred='B'	gold='B'	complete=True	new_tokens=2	duration_s=5.05
CALL geometry3k_test_2417 raw
FAIL	geometry3k_test_2417	raw	pred='B'	gold='C'	complete=True	new_tokens=2	duration_s=12.09
CALL geometry3k_test_2417 oracle_full
FAIL	geometry3k_test_2417	oracle_full	pred='B'	gold='C'	complete=True	new_tokens=2	duration_s=14.22
CALL geometry3k_test_2417 oracle_topk3
FAIL	geometry3k_test_2417	oracle_topk3	pred='B'	gold='C'	complete=True	new_tokens=2	duration_s=12.48
CALL geometry3k_test_2417 oracle_topk6_cautious
FAIL	geometry3k_test_2417	oracle_topk6_cautious	pred='B'	gold='C'	complete=True	new_tokens=2	duration_s=12.78
CALL geometry3k_test_2417 oracle_topk3_trusted
FAIL	geometry3k_test_2417	oracle_topk3_trusted	pred='B'	gold='C'	complete=True	new_tokens=2	duration_s=12.47
CALL geometry3k_test_2417 oracle_topk6_trusted
FAIL	geometry3k_test_2417	oracle_topk6_trusted	pred='B'	gold='C'	complete=True	new_tokens=2	duration_s=12.74
CALL geometry3k_test_2417 oracle_corrupt_warned
FAIL	geometry3k_test_2417	oracle_corrupt_warned	pred='B'	gold='C'	complete=True	new_tokens=2	duration_s=12.79
CALL geometry3k_test_2417 oracle_corrupt_trusted
FAIL	geometry3k_test_2417	oracle_corrupt_trusted	pred='B'	gold='C'	complete=True	new_tokens=2	duration_s=12.73
CALL geometry3k_test_2418 raw
FAIL	geometry3k_test_2418	raw	pred='C'	gold='D'	complete=True	new_tokens=2	duration_s=4.21
CALL geometry3k_test_2418 oracle_full
FAIL	geometry3k_test_2418	oracle_full	pred='C'	gold='D'	complete=True	new_tokens=2	duration_s=6.46
CALL geometry3k_test_2418 oracle_topk3
OK	geometry3k_test_2418	oracle_topk3	pred='D'	gold='D'	complete=True	new_tokens=2	duration_s=4.53
CALL geometry3k_test_2418 oracle_topk6_cautious
FAIL	geometry3k_test_2418	oracle_topk6_cautious	pred='C'	gold='D'	complete=True	new_tokens=2	duration_s=4.82
CALL geometry3k_test_2418 oracle_topk3_trusted
OK	geometry3k_test_2418	oracle_topk3_trusted	pred='D'	gold='D'	complete=True	new_tokens=2	duration_s=4.52
CALL geometry3k_test_2418 oracle_topk6_trusted
FAIL	geometry3k_test_2418	oracle_topk6_trusted	pred='C'	gold='D'	complete=True	new_tokens=2	duration_s=4.78
CALL geometry3k_test_2418 oracle_corrupt_warned
OK	geometry3k_test_2418	oracle_corrupt_warned	pred='D'	gold='D'	complete=True	new_tokens=2	duration_s=4.80
CALL geometry3k_test_2418 oracle_corrupt_trusted
FAIL	geometry3k_test_2418	oracle_corrupt_trusted	pred='C'	gold='D'	complete=True	new_tokens=2	duration_s=4.81
CALL geometry3k_test_2419 raw
OK	geometry3k_test_2419	raw	pred='B'	gold='B'	complete=True	new_tokens=2	duration_s=8.69
CALL geometry3k_test_2419 oracle_full
OK	geometry3k_test_2419	oracle_full	pred='B'	gold='B'	complete=True	new_tokens=2	duration_s=10.81
CALL geometry3k_test_2419 oracle_topk3
OK	geometry3k_test_2419	oracle_topk3	pred='B'	gold='B'	complete=True	new_tokens=2	duration_s=9.08
CALL geometry3k_test_2419 oracle_topk6_cautious
OK	geometry3k_test_2419	oracle_topk6_cautious	pred='B'	gold='B'	complete=True	new_tokens=2	duration_s=9.43
CALL geometry3k_test_2419 oracle_topk3_trusted
OK	geometry3k_test_2419	oracle_topk3_trusted	pred='B'	gold='B'	complete=True	new_tokens=2	duration_s=9.14
CALL geometry3k_test_2419 oracle_topk6_trusted
OK	geometry3k_test_2419	oracle_topk6_trusted	pred='B'	gold='B'	complete=True	new_tokens=2	duration_s=9.15
CALL geometry3k_test_2419 oracle_corrupt_warned
OK	geometry3k_test_2419	oracle_corrupt_warned	pred='B'	gold='B'	complete=True	new_tokens=2	duration_s=9.11
CALL geometry3k_test_2419 oracle_corrupt_trusted
OK	geometry3k_test_2419	oracle_corrupt_trusted	pred='B'	gold='B'	complete=True	new_tokens=2	duration_s=9.13
CALL geometry3k_test_2420 raw
FAIL	geometry3k_test_2420	raw	pred='C'	gold='D'	complete=True	new_tokens=2	duration_s=5.21
CALL geometry3k_test_2420 oracle_full
FAIL	geometry3k_test_2420	oracle_full	pred='C'	gold='D'	complete=True	new_tokens=2	duration_s=6.83
CALL geometry3k_test_2420 oracle_topk3
FAIL	geometry3k_test_2420	oracle_topk3	pred='C'	gold='D'	complete=True	new_tokens=2	duration_s=5.54
CALL geometry3k_test_2420 oracle_topk6_cautious
FAIL	geometry3k_test_2420	oracle_topk6_cautious	pred='C'	gold='D'	complete=True	new_tokens=2	duration_s=5.79
CALL geometry3k_test_2420 oracle_topk3_trusted
FAIL	geometry3k_test_2420	oracle_topk3_trusted	pred='C'	gold='D'	complete=True	new_tokens=2	duration_s=5.52
CALL geometry3k_test_2420 oracle_topk6_trusted
FAIL	geometry3k_test_2420	oracle_topk6_trusted	pred='C'	gold='D'	complete=True	new_tokens=2	duration_s=5.80
CALL geometry3k_test_2420 oracle_corrupt_warned
FAIL	geometry3k_test_2420	oracle_corrupt_warned	pred='C'	gold='D'	complete=True	new_tokens=2	duration_s=5.79
CALL geometry3k_test_2420 oracle_corrupt_trusted
FAIL	geometry3k_test_2420	oracle_corrupt_trusted	pred='C'	gold='D'	complete=True	new_tokens=2	duration_s=5.78
CALL geometry3k_test_2421 raw
FAIL	geometry3k_test_2421	raw	pred='A'	gold='C'	complete=True	new_tokens=2	duration_s=4.54
CALL geometry3k_test_2421 oracle_full
OK	geometry3k_test_2421	oracle_full	pred='C'	gold='C'	complete=True	new_tokens=2	duration_s=6.15
CALL geometry3k_test_2421 oracle_topk3
FAIL	geometry3k_test_2421	oracle_topk3	pred='A'	gold='C'	complete=True	new_tokens=2	duration_s=4.88
CALL geometry3k_test_2421 oracle_topk6_cautious
FAIL	geometry3k_test_2421	oracle_topk6_cautious	pred='A'	gold='C'	complete=True	new_tokens=2	duration_s=5.14
CALL geometry3k_test_2421 oracle_topk3_trusted
FAIL	geometry3k_test_2421	oracle_topk3_trusted	pred='A'	gold='C'	complete=True	new_tokens=2	duration_s=4.88
CALL geometry3k_test_2421 oracle_topk6_trusted
FAIL	geometry3k_test_2421	oracle_topk6_trusted	pred='A'	gold='C'	complete=True	new_tokens=2	duration_s=5.16
CALL geometry3k_test_2421 oracle_corrupt_warned
FAIL	geometry3k_test_2421	oracle_corrupt_warned	pred='A'	gold='C'	complete=True	new_tokens=2	duration_s=5.12
CALL geometry3k_test_2421 oracle_corrupt_trusted
FAIL	geometry3k_test_2421	oracle_corrupt_trusted	pred='A'	gold='C'	complete=True	new_tokens=2	duration_s=5.15
CALL geometry3k_test_2422 raw
FAIL	geometry3k_test_2422	raw	pred='C'	gold='B'	complete=True	new_tokens=2	duration_s=8.24
CALL geometry3k_test_2422 oracle_full
FAIL	geometry3k_test_2422	oracle_full	pred='C'	gold='B'	complete=True	new_tokens=2	duration_s=9.93
CALL geometry3k_test_2422 oracle_topk3
FAIL	geometry3k_test_2422	oracle_topk3	pred='C'	gold='B'	complete=True	new_tokens=2	duration_s=8.61
CALL geometry3k_test_2422 oracle_topk6_cautious
FAIL	geometry3k_test_2422	oracle_topk6_cautious	pred='C'	gold='B'	complete=True	new_tokens=2	duration_s=8.68
CALL geometry3k_test_2422 oracle_topk3_trusted
FAIL	geometry3k_test_2422	oracle_topk3_trusted	pred='C'	gold='B'	complete=True	new_tokens=2	duration_s=8.62
CALL geometry3k_test_2422 oracle_topk6_trusted
FAIL	geometry3k_test_2422	oracle_topk6_trusted	pred='C'	gold='B'	complete=True	new_tokens=2	duration_s=8.62
CALL geometry3k_test_2422 oracle_corrupt_warned
FAIL	geometry3k_test_2422	oracle_corrupt_warned	pred='C'	gold='B'	complete=True	new_tokens=2	duration_s=8.89
CALL geometry3k_test_2422 oracle_corrupt_trusted
FAIL	geometry3k_test_2422	oracle_corrupt_trusted	pred='C'	gold='B'	complete=True	new_tokens=2	duration_s=8.66
CALL geometry3k_test_2423 raw
OK	geometry3k_test_2423	raw	pred='C'	gold='C'	complete=True	new_tokens=2	duration_s=12.08
CALL geometry3k_test_2423 oracle_full
OK	geometry3k_test_2423	oracle_full	pred='C'	gold='C'	complete=True	new_tokens=2	duration_s=13.42
CALL geometry3k_test_2423 oracle_topk3
OK	geometry3k_test_2423	oracle_topk3	pred='C'	gold='C'	complete=True	new_tokens=2	duration_s=12.43
CALL geometry3k_test_2423 oracle_topk6_cautious
OK	geometry3k_test_2423	oracle_topk6_cautious	pred='C'	gold='C'	complete=True	new_tokens=2	duration_s=12.73
CALL geometry3k_test_2423 oracle_topk3_trusted
OK	geometry3k_test_2423	oracle_topk3_trusted	pred='C'	gold='C'	complete=True	new_tokens=2	duration_s=12.40
CALL geometry3k_test_2423 oracle_topk6_trusted
OK	geometry3k_test_2423	oracle_topk6_trusted	pred='C'	gold='C'	complete=True	new_tokens=2	duration_s=12.72
CALL geometry3k_test_2423 oracle_corrupt_warned
OK	geometry3k_test_2423	oracle_corrupt_warned	pred='C'	gold='C'	complete=True	new_tokens=2	duration_s=12.71
CALL geometry3k_test_2423 oracle_corrupt_trusted
OK	geometry3k_test_2423	oracle_corrupt_trusted	pred='C'	gold='C'	complete=True	new_tokens=2	duration_s=12.43
CALL geometry3k_test_2424 raw
FAIL	geometry3k_test_2424	raw	pred='B'	gold='A'	complete=True	new_tokens=2	duration_s=4.22
CALL geometry3k_test_2424 oracle_full
FAIL	geometry3k_test_2424	oracle_full	pred='B'	gold='A'	complete=True	new_tokens=2	duration_s=6.49
CALL geometry3k_test_2424 oracle_topk3
FAIL	geometry3k_test_2424	oracle_topk3	pred='B'	gold='A'	complete=True	new_tokens=2	duration_s=4.54
CALL geometry3k_test_2424 oracle_topk6_cautious
FAIL	geometry3k_test_2424	oracle_topk6_cautious	pred='B'	gold='A'	complete=True	new_tokens=2	duration_s=4.83
CALL geometry3k_test_2424 oracle_topk3_trusted
FAIL	geometry3k_test_2424	oracle_topk3_trusted	pred='B'	gold='A'	complete=True	new_tokens=2	duration_s=4.56
CALL geometry3k_test_2424 oracle_topk6_trusted
FAIL	geometry3k_test_2424	oracle_topk6_trusted	pred='B'	gold='A'	complete=True	new_tokens=2	duration_s=4.79
CALL geometry3k_test_2424 oracle_corrupt_warned
FAIL	geometry3k_test_2424	oracle_corrupt_warned	pred='B'	gold='A'	complete=True	new_tokens=2	duration_s=4.81
CALL geometry3k_test_2424 oracle_corrupt_trusted
FAIL	geometry3k_test_2424	oracle_corrupt_trusted	pred='B'	gold='A'	complete=True	new_tokens=2	duration_s=4.80
CALL geometry3k_test_2425 raw
OK	geometry3k_test_2425	raw	pred='B'	gold='B'	complete=True	new_tokens=8	duration_s=4.40
CALL geometry3k_test_2425 oracle_full
OK	geometry3k_test_2425	oracle_full	pred='B'	gold='B'	complete=True	new_tokens=8	duration_s=6.04
CALL geometry3k_test_2425 oracle_topk3
OK	geometry3k_test_2425	oracle_topk3	pred='B'	gold='B'	complete=True	new_tokens=8	duration_s=4.74
CALL geometry3k_test_2425 oracle_topk6_cautious
OK	geometry3k_test_2425	oracle_topk6_cautious	pred='B'	gold='B'	complete=True	new_tokens=8	duration_s=4.98
CALL geometry3k_test_2425 oracle_topk3_trusted
OK	geometry3k_test_2425	oracle_topk3_trusted	pred='B'	gold='B'	complete=True	new_tokens=8	duration_s=4.71
CALL geometry3k_test_2425 oracle_topk6_trusted
OK	geometry3k_test_2425	oracle_topk6_trusted	pred='B'	gold='B'	complete=True	new_tokens=2	duration_s=4.24
CALL geometry3k_test_2425 oracle_corrupt_warned
OK	geometry3k_test_2425	oracle_corrupt_warned	pred='B'	gold='B'	complete=True	new_tokens=2	duration_s=4.45
CALL geometry3k_test_2425 oracle_corrupt_trusted
OK	geometry3k_test_2425	oracle_corrupt_trusted	pred='B'	gold='B'	complete=True	new_tokens=2	duration_s=4.47
CALL geometry3k_test_2426 raw
OK	geometry3k_test_2426	raw	pred='C'	gold='C'	complete=True	new_tokens=2	duration_s=6.23
CALL geometry3k_test_2426 oracle_full
OK	geometry3k_test_2426	oracle_full	pred='C'	gold='C'	complete=True	new_tokens=2	duration_s=7.62
CALL geometry3k_test_2426 oracle_topk3
OK	geometry3k_test_2426	oracle_topk3	pred='C'	gold='C'	complete=True	new_tokens=2	duration_s=6.54
CALL geometry3k_test_2426 oracle_topk6_cautious
OK	geometry3k_test_2426	oracle_topk6_cautious	pred='C'	gold='C'	complete=True	new_tokens=2	duration_s=6.57
CALL geometry3k_test_2426 oracle_topk3_trusted
OK	geometry3k_test_2426	oracle_topk3_trusted	pred='C'	gold='C'	complete=True	new_tokens=2	duration_s=6.52
CALL geometry3k_test_2426 oracle_topk6_trusted
OK	geometry3k_test_2426	oracle_topk6_trusted	pred='C'	gold='C'	complete=True	new_tokens=2	duration_s=6.55
CALL geometry3k_test_2426 oracle_corrupt_warned
OK	geometry3k_test_2426	oracle_corrupt_warned	pred='C'	gold='C'	complete=True	new_tokens=2	duration_s=6.54
CALL geometry3k_test_2426 oracle_corrupt_trusted
OK	geometry3k_test_2426	oracle_corrupt_trusted	pred='C'	gold='C'	complete=True	new_tokens=2	duration_s=6.54
CALL geometry3k_test_2427 raw
OK	geometry3k_test_2427	raw	pred='A'	gold='A'	complete=True	new_tokens=2	duration_s=4.13
CALL geometry3k_test_2427 oracle_full
OK	geometry3k_test_2427	oracle_full	pred='A'	gold='A'	complete=True	new_tokens=2	duration_s=5.75
CALL geometry3k_test_2427 oracle_topk3
OK	geometry3k_test_2427	oracle_topk3	pred='A'	gold='A'	complete=True	new_tokens=2	duration_s=4.44
CALL geometry3k_test_2427 oracle_topk6_cautious
OK	geometry3k_test_2427	oracle_topk6_cautious	pred='A'	gold='A'	complete=True	new_tokens=2	duration_s=4.70
CALL geometry3k_test_2427 oracle_topk3_trusted
OK	geometry3k_test_2427	oracle_topk3_trusted	pred='A'	gold='A'	complete=True	new_tokens=2	duration_s=4.43
CALL geometry3k_test_2427 oracle_topk6_trusted
OK	geometry3k_test_2427	oracle_topk6_trusted	pred='A'	gold='A'	complete=True	new_tokens=2	duration_s=4.45
CALL geometry3k_test_2427 oracle_corrupt_warned
OK	geometry3k_test_2427	oracle_corrupt_warned	pred='A'	gold='A'	complete=True	new_tokens=2	duration_s=4.46
CALL geometry3k_test_2427 oracle_corrupt_trusted
OK	geometry3k_test_2427	oracle_corrupt_trusted	pred='A'	gold='A'	complete=True	new_tokens=2	duration_s=4.50
CALL geometry3k_test_2428 raw
OK	geometry3k_test_2428	raw	pred='B'	gold='B'	complete=True	new_tokens=2	duration_s=4.59
CALL geometry3k_test_2428 oracle_full
OK	geometry3k_test_2428	oracle_full	pred='B'	gold='B'	complete=True	new_tokens=2	duration_s=7.32
CALL geometry3k_test_2428 oracle_topk3
OK	geometry3k_test_2428	oracle_topk3	pred='B'	gold='B'	complete=True	new_tokens=2	duration_s=4.92
CALL geometry3k_test_2428 oracle_topk6_cautious
OK	geometry3k_test_2428	oracle_topk6_cautious	pred='B'	gold='B'	complete=True	new_tokens=2	duration_s=5.23
CALL geometry3k_test_2428 oracle_topk3_trusted
OK	geometry3k_test_2428	oracle_topk3_trusted	pred='B'	gold='B'	complete=True	new_tokens=2	duration_s=4.94
CALL geometry3k_test_2428 oracle_topk6_trusted
OK	geometry3k_test_2428	oracle_topk6_trusted	pred='B'	gold='B'	complete=True	new_tokens=2	duration_s=5.19
CALL geometry3k_test_2428 oracle_corrupt_warned
OK	geometry3k_test_2428	oracle_corrupt_warned	pred='B'	gold='B'	complete=True	new_tokens=2	duration_s=5.20
CALL geometry3k_test_2428 oracle_corrupt_trusted
OK	geometry3k_test_2428	oracle_corrupt_trusted	pred='B'	gold='B'	complete=True	new_tokens=2	duration_s=5.20
CALL geometry3k_test_2429 raw
FAIL	geometry3k_test_2429	raw	pred='B'	gold='C'	complete=True	new_tokens=2	duration_s=4.53
CALL geometry3k_test_2429 oracle_full
FAIL	geometry3k_test_2429	oracle_full	pred='B'	gold='C'	complete=True	new_tokens=2	duration_s=6.20
CALL geometry3k_test_2429 oracle_topk3
FAIL	geometry3k_test_2429	oracle_topk3	pred='B'	gold='C'	complete=True	new_tokens=2	duration_s=5.12
CALL geometry3k_test_2429 oracle_topk6_cautious
FAIL	geometry3k_test_2429	oracle_topk6_cautious	pred='B'	gold='C'	complete=True	new_tokens=2	duration_s=5.13
CALL geometry3k_test_2429 oracle_topk3_trusted
FAIL	geometry3k_test_2429	oracle_topk3_trusted	pred='B'	gold='C'	complete=True	new_tokens=2	duration_s=4.88
CALL geometry3k_test_2429 oracle_topk6_trusted
FAIL	geometry3k_test_2429	oracle_topk6_trusted	pred='B'	gold='C'	complete=True	new_tokens=2	duration_s=5.15
CALL geometry3k_test_2429 oracle_corrupt_warned
FAIL	geometry3k_test_2429	oracle_corrupt_warned	pred='B'	gold='C'	complete=True	new_tokens=2	duration_s=5.16
CALL geometry3k_test_2429 oracle_corrupt_trusted
FAIL	geometry3k_test_2429	oracle_corrupt_trusted	pred='B'	gold='C'	complete=True	new_tokens=2	duration_s=5.14
CALL geometry3k_test_2430 raw
FAIL	geometry3k_test_2430	raw	pred='B'	gold='D'	complete=True	new_tokens=2	duration_s=11.30
CALL geometry3k_test_2430 oracle_full
FAIL	geometry3k_test_2430	oracle_full	pred='B'	gold='D'	complete=True	new_tokens=6	duration_s=14.04
CALL geometry3k_test_2430 oracle_topk3
FAIL	geometry3k_test_2430	oracle_topk3	pred='B'	gold='D'	complete=True	new_tokens=2	duration_s=11.64
CALL geometry3k_test_2430 oracle_topk6_cautious
FAIL	geometry3k_test_2430	oracle_topk6_cautious	pred='B'	gold='D'	complete=True	new_tokens=6	duration_s=12.29
CALL geometry3k_test_2430 oracle_topk3_trusted
FAIL	geometry3k_test_2430	oracle_topk3_trusted	pred='B'	gold='D'	complete=True	new_tokens=2	duration_s=11.65
CALL geometry3k_test_2430 oracle_topk6_trusted
FAIL	geometry3k_test_2430	oracle_topk6_trusted	pred='B'	gold='D'	complete=True	new_tokens=6	duration_s=12.30
CALL geometry3k_test_2430 oracle_corrupt_warned
FAIL	geometry3k_test_2430	oracle_corrupt_warned	pred='B'	gold='D'	complete=True	new_tokens=2	duration_s=11.94
CALL geometry3k_test_2430 oracle_corrupt_trusted
FAIL	geometry3k_test_2430	oracle_corrupt_trusted	pred='B'	gold='D'	complete=True	new_tokens=2	duration_s=11.93
CALL geometry3k_test_2431 raw
OK	geometry3k_test_2431	raw	pred='C'	gold='C'	complete=True	new_tokens=2	duration_s=4.80
CALL geometry3k_test_2431 oracle_full
OK	geometry3k_test_2431	oracle_full	pred='C'	gold='C'	complete=True	new_tokens=2	duration_s=8.61
CALL geometry3k_test_2431 oracle_topk3
OK	geometry3k_test_2431	oracle_topk3	pred='C'	gold='C'	complete=True	new_tokens=2	duration_s=5.14
CALL geometry3k_test_2431 oracle_topk6_cautious
OK	geometry3k_test_2431	oracle_topk6_cautious	pred='C'	gold='C'	complete=True	new_tokens=2	duration_s=5.46
CALL geometry3k_test_2431 oracle_topk3_trusted
OK	geometry3k_test_2431	oracle_topk3_trusted	pred='C'	gold='C'	complete=True	new_tokens=2	duration_s=5.13
CALL geometry3k_test_2431 oracle_topk6_trusted
OK	geometry3k_test_2431	oracle_topk6_trusted	pred='C'	gold='C'	complete=True	new_tokens=2	duration_s=5.46
CALL geometry3k_test_2431 oracle_corrupt_warned
OK	geometry3k_test_2431	oracle_corrupt_warned	pred='C'	gold='C'	complete=True	new_tokens=2	duration_s=5.15
CALL geometry3k_test_2431 oracle_corrupt_trusted
OK	geometry3k_test_2431	oracle_corrupt_trusted	pred='C'	gold='C'	complete=True	new_tokens=2	duration_s=5.18
CALL geometry3k_test_2432 raw
OK	geometry3k_test_2432	raw	pred='D'	gold='D'	complete=True	new_tokens=2	duration_s=4.42
CALL geometry3k_test_2432 oracle_full
OK	geometry3k_test_2432	oracle_full	pred='D'	gold='D'	complete=True	new_tokens=2	duration_s=6.04
CALL geometry3k_test_2432 oracle_topk3
OK	geometry3k_test_2432	oracle_topk3	pred='D'	gold='D'	complete=True	new_tokens=2	duration_s=4.75
CALL geometry3k_test_2432 oracle_topk6_cautious
OK	geometry3k_test_2432	oracle_topk6_cautious	pred='D'	gold='D'	complete=True	new_tokens=2	duration_s=4.99
CALL geometry3k_test_2432 oracle_topk3_trusted
OK	geometry3k_test_2432	oracle_topk3_trusted	pred='D'	gold='D'	complete=True	new_tokens=2	duration_s=4.73
CALL geometry3k_test_2432 oracle_topk6_trusted
OK	geometry3k_test_2432	oracle_topk6_trusted	pred='D'	gold='D'	complete=True	new_tokens=2	duration_s=5.01
CALL geometry3k_test_2432 oracle_corrupt_warned
OK	geometry3k_test_2432	oracle_corrupt_warned	pred='D'	gold='D'	complete=True	new_tokens=2	duration_s=5.01
CALL geometry3k_test_2432 oracle_corrupt_trusted
OK	geometry3k_test_2432	oracle_corrupt_trusted	pred='D'	gold='D'	complete=True	new_tokens=2	duration_s=4.98
CALL geometry3k_test_2433 raw
OK	geometry3k_test_2433	raw	pred='C'	gold='C'	complete=True	new_tokens=20	duration_s=5.77
CALL geometry3k_test_2433 oracle_full
OK	geometry3k_test_2433	oracle_full	pred='C'	gold='C'	complete=True	new_tokens=2	duration_s=5.81
CALL geometry3k_test_2433 oracle_topk3
OK	geometry3k_test_2433	oracle_topk3	pred='C'	gold='C'	complete=True	new_tokens=2	duration_s=4.46
CALL geometry3k_test_2433 oracle_topk6_cautious
OK	geometry3k_test_2433	oracle_topk6_cautious	pred='C'	gold='C'	complete=True	new_tokens=2	duration_s=4.75
CALL geometry3k_test_2433 oracle_topk3_trusted
OK	geometry3k_test_2433	oracle_topk3_trusted	pred='C'	gold='C'	complete=True	new_tokens=2	duration_s=4.49
CALL geometry3k_test_2433 oracle_topk6_trusted
OK	geometry3k_test_2433	oracle_topk6_trusted	pred='C'	gold='C'	complete=True	new_tokens=2	duration_s=4.74
CALL geometry3k_test_2433 oracle_corrupt_warned
OK	geometry3k_test_2433	oracle_corrupt_warned	pred='C'	gold='C'	complete=True	new_tokens=2	duration_s=4.75
CALL geometry3k_test_2433 oracle_corrupt_trusted
OK	geometry3k_test_2433	oracle_corrupt_trusted	pred='C'	gold='C'	complete=True	new_tokens=2	duration_s=4.72
CALL geometry3k_test_2434 raw
OK	geometry3k_test_2434	raw	pred='C'	gold='C'	complete=True	new_tokens=2	duration_s=4.43
CALL geometry3k_test_2434 oracle_full
OK	geometry3k_test_2434	oracle_full	pred='C'	gold='C'	complete=True	new_tokens=2	duration_s=6.47
CALL geometry3k_test_2434 oracle_topk3
OK	geometry3k_test_2434	oracle_topk3	pred='C'	gold='C'	complete=True	new_tokens=2	duration_s=4.81
CALL geometry3k_test_2434 oracle_topk6_cautious
OK	geometry3k_test_2434	oracle_topk6_cautious	pred='C'	gold='C'	complete=True	new_tokens=2	duration_s=5.06
CALL geometry3k_test_2434 oracle_topk3_trusted
OK	geometry3k_test_2434	oracle_topk3_trusted	pred='C'	gold='C'	complete=True	new_tokens=2	duration_s=4.80
CALL geometry3k_test_2434 oracle_topk6_trusted
OK	geometry3k_test_2434	oracle_topk6_trusted	pred='C'	gold='C'	complete=True	new_tokens=2	duration_s=5.06
CALL geometry3k_test_2434 oracle_corrupt_warned
OK	geometry3k_test_2434	oracle_corrupt_warned	pred='C'	gold='C'	complete=True	new_tokens=2	duration_s=5.08
CALL geometry3k_test_2434 oracle_corrupt_trusted
OK	geometry3k_test_2434	oracle_corrupt_trusted	pred='C'	gold='C'	complete=True	new_tokens=2	duration_s=5.09
CALL geometry3k_test_2435 raw
OK	geometry3k_test_2435	raw	pred='D'	gold='D'	complete=True	new_tokens=7	duration_s=4.43
CALL geometry3k_test_2435 oracle_full
OK	geometry3k_test_2435	oracle_full	pred='D'	gold='D'	complete=True	new_tokens=2	duration_s=5.34
CALL geometry3k_test_2435 oracle_topk3
OK	geometry3k_test_2435	oracle_topk3	pred='D'	gold='D'	complete=True	new_tokens=7	duration_s=4.74
CALL geometry3k_test_2435 oracle_topk6_cautious
OK	geometry3k_test_2435	oracle_topk6_cautious	pred='D'	gold='D'	complete=True	new_tokens=2	duration_s=4.32
CALL geometry3k_test_2435 oracle_topk3_trusted
OK	geometry3k_test_2435	oracle_topk3_trusted	pred='D'	gold='D'	complete=True	new_tokens=2	duration_s=4.28
CALL geometry3k_test_2435 oracle_topk6_trusted
OK	geometry3k_test_2435	oracle_topk6_trusted	pred='D'	gold='D'	complete=True	new_tokens=2	duration_s=4.30
CALL geometry3k_test_2435 oracle_corrupt_warned
OK	geometry3k_test_2435	oracle_corrupt_warned	pred='D'	gold='D'	complete=True	new_tokens=2	duration_s=4.31
CALL geometry3k_test_2435 oracle_corrupt_trusted
OK	geometry3k_test_2435	oracle_corrupt_trusted	pred='D'	gold='D'	complete=True	new_tokens=2	duration_s=4.29
CALL geometry3k_test_2436 raw
FAIL	geometry3k_test_2436	raw	pred='B'	gold='D'	complete=True	new_tokens=2	duration_s=5.63
CALL geometry3k_test_2436 oracle_full
FAIL	geometry3k_test_2436	oracle_full	pred='B'	gold='D'	complete=True	new_tokens=2	duration_s=8.36
CALL geometry3k_test_2436 oracle_topk3
FAIL	geometry3k_test_2436	oracle_topk3	pred='B'	gold='D'	complete=True	new_tokens=2	duration_s=5.98
CALL geometry3k_test_2436 oracle_topk6_cautious
FAIL	geometry3k_test_2436	oracle_topk6_cautious	pred='B'	gold='D'	complete=True	new_tokens=2	duration_s=6.30
CALL geometry3k_test_2436 oracle_topk3_trusted
FAIL	geometry3k_test_2436	oracle_topk3_trusted	pred='B'	gold='D'	complete=True	new_tokens=2	duration_s=5.96
CALL geometry3k_test_2436 oracle_topk6_trusted
FAIL	geometry3k_test_2436	oracle_topk6_trusted	pred='B'	gold='D'	complete=True	new_tokens=2	duration_s=6.28
CALL geometry3k_test_2436 oracle_corrupt_warned
FAIL	geometry3k_test_2436	oracle_corrupt_warned	pred='B'	gold='D'	complete=True	new_tokens=2	duration_s=6.29
CALL geometry3k_test_2436 oracle_corrupt_trusted
FAIL	geometry3k_test_2436	oracle_corrupt_trusted	pred='B'	gold='D'	complete=True	new_tokens=2	duration_s=6.29
CALL geometry3k_test_2437 raw
FAIL	geometry3k_test_2437	raw	pred='C'	gold='B'	complete=True	new_tokens=2	duration_s=5.84
CALL geometry3k_test_2437 oracle_full
FAIL	geometry3k_test_2437	oracle_full	pred='C'	gold='B'	complete=True	new_tokens=7	duration_s=8.30
CALL geometry3k_test_2437 oracle_topk3
FAIL	geometry3k_test_2437	oracle_topk3	pred='C'	gold='B'	complete=True	new_tokens=2	duration_s=6.14
CALL geometry3k_test_2437 oracle_topk6_cautious
FAIL	geometry3k_test_2437	oracle_topk6_cautious	pred='C'	gold='B'	complete=True	new_tokens=2	duration_s=6.46
CALL geometry3k_test_2437 oracle_topk3_trusted
FAIL	geometry3k_test_2437	oracle_topk3_trusted	pred='C'	gold='B'	complete=True	new_tokens=2	duration_s=6.13
CALL geometry3k_test_2437 oracle_topk6_trusted
FAIL	geometry3k_test_2437	oracle_topk6_trusted	pred='C'	gold='B'	complete=True	new_tokens=2	duration_s=6.19
CALL geometry3k_test_2437 oracle_corrupt_warned
FAIL	geometry3k_test_2437	oracle_corrupt_warned	pred='C'	gold='B'	complete=True	new_tokens=2	duration_s=6.50
CALL geometry3k_test_2437 oracle_corrupt_trusted
FAIL	geometry3k_test_2437	oracle_corrupt_trusted	pred='C'	gold='B'	complete=True	new_tokens=2	duration_s=6.18
CALL geometry3k_test_2438 raw
FAIL	geometry3k_test_2438	raw	pred='A'	gold='B'	complete=True	new_tokens=2	duration_s=17.63
CALL geometry3k_test_2438 oracle_full
FAIL	geometry3k_test_2438	oracle_full	pred='A'	gold='B'	complete=True	new_tokens=2	duration_s=19.74
CALL geometry3k_test_2438 oracle_topk3
FAIL	geometry3k_test_2438	oracle_topk3	pred='D'	gold='B'	complete=True	new_tokens=2	duration_s=18.31
CALL geometry3k_test_2438 oracle_topk6_cautious
FAIL	geometry3k_test_2438	oracle_topk6_cautious	pred='D'	gold='B'	complete=True	new_tokens=2	duration_s=18.32
CALL geometry3k_test_2438 oracle_topk3_trusted
FAIL	geometry3k_test_2438	oracle_topk3_trusted	pred='A'	gold='B'	complete=True	new_tokens=2	duration_s=18.27
CALL geometry3k_test_2438 oracle_topk6_trusted
FAIL	geometry3k_test_2438	oracle_topk6_trusted	pred='D'	gold='B'	complete=True	new_tokens=2	duration_s=18.30
CALL geometry3k_test_2438 oracle_corrupt_warned
FAIL	geometry3k_test_2438	oracle_corrupt_warned	pred='D'	gold='B'	complete=True	new_tokens=2	duration_s=18.32
CALL geometry3k_test_2438 oracle_corrupt_trusted
FAIL	geometry3k_test_2438	oracle_corrupt_trusted	pred='D'	gold='B'	complete=True	new_tokens=2	duration_s=18.31
CALL geometry3k_test_2439 raw
OK	geometry3k_test_2439	raw	pred='A'	gold='A'	complete=True	new_tokens=2	duration_s=6.90
CALL geometry3k_test_2439 oracle_full
OK	geometry3k_test_2439	oracle_full	pred='A'	gold='A'	complete=True	new_tokens=2	duration_s=8.52
CALL geometry3k_test_2439 oracle_topk3
OK	geometry3k_test_2439	oracle_topk3	pred='A'	gold='A'	complete=True	new_tokens=2	duration_s=7.24
CALL geometry3k_test_2439 oracle_topk6_cautious
OK	geometry3k_test_2439	oracle_topk6_cautious	pred='A'	gold='A'	complete=True	new_tokens=2	duration_s=7.24
CALL geometry3k_test_2439 oracle_topk3_trusted
OK	geometry3k_test_2439	oracle_topk3_trusted	pred='A'	gold='A'	complete=True	new_tokens=2	duration_s=7.23
CALL geometry3k_test_2439 oracle_topk6_trusted
OK	geometry3k_test_2439	oracle_topk6_trusted	pred='A'	gold='A'	complete=True	new_tokens=2	duration_s=7.22
CALL geometry3k_test_2439 oracle_corrupt_warned
OK	geometry3k_test_2439	oracle_corrupt_warned	pred='A'	gold='A'	complete=True	new_tokens=2	duration_s=7.23
CALL geometry3k_test_2439 oracle_corrupt_trusted
OK	geometry3k_test_2439	oracle_corrupt_trusted	pred='A'	gold='A'	complete=True	new_tokens=2	duration_s=7.21
CALL geometry3k_test_2440 raw
OK	geometry3k_test_2440	raw	pred='C'	gold='C'	complete=True	new_tokens=2	duration_s=5.86
CALL geometry3k_test_2440 oracle_full
OK	geometry3k_test_2440	oracle_full	pred='C'	gold='C'	complete=True	new_tokens=2	duration_s=9.25
CALL geometry3k_test_2440 oracle_topk3
OK	geometry3k_test_2440	oracle_topk3	pred='C'	gold='C'	complete=True	new_tokens=2	duration_s=6.48
CALL geometry3k_test_2440 oracle_topk6_cautious
OK	geometry3k_test_2440	oracle_topk6_cautious	pred='C'	gold='C'	complete=True	new_tokens=2	duration_s=6.54
CALL geometry3k_test_2440 oracle_topk3_trusted
FAIL	geometry3k_test_2440	oracle_topk3_trusted	pred='B'	gold='C'	complete=True	new_tokens=2	duration_s=6.48
CALL geometry3k_test_2440 oracle_topk6_trusted
FAIL	geometry3k_test_2440	oracle_topk6_trusted	pred='B'	gold='C'	complete=True	new_tokens=2	duration_s=6.51
CALL geometry3k_test_2440 oracle_corrupt_warned
OK	geometry3k_test_2440	oracle_corrupt_warned	pred='C'	gold='C'	complete=True	new_tokens=2	duration_s=6.53
CALL geometry3k_test_2440 oracle_corrupt_trusted
OK	geometry3k_test_2440	oracle_corrupt_trusted	pred='C'	gold='C'	complete=True	new_tokens=2	duration_s=6.52
CALL geometry3k_test_2441 raw
FAIL	geometry3k_test_2441	raw	pred='C'	gold='B'	complete=True	new_tokens=2	duration_s=8.62
CALL geometry3k_test_2441 oracle_full
FAIL	geometry3k_test_2441	oracle_full	pred='C'	gold='B'	complete=True	new_tokens=2	duration_s=14.85
CALL geometry3k_test_2441 oracle_topk3
FAIL	geometry3k_test_2441	oracle_topk3	pred='C'	gold='B'	complete=True	new_tokens=2	duration_s=9.03
CALL geometry3k_test_2441 oracle_topk6_cautious
FAIL	geometry3k_test_2441	oracle_topk6_cautious	pred='C'	gold='B'	complete=True	new_tokens=2	duration_s=9.38
CALL geometry3k_test_2441 oracle_topk3_trusted
FAIL	geometry3k_test_2441	oracle_topk3_trusted	pred='C'	gold='B'	complete=True	new_tokens=2	duration_s=8.99
CALL geometry3k_test_2441 oracle_topk6_trusted
FAIL	geometry3k_test_2441	oracle_topk6_trusted	pred='C'	gold='B'	complete=True	new_tokens=2	duration_s=9.34
CALL geometry3k_test_2441 oracle_corrupt_warned
FAIL	geometry3k_test_2441	oracle_corrupt_warned	pred='C'	gold='B'	complete=True	new_tokens=2	duration_s=9.35
CALL geometry3k_test_2441 oracle_corrupt_trusted
FAIL	geometry3k_test_2441	oracle_corrupt_trusted	pred='C'	gold='B'	complete=True	new_tokens=2	duration_s=9.36
CALL geometry3k_test_2442 raw
OK	geometry3k_test_2442	raw	pred='C'	gold='C'	complete=True	new_tokens=2	duration_s=9.34
CALL geometry3k_test_2442 oracle_full
OK	geometry3k_test_2442	oracle_full	pred='C'	gold='C'	complete=True	new_tokens=2	duration_s=11.01
CALL geometry3k_test_2442 oracle_topk3
OK	geometry3k_test_2442	oracle_topk3	pred='C'	gold='C'	complete=True	new_tokens=2	duration_s=9.72
CALL geometry3k_test_2442 oracle_topk6_cautious
OK	geometry3k_test_2442	oracle_topk6_cautious	pred='C'	gold='C'	complete=True	new_tokens=2	duration_s=9.72
CALL geometry3k_test_2442 oracle_topk3_trusted
OK	geometry3k_test_2442	oracle_topk3_trusted	pred='C'	gold='C'	complete=True	new_tokens=2	duration_s=9.72
CALL geometry3k_test_2442 oracle_topk6_trusted
OK	geometry3k_test_2442	oracle_topk6_trusted	pred='C'	gold='C'	complete=True	new_tokens=2	duration_s=9.75
CALL geometry3k_test_2442 oracle_corrupt_warned
OK	geometry3k_test_2442	oracle_corrupt_warned	pred='C'	gold='C'	complete=True	new_tokens=2	duration_s=9.73
CALL geometry3k_test_2442 oracle_corrupt_trusted
OK	geometry3k_test_2442	oracle_corrupt_trusted	pred='C'	gold='C'	complete=True	new_tokens=2	duration_s=9.76
CALL geometry3k_test_2443 raw
FAIL	geometry3k_test_2443	raw	pred='B'	gold='C'	complete=True	new_tokens=2	duration_s=14.98
CALL geometry3k_test_2443 oracle_full
FAIL	geometry3k_test_2443	oracle_full	pred='B'	gold='C'	complete=True	new_tokens=2	duration_s=17.01
CALL geometry3k_test_2443 oracle_topk3
FAIL	geometry3k_test_2443	oracle_topk3	pred='B'	gold='C'	complete=True	new_tokens=2	duration_s=15.31
CALL geometry3k_test_2443 oracle_topk6_cautious
FAIL	geometry3k_test_2443	oracle_topk6_cautious	pred='B'	gold='C'	complete=True	new_tokens=2	duration_s=15.63
CALL geometry3k_test_2443 oracle_topk3_trusted
FAIL	geometry3k_test_2443	oracle_topk3_trusted	pred='B'	gold='C'	complete=True	new_tokens=2	duration_s=15.26
CALL geometry3k_test_2443 oracle_topk6_trusted
FAIL	geometry3k_test_2443	oracle_topk6_trusted	pred='B'	gold='C'	complete=True	new_tokens=2	duration_s=15.31
CALL geometry3k_test_2443 oracle_corrupt_warned
FAIL	geometry3k_test_2443	oracle_corrupt_warned	pred='B'	gold='C'	complete=True	new_tokens=2	duration_s=15.56
CALL geometry3k_test_2443 oracle_corrupt_trusted
FAIL	geometry3k_test_2443	oracle_corrupt_trusted	pred='B'	gold='C'	complete=True	new_tokens=2	duration_s=15.35
CALL geometry3k_test_2444 raw
FAIL	geometry3k_test_2444	raw	pred='C'	gold='A'	complete=True	new_tokens=8	duration_s=5.77
CALL geometry3k_test_2444 oracle_full
FAIL	geometry3k_test_2444	oracle_full	pred='C'	gold='A'	complete=True	new_tokens=2	duration_s=7.43
CALL geometry3k_test_2444 oracle_topk3
FAIL	geometry3k_test_2444	oracle_topk3	pred='C'	gold='A'	complete=True	new_tokens=8	duration_s=6.28
CALL geometry3k_test_2444 oracle_topk6_cautious
FAIL	geometry3k_test_2444	oracle_topk6_cautious	pred='C'	gold='A'	complete=True	new_tokens=8	duration_s=6.37
CALL geometry3k_test_2444 oracle_topk3_trusted
FAIL	geometry3k_test_2444	oracle_topk3_trusted	pred='C'	gold='A'	complete=True	new_tokens=8	duration_s=6.08
CALL geometry3k_test_2444 oracle_topk6_trusted
FAIL	geometry3k_test_2444	oracle_topk6_trusted	pred='C'	gold='A'	complete=True	new_tokens=2	duration_s=5.78
CALL geometry3k_test_2444 oracle_corrupt_warned
FAIL	geometry3k_test_2444	oracle_corrupt_warned	pred='C'	gold='A'	complete=True	new_tokens=2	duration_s=5.80
CALL geometry3k_test_2444 oracle_corrupt_trusted
FAIL	geometry3k_test_2444	oracle_corrupt_trusted	pred='C'	gold='A'	complete=True	new_tokens=2	duration_s=5.83
CALL geometry3k_test_2445 raw
OK	geometry3k_test_2445	raw	pred='B'	gold='B'	complete=True	new_tokens=2	duration_s=4.71
CALL geometry3k_test_2445 oracle_full
OK	geometry3k_test_2445	oracle_full	pred='B'	gold='B'	complete=True	new_tokens=2	duration_s=6.34
CALL geometry3k_test_2445 oracle_topk3
OK	geometry3k_test_2445	oracle_topk3	pred='B'	gold='B'	complete=True	new_tokens=2	duration_s=5.02
CALL geometry3k_test_2445 oracle_topk6_cautious
OK	geometry3k_test_2445	oracle_topk6_cautious	pred='B'	gold='B'	complete=True	new_tokens=2	duration_s=5.30
CALL geometry3k_test_2445 oracle_topk3_trusted
OK	geometry3k_test_2445	oracle_topk3_trusted	pred='B'	gold='B'	complete=True	new_tokens=2	duration_s=5.05
CALL geometry3k_test_2445 oracle_topk6_trusted
OK	geometry3k_test_2445	oracle_topk6_trusted	pred='B'	gold='B'	complete=True	new_tokens=2	duration_s=5.31
CALL geometry3k_test_2445 oracle_corrupt_warned
OK	geometry3k_test_2445	oracle_corrupt_warned	pred='B'	gold='B'	complete=True	new_tokens=2	duration_s=5.28
CALL geometry3k_test_2445 oracle_corrupt_trusted
OK	geometry3k_test_2445	oracle_corrupt_trusted	pred='B'	gold='B'	complete=True	new_tokens=2	duration_s=5.30
CALL geometry3k_test_2446 raw
OK	geometry3k_test_2446	raw	pred='B'	gold='B'	complete=True	new_tokens=2	duration_s=15.12
CALL geometry3k_test_2446 oracle_full
OK	geometry3k_test_2446	oracle_full	pred='B'	gold='B'	complete=True	new_tokens=2	duration_s=18.21
CALL geometry3k_test_2446 oracle_topk3
OK	geometry3k_test_2446	oracle_topk3	pred='B'	gold='B'	complete=True	new_tokens=2	duration_s=15.37
CALL geometry3k_test_2446 oracle_topk6_cautious
OK	geometry3k_test_2446	oracle_topk6_cautious	pred='B'	gold='B'	complete=True	new_tokens=2	duration_s=15.69
CALL geometry3k_test_2446 oracle_topk3_trusted
OK	geometry3k_test_2446	oracle_topk3_trusted	pred='B'	gold='B'	complete=True	new_tokens=2	duration_s=15.39
CALL geometry3k_test_2446 oracle_topk6_trusted
OK	geometry3k_test_2446	oracle_topk6_trusted	pred='B'	gold='B'	complete=True	new_tokens=2	duration_s=15.69
CALL geometry3k_test_2446 oracle_corrupt_warned
OK	geometry3k_test_2446	oracle_corrupt_warned	pred='B'	gold='B'	complete=True	new_tokens=2	duration_s=15.73
CALL geometry3k_test_2446 oracle_corrupt_trusted
OK	geometry3k_test_2446	oracle_corrupt_trusted	pred='B'	gold='B'	complete=True	new_tokens=2	duration_s=15.43
CALL geometry3k_test_2447 raw
FAIL	geometry3k_test_2447	raw	pred='B'	gold='A'	complete=True	new_tokens=2	duration_s=4.53
CALL geometry3k_test_2447 oracle_full
FAIL	geometry3k_test_2447	oracle_full	pred='B'	gold='A'	complete=True	new_tokens=2	duration_s=6.16
CALL geometry3k_test_2447 oracle_topk3
FAIL	geometry3k_test_2447	oracle_topk3	pred='B'	gold='A'	complete=True	new_tokens=2	duration_s=5.10
CALL geometry3k_test_2447 oracle_topk6_cautious
FAIL	geometry3k_test_2447	oracle_topk6_cautious	pred='B'	gold='A'	complete=True	new_tokens=2	duration_s=5.14
CALL geometry3k_test_2447 oracle_topk3_trusted
FAIL	geometry3k_test_2447	oracle_topk3_trusted	pred='B'	gold='A'	complete=True	new_tokens=2	duration_s=5.10
CALL geometry3k_test_2447 oracle_topk6_trusted
FAIL	geometry3k_test_2447	oracle_topk6_trusted	pred='B'	gold='A'	complete=True	new_tokens=2	duration_s=5.13
CALL geometry3k_test_2447 oracle_corrupt_warned
FAIL	geometry3k_test_2447	oracle_corrupt_warned	pred='B'	gold='A'	complete=True	new_tokens=2	duration_s=5.11
CALL geometry3k_test_2447 oracle_corrupt_trusted
FAIL	geometry3k_test_2447	oracle_corrupt_trusted	pred='B'	gold='A'	complete=True	new_tokens=2	duration_s=5.12
CALL geometry3k_test_2448 raw
OK	geometry3k_test_2448	raw	pred='D'	gold='D'	complete=True	new_tokens=6	duration_s=4.77
CALL geometry3k_test_2448 oracle_full
FAIL	geometry3k_test_2448	oracle_full	pred='C'	gold='D'	complete=True	new_tokens=2	duration_s=6.01
CALL geometry3k_test_2448 oracle_topk3
OK	geometry3k_test_2448	oracle_topk3	pred='D'	gold='D'	complete=True	new_tokens=2	duration_s=4.70
CALL geometry3k_test_2448 oracle_topk6_cautious
OK	geometry3k_test_2448	oracle_topk6_cautious	pred='D'	gold='D'	complete=True	new_tokens=2	duration_s=5.01
CALL geometry3k_test_2448 oracle_topk3_trusted
OK	geometry3k_test_2448	oracle_topk3_trusted	pred='D'	gold='D'	complete=True	new_tokens=2	duration_s=4.68
CALL geometry3k_test_2448 oracle_topk6_trusted
OK	geometry3k_test_2448	oracle_topk6_trusted	pred='D'	gold='D'	complete=True	new_tokens=2	duration_s=4.99
CALL geometry3k_test_2448 oracle_corrupt_warned
OK	geometry3k_test_2448	oracle_corrupt_warned	pred='D'	gold='D'	complete=True	new_tokens=2	duration_s=4.74
CALL geometry3k_test_2448 oracle_corrupt_trusted
FAIL	geometry3k_test_2448	oracle_corrupt_trusted	pred='C'	gold='D'	complete=True	new_tokens=2	duration_s=4.74
CALL geometry3k_test_2449 raw
OK	geometry3k_test_2449	raw	pred='C'	gold='C'	complete=True	new_tokens=2	duration_s=16.58
CALL geometry3k_test_2449 oracle_full
OK	geometry3k_test_2449	oracle_full	pred='C'	gold='C'	complete=True	new_tokens=2	duration_s=18.38
CALL geometry3k_test_2449 oracle_topk3
OK	geometry3k_test_2449	oracle_topk3	pred='C'	gold='C'	complete=True	new_tokens=2	duration_s=16.94
CALL geometry3k_test_2449 oracle_topk6_cautious
OK	geometry3k_test_2449	oracle_topk6_cautious	pred='C'	gold='C'	complete=True	new_tokens=2	duration_s=17.24
CALL geometry3k_test_2449 oracle_topk3_trusted
OK	geometry3k_test_2449	oracle_topk3_trusted	pred='C'	gold='C'	complete=True	new_tokens=2	duration_s=16.94
CALL geometry3k_test_2449 oracle_topk6_trusted
OK	geometry3k_test_2449	oracle_topk6_trusted	pred='C'	gold='C'	complete=True	new_tokens=2	duration_s=17.29
CALL geometry3k_test_2449 oracle_corrupt_warned
OK	geometry3k_test_2449	oracle_corrupt_warned	pred='C'	gold='C'	complete=True	new_tokens=2	duration_s=17.29
CALL geometry3k_test_2449 oracle_corrupt_trusted
OK	geometry3k_test_2449	oracle_corrupt_trusted	pred='C'	gold='C'	complete=True	new_tokens=2	duration_s=17.26
CALL geometry3k_test_2450 raw
OK	geometry3k_test_2450	raw	pred='D'	gold='D'	complete=True	new_tokens=2	duration_s=12.09
CALL geometry3k_test_2450 oracle_full
OK	geometry3k_test_2450	oracle_full	pred='D'	gold='D'	complete=True	new_tokens=2	duration_s=13.74
CALL geometry3k_test_2450 oracle_topk3
OK	geometry3k_test_2450	oracle_topk3	pred='D'	gold='D'	complete=True	new_tokens=2	duration_s=12.68
CALL geometry3k_test_2450 oracle_topk6_cautious
OK	geometry3k_test_2450	oracle_topk6_cautious	pred='D'	gold='D'	complete=True	new_tokens=2	duration_s=12.73
CALL geometry3k_test_2450 oracle_topk3_trusted
OK	geometry3k_test_2450	oracle_topk3_trusted	pred='D'	gold='D'	complete=True	new_tokens=2	duration_s=12.71
CALL geometry3k_test_2450 oracle_topk6_trusted
OK	geometry3k_test_2450	oracle_topk6_trusted	pred='D'	gold='D'	complete=True	new_tokens=2	duration_s=12.67
CALL geometry3k_test_2450 oracle_corrupt_warned
OK	geometry3k_test_2450	oracle_corrupt_warned	pred='D'	gold='D'	complete=True	new_tokens=2	duration_s=12.68
CALL geometry3k_test_2450 oracle_corrupt_trusted
OK	geometry3k_test_2450	oracle_corrupt_trusted	pred='D'	gold='D'	complete=True	new_tokens=2	duration_s=12.69
CALL geometry3k_test_2451 raw
FAIL	geometry3k_test_2451	raw	pred='B'	gold='A'	complete=True	new_tokens=2	duration_s=4.19
CALL geometry3k_test_2451 oracle_full
FAIL	geometry3k_test_2451	oracle_full	pred='B'	gold='A'	complete=True	new_tokens=2	duration_s=5.80
CALL geometry3k_test_2451 oracle_topk3
FAIL	geometry3k_test_2451	oracle_topk3	pred='B'	gold='A'	complete=True	new_tokens=5	duration_s=4.78
CALL geometry3k_test_2451 oracle_topk6_cautious
FAIL	geometry3k_test_2451	oracle_topk6_cautious	pred='B'	gold='A'	complete=True	new_tokens=5	duration_s=4.82
CALL geometry3k_test_2451 oracle_topk3_trusted
FAIL	geometry3k_test_2451	oracle_topk3_trusted	pred='B'	gold='A'	complete=True	new_tokens=2	duration_s=4.53
CALL geometry3k_test_2451 oracle_topk6_trusted
FAIL	geometry3k_test_2451	oracle_topk6_trusted	pred='B'	gold='A'	complete=True	new_tokens=2	duration_s=4.53
CALL geometry3k_test_2451 oracle_corrupt_warned
FAIL	geometry3k_test_2451	oracle_corrupt_warned	pred='B'	gold='A'	complete=True	new_tokens=2	duration_s=4.55
CALL geometry3k_test_2451 oracle_corrupt_trusted
FAIL	geometry3k_test_2451	oracle_corrupt_trusted	pred='B'	gold='A'	complete=True	new_tokens=2	duration_s=4.53
CALL geometry3k_test_2452 raw
FAIL	geometry3k_test_2452	raw	pred='A'	gold='B'	complete=True	new_tokens=2	duration_s=4.88
CALL geometry3k_test_2452 oracle_full
OK	geometry3k_test_2452	oracle_full	pred='B'	gold='B'	complete=True	new_tokens=2	duration_s=7.92
CALL geometry3k_test_2452 oracle_topk3
FAIL	geometry3k_test_2452	oracle_topk3	pred='A'	gold='B'	complete=True	new_tokens=2	duration_s=5.17
CALL geometry3k_test_2452 oracle_topk6_cautious
FAIL	geometry3k_test_2452	oracle_topk6_cautious	pred='A'	gold='B'	complete=True	new_tokens=2	duration_s=5.51
CALL geometry3k_test_2452 oracle_topk3_trusted
FAIL	geometry3k_test_2452	oracle_topk3_trusted	pred='A'	gold='B'	complete=True	new_tokens=2	duration_s=5.15
CALL geometry3k_test_2452 oracle_topk6_trusted
FAIL	geometry3k_test_2452	oracle_topk6_trusted	pred='A'	gold='B'	complete=True	new_tokens=2	duration_s=5.23
CALL geometry3k_test_2452 oracle_corrupt_warned
FAIL	geometry3k_test_2452	oracle_corrupt_warned	pred='D'	gold='B'	complete=True	new_tokens=2	duration_s=5.23
CALL geometry3k_test_2452 oracle_corrupt_trusted
FAIL	geometry3k_test_2452	oracle_corrupt_trusted	pred='A'	gold='B'	complete=True	new_tokens=2	duration_s=5.23
CALL geometry3k_test_2453 raw
FAIL	geometry3k_test_2453	raw	pred='B'	gold='A'	complete=True	new_tokens=2	duration_s=5.67
CALL geometry3k_test_2453 oracle_full
FAIL	geometry3k_test_2453	oracle_full	pred='B'	gold='A'	complete=True	new_tokens=2	duration_s=8.78
CALL geometry3k_test_2453 oracle_topk3
FAIL	geometry3k_test_2453	oracle_topk3	pred='B'	gold='A'	complete=True	new_tokens=2	duration_s=5.97
CALL geometry3k_test_2453 oracle_topk6_cautious
FAIL	geometry3k_test_2453	oracle_topk6_cautious	pred='B'	gold='A'	complete=True	new_tokens=2	duration_s=6.33
CALL geometry3k_test_2453 oracle_topk3_trusted
FAIL	geometry3k_test_2453	oracle_topk3_trusted	pred='B'	gold='A'	complete=True	new_tokens=2	duration_s=6.02
CALL geometry3k_test_2453 oracle_topk6_trusted
FAIL	geometry3k_test_2453	oracle_topk6_trusted	pred='B'	gold='A'	complete=True	new_tokens=2	duration_s=6.32
CALL geometry3k_test_2453 oracle_corrupt_warned
FAIL	geometry3k_test_2453	oracle_corrupt_warned	pred='B'	gold='A'	complete=True	new_tokens=2	duration_s=6.33
CALL geometry3k_test_2453 oracle_corrupt_trusted
FAIL	geometry3k_test_2453	oracle_corrupt_trusted	pred='B'	gold='A'	complete=True	new_tokens=2	duration_s=6.31
CALL geometry3k_test_2454 raw
FAIL	geometry3k_test_2454	raw	pred='C'	gold='D'	complete=True	new_tokens=7	duration_s=5.15
CALL geometry3k_test_2454 oracle_full
FAIL	geometry3k_test_2454	oracle_full	pred='B'	gold='D'	complete=True	new_tokens=2	duration_s=6.03
CALL geometry3k_test_2454 oracle_topk3
FAIL	geometry3k_test_2454	oracle_topk3	pred='C'	gold='D'	complete=True	new_tokens=2	duration_s=5.05
CALL geometry3k_test_2454 oracle_topk6_cautious
FAIL	geometry3k_test_2454	oracle_topk6_cautious	pred='B'	gold='D'	complete=True	new_tokens=2	duration_s=5.30
CALL geometry3k_test_2454 oracle_topk3_trusted
FAIL	geometry3k_test_2454	oracle_topk3_trusted	pred='C'	gold='D'	complete=True	new_tokens=2	duration_s=5.01
CALL geometry3k_test_2454 oracle_topk6_trusted
FAIL	geometry3k_test_2454	oracle_topk6_trusted	pred='B'	gold='D'	complete=True	new_tokens=2	duration_s=5.27
CALL geometry3k_test_2454 oracle_corrupt_warned
FAIL	geometry3k_test_2454	oracle_corrupt_warned	pred='C'	gold='D'	complete=True	new_tokens=2	duration_s=5.27
CALL geometry3k_test_2454 oracle_corrupt_trusted
FAIL	geometry3k_test_2454	oracle_corrupt_trusted	pred='C'	gold='D'	complete=True	new_tokens=2	duration_s=5.05
CALL geometry3k_test_2455 raw
FAIL	geometry3k_test_2455	raw	pred='A'	gold='B'	complete=True	new_tokens=2	duration_s=4.21
CALL geometry3k_test_2455 oracle_full
FAIL	geometry3k_test_2455	oracle_full	pred='A'	gold='B'	complete=True	new_tokens=2	duration_s=5.54
CALL geometry3k_test_2455 oracle_topk3
FAIL	geometry3k_test_2455	oracle_topk3	pred='A'	gold='B'	complete=True	new_tokens=2	duration_s=4.56
CALL geometry3k_test_2455 oracle_topk6_cautious
FAIL	geometry3k_test_2455	oracle_topk6_cautious	pred='A'	gold='B'	complete=True	new_tokens=2	duration_s=4.80
CALL geometry3k_test_2455 oracle_topk3_trusted
FAIL	geometry3k_test_2455	oracle_topk3_trusted	pred='A'	gold='B'	complete=True	new_tokens=2	duration_s=4.52
CALL geometry3k_test_2455 oracle_topk6_trusted
FAIL	geometry3k_test_2455	oracle_topk6_trusted	pred='A'	gold='B'	complete=True	new_tokens=2	duration_s=4.83
CALL geometry3k_test_2455 oracle_corrupt_warned
FAIL	geometry3k_test_2455	oracle_corrupt_warned	pred='A'	gold='B'	complete=True	new_tokens=2	duration_s=4.85
CALL geometry3k_test_2455 oracle_corrupt_trusted
FAIL	geometry3k_test_2455	oracle_corrupt_trusted	pred='A'	gold='B'	complete=True	new_tokens=2	duration_s=4.84
CALL geometry3k_test_2456 raw
OK	geometry3k_test_2456	raw	pred='B'	gold='B'	complete=True	new_tokens=2	duration_s=6.22
CALL geometry3k_test_2456 oracle_full
OK	geometry3k_test_2456	oracle_full	pred='B'	gold='B'	complete=True	new_tokens=2	duration_s=9.69
CALL geometry3k_test_2456 oracle_topk3
OK	geometry3k_test_2456	oracle_topk3	pred='B'	gold='B'	complete=True	new_tokens=2	duration_s=6.80
CALL geometry3k_test_2456 oracle_topk6_cautious
OK	geometry3k_test_2456	oracle_topk6_cautious	pred='B'	gold='B'	complete=True	new_tokens=2	duration_s=6.86
CALL geometry3k_test_2456 oracle_topk3_trusted
OK	geometry3k_test_2456	oracle_topk3_trusted	pred='B'	gold='B'	complete=True	new_tokens=2	duration_s=6.51
CALL geometry3k_test_2456 oracle_topk6_trusted
OK	geometry3k_test_2456	oracle_topk6_trusted	pred='B'	gold='B'	complete=True	new_tokens=2	duration_s=6.84
CALL geometry3k_test_2456 oracle_corrupt_warned
OK	geometry3k_test_2456	oracle_corrupt_warned	pred='B'	gold='B'	complete=True	new_tokens=2	duration_s=6.84
CALL geometry3k_test_2456 oracle_corrupt_trusted
OK	geometry3k_test_2456	oracle_corrupt_trusted	pred='B'	gold='B'	complete=True	new_tokens=2	duration_s=6.85
CALL geometry3k_test_2457 raw
FAIL	geometry3k_test_2457	raw	pred='B'	gold='C'	complete=True	new_tokens=2	duration_s=3.87
CALL geometry3k_test_2457 oracle_full
FAIL	geometry3k_test_2457	oracle_full	pred='B'	gold='C'	complete=True	new_tokens=2	duration_s=5.21
CALL geometry3k_test_2457 oracle_topk3
FAIL	geometry3k_test_2457	oracle_topk3	pred='B'	gold='C'	complete=True	new_tokens=2	duration_s=4.20
CALL geometry3k_test_2457 oracle_topk6_cautious
FAIL	geometry3k_test_2457	oracle_topk6_cautious	pred='B'	gold='C'	complete=True	new_tokens=2	duration_s=4.22
CALL geometry3k_test_2457 oracle_topk3_trusted
FAIL	geometry3k_test_2457	oracle_topk3_trusted	pred='B'	gold='C'	complete=True	new_tokens=2	duration_s=4.18
CALL geometry3k_test_2457 oracle_topk6_trusted
FAIL	geometry3k_test_2457	oracle_topk6_trusted	pred='B'	gold='C'	complete=True	new_tokens=2	duration_s=4.23
CALL geometry3k_test_2457 oracle_corrupt_warned
FAIL	geometry3k_test_2457	oracle_corrupt_warned	pred='B'	gold='C'	complete=True	new_tokens=2	duration_s=4.23
CALL geometry3k_test_2457 oracle_corrupt_trusted
FAIL	geometry3k_test_2457	oracle_corrupt_trusted	pred='B'	gold='C'	complete=True	new_tokens=2	duration_s=4.21
CALL geometry3k_test_2458 raw
FAIL	geometry3k_test_2458	raw	pred='B'	gold='D'	complete=True	new_tokens=2	duration_s=4.96
CALL geometry3k_test_2458 oracle_full
FAIL	geometry3k_test_2458	oracle_full	pred='B'	gold='D'	complete=True	new_tokens=2	duration_s=7.29
CALL geometry3k_test_2458 oracle_topk3
FAIL	geometry3k_test_2458	oracle_topk3	pred='B'	gold='D'	complete=True	new_tokens=2	duration_s=5.58
CALL geometry3k_test_2458 oracle_topk6_cautious
FAIL	geometry3k_test_2458	oracle_topk6_cautious	pred='B'	gold='D'	complete=True	new_tokens=2	duration_s=5.90
CALL geometry3k_test_2458 oracle_topk3_trusted
FAIL	geometry3k_test_2458	oracle_topk3_trusted	pred='B'	gold='D'	complete=True	new_tokens=2	duration_s=5.54
CALL geometry3k_test_2458 oracle_topk6_trusted
FAIL	geometry3k_test_2458	oracle_topk6_trusted	pred='B'	gold='D'	complete=True	new_tokens=2	duration_s=5.59
CALL geometry3k_test_2458 oracle_corrupt_warned
FAIL	geometry3k_test_2458	oracle_corrupt_warned	pred='B'	gold='D'	complete=True	new_tokens=2	duration_s=5.59
CALL geometry3k_test_2458 oracle_corrupt_trusted
FAIL	geometry3k_test_2458	oracle_corrupt_trusted	pred='B'	gold='D'	complete=True	new_tokens=2	duration_s=5.59
CALL geometry3k_test_2459 raw
FAIL	geometry3k_test_2459	raw	pred='C'	gold='D'	complete=True	new_tokens=2	duration_s=4.51
CALL geometry3k_test_2459 oracle_full
FAIL	geometry3k_test_2459	oracle_full	pred='C'	gold='D'	complete=True	new_tokens=2	duration_s=6.57
CALL geometry3k_test_2459 oracle_topk3
FAIL	geometry3k_test_2459	oracle_topk3	pred='C'	gold='D'	complete=True	new_tokens=2	duration_s=4.83
CALL geometry3k_test_2459 oracle_topk6_cautious
FAIL	geometry3k_test_2459	oracle_topk6_cautious	pred='C'	gold='D'	complete=True	new_tokens=2	duration_s=4.84
CALL geometry3k_test_2459 oracle_topk3_trusted
FAIL	geometry3k_test_2459	oracle_topk3_trusted	pred='C'	gold='D'	complete=True	new_tokens=2	duration_s=4.82
CALL geometry3k_test_2459 oracle_topk6_trusted
FAIL	geometry3k_test_2459	oracle_topk6_trusted	pred='C'	gold='D'	complete=True	new_tokens=2	duration_s=4.85
CALL geometry3k_test_2459 oracle_corrupt_warned
FAIL	geometry3k_test_2459	oracle_corrupt_warned	pred='C'	gold='D'	complete=True	new_tokens=2	duration_s=4.85
CALL geometry3k_test_2459 oracle_corrupt_trusted
FAIL	geometry3k_test_2459	oracle_corrupt_trusted	pred='C'	gold='D'	complete=True	new_tokens=2	duration_s=4.87
CALL geometry3k_test_2460 raw
FAIL	geometry3k_test_2460	raw	pred='B'	gold='A'	complete=True	new_tokens=2	duration_s=4.12
CALL geometry3k_test_2460 oracle_full
FAIL	geometry3k_test_2460	oracle_full	pred='B'	gold='A'	complete=True	new_tokens=2	duration_s=5.51
CALL geometry3k_test_2460 oracle_topk3
FAIL	geometry3k_test_2460	oracle_topk3	pred='B'	gold='A'	complete=True	new_tokens=2	duration_s=4.48
CALL geometry3k_test_2460 oracle_topk6_cautious
FAIL	geometry3k_test_2460	oracle_topk6_cautious	pred='B'	gold='A'	complete=True	new_tokens=2	duration_s=4.72
CALL geometry3k_test_2460 oracle_topk3_trusted
FAIL	geometry3k_test_2460	oracle_topk3_trusted	pred='B'	gold='A'	complete=True	new_tokens=2	duration_s=4.49
CALL geometry3k_test_2460 oracle_topk6_trusted
FAIL	geometry3k_test_2460	oracle_topk6_trusted	pred='B'	gold='A'	complete=True	new_tokens=2	duration_s=4.48
CALL geometry3k_test_2460 oracle_corrupt_warned
FAIL	geometry3k_test_2460	oracle_corrupt_warned	pred='B'	gold='A'	complete=True	new_tokens=2	duration_s=4.47
CALL geometry3k_test_2460 oracle_corrupt_trusted
FAIL	geometry3k_test_2460	oracle_corrupt_trusted	pred='B'	gold='A'	complete=True	new_tokens=2	duration_s=4.48
CALL geometry3k_test_2461 raw
OK	geometry3k_test_2461	raw	pred='B'	gold='B'	complete=True	new_tokens=2	duration_s=14.93
CALL geometry3k_test_2461 oracle_full
OK	geometry3k_test_2461	oracle_full	pred='B'	gold='B'	complete=True	new_tokens=2	duration_s=17.40
CALL geometry3k_test_2461 oracle_topk3
OK	geometry3k_test_2461	oracle_topk3	pred='B'	gold='B'	complete=True	new_tokens=2	duration_s=15.21
CALL geometry3k_test_2461 oracle_topk6_cautious
OK	geometry3k_test_2461	oracle_topk6_cautious	pred='B'	gold='B'	complete=True	new_tokens=2	duration_s=15.30
CALL geometry3k_test_2461 oracle_topk3_trusted
OK	geometry3k_test_2461	oracle_topk3_trusted	pred='B'	gold='B'	complete=True	new_tokens=2	duration_s=15.19
CALL geometry3k_test_2461 oracle_topk6_trusted
OK	geometry3k_test_2461	oracle_topk6_trusted	pred='B'	gold='B'	complete=True	new_tokens=2	duration_s=15.29
CALL geometry3k_test_2461 oracle_corrupt_warned
OK	geometry3k_test_2461	oracle_corrupt_warned	pred='B'	gold='B'	complete=True	new_tokens=2	duration_s=15.27
CALL geometry3k_test_2461 oracle_corrupt_trusted
OK	geometry3k_test_2461	oracle_corrupt_trusted	pred='B'	gold='B'	complete=True	new_tokens=2	duration_s=15.28
CALL geometry3k_test_2462 raw
OK	geometry3k_test_2462	raw	pred='C'	gold='C'	complete=True	new_tokens=2	duration_s=10.44
CALL geometry3k_test_2462 oracle_full
OK	geometry3k_test_2462	oracle_full	pred='C'	gold='C'	complete=True	new_tokens=2	duration_s=12.50
CALL geometry3k_test_2462 oracle_topk3
OK	geometry3k_test_2462	oracle_topk3	pred='C'	gold='C'	complete=True	new_tokens=2	duration_s=11.07
CALL geometry3k_test_2462 oracle_topk6_cautious
OK	geometry3k_test_2462	oracle_topk6_cautious	pred='C'	gold='C'	complete=True	new_tokens=2	duration_s=11.11
CALL geometry3k_test_2462 oracle_topk3_trusted
OK	geometry3k_test_2462	oracle_topk3_trusted	pred='C'	gold='C'	complete=True	new_tokens=2	duration_s=10.76
CALL geometry3k_test_2462 oracle_topk6_trusted
OK	geometry3k_test_2462	oracle_topk6_trusted	pred='C'	gold='C'	complete=True	new_tokens=2	duration_s=11.08
CALL geometry3k_test_2462 oracle_corrupt_warned
OK	geometry3k_test_2462	oracle_corrupt_warned	pred='C'	gold='C'	complete=True	new_tokens=2	duration_s=11.12
CALL geometry3k_test_2462 oracle_corrupt_trusted
OK	geometry3k_test_2462	oracle_corrupt_trusted	pred='C'	gold='C'	complete=True	new_tokens=2	duration_s=11.09
CALL geometry3k_test_2463 raw
FAIL	geometry3k_test_2463	raw	pred='C'	gold='D'	complete=True	new_tokens=11	duration_s=5.03
CALL geometry3k_test_2463 oracle_full
FAIL	geometry3k_test_2463	oracle_full	pred='C'	gold='D'	complete=True	new_tokens=2	duration_s=6.47
CALL geometry3k_test_2463 oracle_topk3
FAIL	geometry3k_test_2463	oracle_topk3	pred='C'	gold='D'	complete=True	new_tokens=2	duration_s=4.56
CALL geometry3k_test_2463 oracle_topk6_cautious
OK	geometry3k_test_2463	oracle_topk6_cautious	pred='D'	gold='D'	complete=True	new_tokens=2	duration_s=4.79
CALL geometry3k_test_2463 oracle_topk3_trusted
OK	geometry3k_test_2463	oracle_topk3_trusted	pred='D'	gold='D'	complete=True	new_tokens=2	duration_s=4.53
CALL geometry3k_test_2463 oracle_topk6_trusted
OK	geometry3k_test_2463	oracle_topk6_trusted	pred='D'	gold='D'	complete=True	new_tokens=2	duration_s=4.79
CALL geometry3k_test_2463 oracle_corrupt_warned
OK	geometry3k_test_2463	oracle_corrupt_warned	pred='D'	gold='D'	complete=True	new_tokens=2	duration_s=4.79
CALL geometry3k_test_2463 oracle_corrupt_trusted
OK	geometry3k_test_2463	oracle_corrupt_trusted	pred='D'	gold='D'	complete=True	new_tokens=2	duration_s=4.79
CALL geometry3k_test_2464 raw
OK	geometry3k_test_2464	raw	pred='B'	gold='B'	complete=True	new_tokens=2	duration_s=13.46
CALL geometry3k_test_2464 oracle_full
OK	geometry3k_test_2464	oracle_full	pred='B'	gold='B'	complete=True	new_tokens=2	duration_s=16.14
CALL geometry3k_test_2464 oracle_topk3
OK	geometry3k_test_2464	oracle_topk3	pred='B'	gold='B'	complete=True	new_tokens=2	duration_s=14.08
CALL geometry3k_test_2464 oracle_topk6_cautious
OK	geometry3k_test_2464	oracle_topk6_cautious	pred='B'	gold='B'	complete=True	new_tokens=2	duration_s=14.06
CALL geometry3k_test_2464 oracle_topk3_trusted
OK	geometry3k_test_2464	oracle_topk3_trusted	pred='B'	gold='B'	complete=True	new_tokens=2	duration_s=14.02
CALL geometry3k_test_2464 oracle_topk6_trusted
OK	geometry3k_test_2464	oracle_topk6_trusted	pred='B'	gold='B'	complete=True	new_tokens=2	duration_s=14.12
CALL geometry3k_test_2464 oracle_corrupt_warned
OK	geometry3k_test_2464	oracle_corrupt_warned	pred='B'	gold='B'	complete=True	new_tokens=2	duration_s=14.04
CALL geometry3k_test_2464 oracle_corrupt_trusted
OK	geometry3k_test_2464	oracle_corrupt_trusted	pred='B'	gold='B'	complete=True	new_tokens=2	duration_s=14.09
CALL geometry3k_test_2465 raw
FAIL	geometry3k_test_2465	raw	pred='B'	gold='A'	complete=True	new_tokens=2	duration_s=7.75
CALL geometry3k_test_2465 oracle_full
FAIL	geometry3k_test_2465	oracle_full	pred='B'	gold='A'	complete=True	new_tokens=2	duration_s=12.39
CALL geometry3k_test_2465 oracle_topk3
FAIL	geometry3k_test_2465	oracle_topk3	pred='B'	gold='A'	complete=True	new_tokens=2	duration_s=8.11
CALL geometry3k_test_2465 oracle_topk6_cautious
FAIL	geometry3k_test_2465	oracle_topk6_cautious	pred='B'	gold='A'	complete=True	new_tokens=2	duration_s=8.42
CALL geometry3k_test_2465 oracle_topk3_trusted
FAIL	geometry3k_test_2465	oracle_topk3_trusted	pred='B'	gold='A'	complete=True	new_tokens=2	duration_s=8.10
CALL geometry3k_test_2465 oracle_topk6_trusted
FAIL	geometry3k_test_2465	oracle_topk6_trusted	pred='B'	gold='A'	complete=True	new_tokens=2	duration_s=8.43
CALL geometry3k_test_2465 oracle_corrupt_warned
FAIL	geometry3k_test_2465	oracle_corrupt_warned	pred='B'	gold='A'	complete=True	new_tokens=2	duration_s=8.41
CALL geometry3k_test_2465 oracle_corrupt_trusted
FAIL	geometry3k_test_2465	oracle_corrupt_trusted	pred='B'	gold='A'	complete=True	new_tokens=2	duration_s=8.14
CALL geometry3k_test_2466 raw
FAIL	geometry3k_test_2466	raw	pred='A'	gold='C'	complete=True	new_tokens=2	duration_s=11.07
CALL geometry3k_test_2466 oracle_full
FAIL	geometry3k_test_2466	oracle_full	pred='A'	gold='C'	complete=True	new_tokens=2	duration_s=13.51
CALL geometry3k_test_2466 oracle_topk3
FAIL	geometry3k_test_2466	oracle_topk3	pred='A'	gold='C'	complete=True	new_tokens=2	duration_s=11.42
CALL geometry3k_test_2466 oracle_topk6_cautious
FAIL	geometry3k_test_2466	oracle_topk6_cautious	pred='A'	gold='C'	complete=True	new_tokens=2	duration_s=11.39
CALL geometry3k_test_2466 oracle_topk3_trusted
FAIL	geometry3k_test_2466	oracle_topk3_trusted	pred='A'	gold='C'	complete=True	new_tokens=2	duration_s=11.10
CALL geometry3k_test_2466 oracle_topk6_trusted
FAIL	geometry3k_test_2466	oracle_topk6_trusted	pred='A'	gold='C'	complete=True	new_tokens=2	duration_s=11.42
CALL geometry3k_test_2466 oracle_corrupt_warned
FAIL	geometry3k_test_2466	oracle_corrupt_warned	pred='A'	gold='C'	complete=True	new_tokens=2	duration_s=11.41
CALL geometry3k_test_2466 oracle_corrupt_trusted
FAIL	geometry3k_test_2466	oracle_corrupt_trusted	pred='A'	gold='C'	complete=True	new_tokens=2	duration_s=11.43
CALL geometry3k_test_2467 raw
OK	geometry3k_test_2467	raw	pred='B'	gold='B'	complete=True	new_tokens=2	duration_s=5.36
CALL geometry3k_test_2467 oracle_full
OK	geometry3k_test_2467	oracle_full	pred='B'	gold='B'	complete=True	new_tokens=2	duration_s=7.55
CALL geometry3k_test_2467 oracle_topk3
OK	geometry3k_test_2467	oracle_topk3	pred='B'	gold='B'	complete=True	new_tokens=2	duration_s=5.92
CALL geometry3k_test_2467 oracle_topk6_cautious
OK	geometry3k_test_2467	oracle_topk6_cautious	pred='B'	gold='B'	complete=True	new_tokens=2	duration_s=5.96
CALL geometry3k_test_2467 oracle_topk3_trusted
OK	geometry3k_test_2467	oracle_topk3_trusted	pred='B'	gold='B'	complete=True	new_tokens=2	duration_s=5.92
CALL geometry3k_test_2467 oracle_topk6_trusted
OK	geometry3k_test_2467	oracle_topk6_trusted	pred='B'	gold='B'	complete=True	new_tokens=2	duration_s=5.94
CALL geometry3k_test_2467 oracle_corrupt_warned
OK	geometry3k_test_2467	oracle_corrupt_warned	pred='B'	gold='B'	complete=True	new_tokens=2	duration_s=5.98
CALL geometry3k_test_2467 oracle_corrupt_trusted
OK	geometry3k_test_2467	oracle_corrupt_trusted	pred='B'	gold='B'	complete=True	new_tokens=2	duration_s=5.95
CALL geometry3k_test_2468 raw
OK	geometry3k_test_2468	raw	pred='C'	gold='C'	complete=True	new_tokens=2	duration_s=4.43
CALL geometry3k_test_2468 oracle_full
OK	geometry3k_test_2468	oracle_full	pred='C'	gold='C'	complete=True	new_tokens=2	duration_s=6.37
CALL geometry3k_test_2468 oracle_topk3
OK	geometry3k_test_2468	oracle_topk3	pred='C'	gold='C'	complete=True	new_tokens=2	duration_s=4.98
CALL geometry3k_test_2468 oracle_topk6_cautious
OK	geometry3k_test_2468	oracle_topk6_cautious	pred='C'	gold='C'	complete=True	new_tokens=2	duration_s=5.02
CALL geometry3k_test_2468 oracle_topk3_trusted
OK	geometry3k_test_2468	oracle_topk3_trusted	pred='C'	gold='C'	complete=True	new_tokens=2	duration_s=4.99
CALL geometry3k_test_2468 oracle_topk6_trusted
OK	geometry3k_test_2468	oracle_topk6_trusted	pred='C'	gold='C'	complete=True	new_tokens=2	duration_s=5.04
CALL geometry3k_test_2468 oracle_corrupt_warned
OK	geometry3k_test_2468	oracle_corrupt_warned	pred='C'	gold='C'	complete=True	new_tokens=2	duration_s=5.04
CALL geometry3k_test_2468 oracle_corrupt_trusted
OK	geometry3k_test_2468	oracle_corrupt_trusted	pred='C'	gold='C'	complete=True	new_tokens=2	duration_s=5.04
CALL geometry3k_test_2469 raw
OK	geometry3k_test_2469	raw	pred='B'	gold='B'	complete=True	new_tokens=2	duration_s=15.09
CALL geometry3k_test_2469 oracle_full
OK	geometry3k_test_2469	oracle_full	pred='B'	gold='B'	complete=True	new_tokens=2	duration_s=16.41
CALL geometry3k_test_2469 oracle_topk3
OK	geometry3k_test_2469	oracle_topk3	pred='B'	gold='B'	complete=True	new_tokens=2	duration_s=15.37
CALL geometry3k_test_2469 oracle_topk6_cautious
OK	geometry3k_test_2469	oracle_topk6_cautious	pred='B'	gold='B'	complete=True	new_tokens=2	duration_s=15.41
CALL geometry3k_test_2469 oracle_topk3_trusted
OK	geometry3k_test_2469	oracle_topk3_trusted	pred='B'	gold='B'	complete=True	new_tokens=2	duration_s=15.35
CALL geometry3k_test_2469 oracle_topk6_trusted
OK	geometry3k_test_2469	oracle_topk6_trusted	pred='B'	gold='B'	complete=True	new_tokens=2	duration_s=15.47
CALL geometry3k_test_2469 oracle_corrupt_warned
OK	geometry3k_test_2469	oracle_corrupt_warned	pred='B'	gold='B'	complete=True	new_tokens=2	duration_s=15.46
CALL geometry3k_test_2469 oracle_corrupt_trusted
OK	geometry3k_test_2469	oracle_corrupt_trusted	pred='B'	gold='B'	complete=True	new_tokens=2	duration_s=15.42
CALL geometry3k_test_2470 raw
OK	geometry3k_test_2470	raw	pred='B'	gold='B'	complete=True	new_tokens=2	duration_s=4.29
CALL geometry3k_test_2470 oracle_full
OK	geometry3k_test_2470	oracle_full	pred='B'	gold='B'	complete=True	new_tokens=2	duration_s=6.97
CALL geometry3k_test_2470 oracle_topk3
OK	geometry3k_test_2470	oracle_topk3	pred='B'	gold='B'	complete=True	new_tokens=2	duration_s=4.56
CALL geometry3k_test_2470 oracle_topk6_cautious
OK	geometry3k_test_2470	oracle_topk6_cautious	pred='B'	gold='B'	complete=True	new_tokens=2	duration_s=4.60
CALL geometry3k_test_2470 oracle_topk3_trusted
OK	geometry3k_test_2470	oracle_topk3_trusted	pred='B'	gold='B'	complete=True	new_tokens=2	duration_s=4.58
CALL geometry3k_test_2470 oracle_topk6_trusted
OK	geometry3k_test_2470	oracle_topk6_trusted	pred='B'	gold='B'	complete=True	new_tokens=2	duration_s=4.61
CALL geometry3k_test_2470 oracle_corrupt_warned
OK	geometry3k_test_2470	oracle_corrupt_warned	pred='B'	gold='B'	complete=True	new_tokens=2	duration_s=4.63
CALL geometry3k_test_2470 oracle_corrupt_trusted
OK	geometry3k_test_2470	oracle_corrupt_trusted	pred='B'	gold='B'	complete=True	new_tokens=2	duration_s=4.63
CALL geometry3k_test_2471 raw
OK	geometry3k_test_2471	raw	pred='C'	gold='C'	complete=True	new_tokens=2	duration_s=4.52
CALL geometry3k_test_2471 oracle_full
OK	geometry3k_test_2471	oracle_full	pred='C'	gold='C'	complete=True	new_tokens=2	duration_s=6.18
CALL geometry3k_test_2471 oracle_topk3
OK	geometry3k_test_2471	oracle_topk3	pred='C'	gold='C'	complete=True	new_tokens=2	duration_s=4.85
CALL geometry3k_test_2471 oracle_topk6_cautious
OK	geometry3k_test_2471	oracle_topk6_cautious	pred='C'	gold='C'	complete=True	new_tokens=2	duration_s=5.12
CALL geometry3k_test_2471 oracle_topk3_trusted
OK	geometry3k_test_2471	oracle_topk3_trusted	pred='C'	gold='C'	complete=True	new_tokens=2	duration_s=4.87
CALL geometry3k_test_2471 oracle_topk6_trusted
OK	geometry3k_test_2471	oracle_topk6_trusted	pred='C'	gold='C'	complete=True	new_tokens=2	duration_s=5.12
CALL geometry3k_test_2471 oracle_corrupt_warned
OK	geometry3k_test_2471	oracle_corrupt_warned	pred='C'	gold='C'	complete=True	new_tokens=2	duration_s=5.12
CALL geometry3k_test_2471 oracle_corrupt_trusted
OK	geometry3k_test_2471	oracle_corrupt_trusted	pred='C'	gold='C'	complete=True	new_tokens=2	duration_s=5.13
CALL geometry3k_test_2472 raw
OK	geometry3k_test_2472	raw	pred='B'	gold='B'	complete=True	new_tokens=2	duration_s=4.23
CALL geometry3k_test_2472 oracle_full
OK	geometry3k_test_2472	oracle_full	pred='B'	gold='B'	complete=True	new_tokens=2	duration_s=6.17
CALL geometry3k_test_2472 oracle_topk3
OK	geometry3k_test_2472	oracle_topk3	pred='B'	gold='B'	complete=True	new_tokens=2	duration_s=4.80
CALL geometry3k_test_2472 oracle_topk6_cautious
OK	geometry3k_test_2472	oracle_topk6_cautious	pred='B'	gold='B'	complete=True	new_tokens=2	duration_s=4.82
CALL geometry3k_test_2472 oracle_topk3_trusted
OK	geometry3k_test_2472	oracle_topk3_trusted	pred='B'	gold='B'	complete=True	new_tokens=2	duration_s=4.55
CALL geometry3k_test_2472 oracle_topk6_trusted
OK	geometry3k_test_2472	oracle_topk6_trusted	pred='B'	gold='B'	complete=True	new_tokens=2	duration_s=4.83
CALL geometry3k_test_2472 oracle_corrupt_warned
OK	geometry3k_test_2472	oracle_corrupt_warned	pred='B'	gold='B'	complete=True	new_tokens=2	duration_s=4.84
CALL geometry3k_test_2472 oracle_corrupt_trusted
OK	geometry3k_test_2472	oracle_corrupt_trusted	pred='B'	gold='B'	complete=True	new_tokens=2	duration_s=4.82
CALL geometry3k_test_2473 raw
FAIL	geometry3k_test_2473	raw	pred='B'	gold='A'	complete=True	new_tokens=2	duration_s=10.45
CALL geometry3k_test_2473 oracle_full
FAIL	geometry3k_test_2473	oracle_full	pred='B'	gold='A'	complete=True	new_tokens=2	duration_s=12.06
CALL geometry3k_test_2473 oracle_topk3
FAIL	geometry3k_test_2473	oracle_topk3	pred='B'	gold='A'	complete=True	new_tokens=2	duration_s=10.75
CALL geometry3k_test_2473 oracle_topk6_cautious
FAIL	geometry3k_test_2473	oracle_topk6_cautious	pred='B'	gold='A'	complete=True	new_tokens=2	duration_s=11.09
CALL geometry3k_test_2473 oracle_topk3_trusted
FAIL	geometry3k_test_2473	oracle_topk3_trusted	pred='B'	gold='A'	complete=True	new_tokens=2	duration_s=10.74
CALL geometry3k_test_2473 oracle_topk6_trusted
FAIL	geometry3k_test_2473	oracle_topk6_trusted	pred='B'	gold='A'	complete=True	new_tokens=2	duration_s=11.03
CALL geometry3k_test_2473 oracle_corrupt_warned
FAIL	geometry3k_test_2473	oracle_corrupt_warned	pred='B'	gold='A'	complete=True	new_tokens=2	duration_s=11.05
CALL geometry3k_test_2473 oracle_corrupt_trusted
FAIL	geometry3k_test_2473	oracle_corrupt_trusted	pred='B'	gold='A'	complete=True	new_tokens=2	duration_s=11.06
CALL geometry3k_test_2474 raw
OK	geometry3k_test_2474	raw	pred='C'	gold='C'	complete=True	new_tokens=2	duration_s=4.39
CALL geometry3k_test_2474 oracle_full
OK	geometry3k_test_2474	oracle_full	pred='C'	gold='C'	complete=True	new_tokens=2	duration_s=6.34
CALL geometry3k_test_2474 oracle_topk3
OK	geometry3k_test_2474	oracle_topk3	pred='C'	gold='C'	complete=True	new_tokens=2	duration_s=5.02
CALL geometry3k_test_2474 oracle_topk6_cautious
OK	geometry3k_test_2474	oracle_topk6_cautious	pred='C'	gold='C'	complete=True	new_tokens=2	duration_s=5.04
CALL geometry3k_test_2474 oracle_topk3_trusted
OK	geometry3k_test_2474	oracle_topk3_trusted	pred='C'	gold='C'	complete=True	new_tokens=2	duration_s=4.99
CALL geometry3k_test_2474 oracle_topk6_trusted
OK	geometry3k_test_2474	oracle_topk6_trusted	pred='C'	gold='C'	complete=True	new_tokens=2	duration_s=5.00
CALL geometry3k_test_2474 oracle_corrupt_warned
OK	geometry3k_test_2474	oracle_corrupt_warned	pred='C'	gold='C'	complete=True	new_tokens=2	duration_s=5.02
CALL geometry3k_test_2474 oracle_corrupt_trusted
OK	geometry3k_test_2474	oracle_corrupt_trusted	pred='C'	gold='C'	complete=True	new_tokens=2	duration_s=5.02
CALL geometry3k_test_2475 raw
FAIL	geometry3k_test_2475	raw	pred='C'	gold='B'	complete=True	new_tokens=2	duration_s=8.25
CALL geometry3k_test_2475 oracle_full
FAIL	geometry3k_test_2475	oracle_full	pred='C'	gold='B'	complete=True	new_tokens=2	duration_s=11.75
CALL geometry3k_test_2475 oracle_topk3
FAIL	geometry3k_test_2475	oracle_topk3	pred='C'	gold='B'	complete=True	new_tokens=2	duration_s=8.63
CALL geometry3k_test_2475 oracle_topk6_cautious
FAIL	geometry3k_test_2475	oracle_topk6_cautious	pred='C'	gold='B'	complete=True	new_tokens=2	duration_s=8.94
CALL geometry3k_test_2475 oracle_topk3_trusted
FAIL	geometry3k_test_2475	oracle_topk3_trusted	pred='C'	gold='B'	complete=True	new_tokens=2	duration_s=8.59
CALL geometry3k_test_2475 oracle_topk6_trusted
FAIL	geometry3k_test_2475	oracle_topk6_trusted	pred='C'	gold='B'	complete=True	new_tokens=2	duration_s=8.93
CALL geometry3k_test_2475 oracle_corrupt_warned
FAIL	geometry3k_test_2475	oracle_corrupt_warned	pred='C'	gold='B'	complete=True	new_tokens=2	duration_s=8.92
CALL geometry3k_test_2475 oracle_corrupt_trusted
FAIL	geometry3k_test_2475	oracle_corrupt_trusted	pred='C'	gold='B'	complete=True	new_tokens=2	duration_s=8.94
CALL geometry3k_test_2476 raw
FAIL	geometry3k_test_2476	raw	pred='C'	gold='D'	complete=True	new_tokens=2	duration_s=4.89
CALL geometry3k_test_2476 oracle_full
FAIL	geometry3k_test_2476	oracle_full	pred='C'	gold='D'	complete=True	new_tokens=2	duration_s=7.54
CALL geometry3k_test_2476 oracle_topk3
FAIL	geometry3k_test_2476	oracle_topk3	pred='C'	gold='D'	complete=True	new_tokens=2	duration_s=5.43
CALL geometry3k_test_2476 oracle_topk6_cautious
FAIL	geometry3k_test_2476	oracle_topk6_cautious	pred='C'	gold='D'	complete=True	new_tokens=2	duration_s=5.49
CALL geometry3k_test_2476 oracle_topk3_trusted
FAIL	geometry3k_test_2476	oracle_topk3_trusted	pred='C'	gold='D'	complete=True	new_tokens=2	duration_s=5.21
CALL geometry3k_test_2476 oracle_topk6_trusted
FAIL	geometry3k_test_2476	oracle_topk6_trusted	pred='C'	gold='D'	complete=True	new_tokens=2	duration_s=5.50
CALL geometry3k_test_2476 oracle_corrupt_warned
FAIL	geometry3k_test_2476	oracle_corrupt_warned	pred='C'	gold='D'	complete=True	new_tokens=2	duration_s=5.48
CALL geometry3k_test_2476 oracle_corrupt_trusted
FAIL	geometry3k_test_2476	oracle_corrupt_trusted	pred='C'	gold='D'	complete=True	new_tokens=2	duration_s=5.47
CALL geometry3k_test_2477 raw
OK	geometry3k_test_2477	raw	pred='C'	gold='C'	complete=True	new_tokens=2	duration_s=7.99
CALL geometry3k_test_2477 oracle_full
OK	geometry3k_test_2477	oracle_full	pred='C'	gold='C'	complete=True	new_tokens=2	duration_s=9.63
CALL geometry3k_test_2477 oracle_topk3
OK	geometry3k_test_2477	oracle_topk3	pred='C'	gold='C'	complete=True	new_tokens=2	duration_s=8.30
CALL geometry3k_test_2477 oracle_topk6_cautious
OK	geometry3k_test_2477	oracle_topk6_cautious	pred='C'	gold='C'	complete=True	new_tokens=2	duration_s=8.65
CALL geometry3k_test_2477 oracle_topk3_trusted
OK	geometry3k_test_2477	oracle_topk3_trusted	pred='C'	gold='C'	complete=True	new_tokens=2	duration_s=8.28
CALL geometry3k_test_2477 oracle_topk6_trusted
OK	geometry3k_test_2477	oracle_topk6_trusted	pred='C'	gold='C'	complete=True	new_tokens=2	duration_s=8.62
CALL geometry3k_test_2477 oracle_corrupt_warned
OK	geometry3k_test_2477	oracle_corrupt_warned	pred='C'	gold='C'	complete=True	new_tokens=2	duration_s=8.64
CALL geometry3k_test_2477 oracle_corrupt_trusted
OK	geometry3k_test_2477	oracle_corrupt_trusted	pred='C'	gold='C'	complete=True	new_tokens=2	duration_s=8.60
CALL geometry3k_test_2478 raw
FAIL	geometry3k_test_2478	raw	pred='B'	gold='A'	complete=True	new_tokens=2	duration_s=7.27
CALL geometry3k_test_2478 oracle_full
FAIL	geometry3k_test_2478	oracle_full	pred='B'	gold='A'	complete=True	new_tokens=2	duration_s=9.32
CALL geometry3k_test_2478 oracle_topk3
FAIL	geometry3k_test_2478	oracle_topk3	pred='B'	gold='A'	complete=True	new_tokens=2	duration_s=7.62
CALL geometry3k_test_2478 oracle_topk6_cautious
FAIL	geometry3k_test_2478	oracle_topk6_cautious	pred='B'	gold='A'	complete=True	new_tokens=2	duration_s=7.67
CALL geometry3k_test_2478 oracle_topk3_trusted
FAIL	geometry3k_test_2478	oracle_topk3_trusted	pred='B'	gold='A'	complete=True	new_tokens=2	duration_s=7.61
CALL geometry3k_test_2478 oracle_topk6_trusted
FAIL	geometry3k_test_2478	oracle_topk6_trusted	pred='B'	gold='A'	complete=True	new_tokens=2	duration_s=7.64
CALL geometry3k_test_2478 oracle_corrupt_warned
FAIL	geometry3k_test_2478	oracle_corrupt_warned	pred='B'	gold='A'	complete=True	new_tokens=2	duration_s=7.65
CALL geometry3k_test_2478 oracle_corrupt_trusted
FAIL	geometry3k_test_2478	oracle_corrupt_trusted	pred='B'	gold='A'	complete=True	new_tokens=2	duration_s=7.65
CALL geometry3k_test_2479 raw
OK	geometry3k_test_2479	raw	pred='C'	gold='C'	complete=True	new_tokens=2	duration_s=21.54
CALL geometry3k_test_2479 oracle_full
OK	geometry3k_test_2479	oracle_full	pred='C'	gold='C'	complete=True	new_tokens=2	duration_s=24.39
CALL geometry3k_test_2479 oracle_topk3
OK	geometry3k_test_2479	oracle_topk3	pred='C'	gold='C'	complete=True	new_tokens=2	duration_s=21.81
CALL geometry3k_test_2479 oracle_topk6_cautious
OK	geometry3k_test_2479	oracle_topk6_cautious	pred='C'	gold='C'	complete=True	new_tokens=2	duration_s=22.23
CALL geometry3k_test_2479 oracle_topk3_trusted
OK	geometry3k_test_2479	oracle_topk3_trusted	pred='C'	gold='C'	complete=True	new_tokens=2	duration_s=21.80
CALL geometry3k_test_2479 oracle_topk6_trusted
OK	geometry3k_test_2479	oracle_topk6_trusted	pred='C'	gold='C'	complete=True	new_tokens=2	duration_s=22.19
CALL geometry3k_test_2479 oracle_corrupt_warned
OK	geometry3k_test_2479	oracle_corrupt_warned	pred='C'	gold='C'	complete=True	new_tokens=2	duration_s=22.18
CALL geometry3k_test_2479 oracle_corrupt_trusted
OK	geometry3k_test_2479	oracle_corrupt_trusted	pred='C'	gold='C'	complete=True	new_tokens=2	duration_s=22.18
CALL geometry3k_test_2480 raw
FAIL	geometry3k_test_2480	raw	pred='D'	gold='C'	complete=True	new_tokens=2	duration_s=19.26
CALL geometry3k_test_2480 oracle_full
FAIL	geometry3k_test_2480	oracle_full	pred='B'	gold='C'	complete=True	new_tokens=2	duration_s=22.80
CALL geometry3k_test_2480 oracle_topk3
FAIL	geometry3k_test_2480	oracle_topk3	pred='D'	gold='C'	complete=True	new_tokens=2	duration_s=19.61
CALL geometry3k_test_2480 oracle_topk6_cautious
FAIL	geometry3k_test_2480	oracle_topk6_cautious	pred='B'	gold='C'	complete=True	new_tokens=2	duration_s=19.91
CALL geometry3k_test_2480 oracle_topk3_trusted
FAIL	geometry3k_test_2480	oracle_topk3_trusted	pred='B'	gold='C'	complete=True	new_tokens=2	duration_s=19.62
CALL geometry3k_test_2480 oracle_topk6_trusted
FAIL	geometry3k_test_2480	oracle_topk6_trusted	pred='B'	gold='C'	complete=True	new_tokens=2	duration_s=19.88
CALL geometry3k_test_2480 oracle_corrupt_warned
FAIL	geometry3k_test_2480	oracle_corrupt_warned	pred='D'	gold='C'	complete=True	new_tokens=2	duration_s=19.95
CALL geometry3k_test_2480 oracle_corrupt_trusted
FAIL	geometry3k_test_2480	oracle_corrupt_trusted	pred='D'	gold='C'	complete=True	new_tokens=2	duration_s=20.01
CALL geometry3k_test_2481 raw
FAIL	geometry3k_test_2481	raw	pred='C'	gold='B'	complete=True	new_tokens=2	duration_s=21.89
CALL geometry3k_test_2481 oracle_full
FAIL	geometry3k_test_2481	oracle_full	pred='C'	gold='B'	complete=True	new_tokens=2	duration_s=23.27
CALL geometry3k_test_2481 oracle_topk3
FAIL	geometry3k_test_2481	oracle_topk3	pred='C'	gold='B'	complete=True	new_tokens=2	duration_s=22.19
CALL geometry3k_test_2481 oracle_topk6_cautious
FAIL	geometry3k_test_2481	oracle_topk6_cautious	pred='C'	gold='B'	complete=True	new_tokens=2	duration_s=22.54
CALL geometry3k_test_2481 oracle_topk3_trusted
FAIL	geometry3k_test_2481	oracle_topk3_trusted	pred='C'	gold='B'	complete=True	new_tokens=2	duration_s=22.24
CALL geometry3k_test_2481 oracle_topk6_trusted
FAIL	geometry3k_test_2481	oracle_topk6_trusted	pred='C'	gold='B'	complete=True	new_tokens=2	duration_s=22.49
CALL geometry3k_test_2481 oracle_corrupt_warned
FAIL	geometry3k_test_2481	oracle_corrupt_warned	pred='C'	gold='B'	complete=True	new_tokens=2	duration_s=22.52
CALL geometry3k_test_2481 oracle_corrupt_trusted
FAIL	geometry3k_test_2481	oracle_corrupt_trusted	pred='C'	gold='B'	complete=True	new_tokens=2	duration_s=22.47
CALL geometry3k_test_2482 raw
OK	geometry3k_test_2482	raw	pred='A'	gold='A'	complete=True	new_tokens=2	duration_s=4.21
CALL geometry3k_test_2482 oracle_full
OK	geometry3k_test_2482	oracle_full	pred='A'	gold='A'	complete=True	new_tokens=2	duration_s=5.53
CALL geometry3k_test_2482 oracle_topk3
OK	geometry3k_test_2482	oracle_topk3	pred='A'	gold='A'	complete=True	new_tokens=2	duration_s=4.50
CALL geometry3k_test_2482 oracle_topk6_cautious
OK	geometry3k_test_2482	oracle_topk6_cautious	pred='A'	gold='A'	complete=True	new_tokens=2	duration_s=4.74
CALL geometry3k_test_2482 oracle_topk3_trusted
OK	geometry3k_test_2482	oracle_topk3_trusted	pred='A'	gold='A'	complete=True	new_tokens=2	duration_s=4.50
CALL geometry3k_test_2482 oracle_topk6_trusted
OK	geometry3k_test_2482	oracle_topk6_trusted	pred='A'	gold='A'	complete=True	new_tokens=2	duration_s=4.52
CALL geometry3k_test_2482 oracle_corrupt_warned
OK	geometry3k_test_2482	oracle_corrupt_warned	pred='A'	gold='A'	complete=True	new_tokens=2	duration_s=4.55
CALL geometry3k_test_2482 oracle_corrupt_trusted
OK	geometry3k_test_2482	oracle_corrupt_trusted	pred='A'	gold='A'	complete=True	new_tokens=2	duration_s=4.53
CALL geometry3k_test_2483 raw
OK	geometry3k_test_2483	raw	pred='B'	gold='B'	complete=True	new_tokens=2	duration_s=12.03
CALL geometry3k_test_2483 oracle_full
OK	geometry3k_test_2483	oracle_full	pred='B'	gold='B'	complete=True	new_tokens=2	duration_s=13.78
CALL geometry3k_test_2483 oracle_topk3
OK	geometry3k_test_2483	oracle_topk3	pred='B'	gold='B'	complete=True	new_tokens=2	duration_s=12.36
CALL geometry3k_test_2483 oracle_topk6_cautious
OK	geometry3k_test_2483	oracle_topk6_cautious	pred='B'	gold='B'	complete=True	new_tokens=2	duration_s=12.38
CALL geometry3k_test_2483 oracle_topk3_trusted
OK	geometry3k_test_2483	oracle_topk3_trusted	pred='B'	gold='B'	complete=True	new_tokens=2	duration_s=12.07
CALL geometry3k_test_2483 oracle_topk6_trusted
OK	geometry3k_test_2483	oracle_topk6_trusted	pred='B'	gold='B'	complete=True	new_tokens=2	duration_s=12.39
CALL geometry3k_test_2483 oracle_corrupt_warned
OK	geometry3k_test_2483	oracle_corrupt_warned	pred='B'	gold='B'	complete=True	new_tokens=2	duration_s=12.41
CALL geometry3k_test_2483 oracle_corrupt_trusted
OK	geometry3k_test_2483	oracle_corrupt_trusted	pred='B'	gold='B'	complete=True	new_tokens=2	duration_s=12.41
CALL geometry3k_test_2484 raw
OK	geometry3k_test_2484	raw	pred='C'	gold='C'	complete=True	new_tokens=11	duration_s=5.00
CALL geometry3k_test_2484 oracle_full
OK	geometry3k_test_2484	oracle_full	pred='C'	gold='C'	complete=True	new_tokens=11	duration_s=6.33
CALL geometry3k_test_2484 oracle_topk3
OK	geometry3k_test_2484	oracle_topk3	pred='C'	gold='C'	complete=True	new_tokens=11	duration_s=5.34
CALL geometry3k_test_2484 oracle_topk6_cautious
OK	geometry3k_test_2484	oracle_topk6_cautious	pred='C'	gold='C'	complete=True	new_tokens=11	duration_s=5.58
CALL geometry3k_test_2484 oracle_topk3_trusted
OK	geometry3k_test_2484	oracle_topk3_trusted	pred='C'	gold='C'	complete=True	new_tokens=11	duration_s=5.35
CALL geometry3k_test_2484 oracle_topk6_trusted
OK	geometry3k_test_2484	oracle_topk6_trusted	pred='C'	gold='C'	complete=True	new_tokens=11	duration_s=5.34
CALL geometry3k_test_2484 oracle_corrupt_warned
OK	geometry3k_test_2484	oracle_corrupt_warned	pred='C'	gold='C'	complete=True	new_tokens=11	duration_s=5.37
CALL geometry3k_test_2484 oracle_corrupt_trusted
OK	geometry3k_test_2484	oracle_corrupt_trusted	pred='C'	gold='C'	complete=True	new_tokens=11	duration_s=5.34
CALL geometry3k_test_2485 raw
OK	geometry3k_test_2485	raw	pred='C'	gold='C'	complete=True	new_tokens=2	duration_s=4.23
CALL geometry3k_test_2485 oracle_full
OK	geometry3k_test_2485	oracle_full	pred='C'	gold='C'	complete=True	new_tokens=2	duration_s=6.19
CALL geometry3k_test_2485 oracle_topk3
OK	geometry3k_test_2485	oracle_topk3	pred='C'	gold='C'	complete=True	new_tokens=2	duration_s=4.79
CALL geometry3k_test_2485 oracle_topk6_cautious
OK	geometry3k_test_2485	oracle_topk6_cautious	pred='C'	gold='C'	complete=True	new_tokens=2	duration_s=4.81
CALL geometry3k_test_2485 oracle_topk3_trusted
OK	geometry3k_test_2485	oracle_topk3_trusted	pred='C'	gold='C'	complete=True	new_tokens=2	duration_s=4.52
CALL geometry3k_test_2485 oracle_topk6_trusted
OK	geometry3k_test_2485	oracle_topk6_trusted	pred='C'	gold='C'	complete=True	new_tokens=2	duration_s=4.82
CALL geometry3k_test_2485 oracle_corrupt_warned
OK	geometry3k_test_2485	oracle_corrupt_warned	pred='C'	gold='C'	complete=True	new_tokens=2	duration_s=4.84
CALL geometry3k_test_2485 oracle_corrupt_trusted
OK	geometry3k_test_2485	oracle_corrupt_trusted	pred='C'	gold='C'	complete=True	new_tokens=2	duration_s=4.83
CALL geometry3k_test_2486 raw
OK	geometry3k_test_2486	raw	pred='C'	gold='C'	complete=True	new_tokens=2	duration_s=4.81
CALL geometry3k_test_2486 oracle_full
OK	geometry3k_test_2486	oracle_full	pred='C'	gold='C'	complete=True	new_tokens=2	duration_s=7.55
CALL geometry3k_test_2486 oracle_topk3
FAIL	geometry3k_test_2486	oracle_topk3	pred='B'	gold='C'	complete=True	new_tokens=2	duration_s=5.14
CALL geometry3k_test_2486 oracle_topk6_cautious
OK	geometry3k_test_2486	oracle_topk6_cautious	pred='C'	gold='C'	complete=True	new_tokens=2	duration_s=5.15
CALL geometry3k_test_2486 oracle_topk3_trusted
FAIL	geometry3k_test_2486	oracle_topk3_trusted	pred='B'	gold='C'	complete=True	new_tokens=2	duration_s=5.12
CALL geometry3k_test_2486 oracle_topk6_trusted
OK	geometry3k_test_2486	oracle_topk6_trusted	pred='C'	gold='C'	complete=True	new_tokens=2	duration_s=5.14
CALL geometry3k_test_2486 oracle_corrupt_warned
OK	geometry3k_test_2486	oracle_corrupt_warned	pred='C'	gold='C'	complete=True	new_tokens=2	duration_s=5.16
CALL geometry3k_test_2486 oracle_corrupt_trusted
OK	geometry3k_test_2486	oracle_corrupt_trusted	pred='C'	gold='C'	complete=True	new_tokens=2	duration_s=5.15
CALL geometry3k_test_2487 raw
FAIL	geometry3k_test_2487	raw	pred='B'	gold='C'	complete=True	new_tokens=2	duration_s=5.24
CALL geometry3k_test_2487 oracle_full
FAIL	geometry3k_test_2487	oracle_full	pred='B'	gold='C'	complete=True	new_tokens=2	duration_s=9.48
CALL geometry3k_test_2487 oracle_topk3
FAIL	geometry3k_test_2487	oracle_topk3	pred='B'	gold='C'	complete=True	new_tokens=2	duration_s=5.56
CALL geometry3k_test_2487 oracle_topk6_cautious
FAIL	geometry3k_test_2487	oracle_topk6_cautious	pred='B'	gold='C'	complete=True	new_tokens=2	duration_s=5.60
CALL geometry3k_test_2487 oracle_topk3_trusted
FAIL	geometry3k_test_2487	oracle_topk3_trusted	pred='B'	gold='C'	complete=True	new_tokens=2	duration_s=5.54
CALL geometry3k_test_2487 oracle_topk6_trusted
FAIL	geometry3k_test_2487	oracle_topk6_trusted	pred='B'	gold='C'	complete=True	new_tokens=2	duration_s=5.57
CALL geometry3k_test_2487 oracle_corrupt_warned
FAIL	geometry3k_test_2487	oracle_corrupt_warned	pred='B'	gold='C'	complete=True	new_tokens=2	duration_s=5.58
CALL geometry3k_test_2487 oracle_corrupt_trusted
FAIL	geometry3k_test_2487	oracle_corrupt_trusted	pred='B'	gold='C'	complete=True	new_tokens=2	duration_s=5.56
CALL geometry3k_test_2488 raw
FAIL	geometry3k_test_2488	raw	pred='B'	gold='A'	complete=True	new_tokens=2	duration_s=15.78
CALL geometry3k_test_2488 oracle_full
FAIL	geometry3k_test_2488	oracle_full	pred='B'	gold='A'	complete=True	new_tokens=2	duration_s=17.14
CALL geometry3k_test_2488 oracle_topk3
FAIL	geometry3k_test_2488	oracle_topk3	pred='B'	gold='A'	complete=True	new_tokens=2	duration_s=16.10
CALL geometry3k_test_2488 oracle_topk6_cautious
FAIL	geometry3k_test_2488	oracle_topk6_cautious	pred='B'	gold='A'	complete=True	new_tokens=2	duration_s=16.41
CALL geometry3k_test_2488 oracle_topk3_trusted
FAIL	geometry3k_test_2488	oracle_topk3_trusted	pred='B'	gold='A'	complete=True	new_tokens=2	duration_s=16.06
CALL geometry3k_test_2488 oracle_topk6_trusted
FAIL	geometry3k_test_2488	oracle_topk6_trusted	pred='B'	gold='A'	complete=True	new_tokens=2	duration_s=16.44
CALL geometry3k_test_2488 oracle_corrupt_warned
FAIL	geometry3k_test_2488	oracle_corrupt_warned	pred='B'	gold='A'	complete=True	new_tokens=2	duration_s=16.32
CALL geometry3k_test_2488 oracle_corrupt_trusted
FAIL	geometry3k_test_2488	oracle_corrupt_trusted	pred='B'	gold='A'	complete=True	new_tokens=2	duration_s=16.39
CALL geometry3k_test_2489 raw
FAIL	geometry3k_test_2489	raw	pred='B'	gold='A'	complete=True	new_tokens=2	duration_s=9.75
CALL geometry3k_test_2489 oracle_full
FAIL	geometry3k_test_2489	oracle_full	pred='B'	gold='A'	complete=True	new_tokens=2	duration_s=11.10
CALL geometry3k_test_2489 oracle_topk3
FAIL	geometry3k_test_2489	oracle_topk3	pred='B'	gold='A'	complete=True	new_tokens=2	duration_s=10.06
CALL geometry3k_test_2489 oracle_topk6_cautious
FAIL	geometry3k_test_2489	oracle_topk6_cautious	pred='B'	gold='A'	complete=True	new_tokens=2	duration_s=10.39
CALL geometry3k_test_2489 oracle_topk3_trusted
FAIL	geometry3k_test_2489	oracle_topk3_trusted	pred='B'	gold='A'	complete=True	new_tokens=2	duration_s=10.10
CALL geometry3k_test_2489 oracle_topk6_trusted
FAIL	geometry3k_test_2489	oracle_topk6_trusted	pred='B'	gold='A'	complete=True	new_tokens=2	duration_s=10.38
CALL geometry3k_test_2489 oracle_corrupt_warned
FAIL	geometry3k_test_2489	oracle_corrupt_warned	pred='B'	gold='A'	complete=True	new_tokens=2	duration_s=10.38
CALL geometry3k_test_2489 oracle_corrupt_trusted
FAIL	geometry3k_test_2489	oracle_corrupt_trusted	pred='B'	gold='A'	complete=True	new_tokens=2	duration_s=10.07
CALL geometry3k_test_2490 raw
OK	geometry3k_test_2490	raw	pred='B'	gold='B'	complete=True	new_tokens=2	duration_s=6.78
CALL geometry3k_test_2490 oracle_full
OK	geometry3k_test_2490	oracle_full	pred='B'	gold='B'	complete=True	new_tokens=2	duration_s=8.77
CALL geometry3k_test_2490 oracle_topk3
OK	geometry3k_test_2490	oracle_topk3	pred='B'	gold='B'	complete=True	new_tokens=2	duration_s=7.10
CALL geometry3k_test_2490 oracle_topk6_cautious
OK	geometry3k_test_2490	oracle_topk6_cautious	pred='B'	gold='B'	complete=True	new_tokens=2	duration_s=7.43
CALL geometry3k_test_2490 oracle_topk3_trusted
OK	geometry3k_test_2490	oracle_topk3_trusted	pred='B'	gold='B'	complete=True	new_tokens=2	duration_s=7.07
CALL geometry3k_test_2490 oracle_topk6_trusted
OK	geometry3k_test_2490	oracle_topk6_trusted	pred='B'	gold='B'	complete=True	new_tokens=2	duration_s=7.39
CALL geometry3k_test_2490 oracle_corrupt_warned
OK	geometry3k_test_2490	oracle_corrupt_warned	pred='B'	gold='B'	complete=True	new_tokens=2	duration_s=7.42
CALL geometry3k_test_2490 oracle_corrupt_trusted
OK	geometry3k_test_2490	oracle_corrupt_trusted	pred='B'	gold='B'	complete=True	new_tokens=2	duration_s=7.41
CALL geometry3k_test_2491 raw
FAIL	geometry3k_test_2491	raw	pred='C'	gold='A'	complete=True	new_tokens=2	duration_s=5.57
CALL geometry3k_test_2491 oracle_full
FAIL	geometry3k_test_2491	oracle_full	pred='C'	gold='A'	complete=True	new_tokens=2	duration_s=7.25
CALL geometry3k_test_2491 oracle_topk3
FAIL	geometry3k_test_2491	oracle_topk3	pred='C'	gold='A'	complete=True	new_tokens=2	duration_s=5.89
CALL geometry3k_test_2491 oracle_topk6_cautious
FAIL	geometry3k_test_2491	oracle_topk6_cautious	pred='C'	gold='A'	complete=True	new_tokens=2	duration_s=5.91
CALL geometry3k_test_2491 oracle_topk3_trusted
FAIL	geometry3k_test_2491	oracle_topk3_trusted	pred='C'	gold='A'	complete=True	new_tokens=2	duration_s=5.86
CALL geometry3k_test_2491 oracle_topk6_trusted
FAIL	geometry3k_test_2491	oracle_topk6_trusted	pred='C'	gold='A'	complete=True	new_tokens=2	duration_s=5.90
CALL geometry3k_test_2491 oracle_corrupt_warned
FAIL	geometry3k_test_2491	oracle_corrupt_warned	pred='C'	gold='A'	complete=True	new_tokens=2	duration_s=5.92
CALL geometry3k_test_2491 oracle_corrupt_trusted
FAIL	geometry3k_test_2491	oracle_corrupt_trusted	pred='C'	gold='A'	complete=True	new_tokens=2	duration_s=5.89
CALL geometry3k_test_2492 raw
OK	geometry3k_test_2492	raw	pred='B'	gold='B'	complete=True	new_tokens=2	duration_s=10.49
CALL geometry3k_test_2492 oracle_full
OK	geometry3k_test_2492	oracle_full	pred='B'	gold='B'	complete=True	new_tokens=2	duration_s=13.21
CALL geometry3k_test_2492 oracle_topk3
OK	geometry3k_test_2492	oracle_topk3	pred='B'	gold='B'	complete=True	new_tokens=2	duration_s=10.85
CALL geometry3k_test_2492 oracle_topk6_cautious
OK	geometry3k_test_2492	oracle_topk6_cautious	pred='B'	gold='B'	complete=True	new_tokens=2	duration_s=11.18
CALL geometry3k_test_2492 oracle_topk3_trusted
OK	geometry3k_test_2492	oracle_topk3_trusted	pred='B'	gold='B'	complete=True	new_tokens=2	duration_s=10.86
CALL geometry3k_test_2492 oracle_topk6_trusted
OK	geometry3k_test_2492	oracle_topk6_trusted	pred='B'	gold='B'	complete=True	new_tokens=2	duration_s=11.20
CALL geometry3k_test_2492 oracle_corrupt_warned
OK	geometry3k_test_2492	oracle_corrupt_warned	pred='B'	gold='B'	complete=True	new_tokens=2	duration_s=11.17
CALL geometry3k_test_2492 oracle_corrupt_trusted
OK	geometry3k_test_2492	oracle_corrupt_trusted	pred='B'	gold='B'	complete=True	new_tokens=2	duration_s=11.16
CALL geometry3k_test_2493 raw
OK	geometry3k_test_2493	raw	pred='C'	gold='C'	complete=True	new_tokens=2	duration_s=12.07
CALL geometry3k_test_2493 oracle_full
OK	geometry3k_test_2493	oracle_full	pred='C'	gold='C'	complete=True	new_tokens=2	duration_s=15.60
CALL geometry3k_test_2493 oracle_topk3
FAIL	geometry3k_test_2493	oracle_topk3	pred='B'	gold='C'	complete=True	new_tokens=2	duration_s=12.41
CALL geometry3k_test_2493 oracle_topk6_cautious
OK	geometry3k_test_2493	oracle_topk6_cautious	pred='C'	gold='C'	complete=True	new_tokens=2	duration_s=12.72
CALL geometry3k_test_2493 oracle_topk3_trusted
FAIL	geometry3k_test_2493	oracle_topk3_trusted	pred='B'	gold='C'	complete=True	new_tokens=2	duration_s=12.42
CALL geometry3k_test_2493 oracle_topk6_trusted
OK	geometry3k_test_2493	oracle_topk6_trusted	pred='C'	gold='C'	complete=True	new_tokens=2	duration_s=12.72
CALL geometry3k_test_2493 oracle_corrupt_warned
OK	geometry3k_test_2493	oracle_corrupt_warned	pred='C'	gold='C'	complete=True	new_tokens=2	duration_s=12.76
CALL geometry3k_test_2493 oracle_corrupt_trusted
OK	geometry3k_test_2493	oracle_corrupt_trusted	pred='C'	gold='C'	complete=True	new_tokens=2	duration_s=12.66
CALL geometry3k_test_2494 raw
OK	geometry3k_test_2494	raw	pred='B'	gold='B'	complete=True	new_tokens=2	duration_s=4.95
CALL geometry3k_test_2494 oracle_full
OK	geometry3k_test_2494	oracle_full	pred='B'	gold='B'	complete=True	new_tokens=2	duration_s=11.98
CALL geometry3k_test_2494 oracle_topk3
OK	geometry3k_test_2494	oracle_topk3	pred='B'	gold='B'	complete=True	new_tokens=2	duration_s=5.29
CALL geometry3k_test_2494 oracle_topk6_cautious
OK	geometry3k_test_2494	oracle_topk6_cautious	pred='B'	gold='B'	complete=True	new_tokens=2	duration_s=5.53
CALL geometry3k_test_2494 oracle_topk3_trusted
OK	geometry3k_test_2494	oracle_topk3_trusted	pred='B'	gold='B'	complete=True	new_tokens=2	duration_s=5.28
CALL geometry3k_test_2494 oracle_topk6_trusted
OK	geometry3k_test_2494	oracle_topk6_trusted	pred='B'	gold='B'	complete=True	new_tokens=2	duration_s=5.55
CALL geometry3k_test_2494 oracle_corrupt_warned
OK	geometry3k_test_2494	oracle_corrupt_warned	pred='B'	gold='B'	complete=True	new_tokens=2	duration_s=5.54
CALL geometry3k_test_2494 oracle_corrupt_trusted
OK	geometry3k_test_2494	oracle_corrupt_trusted	pred='B'	gold='B'	complete=True	new_tokens=2	duration_s=5.55
CALL geometry3k_test_2495 raw
OK	geometry3k_test_2495	raw	pred='C'	gold='C'	complete=True	new_tokens=2	duration_s=4.42
CALL geometry3k_test_2495 oracle_full
OK	geometry3k_test_2495	oracle_full	pred='C'	gold='C'	complete=True	new_tokens=2	duration_s=6.06
CALL geometry3k_test_2495 oracle_topk3
OK	geometry3k_test_2495	oracle_topk3	pred='C'	gold='C'	complete=True	new_tokens=2	duration_s=4.74
CALL geometry3k_test_2495 oracle_topk6_cautious
OK	geometry3k_test_2495	oracle_topk6_cautious	pred='C'	gold='C'	complete=True	new_tokens=2	duration_s=5.00
CALL geometry3k_test_2495 oracle_topk3_trusted
OK	geometry3k_test_2495	oracle_topk3_trusted	pred='C'	gold='C'	complete=True	new_tokens=2	duration_s=4.72
CALL geometry3k_test_2495 oracle_topk6_trusted
OK	geometry3k_test_2495	oracle_topk6_trusted	pred='C'	gold='C'	complete=True	new_tokens=2	duration_s=5.02
CALL geometry3k_test_2495 oracle_corrupt_warned
OK	geometry3k_test_2495	oracle_corrupt_warned	pred='C'	gold='C'	complete=True	new_tokens=2	duration_s=5.02
CALL geometry3k_test_2495 oracle_corrupt_trusted
OK	geometry3k_test_2495	oracle_corrupt_trusted	pred='C'	gold='C'	complete=True	new_tokens=2	duration_s=5.02
CALL geometry3k_test_2496 raw
OK	geometry3k_test_2496	raw	pred='A'	gold='A'	complete=True	new_tokens=2	duration_s=3.85
CALL geometry3k_test_2496 oracle_full
OK	geometry3k_test_2496	oracle_full	pred='A'	gold='A'	complete=True	new_tokens=5	duration_s=6.14
CALL geometry3k_test_2496 oracle_topk3
OK	geometry3k_test_2496	oracle_topk3	pred='A'	gold='A'	complete=True	new_tokens=2	duration_s=4.18
CALL geometry3k_test_2496 oracle_topk6_cautious
OK	geometry3k_test_2496	oracle_topk6_cautious	pred='A'	gold='A'	complete=True	new_tokens=2	duration_s=4.22
CALL geometry3k_test_2496 oracle_topk3_trusted
OK	geometry3k_test_2496	oracle_topk3_trusted	pred='A'	gold='A'	complete=True	new_tokens=2	duration_s=4.16
CALL geometry3k_test_2496 oracle_topk6_trusted
OK	geometry3k_test_2496	oracle_topk6_trusted	pred='A'	gold='A'	complete=True	new_tokens=2	duration_s=4.20
CALL geometry3k_test_2496 oracle_corrupt_warned
OK	geometry3k_test_2496	oracle_corrupt_warned	pred='A'	gold='A'	complete=True	new_tokens=2	duration_s=4.23
CALL geometry3k_test_2496 oracle_corrupt_trusted
OK	geometry3k_test_2496	oracle_corrupt_trusted	pred='A'	gold='A'	complete=True	new_tokens=2	duration_s=4.21
CALL geometry3k_test_2497 raw
FAIL	geometry3k_test_2497	raw	pred='C'	gold='D'	complete=True	new_tokens=2	duration_s=9.42
CALL geometry3k_test_2497 oracle_full
FAIL	geometry3k_test_2497	oracle_full	pred='C'	gold='D'	complete=True	new_tokens=8	duration_s=13.02
CALL geometry3k_test_2497 oracle_topk3
FAIL	geometry3k_test_2497	oracle_topk3	pred='C'	gold='D'	complete=True	new_tokens=8	duration_s=10.26
CALL geometry3k_test_2497 oracle_topk6_cautious
FAIL	geometry3k_test_2497	oracle_topk6_cautious	pred='C'	gold='D'	complete=True	new_tokens=8	duration_s=10.55
CALL geometry3k_test_2497 oracle_topk3_trusted
FAIL	geometry3k_test_2497	oracle_topk3_trusted	pred='C'	gold='D'	complete=True	new_tokens=2	duration_s=9.71
CALL geometry3k_test_2497 oracle_topk6_trusted
FAIL	geometry3k_test_2497	oracle_topk6_trusted	pred='C'	gold='D'	complete=True	new_tokens=2	duration_s=10.03
CALL geometry3k_test_2497 oracle_corrupt_warned
FAIL	geometry3k_test_2497	oracle_corrupt_warned	pred='C'	gold='D'	complete=True	new_tokens=2	duration_s=10.05
CALL geometry3k_test_2497 oracle_corrupt_trusted
FAIL	geometry3k_test_2497	oracle_corrupt_trusted	pred='C'	gold='D'	complete=True	new_tokens=2	duration_s=10.01
CALL geometry3k_test_2498 raw
OK	geometry3k_test_2498	raw	pred='D'	gold='D'	complete=True	new_tokens=2	duration_s=6.71
CALL geometry3k_test_2498 oracle_full
OK	geometry3k_test_2498	oracle_full	pred='D'	gold='D'	complete=True	new_tokens=2	duration_s=8.07
CALL geometry3k_test_2498 oracle_topk3
OK	geometry3k_test_2498	oracle_topk3	pred='D'	gold='D'	complete=True	new_tokens=2	duration_s=7.02
CALL geometry3k_test_2498 oracle_topk6_cautious
OK	geometry3k_test_2498	oracle_topk6_cautious	pred='D'	gold='D'	complete=True	new_tokens=2	duration_s=7.34
CALL geometry3k_test_2498 oracle_topk3_trusted
OK	geometry3k_test_2498	oracle_topk3_trusted	pred='D'	gold='D'	complete=True	new_tokens=2	duration_s=7.02
CALL geometry3k_test_2498 oracle_topk6_trusted
OK	geometry3k_test_2498	oracle_topk6_trusted	pred='D'	gold='D'	complete=True	new_tokens=2	duration_s=7.05
CALL geometry3k_test_2498 oracle_corrupt_warned
OK	geometry3k_test_2498	oracle_corrupt_warned	pred='D'	gold='D'	complete=True	new_tokens=2	duration_s=7.03
CALL geometry3k_test_2498 oracle_corrupt_trusted
OK	geometry3k_test_2498	oracle_corrupt_trusted	pred='D'	gold='D'	complete=True	new_tokens=2	duration_s=7.01
CALL geometry3k_test_2499 raw
FAIL	geometry3k_test_2499	raw	pred='C'	gold='D'	complete=True	new_tokens=2	duration_s=4.22
CALL geometry3k_test_2499 oracle_full
FAIL	geometry3k_test_2499	oracle_full	pred='C'	gold='D'	complete=True	new_tokens=2	duration_s=5.83
CALL geometry3k_test_2499 oracle_topk3
FAIL	geometry3k_test_2499	oracle_topk3	pred='C'	gold='D'	complete=True	new_tokens=2	duration_s=4.55
CALL geometry3k_test_2499 oracle_topk6_cautious
FAIL	geometry3k_test_2499	oracle_topk6_cautious	pred='C'	gold='D'	complete=True	new_tokens=2	duration_s=4.79
CALL geometry3k_test_2499 oracle_topk3_trusted
FAIL	geometry3k_test_2499	oracle_topk3_trusted	pred='C'	gold='D'	complete=True	new_tokens=2	duration_s=4.52
CALL geometry3k_test_2499 oracle_topk6_trusted
FAIL	geometry3k_test_2499	oracle_topk6_trusted	pred='C'	gold='D'	complete=True	new_tokens=2	duration_s=4.79
CALL geometry3k_test_2499 oracle_corrupt_warned
FAIL	geometry3k_test_2499	oracle_corrupt_warned	pred='C'	gold='D'	complete=True	new_tokens=2	duration_s=4.78
CALL geometry3k_test_2499 oracle_corrupt_trusted
FAIL	geometry3k_test_2499	oracle_corrupt_trusted	pred='C'	gold='D'	complete=True	new_tokens=2	duration_s=4.56
CALL geometry3k_test_2500 raw
FAIL	geometry3k_test_2500	raw	pred='B'	gold='A'	complete=True	new_tokens=2	duration_s=12.74
CALL geometry3k_test_2500 oracle_full
FAIL	geometry3k_test_2500	oracle_full	pred='B'	gold='A'	complete=True	new_tokens=2	duration_s=15.14
CALL geometry3k_test_2500 oracle_topk3
FAIL	geometry3k_test_2500	oracle_topk3	pred='B'	gold='A'	complete=True	new_tokens=2	duration_s=13.05
CALL geometry3k_test_2500 oracle_topk6_cautious
FAIL	geometry3k_test_2500	oracle_topk6_cautious	pred='B'	gold='A'	complete=True	new_tokens=2	duration_s=13.38
CALL geometry3k_test_2500 oracle_topk3_trusted
FAIL	geometry3k_test_2500	oracle_topk3_trusted	pred='B'	gold='A'	complete=True	new_tokens=2	duration_s=13.06
CALL geometry3k_test_2500 oracle_topk6_trusted
FAIL	geometry3k_test_2500	oracle_topk6_trusted	pred='B'	gold='A'	complete=True	new_tokens=2	duration_s=13.37
CALL geometry3k_test_2500 oracle_corrupt_warned
FAIL	geometry3k_test_2500	oracle_corrupt_warned	pred='B'	gold='A'	complete=True	new_tokens=2	duration_s=13.36
CALL geometry3k_test_2500 oracle_corrupt_trusted
FAIL	geometry3k_test_2500	oracle_corrupt_trusted	pred='B'	gold='A'	complete=True	new_tokens=2	duration_s=13.36
CALL geometry3k_test_2501 raw
OK	geometry3k_test_2501	raw	pred='B'	gold='B'	complete=True	new_tokens=2	duration_s=17.74
CALL geometry3k_test_2501 oracle_full
OK	geometry3k_test_2501	oracle_full	pred='B'	gold='B'	complete=True	new_tokens=2	duration_s=20.60
CALL geometry3k_test_2501 oracle_topk3
OK	geometry3k_test_2501	oracle_topk3	pred='B'	gold='B'	complete=True	new_tokens=2	duration_s=18.12
CALL geometry3k_test_2501 oracle_topk6_cautious
OK	geometry3k_test_2501	oracle_topk6_cautious	pred='B'	gold='B'	complete=True	new_tokens=2	duration_s=18.34
CALL geometry3k_test_2501 oracle_topk3_trusted
OK	geometry3k_test_2501	oracle_topk3_trusted	pred='B'	gold='B'	complete=True	new_tokens=2	duration_s=18.10
CALL geometry3k_test_2501 oracle_topk6_trusted
OK	geometry3k_test_2501	oracle_topk6_trusted	pred='B'	gold='B'	complete=True	new_tokens=2	duration_s=18.35
CALL geometry3k_test_2501 oracle_corrupt_warned
OK	geometry3k_test_2501	oracle_corrupt_warned	pred='B'	gold='B'	complete=True	new_tokens=2	duration_s=18.30
CALL geometry3k_test_2501 oracle_corrupt_trusted
OK	geometry3k_test_2501	oracle_corrupt_trusted	pred='B'	gold='B'	complete=True	new_tokens=2	duration_s=18.12
CALL geometry3k_test_2502 raw
FAIL	geometry3k_test_2502	raw	pred='C'	gold='A'	complete=True	new_tokens=2	duration_s=9.99
CALL geometry3k_test_2502 oracle_full
FAIL	geometry3k_test_2502	oracle_full	pred='B'	gold='A'	complete=True	new_tokens=2	duration_s=11.40
CALL geometry3k_test_2502 oracle_topk3
FAIL	geometry3k_test_2502	oracle_topk3	pred='C'	gold='A'	complete=True	new_tokens=2	duration_s=10.32
CALL geometry3k_test_2502 oracle_topk6_cautious
FAIL	geometry3k_test_2502	oracle_topk6_cautious	pred='C'	gold='A'	complete=True	new_tokens=2	duration_s=10.60
CALL geometry3k_test_2502 oracle_topk3_trusted
FAIL	geometry3k_test_2502	oracle_topk3_trusted	pred='C'	gold='A'	complete=True	new_tokens=2	duration_s=10.32
CALL geometry3k_test_2502 oracle_topk6_trusted
FAIL	geometry3k_test_2502	oracle_topk6_trusted	pred='C'	gold='A'	complete=True	new_tokens=2	duration_s=10.60
CALL geometry3k_test_2502 oracle_corrupt_warned
FAIL	geometry3k_test_2502	oracle_corrupt_warned	pred='C'	gold='A'	complete=True	new_tokens=2	duration_s=10.61
CALL geometry3k_test_2502 oracle_corrupt_trusted
FAIL	geometry3k_test_2502	oracle_corrupt_trusted	pred='C'	gold='A'	complete=True	new_tokens=2	duration_s=10.36
CALL geometry3k_test_2503 raw
FAIL	geometry3k_test_2503	raw	pred='B'	gold='D'	complete=True	new_tokens=2	duration_s=4.21
CALL geometry3k_test_2503 oracle_full
FAIL	geometry3k_test_2503	oracle_full	pred='B'	gold='D'	complete=True	new_tokens=2	duration_s=5.82
CALL geometry3k_test_2503 oracle_topk3
FAIL	geometry3k_test_2503	oracle_topk3	pred='B'	gold='D'	complete=True	new_tokens=2	duration_s=4.54
CALL geometry3k_test_2503 oracle_topk6_cautious
FAIL	geometry3k_test_2503	oracle_topk6_cautious	pred='B'	gold='D'	complete=True	new_tokens=2	duration_s=4.80
CALL geometry3k_test_2503 oracle_topk3_trusted
FAIL	geometry3k_test_2503	oracle_topk3_trusted	pred='B'	gold='D'	complete=True	new_tokens=2	duration_s=4.55
CALL geometry3k_test_2503 oracle_topk6_trusted
FAIL	geometry3k_test_2503	oracle_topk6_trusted	pred='B'	gold='D'	complete=True	new_tokens=2	duration_s=4.81
CALL geometry3k_test_2503 oracle_corrupt_warned
FAIL	geometry3k_test_2503	oracle_corrupt_warned	pred='B'	gold='D'	complete=True	new_tokens=2	duration_s=4.82
CALL geometry3k_test_2503 oracle_corrupt_trusted
FAIL	geometry3k_test_2503	oracle_corrupt_trusted	pred='B'	gold='D'	complete=True	new_tokens=2	duration_s=4.80
CALL geometry3k_test_2504 raw
FAIL	geometry3k_test_2504	raw	pred='C'	gold='D'	complete=True	new_tokens=9	duration_s=5.06
CALL geometry3k_test_2504 oracle_full
FAIL	geometry3k_test_2504	oracle_full	pred='C'	gold='D'	complete=True	new_tokens=9	duration_s=6.72
CALL geometry3k_test_2504 oracle_topk3
FAIL	geometry3k_test_2504	oracle_topk3	pred='C'	gold='D'	complete=True	new_tokens=9	duration_s=5.42
CALL geometry3k_test_2504 oracle_topk6_cautious
FAIL	geometry3k_test_2504	oracle_topk6_cautious	pred='C'	gold='D'	complete=True	new_tokens=9	duration_s=5.67
CALL geometry3k_test_2504 oracle_topk3_trusted
FAIL	geometry3k_test_2504	oracle_topk3_trusted	pred='C'	gold='D'	complete=True	new_tokens=9	duration_s=5.39
CALL geometry3k_test_2504 oracle_topk6_trusted
FAIL	geometry3k_test_2504	oracle_topk6_trusted	pred='C'	gold='D'	complete=True	new_tokens=9	duration_s=5.66
CALL geometry3k_test_2504 oracle_corrupt_warned
FAIL	geometry3k_test_2504	oracle_corrupt_warned	pred='C'	gold='D'	complete=True	new_tokens=9	duration_s=5.65
CALL geometry3k_test_2504 oracle_corrupt_trusted
FAIL	geometry3k_test_2504	oracle_corrupt_trusted	pred='C'	gold='D'	complete=True	new_tokens=9	duration_s=5.66
CALL geometry3k_test_2505 raw
FAIL	geometry3k_test_2505	raw	pred='B'	gold='C'	complete=True	new_tokens=2	duration_s=4.21
CALL geometry3k_test_2505 oracle_full
FAIL	geometry3k_test_2505	oracle_full	pred='B'	gold='C'	complete=True	new_tokens=2	duration_s=5.88
CALL geometry3k_test_2505 oracle_topk3
FAIL	geometry3k_test_2505	oracle_topk3	pred='B'	gold='C'	complete=True	new_tokens=2	duration_s=4.53
CALL geometry3k_test_2505 oracle_topk6_cautious
FAIL	geometry3k_test_2505	oracle_topk6_cautious	pred='B'	gold='C'	complete=True	new_tokens=2	duration_s=4.82
CALL geometry3k_test_2505 oracle_topk3_trusted
FAIL	geometry3k_test_2505	oracle_topk3_trusted	pred='B'	gold='C'	complete=True	new_tokens=2	duration_s=4.52
CALL geometry3k_test_2505 oracle_topk6_trusted
FAIL	geometry3k_test_2505	oracle_topk6_trusted	pred='B'	gold='C'	complete=True	new_tokens=2	duration_s=4.82
CALL geometry3k_test_2505 oracle_corrupt_warned
FAIL	geometry3k_test_2505	oracle_corrupt_warned	pred='B'	gold='C'	complete=True	new_tokens=2	duration_s=4.82
CALL geometry3k_test_2505 oracle_corrupt_trusted
FAIL	geometry3k_test_2505	oracle_corrupt_trusted	pred='B'	gold='C'	complete=True	new_tokens=2	duration_s=4.82
CALL geometry3k_test_2506 raw
FAIL	geometry3k_test_2506	raw	pred='C'	gold='A'	complete=True	new_tokens=2	duration_s=5.49
CALL geometry3k_test_2506 oracle_full
FAIL	geometry3k_test_2506	oracle_full	pred='C'	gold='A'	complete=True	new_tokens=2	duration_s=7.93
CALL geometry3k_test_2506 oracle_topk3
FAIL	geometry3k_test_2506	oracle_topk3	pred='C'	gold='A'	complete=True	new_tokens=2	duration_s=5.80
CALL geometry3k_test_2506 oracle_topk6_cautious
FAIL	geometry3k_test_2506	oracle_topk6_cautious	pred='C'	gold='A'	complete=True	new_tokens=2	duration_s=6.15
CALL geometry3k_test_2506 oracle_topk3_trusted
FAIL	geometry3k_test_2506	oracle_topk3_trusted	pred='C'	gold='A'	complete=True	new_tokens=2	duration_s=5.76
CALL geometry3k_test_2506 oracle_topk6_trusted
FAIL	geometry3k_test_2506	oracle_topk6_trusted	pred='C'	gold='A'	complete=True	new_tokens=2	duration_s=6.12
CALL geometry3k_test_2506 oracle_corrupt_warned
FAIL	geometry3k_test_2506	oracle_corrupt_warned	pred='C'	gold='A'	complete=True	new_tokens=2	duration_s=6.13
CALL geometry3k_test_2506 oracle_corrupt_trusted
FAIL	geometry3k_test_2506	oracle_corrupt_trusted	pred='C'	gold='A'	complete=True	new_tokens=2	duration_s=6.13
CALL geometry3k_test_2507 raw
FAIL	geometry3k_test_2507	raw	pred='B'	gold='A'	complete=True	new_tokens=2	duration_s=20.61
CALL geometry3k_test_2507 oracle_full
FAIL	geometry3k_test_2507	oracle_full	pred='B'	gold='A'	complete=True	new_tokens=2	duration_s=22.79
CALL geometry3k_test_2507 oracle_topk3
FAIL	geometry3k_test_2507	oracle_topk3	pred='B'	gold='A'	complete=True	new_tokens=2	duration_s=20.93
CALL geometry3k_test_2507 oracle_topk6_cautious
FAIL	geometry3k_test_2507	oracle_topk6_cautious	pred='B'	gold='A'	complete=True	new_tokens=2	duration_s=21.28
CALL geometry3k_test_2507 oracle_topk3_trusted
FAIL	geometry3k_test_2507	oracle_topk3_trusted	pred='B'	gold='A'	complete=True	new_tokens=2	duration_s=20.91
CALL geometry3k_test_2507 oracle_topk6_trusted
FAIL	geometry3k_test_2507	oracle_topk6_trusted	pred='B'	gold='A'	complete=True	new_tokens=2	duration_s=21.25
CALL geometry3k_test_2507 oracle_corrupt_warned
FAIL	geometry3k_test_2507	oracle_corrupt_warned	pred='B'	gold='A'	complete=True	new_tokens=2	duration_s=21.24
CALL geometry3k_test_2507 oracle_corrupt_trusted
FAIL	geometry3k_test_2507	oracle_corrupt_trusted	pred='B'	gold='A'	complete=True	new_tokens=2	duration_s=21.26
CALL geometry3k_test_2508 raw
OK	geometry3k_test_2508	raw	pred='B'	gold='B'	complete=True	new_tokens=2	duration_s=6.94
CALL geometry3k_test_2508 oracle_full
OK	geometry3k_test_2508	oracle_full	pred='B'	gold='B'	complete=True	new_tokens=2	duration_s=8.60
CALL geometry3k_test_2508 oracle_topk3
OK	geometry3k_test_2508	oracle_topk3	pred='B'	gold='B'	complete=True	new_tokens=2	duration_s=7.27
CALL geometry3k_test_2508 oracle_topk6_cautious
OK	geometry3k_test_2508	oracle_topk6_cautious	pred='B'	gold='B'	complete=True	new_tokens=2	duration_s=7.62
CALL geometry3k_test_2508 oracle_topk3_trusted
OK	geometry3k_test_2508	oracle_topk3_trusted	pred='B'	gold='B'	complete=True	new_tokens=2	duration_s=7.29
CALL geometry3k_test_2508 oracle_topk6_trusted
OK	geometry3k_test_2508	oracle_topk6_trusted	pred='B'	gold='B'	complete=True	new_tokens=2	duration_s=7.62
CALL geometry3k_test_2508 oracle_corrupt_warned
OK	geometry3k_test_2508	oracle_corrupt_warned	pred='B'	gold='B'	complete=True	new_tokens=2	duration_s=7.33
CALL geometry3k_test_2508 oracle_corrupt_trusted
OK	geometry3k_test_2508	oracle_corrupt_trusted	pred='B'	gold='B'	complete=True	new_tokens=2	duration_s=7.30
CALL geometry3k_test_2509 raw
OK	geometry3k_test_2509	raw	pred='B'	gold='B'	complete=True	new_tokens=2	duration_s=6.07
CALL geometry3k_test_2509 oracle_full
OK	geometry3k_test_2509	oracle_full	pred='B'	gold='B'	complete=True	new_tokens=2	duration_s=12.18
CALL geometry3k_test_2509 oracle_topk3
OK	geometry3k_test_2509	oracle_topk3	pred='B'	gold='B'	complete=True	new_tokens=2	duration_s=6.40
CALL geometry3k_test_2509 oracle_topk6_cautious
OK	geometry3k_test_2509	oracle_topk6_cautious	pred='B'	gold='B'	complete=True	new_tokens=2	duration_s=6.75
CALL geometry3k_test_2509 oracle_topk3_trusted
OK	geometry3k_test_2509	oracle_topk3_trusted	pred='B'	gold='B'	complete=True	new_tokens=2	duration_s=6.37
CALL geometry3k_test_2509 oracle_topk6_trusted
OK	geometry3k_test_2509	oracle_topk6_trusted	pred='B'	gold='B'	complete=True	new_tokens=2	duration_s=6.73
CALL geometry3k_test_2509 oracle_corrupt_warned
OK	geometry3k_test_2509	oracle_corrupt_warned	pred='B'	gold='B'	complete=True	new_tokens=2	duration_s=6.73
CALL geometry3k_test_2509 oracle_corrupt_trusted
OK	geometry3k_test_2509	oracle_corrupt_trusted	pred='B'	gold='B'	complete=True	new_tokens=2	duration_s=6.75
CALL geometry3k_test_2510 raw
OK	geometry3k_test_2510	raw	pred='A'	gold='A'	complete=True	new_tokens=2	duration_s=15.30
CALL geometry3k_test_2510 oracle_full
OK	geometry3k_test_2510	oracle_full	pred='A'	gold='A'	complete=True	new_tokens=5	duration_s=19.47
CALL geometry3k_test_2510 oracle_topk3
OK	geometry3k_test_2510	oracle_topk3	pred='A'	gold='A'	complete=True	new_tokens=2	duration_s=15.64
CALL geometry3k_test_2510 oracle_topk6_cautious
OK	geometry3k_test_2510	oracle_topk6_cautious	pred='A'	gold='A'	complete=True	new_tokens=2	duration_s=15.93
CALL geometry3k_test_2510 oracle_topk3_trusted
OK	geometry3k_test_2510	oracle_topk3_trusted	pred='A'	gold='A'	complete=True	new_tokens=2	duration_s=15.59
CALL geometry3k_test_2510 oracle_topk6_trusted
OK	geometry3k_test_2510	oracle_topk6_trusted	pred='A'	gold='A'	complete=True	new_tokens=2	duration_s=15.85
CALL geometry3k_test_2510 oracle_corrupt_warned
OK	geometry3k_test_2510	oracle_corrupt_warned	pred='A'	gold='A'	complete=True	new_tokens=2	duration_s=15.95
CALL geometry3k_test_2510 oracle_corrupt_trusted
OK	geometry3k_test_2510	oracle_corrupt_trusted	pred='A'	gold='A'	complete=True	new_tokens=2	duration_s=15.91
CALL geometry3k_test_2511 raw
OK	geometry3k_test_2511	raw	pred='C'	gold='C'	complete=True	new_tokens=8	duration_s=10.98
CALL geometry3k_test_2511 oracle_full
OK	geometry3k_test_2511	oracle_full	pred='C'	gold='C'	complete=True	new_tokens=8	duration_s=12.34
CALL geometry3k_test_2511 oracle_topk3
OK	geometry3k_test_2511	oracle_topk3	pred='C'	gold='C'	complete=True	new_tokens=8	duration_s=11.33
CALL geometry3k_test_2511 oracle_topk6_cautious
OK	geometry3k_test_2511	oracle_topk6_cautious	pred='C'	gold='C'	complete=True	new_tokens=8	duration_s=11.68
CALL geometry3k_test_2511 oracle_topk3_trusted
OK	geometry3k_test_2511	oracle_topk3_trusted	pred='C'	gold='C'	complete=True	new_tokens=8	duration_s=11.29
CALL geometry3k_test_2511 oracle_topk6_trusted
OK	geometry3k_test_2511	oracle_topk6_trusted	pred='C'	gold='C'	complete=True	new_tokens=8	duration_s=11.66
CALL geometry3k_test_2511 oracle_corrupt_warned
OK	geometry3k_test_2511	oracle_corrupt_warned	pred='C'	gold='C'	complete=True	new_tokens=8	duration_s=11.68
CALL geometry3k_test_2511 oracle_corrupt_trusted
OK	geometry3k_test_2511	oracle_corrupt_trusted	pred='C'	gold='C'	complete=True	new_tokens=8	duration_s=11.37
CALL geometry3k_test_2512 raw
OK	geometry3k_test_2512	raw	pred='B'	gold='B'	complete=True	new_tokens=2	duration_s=5.81
CALL geometry3k_test_2512 oracle_full
OK	geometry3k_test_2512	oracle_full	pred='B'	gold='B'	complete=True	new_tokens=2	duration_s=7.46
CALL geometry3k_test_2512 oracle_topk3
OK	geometry3k_test_2512	oracle_topk3	pred='B'	gold='B'	complete=True	new_tokens=2	duration_s=6.12
CALL geometry3k_test_2512 oracle_topk6_cautious
OK	geometry3k_test_2512	oracle_topk6_cautious	pred='B'	gold='B'	complete=True	new_tokens=2	duration_s=6.14
CALL geometry3k_test_2512 oracle_topk3_trusted
OK	geometry3k_test_2512	oracle_topk3_trusted	pred='B'	gold='B'	complete=True	new_tokens=2	duration_s=5.89
CALL geometry3k_test_2512 oracle_topk6_trusted
OK	geometry3k_test_2512	oracle_topk6_trusted	pred='B'	gold='B'	complete=True	new_tokens=2	duration_s=6.13
CALL geometry3k_test_2512 oracle_corrupt_warned
OK	geometry3k_test_2512	oracle_corrupt_warned	pred='B'	gold='B'	complete=True	new_tokens=2	duration_s=6.10
CALL geometry3k_test_2512 oracle_corrupt_trusted
OK	geometry3k_test_2512	oracle_corrupt_trusted	pred='B'	gold='B'	complete=True	new_tokens=2	duration_s=6.14
CALL geometry3k_test_2513 raw
FAIL	geometry3k_test_2513	raw	pred='C'	gold='A'	complete=True	new_tokens=2	duration_s=7.74
CALL geometry3k_test_2513 oracle_full
FAIL	geometry3k_test_2513	oracle_full	pred='C'	gold='A'	complete=True	new_tokens=2	duration_s=9.35
CALL geometry3k_test_2513 oracle_topk3
FAIL	geometry3k_test_2513	oracle_topk3	pred='C'	gold='A'	complete=True	new_tokens=2	duration_s=8.00
CALL geometry3k_test_2513 oracle_topk6_cautious
FAIL	geometry3k_test_2513	oracle_topk6_cautious	pred='B'	gold='A'	complete=True	new_tokens=2	duration_s=8.37
CALL geometry3k_test_2513 oracle_topk3_trusted
FAIL	geometry3k_test_2513	oracle_topk3_trusted	pred='C'	gold='A'	complete=True	new_tokens=2	duration_s=8.02
CALL geometry3k_test_2513 oracle_topk6_trusted
FAIL	geometry3k_test_2513	oracle_topk6_trusted	pred='B'	gold='A'	complete=True	new_tokens=2	duration_s=8.36
CALL geometry3k_test_2513 oracle_corrupt_warned
FAIL	geometry3k_test_2513	oracle_corrupt_warned	pred='C'	gold='A'	complete=True	new_tokens=2	duration_s=8.38
CALL geometry3k_test_2513 oracle_corrupt_trusted
FAIL	geometry3k_test_2513	oracle_corrupt_trusted	pred='C'	gold='A'	complete=True	new_tokens=2	duration_s=8.36
CALL geometry3k_test_2514 raw
FAIL	geometry3k_test_2514	raw	pred='C'	gold='A'	complete=True	new_tokens=2	duration_s=4.11
CALL geometry3k_test_2514 oracle_full
FAIL	geometry3k_test_2514	oracle_full	pred='B'	gold='A'	complete=True	new_tokens=2	duration_s=6.11
CALL geometry3k_test_2514 oracle_topk3
FAIL	geometry3k_test_2514	oracle_topk3	pred='C'	gold='A'	complete=True	new_tokens=2	duration_s=4.46
CALL geometry3k_test_2514 oracle_topk6_cautious
FAIL	geometry3k_test_2514	oracle_topk6_cautious	pred='C'	gold='A'	complete=True	new_tokens=2	duration_s=4.71
CALL geometry3k_test_2514 oracle_topk3_trusted
FAIL	geometry3k_test_2514	oracle_topk3_trusted	pred='C'	gold='A'	complete=True	new_tokens=2	duration_s=4.45
CALL geometry3k_test_2514 oracle_topk6_trusted
FAIL	geometry3k_test_2514	oracle_topk6_trusted	pred='C'	gold='A'	complete=True	new_tokens=2	duration_s=4.72
CALL geometry3k_test_2514 oracle_corrupt_warned
FAIL	geometry3k_test_2514	oracle_corrupt_warned	pred='C'	gold='A'	complete=True	new_tokens=2	duration_s=4.71
CALL geometry3k_test_2514 oracle_corrupt_trusted
FAIL	geometry3k_test_2514	oracle_corrupt_trusted	pred='C'	gold='A'	complete=True	new_tokens=2	duration_s=4.73
CALL geometry3k_test_2515 raw
OK	geometry3k_test_2515	raw	pred='B'	gold='B'	complete=True	new_tokens=2	duration_s=17.94
CALL geometry3k_test_2515 oracle_full
OK	geometry3k_test_2515	oracle_full	pred='B'	gold='B'	complete=True	new_tokens=2	duration_s=19.70
CALL geometry3k_test_2515 oracle_topk3
OK	geometry3k_test_2515	oracle_topk3	pred='B'	gold='B'	complete=True	new_tokens=2	duration_s=18.26
CALL geometry3k_test_2515 oracle_topk6_cautious
OK	geometry3k_test_2515	oracle_topk6_cautious	pred='B'	gold='B'	complete=True	new_tokens=2	duration_s=18.55
CALL geometry3k_test_2515 oracle_topk3_trusted
OK	geometry3k_test_2515	oracle_topk3_trusted	pred='B'	gold='B'	complete=True	new_tokens=2	duration_s=18.22
CALL geometry3k_test_2515 oracle_topk6_trusted
OK	geometry3k_test_2515	oracle_topk6_trusted	pred='B'	gold='B'	complete=True	new_tokens=2	duration_s=18.54
CALL geometry3k_test_2515 oracle_corrupt_warned
OK	geometry3k_test_2515	oracle_corrupt_warned	pred='B'	gold='B'	complete=True	new_tokens=2	duration_s=18.53
CALL geometry3k_test_2515 oracle_corrupt_trusted
OK	geometry3k_test_2515	oracle_corrupt_trusted	pred='B'	gold='B'	complete=True	new_tokens=2	duration_s=18.31
CALL geometry3k_test_2516 raw
FAIL	geometry3k_test_2516	raw	pred='B'	gold='C'	complete=True	new_tokens=2	duration_s=11.37
CALL geometry3k_test_2516 oracle_full
FAIL	geometry3k_test_2516	oracle_full	pred='B'	gold='C'	complete=True	new_tokens=2	duration_s=13.06
CALL geometry3k_test_2516 oracle_topk3
FAIL	geometry3k_test_2516	oracle_topk3	pred='B'	gold='C'	complete=True	new_tokens=2	duration_s=11.72
CALL geometry3k_test_2516 oracle_topk6_cautious
FAIL	geometry3k_test_2516	oracle_topk6_cautious	pred='B'	gold='C'	complete=True	new_tokens=2	duration_s=11.77
CALL geometry3k_test_2516 oracle_topk3_trusted
FAIL	geometry3k_test_2516	oracle_topk3_trusted	pred='B'	gold='C'	complete=True	new_tokens=2	duration_s=11.75
CALL geometry3k_test_2516 oracle_topk6_trusted
FAIL	geometry3k_test_2516	oracle_topk6_trusted	pred='B'	gold='C'	complete=True	new_tokens=2	duration_s=11.78
CALL geometry3k_test_2516 oracle_corrupt_warned
FAIL	geometry3k_test_2516	oracle_corrupt_warned	pred='B'	gold='C'	complete=True	new_tokens=2	duration_s=11.78
CALL geometry3k_test_2516 oracle_corrupt_trusted
FAIL	geometry3k_test_2516	oracle_corrupt_trusted	pred='B'	gold='C'	complete=True	new_tokens=2	duration_s=11.75
CALL geometry3k_test_2517 raw
FAIL	geometry3k_test_2517	raw	pred='C'	gold='D'	complete=True	new_tokens=2	duration_s=10.77
CALL geometry3k_test_2517 oracle_full
FAIL	geometry3k_test_2517	oracle_full	pred='C'	gold='D'	complete=True	new_tokens=2	duration_s=13.08
CALL geometry3k_test_2517 oracle_topk3
FAIL	geometry3k_test_2517	oracle_topk3	pred='C'	gold='D'	complete=True	new_tokens=2	duration_s=11.11
CALL geometry3k_test_2517 oracle_topk6_cautious
FAIL	geometry3k_test_2517	oracle_topk6_cautious	pred='C'	gold='D'	complete=True	new_tokens=2	duration_s=11.40
CALL geometry3k_test_2517 oracle_topk3_trusted
FAIL	geometry3k_test_2517	oracle_topk3_trusted	pred='C'	gold='D'	complete=True	new_tokens=2	duration_s=11.09
CALL geometry3k_test_2517 oracle_topk6_trusted
FAIL	geometry3k_test_2517	oracle_topk6_trusted	pred='C'	gold='D'	complete=True	new_tokens=2	duration_s=11.39
CALL geometry3k_test_2517 oracle_corrupt_warned
FAIL	geometry3k_test_2517	oracle_corrupt_warned	pred='C'	gold='D'	complete=True	new_tokens=2	duration_s=11.40
CALL geometry3k_test_2517 oracle_corrupt_trusted
FAIL	geometry3k_test_2517	oracle_corrupt_trusted	pred='C'	gold='D'	complete=True	new_tokens=2	duration_s=11.40
CALL geometry3k_test_2518 raw
FAIL	geometry3k_test_2518	raw	pred='C'	gold='A'	complete=True	new_tokens=8	duration_s=5.09
CALL geometry3k_test_2518 oracle_full
FAIL	geometry3k_test_2518	oracle_full	pred='C'	gold='A'	complete=True	new_tokens=8	duration_s=6.69
CALL geometry3k_test_2518 oracle_topk3
FAIL	geometry3k_test_2518	oracle_topk3	pred='C'	gold='A'	complete=True	new_tokens=8	duration_s=5.63
CALL geometry3k_test_2518 oracle_topk6_cautious
FAIL	geometry3k_test_2518	oracle_topk6_cautious	pred='C'	gold='A'	complete=True	new_tokens=8	duration_s=5.65
CALL geometry3k_test_2518 oracle_topk3_trusted
FAIL	geometry3k_test_2518	oracle_topk3_trusted	pred='C'	gold='A'	complete=True	new_tokens=8	duration_s=5.40
CALL geometry3k_test_2518 oracle_topk6_trusted
FAIL	geometry3k_test_2518	oracle_topk6_trusted	pred='C'	gold='A'	complete=True	new_tokens=8	duration_s=5.64
CALL geometry3k_test_2518 oracle_corrupt_warned
FAIL	geometry3k_test_2518	oracle_corrupt_warned	pred='C'	gold='A'	complete=True	new_tokens=2	duration_s=5.11
CALL geometry3k_test_2518 oracle_corrupt_trusted
FAIL	geometry3k_test_2518	oracle_corrupt_trusted	pred='C'	gold='A'	complete=True	new_tokens=8	duration_s=5.69
CALL geometry3k_test_2519 raw
OK	geometry3k_test_2519	raw	pred='B'	gold='B'	complete=True	new_tokens=2	duration_s=5.37
CALL geometry3k_test_2519 oracle_full
OK	geometry3k_test_2519	oracle_full	pred='B'	gold='B'	complete=True	new_tokens=2	duration_s=7.34
CALL geometry3k_test_2519 oracle_topk3
OK	geometry3k_test_2519	oracle_topk3	pred='B'	gold='B'	complete=True	new_tokens=2	duration_s=5.94
CALL geometry3k_test_2519 oracle_topk6_cautious
OK	geometry3k_test_2519	oracle_topk6_cautious	pred='B'	gold='B'	complete=True	new_tokens=2	duration_s=5.96
CALL geometry3k_test_2519 oracle_topk3_trusted
OK	geometry3k_test_2519	oracle_topk3_trusted	pred='B'	gold='B'	complete=True	new_tokens=2	duration_s=5.92
CALL geometry3k_test_2519 oracle_topk6_trusted
OK	geometry3k_test_2519	oracle_topk6_trusted	pred='B'	gold='B'	complete=True	new_tokens=2	duration_s=5.97
CALL geometry3k_test_2519 oracle_corrupt_warned
OK	geometry3k_test_2519	oracle_corrupt_warned	pred='B'	gold='B'	complete=True	new_tokens=2	duration_s=5.97
CALL geometry3k_test_2519 oracle_corrupt_trusted
OK	geometry3k_test_2519	oracle_corrupt_trusted	pred='B'	gold='B'	complete=True	new_tokens=2	duration_s=5.99
CALL geometry3k_test_2520 raw
FAIL	geometry3k_test_2520	raw	pred='B'	gold='A'	complete=True	new_tokens=2	duration_s=12.08
CALL geometry3k_test_2520 oracle_full
FAIL	geometry3k_test_2520	oracle_full	pred='B'	gold='A'	complete=True	new_tokens=2	duration_s=14.86
CALL geometry3k_test_2520 oracle_topk3
FAIL	geometry3k_test_2520	oracle_topk3	pred='B'	gold='A'	complete=True	new_tokens=2	duration_s=12.43
CALL geometry3k_test_2520 oracle_topk6_cautious
FAIL	geometry3k_test_2520	oracle_topk6_cautious	pred='B'	gold='A'	complete=True	new_tokens=2	duration_s=12.73
CALL geometry3k_test_2520 oracle_topk3_trusted
FAIL	geometry3k_test_2520	oracle_topk3_trusted	pred='B'	gold='A'	complete=True	new_tokens=2	duration_s=12.41
CALL geometry3k_test_2520 oracle_topk6_trusted
FAIL	geometry3k_test_2520	oracle_topk6_trusted	pred='B'	gold='A'	complete=True	new_tokens=2	duration_s=12.71
CALL geometry3k_test_2520 oracle_corrupt_warned
FAIL	geometry3k_test_2520	oracle_corrupt_warned	pred='B'	gold='A'	complete=True	new_tokens=2	duration_s=12.73
CALL geometry3k_test_2520 oracle_corrupt_trusted
FAIL	geometry3k_test_2520	oracle_corrupt_trusted	pred='B'	gold='A'	complete=True	new_tokens=2	duration_s=12.73
CALL geometry3k_test_2521 raw
FAIL	geometry3k_test_2521	raw	pred='B'	gold='C'	complete=True	new_tokens=2	duration_s=6.05
CALL geometry3k_test_2521 oracle_full
FAIL	geometry3k_test_2521	oracle_full	pred='B'	gold='C'	complete=True	new_tokens=2	duration_s=7.74
CALL geometry3k_test_2521 oracle_topk3
FAIL	geometry3k_test_2521	oracle_topk3	pred=''	gold='C'	complete=False	new_tokens=32	duration_s=9.10
CALL geometry3k_test_2521 oracle_topk6_cautious
FAIL	geometry3k_test_2521	oracle_topk6_cautious	pred='B'	gold='C'	complete=True	new_tokens=2	duration_s=6.72
CALL geometry3k_test_2521 oracle_topk3_trusted
FAIL	geometry3k_test_2521	oracle_topk3_trusted	pred=''	gold='C'	complete=False	new_tokens=32	duration_s=9.09
CALL geometry3k_test_2521 oracle_topk6_trusted
FAIL	geometry3k_test_2521	oracle_topk6_trusted	pred='B'	gold='C'	complete=True	new_tokens=2	duration_s=6.74
CALL geometry3k_test_2521 oracle_corrupt_warned
FAIL	geometry3k_test_2521	oracle_corrupt_warned	pred='B'	gold='C'	complete=True	new_tokens=2	duration_s=6.73
CALL geometry3k_test_2521 oracle_corrupt_trusted
FAIL	geometry3k_test_2521	oracle_corrupt_trusted	pred='B'	gold='C'	complete=True	new_tokens=2	duration_s=6.70
CALL geometry3k_test_2522 raw
OK	geometry3k_test_2522	raw	pred='B'	gold='B'	complete=True	new_tokens=2	duration_s=5.49
CALL geometry3k_test_2522 oracle_full
OK	geometry3k_test_2522	oracle_full	pred='B'	gold='B'	complete=True	new_tokens=2	duration_s=7.89
CALL geometry3k_test_2522 oracle_topk3
OK	geometry3k_test_2522	oracle_topk3	pred='B'	gold='B'	complete=True	new_tokens=2	duration_s=5.77
CALL geometry3k_test_2522 oracle_topk6_cautious
OK	geometry3k_test_2522	oracle_topk6_cautious	pred='B'	gold='B'	complete=True	new_tokens=2	duration_s=5.82
CALL geometry3k_test_2522 oracle_topk3_trusted
OK	geometry3k_test_2522	oracle_topk3_trusted	pred='B'	gold='B'	complete=True	new_tokens=2	duration_s=5.79
CALL geometry3k_test_2522 oracle_topk6_trusted
OK	geometry3k_test_2522	oracle_topk6_trusted	pred='B'	gold='B'	complete=True	new_tokens=2	duration_s=5.81
CALL geometry3k_test_2522 oracle_corrupt_warned
OK	geometry3k_test_2522	oracle_corrupt_warned	pred='B'	gold='B'	complete=True	new_tokens=2	duration_s=5.84
CALL geometry3k_test_2522 oracle_corrupt_trusted
OK	geometry3k_test_2522	oracle_corrupt_trusted	pred='B'	gold='B'	complete=True	new_tokens=2	duration_s=5.84
CALL geometry3k_test_2523 raw
OK	geometry3k_test_2523	raw	pred='D'	gold='D'	complete=True	new_tokens=2	duration_s=5.54
CALL geometry3k_test_2523 oracle_full
OK	geometry3k_test_2523	oracle_full	pred='D'	gold='D'	complete=True	new_tokens=2	duration_s=7.82
CALL geometry3k_test_2523 oracle_topk3
OK	geometry3k_test_2523	oracle_topk3	pred='D'	gold='D'	complete=True	new_tokens=2	duration_s=6.14
CALL geometry3k_test_2523 oracle_topk6_cautious
OK	geometry3k_test_2523	oracle_topk6_cautious	pred='D'	gold='D'	complete=True	new_tokens=2	duration_s=6.14
CALL geometry3k_test_2523 oracle_topk3_trusted
OK	geometry3k_test_2523	oracle_topk3_trusted	pred='D'	gold='D'	complete=True	new_tokens=2	duration_s=6.14
CALL geometry3k_test_2523 oracle_topk6_trusted
OK	geometry3k_test_2523	oracle_topk6_trusted	pred='D'	gold='D'	complete=True	new_tokens=2	duration_s=6.14
CALL geometry3k_test_2523 oracle_corrupt_warned
OK	geometry3k_test_2523	oracle_corrupt_warned	pred='D'	gold='D'	complete=True	new_tokens=2	duration_s=6.16
CALL geometry3k_test_2523 oracle_corrupt_trusted
OK	geometry3k_test_2523	oracle_corrupt_trusted	pred='D'	gold='D'	complete=True	new_tokens=2	duration_s=6.12
CALL geometry3k_test_2524 raw
FAIL	geometry3k_test_2524	raw	pred='B'	gold='D'	complete=True	new_tokens=2	duration_s=6.05
CALL geometry3k_test_2524 oracle_full
FAIL	geometry3k_test_2524	oracle_full	pred='B'	gold='D'	complete=True	new_tokens=2	duration_s=9.11
CALL geometry3k_test_2524 oracle_topk3
FAIL	geometry3k_test_2524	oracle_topk3	pred='B'	gold='D'	complete=True	new_tokens=2	duration_s=6.66
CALL geometry3k_test_2524 oracle_topk6_cautious
FAIL	geometry3k_test_2524	oracle_topk6_cautious	pred='B'	gold='D'	complete=True	new_tokens=2	duration_s=6.68
CALL geometry3k_test_2524 oracle_topk3_trusted
FAIL	geometry3k_test_2524	oracle_topk3_trusted	pred='B'	gold='D'	complete=True	new_tokens=2	duration_s=6.63
CALL geometry3k_test_2524 oracle_topk6_trusted
FAIL	geometry3k_test_2524	oracle_topk6_trusted	pred='B'	gold='D'	complete=True	new_tokens=2	duration_s=6.68
CALL geometry3k_test_2524 oracle_corrupt_warned
FAIL	geometry3k_test_2524	oracle_corrupt_warned	pred='B'	gold='D'	complete=True	new_tokens=2	duration_s=6.67
CALL geometry3k_test_2524 oracle_corrupt_trusted
FAIL	geometry3k_test_2524	oracle_corrupt_trusted	pred='B'	gold='D'	complete=True	new_tokens=2	duration_s=6.66
CALL geometry3k_test_2525 raw
FAIL	geometry3k_test_2525	raw	pred='B'	gold='A'	complete=True	new_tokens=2	duration_s=4.20
CALL geometry3k_test_2525 oracle_full
FAIL	geometry3k_test_2525	oracle_full	pred='B'	gold='A'	complete=True	new_tokens=2	duration_s=5.88
CALL geometry3k_test_2525 oracle_topk3
FAIL	geometry3k_test_2525	oracle_topk3	pred='B'	gold='A'	complete=True	new_tokens=2	duration_s=4.55
CALL geometry3k_test_2525 oracle_topk6_cautious
FAIL	geometry3k_test_2525	oracle_topk6_cautious	pred='B'	gold='A'	complete=True	new_tokens=2	duration_s=4.84
CALL geometry3k_test_2525 oracle_topk3_trusted
FAIL	geometry3k_test_2525	oracle_topk3_trusted	pred='B'	gold='A'	complete=True	new_tokens=2	duration_s=4.56
CALL geometry3k_test_2525 oracle_topk6_trusted
FAIL	geometry3k_test_2525	oracle_topk6_trusted	pred='B'	gold='A'	complete=True	new_tokens=2	duration_s=4.80
CALL geometry3k_test_2525 oracle_corrupt_warned
FAIL	geometry3k_test_2525	oracle_corrupt_warned	pred='B'	gold='A'	complete=True	new_tokens=2	duration_s=4.80
CALL geometry3k_test_2525 oracle_corrupt_trusted
FAIL	geometry3k_test_2525	oracle_corrupt_trusted	pred='B'	gold='A'	complete=True	new_tokens=2	duration_s=4.81
CALL geometry3k_test_2526 raw
FAIL	geometry3k_test_2526	raw	pred='C'	gold='B'	complete=True	new_tokens=2	duration_s=7.18
CALL geometry3k_test_2526 oracle_full
FAIL	geometry3k_test_2526	oracle_full	pred='C'	gold='B'	complete=True	new_tokens=2	duration_s=11.71
CALL geometry3k_test_2526 oracle_topk3
FAIL	geometry3k_test_2526	oracle_topk3	pred='C'	gold='B'	complete=True	new_tokens=2	duration_s=7.75
CALL geometry3k_test_2526 oracle_topk6_cautious
FAIL	geometry3k_test_2526	oracle_topk6_cautious	pred='C'	gold='B'	complete=True	new_tokens=2	duration_s=7.84
CALL geometry3k_test_2526 oracle_topk3_trusted
FAIL	geometry3k_test_2526	oracle_topk3_trusted	pred='C'	gold='B'	complete=True	new_tokens=2	duration_s=7.49
CALL geometry3k_test_2526 oracle_topk6_trusted
FAIL	geometry3k_test_2526	oracle_topk6_trusted	pred='C'	gold='B'	complete=True	new_tokens=2	duration_s=7.80
CALL geometry3k_test_2526 oracle_corrupt_warned
FAIL	geometry3k_test_2526	oracle_corrupt_warned	pred='C'	gold='B'	complete=True	new_tokens=2	duration_s=7.83
CALL geometry3k_test_2526 oracle_corrupt_trusted
FAIL	geometry3k_test_2526	oracle_corrupt_trusted	pred='C'	gold='B'	complete=True	new_tokens=2	duration_s=7.82
CALL geometry3k_test_2527 raw
FAIL	geometry3k_test_2527	raw	pred='A'	gold='C'	complete=True	new_tokens=2	duration_s=4.52
CALL geometry3k_test_2527 oracle_full
OK	geometry3k_test_2527	oracle_full	pred='C'	gold='C'	complete=True	new_tokens=2	duration_s=6.16
CALL geometry3k_test_2527 oracle_topk3
FAIL	geometry3k_test_2527	oracle_topk3	pred='A'	gold='C'	complete=True	new_tokens=2	duration_s=4.88
CALL geometry3k_test_2527 oracle_topk6_cautious
FAIL	geometry3k_test_2527	oracle_topk6_cautious	pred='A'	gold='C'	complete=True	new_tokens=2	duration_s=5.16
CALL geometry3k_test_2527 oracle_topk3_trusted
FAIL	geometry3k_test_2527	oracle_topk3_trusted	pred='A'	gold='C'	complete=True	new_tokens=2	duration_s=4.84
CALL geometry3k_test_2527 oracle_topk6_trusted
FAIL	geometry3k_test_2527	oracle_topk6_trusted	pred='A'	gold='C'	complete=True	new_tokens=2	duration_s=5.16
CALL geometry3k_test_2527 oracle_corrupt_warned
FAIL	geometry3k_test_2527	oracle_corrupt_warned	pred='A'	gold='C'	complete=True	new_tokens=2	duration_s=5.13
CALL geometry3k_test_2527 oracle_corrupt_trusted
OK	geometry3k_test_2527	oracle_corrupt_trusted	pred='C'	gold='C'	complete=True	new_tokens=2	duration_s=5.13
CALL geometry3k_test_2528 raw
OK	geometry3k_test_2528	raw	pred='B'	gold='B'	complete=True	new_tokens=2	duration_s=4.20
CALL geometry3k_test_2528 oracle_full
OK	geometry3k_test_2528	oracle_full	pred='B'	gold='B'	complete=True	new_tokens=2	duration_s=5.51
CALL geometry3k_test_2528 oracle_topk3
OK	geometry3k_test_2528	oracle_topk3	pred='B'	gold='B'	complete=True	new_tokens=2	duration_s=4.55
CALL geometry3k_test_2528 oracle_topk6_cautious
OK	geometry3k_test_2528	oracle_topk6_cautious	pred='B'	gold='B'	complete=True	new_tokens=2	duration_s=4.80
CALL geometry3k_test_2528 oracle_topk3_trusted
OK	geometry3k_test_2528	oracle_topk3_trusted	pred='B'	gold='B'	complete=True	new_tokens=2	duration_s=4.54
CALL geometry3k_test_2528 oracle_topk6_trusted
OK	geometry3k_test_2528	oracle_topk6_trusted	pred='B'	gold='B'	complete=True	new_tokens=2	duration_s=4.83
CALL geometry3k_test_2528 oracle_corrupt_warned
OK	geometry3k_test_2528	oracle_corrupt_warned	pred='B'	gold='B'	complete=True	new_tokens=2	duration_s=4.81
CALL geometry3k_test_2528 oracle_corrupt_trusted
OK	geometry3k_test_2528	oracle_corrupt_trusted	pred='B'	gold='B'	complete=True	new_tokens=2	duration_s=4.81
CALL geometry3k_test_2529 raw
OK	geometry3k_test_2529	raw	pred='D'	gold='D'	complete=True	new_tokens=12	duration_s=5.29
CALL geometry3k_test_2529 oracle_full
OK	geometry3k_test_2529	oracle_full	pred='D'	gold='D'	complete=True	new_tokens=12	duration_s=6.97
CALL geometry3k_test_2529 oracle_topk3
OK	geometry3k_test_2529	oracle_topk3	pred='D'	gold='D'	complete=True	new_tokens=12	duration_s=5.62
CALL geometry3k_test_2529 oracle_topk6_cautious
OK	geometry3k_test_2529	oracle_topk6_cautious	pred='D'	gold='D'	complete=True	new_tokens=12	duration_s=5.90
CALL geometry3k_test_2529 oracle_topk3_trusted
OK	geometry3k_test_2529	oracle_topk3_trusted	pred='D'	gold='D'	complete=True	new_tokens=12	duration_s=5.64
CALL geometry3k_test_2529 oracle_topk6_trusted
OK	geometry3k_test_2529	oracle_topk6_trusted	pred='D'	gold='D'	complete=True	new_tokens=12	duration_s=5.94
CALL geometry3k_test_2529 oracle_corrupt_warned
OK	geometry3k_test_2529	oracle_corrupt_warned	pred='D'	gold='D'	complete=True	new_tokens=12	duration_s=5.91
CALL geometry3k_test_2529 oracle_corrupt_trusted
OK	geometry3k_test_2529	oracle_corrupt_trusted	pred='D'	gold='D'	complete=True	new_tokens=12	duration_s=5.89
CALL geometry3k_test_2530 raw
OK	geometry3k_test_2530	raw	pred='C'	gold='C'	complete=True	new_tokens=2	duration_s=4.12
CALL geometry3k_test_2530 oracle_full
OK	geometry3k_test_2530	oracle_full	pred='C'	gold='C'	complete=True	new_tokens=2	duration_s=6.12
CALL geometry3k_test_2530 oracle_topk3
OK	geometry3k_test_2530	oracle_topk3	pred='C'	gold='C'	complete=True	new_tokens=2	duration_s=4.47
CALL geometry3k_test_2530 oracle_topk6_cautious
OK	geometry3k_test_2530	oracle_topk6_cautious	pred='C'	gold='C'	complete=True	new_tokens=2	duration_s=4.48
CALL geometry3k_test_2530 oracle_topk3_trusted
OK	geometry3k_test_2530	oracle_topk3_trusted	pred='C'	gold='C'	complete=True	new_tokens=2	duration_s=4.44
CALL geometry3k_test_2530 oracle_topk6_trusted
OK	geometry3k_test_2530	oracle_topk6_trusted	pred='C'	gold='C'	complete=True	new_tokens=2	duration_s=4.46
CALL geometry3k_test_2530 oracle_corrupt_warned
OK	geometry3k_test_2530	oracle_corrupt_warned	pred='C'	gold='C'	complete=True	new_tokens=2	duration_s=4.50
CALL geometry3k_test_2530 oracle_corrupt_trusted
OK	geometry3k_test_2530	oracle_corrupt_trusted	pred='C'	gold='C'	complete=True	new_tokens=2	duration_s=4.48
CALL geometry3k_test_2531 raw
FAIL	geometry3k_test_2531	raw	pred='C'	gold='D'	complete=True	new_tokens=2	duration_s=4.13
CALL geometry3k_test_2531 oracle_full
FAIL	geometry3k_test_2531	oracle_full	pred='C'	gold='D'	complete=True	new_tokens=2	duration_s=5.46
CALL geometry3k_test_2531 oracle_topk3
FAIL	geometry3k_test_2531	oracle_topk3	pred='C'	gold='D'	complete=True	new_tokens=2	duration_s=4.50
CALL geometry3k_test_2531 oracle_topk6_cautious
FAIL	geometry3k_test_2531	oracle_topk6_cautious	pred='C'	gold='D'	complete=True	new_tokens=2	duration_s=4.74
CALL geometry3k_test_2531 oracle_topk3_trusted
FAIL	geometry3k_test_2531	oracle_topk3_trusted	pred='C'	gold='D'	complete=True	new_tokens=2	duration_s=4.47
CALL geometry3k_test_2531 oracle_topk6_trusted
FAIL	geometry3k_test_2531	oracle_topk6_trusted	pred='C'	gold='D'	complete=True	new_tokens=2	duration_s=4.75
CALL geometry3k_test_2531 oracle_corrupt_warned
FAIL	geometry3k_test_2531	oracle_corrupt_warned	pred='C'	gold='D'	complete=True	new_tokens=2	duration_s=4.72
CALL geometry3k_test_2531 oracle_corrupt_trusted
FAIL	geometry3k_test_2531	oracle_corrupt_trusted	pred='C'	gold='D'	complete=True	new_tokens=2	duration_s=4.72
CALL geometry3k_test_2532 raw
OK	geometry3k_test_2532	raw	pred='B'	gold='B'	complete=True	new_tokens=2	duration_s=7.97
CALL geometry3k_test_2532 oracle_full
OK	geometry3k_test_2532	oracle_full	pred='B'	gold='B'	complete=True	new_tokens=2	duration_s=9.99
CALL geometry3k_test_2532 oracle_topk3
OK	geometry3k_test_2532	oracle_topk3	pred='B'	gold='B'	complete=True	new_tokens=2	duration_s=8.30
CALL geometry3k_test_2532 oracle_topk6_cautious
OK	geometry3k_test_2532	oracle_topk6_cautious	pred='B'	gold='B'	complete=True	new_tokens=2	duration_s=8.66
CALL geometry3k_test_2532 oracle_topk3_trusted
OK	geometry3k_test_2532	oracle_topk3_trusted	pred='B'	gold='B'	complete=True	new_tokens=2	duration_s=8.28
CALL geometry3k_test_2532 oracle_topk6_trusted
OK	geometry3k_test_2532	oracle_topk6_trusted	pred='B'	gold='B'	complete=True	new_tokens=2	duration_s=8.59
CALL geometry3k_test_2532 oracle_corrupt_warned
OK	geometry3k_test_2532	oracle_corrupt_warned	pred='B'	gold='B'	complete=True	new_tokens=2	duration_s=8.64
CALL geometry3k_test_2532 oracle_corrupt_trusted
OK	geometry3k_test_2532	oracle_corrupt_trusted	pred='B'	gold='B'	complete=True	new_tokens=2	duration_s=8.63
CALL geometry3k_test_2533 raw
OK	geometry3k_test_2533	raw	pred='B'	gold='B'	complete=True	new_tokens=2	duration_s=11.83
CALL geometry3k_test_2533 oracle_full
OK	geometry3k_test_2533	oracle_full	pred='B'	gold='B'	complete=True	new_tokens=2	duration_s=14.28
CALL geometry3k_test_2533 oracle_topk3
OK	geometry3k_test_2533	oracle_topk3	pred='B'	gold='B'	complete=True	new_tokens=9	duration_s=12.80
CALL geometry3k_test_2533 oracle_topk6_cautious
OK	geometry3k_test_2533	oracle_topk6_cautious	pred='B'	gold='B'	complete=True	new_tokens=9	duration_s=13.11
CALL geometry3k_test_2533 oracle_topk3_trusted
OK	geometry3k_test_2533	oracle_topk3_trusted	pred='B'	gold='B'	complete=True	new_tokens=9	duration_s=12.81
CALL geometry3k_test_2533 oracle_topk6_trusted
OK	geometry3k_test_2533	oracle_topk6_trusted	pred='B'	gold='B'	complete=True	new_tokens=9	duration_s=13.07
CALL geometry3k_test_2533 oracle_corrupt_warned
OK	geometry3k_test_2533	oracle_corrupt_warned	pred='B'	gold='B'	complete=True	new_tokens=9	duration_s=13.11
CALL geometry3k_test_2533 oracle_corrupt_trusted
OK	geometry3k_test_2533	oracle_corrupt_trusted	pred='B'	gold='B'	complete=True	new_tokens=9	duration_s=13.07
CALL geometry3k_test_2534 raw
FAIL	geometry3k_test_2534	raw	pred='B'	gold='C'	complete=True	new_tokens=2	duration_s=12.58
CALL geometry3k_test_2534 oracle_full
FAIL	geometry3k_test_2534	oracle_full	pred='B'	gold='C'	complete=True	new_tokens=2	duration_s=15.27
CALL geometry3k_test_2534 oracle_topk3
FAIL	geometry3k_test_2534	oracle_topk3	pred='B'	gold='C'	complete=True	new_tokens=2	duration_s=12.94
CALL geometry3k_test_2534 oracle_topk6_cautious
FAIL	geometry3k_test_2534	oracle_topk6_cautious	pred='B'	gold='C'	complete=True	new_tokens=2	duration_s=12.92
CALL geometry3k_test_2534 oracle_topk3_trusted
FAIL	geometry3k_test_2534	oracle_topk3_trusted	pred='B'	gold='C'	complete=True	new_tokens=2	duration_s=12.89
CALL geometry3k_test_2534 oracle_topk6_trusted
FAIL	geometry3k_test_2534	oracle_topk6_trusted	pred='B'	gold='C'	complete=True	new_tokens=2	duration_s=12.90
CALL geometry3k_test_2534 oracle_corrupt_warned
FAIL	geometry3k_test_2534	oracle_corrupt_warned	pred='B'	gold='C'	complete=True	new_tokens=2	duration_s=12.94
CALL geometry3k_test_2534 oracle_corrupt_trusted
FAIL	geometry3k_test_2534	oracle_corrupt_trusted	pred='B'	gold='C'	complete=True	new_tokens=2	duration_s=12.88
CALL geometry3k_test_2535 raw
FAIL	geometry3k_test_2535	raw	pred='C'	gold='D'	complete=True	new_tokens=2	duration_s=7.46
CALL geometry3k_test_2535 oracle_full
FAIL	geometry3k_test_2535	oracle_full	pred='C'	gold='D'	complete=True	new_tokens=2	duration_s=9.13
CALL geometry3k_test_2535 oracle_topk3
FAIL	geometry3k_test_2535	oracle_topk3	pred='C'	gold='D'	complete=True	new_tokens=2	duration_s=7.77
CALL geometry3k_test_2535 oracle_topk6_cautious
FAIL	geometry3k_test_2535	oracle_topk6_cautious	pred='C'	gold='D'	complete=True	new_tokens=2	duration_s=8.09
CALL geometry3k_test_2535 oracle_topk3_trusted
FAIL	geometry3k_test_2535	oracle_topk3_trusted	pred='C'	gold='D'	complete=True	new_tokens=2	duration_s=7.76
CALL geometry3k_test_2535 oracle_topk6_trusted
FAIL	geometry3k_test_2535	oracle_topk6_trusted	pred='C'	gold='D'	complete=True	new_tokens=2	duration_s=8.07
CALL geometry3k_test_2535 oracle_corrupt_warned
FAIL	geometry3k_test_2535	oracle_corrupt_warned	pred='C'	gold='D'	complete=True	new_tokens=2	duration_s=8.06
CALL geometry3k_test_2535 oracle_corrupt_trusted
FAIL	geometry3k_test_2535	oracle_corrupt_trusted	pred='C'	gold='D'	complete=True	new_tokens=2	duration_s=8.09
CALL geometry3k_test_2536 raw
FAIL	geometry3k_test_2536	raw	pred='B'	gold='A'	complete=True	new_tokens=2	duration_s=6.74
CALL geometry3k_test_2536 oracle_full
FAIL	geometry3k_test_2536	oracle_full	pred=''	gold='A'	complete=False	new_tokens=2	duration_s=18.39
CALL geometry3k_test_2536 oracle_topk3
FAIL	geometry3k_test_2536	oracle_topk3	pred='B'	gold='A'	complete=True	new_tokens=2	duration_s=7.33
CALL geometry3k_test_2536 oracle_topk6_cautious
FAIL	geometry3k_test_2536	oracle_topk6_cautious	pred='B'	gold='A'	complete=True	new_tokens=2	duration_s=7.36
CALL geometry3k_test_2536 oracle_topk3_trusted
FAIL	geometry3k_test_2536	oracle_topk3_trusted	pred='B'	gold='A'	complete=True	new_tokens=2	duration_s=7.05
CALL geometry3k_test_2536 oracle_topk6_trusted
FAIL	geometry3k_test_2536	oracle_topk6_trusted	pred='B'	gold='A'	complete=True	new_tokens=2	duration_s=7.38
CALL geometry3k_test_2536 oracle_corrupt_warned
FAIL	geometry3k_test_2536	oracle_corrupt_warned	pred='B'	gold='A'	complete=True	new_tokens=2	duration_s=7.39
CALL geometry3k_test_2536 oracle_corrupt_trusted
FAIL	geometry3k_test_2536	oracle_corrupt_trusted	pred='B'	gold='A'	complete=True	new_tokens=2	duration_s=7.35
CALL geometry3k_test_2537 raw
OK	geometry3k_test_2537	raw	pred='B'	gold='B'	complete=True	new_tokens=2	duration_s=4.98
CALL geometry3k_test_2537 oracle_full
OK	geometry3k_test_2537	oracle_full	pred='B'	gold='B'	complete=True	new_tokens=2	duration_s=7.25
CALL geometry3k_test_2537 oracle_topk3
OK	geometry3k_test_2537	oracle_topk3	pred='B'	gold='B'	complete=True	new_tokens=2	duration_s=5.52
CALL geometry3k_test_2537 oracle_topk6_cautious
OK	geometry3k_test_2537	oracle_topk6_cautious	pred='B'	gold='B'	complete=True	new_tokens=2	duration_s=5.58
CALL geometry3k_test_2537 oracle_topk3_trusted
OK	geometry3k_test_2537	oracle_topk3_trusted	pred='B'	gold='B'	complete=True	new_tokens=2	duration_s=5.53
CALL geometry3k_test_2537 oracle_topk6_trusted
OK	geometry3k_test_2537	oracle_topk6_trusted	pred='B'	gold='B'	complete=True	new_tokens=2	duration_s=5.57
CALL geometry3k_test_2537 oracle_corrupt_warned
OK	geometry3k_test_2537	oracle_corrupt_warned	pred='B'	gold='B'	complete=True	new_tokens=2	duration_s=5.57
CALL geometry3k_test_2537 oracle_corrupt_trusted
OK	geometry3k_test_2537	oracle_corrupt_trusted	pred='B'	gold='B'	complete=True	new_tokens=2	duration_s=5.63
CALL geometry3k_test_2538 raw
FAIL	geometry3k_test_2538	raw	pred='C'	gold='D'	complete=True	new_tokens=2	duration_s=7.48
CALL geometry3k_test_2538 oracle_full
FAIL	geometry3k_test_2538	oracle_full	pred='C'	gold='D'	complete=True	new_tokens=2	duration_s=11.26
CALL geometry3k_test_2538 oracle_topk3
FAIL	geometry3k_test_2538	oracle_topk3	pred='C'	gold='D'	complete=True	new_tokens=2	duration_s=7.80
CALL geometry3k_test_2538 oracle_topk6_cautious
FAIL	geometry3k_test_2538	oracle_topk6_cautious	pred='C'	gold='D'	complete=True	new_tokens=2	duration_s=8.14
CALL geometry3k_test_2538 oracle_topk3_trusted
FAIL	geometry3k_test_2538	oracle_topk3_trusted	pred='C'	gold='D'	complete=True	new_tokens=2	duration_s=7.79
CALL geometry3k_test_2538 oracle_topk6_trusted
FAIL	geometry3k_test_2538	oracle_topk6_trusted	pred='C'	gold='D'	complete=True	new_tokens=2	duration_s=8.14
CALL geometry3k_test_2538 oracle_corrupt_warned
FAIL	geometry3k_test_2538	oracle_corrupt_warned	pred='C'	gold='D'	complete=True	new_tokens=2	duration_s=8.17
CALL geometry3k_test_2538 oracle_corrupt_trusted
FAIL	geometry3k_test_2538	oracle_corrupt_trusted	pred='C'	gold='D'	complete=True	new_tokens=2	duration_s=8.14
CALL geometry3k_test_2539 raw
OK	geometry3k_test_2539	raw	pred='B'	gold='B'	complete=True	new_tokens=2	duration_s=12.11
CALL geometry3k_test_2539 oracle_full
FAIL	geometry3k_test_2539	oracle_full	pred='D'	gold='B'	complete=True	new_tokens=2	duration_s=15.54
CALL geometry3k_test_2539 oracle_topk3
FAIL	geometry3k_test_2539	oracle_topk3	pred='D'	gold='B'	complete=True	new_tokens=2	duration_s=12.44
CALL geometry3k_test_2539 oracle_topk6_cautious
FAIL	geometry3k_test_2539	oracle_topk6_cautious	pred='D'	gold='B'	complete=True	new_tokens=2	duration_s=12.75
CALL geometry3k_test_2539 oracle_topk3_trusted
OK	geometry3k_test_2539	oracle_topk3_trusted	pred='B'	gold='B'	complete=True	new_tokens=2	duration_s=12.40
CALL geometry3k_test_2539 oracle_topk6_trusted
FAIL	geometry3k_test_2539	oracle_topk6_trusted	pred='D'	gold='B'	complete=True	new_tokens=2	duration_s=12.76
CALL geometry3k_test_2539 oracle_corrupt_warned
FAIL	geometry3k_test_2539	oracle_corrupt_warned	pred='D'	gold='B'	complete=True	new_tokens=2	duration_s=12.73
CALL geometry3k_test_2539 oracle_corrupt_trusted
FAIL	geometry3k_test_2539	oracle_corrupt_trusted	pred='D'	gold='B'	complete=True	new_tokens=2	duration_s=12.77
CALL geometry3k_test_2540 raw
FAIL	geometry3k_test_2540	raw	pred='C'	gold='D'	complete=True	new_tokens=2	duration_s=7.16
CALL geometry3k_test_2540 oracle_full
FAIL	geometry3k_test_2540	oracle_full	pred='C'	gold='D'	complete=True	new_tokens=2	duration_s=11.62
CALL geometry3k_test_2540 oracle_topk3
FAIL	geometry3k_test_2540	oracle_topk3	pred='C'	gold='D'	complete=True	new_tokens=2	duration_s=7.76
CALL geometry3k_test_2540 oracle_topk6_cautious
FAIL	geometry3k_test_2540	oracle_topk6_cautious	pred='C'	gold='D'	complete=True	new_tokens=2	duration_s=7.82
CALL geometry3k_test_2540 oracle_topk3_trusted
FAIL	geometry3k_test_2540	oracle_topk3_trusted	pred='C'	gold='D'	complete=True	new_tokens=2	duration_s=7.46
CALL geometry3k_test_2540 oracle_topk6_trusted
FAIL	geometry3k_test_2540	oracle_topk6_trusted	pred='C'	gold='D'	complete=True	new_tokens=2	duration_s=7.79
CALL geometry3k_test_2540 oracle_corrupt_warned
FAIL	geometry3k_test_2540	oracle_corrupt_warned	pred='C'	gold='D'	complete=True	new_tokens=2	duration_s=7.81
CALL geometry3k_test_2540 oracle_corrupt_trusted
FAIL	geometry3k_test_2540	oracle_corrupt_trusted	pred='C'	gold='D'	complete=True	new_tokens=2	duration_s=7.81
CALL geometry3k_test_2541 raw
OK	geometry3k_test_2541	raw	pred='C'	gold='C'	complete=True	new_tokens=2	duration_s=11.58
CALL geometry3k_test_2541 oracle_full
OK	geometry3k_test_2541	oracle_full	pred='C'	gold='C'	complete=True	new_tokens=2	duration_s=12.95
CALL geometry3k_test_2541 oracle_topk3
OK	geometry3k_test_2541	oracle_topk3	pred='C'	gold='C'	complete=True	new_tokens=2	duration_s=11.98
CALL geometry3k_test_2541 oracle_topk6_cautious
OK	geometry3k_test_2541	oracle_topk6_cautious	pred='C'	gold='C'	complete=True	new_tokens=2	duration_s=11.94
CALL geometry3k_test_2541 oracle_topk3_trusted
OK	geometry3k_test_2541	oracle_topk3_trusted	pred='C'	gold='C'	complete=True	new_tokens=2	duration_s=11.94
CALL geometry3k_test_2541 oracle_topk6_trusted
OK	geometry3k_test_2541	oracle_topk6_trusted	pred='C'	gold='C'	complete=True	new_tokens=2	duration_s=11.91
CALL geometry3k_test_2541 oracle_corrupt_warned
OK	geometry3k_test_2541	oracle_corrupt_warned	pred='C'	gold='C'	complete=True	new_tokens=2	duration_s=11.89
CALL geometry3k_test_2541 oracle_corrupt_trusted
OK	geometry3k_test_2541	oracle_corrupt_trusted	pred='C'	gold='C'	complete=True	new_tokens=2	duration_s=11.90
CALL geometry3k_test_2542 raw
OK	geometry3k_test_2542	raw	pred='B'	gold='B'	complete=True	new_tokens=2	duration_s=21.36
CALL geometry3k_test_2542 oracle_full
OK	geometry3k_test_2542	oracle_full	pred='B'	gold='B'	complete=True	new_tokens=2	duration_s=22.73
CALL geometry3k_test_2542 oracle_topk3
OK	geometry3k_test_2542	oracle_topk3	pred='B'	gold='B'	complete=True	new_tokens=2	duration_s=21.60
CALL geometry3k_test_2542 oracle_topk6_cautious
OK	geometry3k_test_2542	oracle_topk6_cautious	pred='B'	gold='B'	complete=True	new_tokens=2	duration_s=21.60
CALL geometry3k_test_2542 oracle_topk3_trusted
OK	geometry3k_test_2542	oracle_topk3_trusted	pred='B'	gold='B'	complete=True	new_tokens=2	duration_s=21.65
CALL geometry3k_test_2542 oracle_topk6_trusted
OK	geometry3k_test_2542	oracle_topk6_trusted	pred='B'	gold='B'	complete=True	new_tokens=2	duration_s=21.67
CALL geometry3k_test_2542 oracle_corrupt_warned
OK	geometry3k_test_2542	oracle_corrupt_warned	pred='B'	gold='B'	complete=True	new_tokens=2	duration_s=21.71
CALL geometry3k_test_2542 oracle_corrupt_trusted
OK	geometry3k_test_2542	oracle_corrupt_trusted	pred='B'	gold='B'	complete=True	new_tokens=2	duration_s=21.54
CALL geometry3k_test_2543 raw
OK	geometry3k_test_2543	raw	pred='B'	gold='B'	complete=True	new_tokens=2	duration_s=5.50
CALL geometry3k_test_2543 oracle_full
OK	geometry3k_test_2543	oracle_full	pred='B'	gold='B'	complete=True	new_tokens=2	duration_s=8.17
CALL geometry3k_test_2543 oracle_topk3
OK	geometry3k_test_2543	oracle_topk3	pred='B'	gold='B'	complete=True	new_tokens=2	duration_s=5.81
CALL geometry3k_test_2543 oracle_topk6_cautious
OK	geometry3k_test_2543	oracle_topk6_cautious	pred='B'	gold='B'	complete=True	new_tokens=2	duration_s=6.10
CALL geometry3k_test_2543 oracle_topk3_trusted
OK	geometry3k_test_2543	oracle_topk3_trusted	pred='B'	gold='B'	complete=True	new_tokens=2	duration_s=5.81
CALL geometry3k_test_2543 oracle_topk6_trusted
OK	geometry3k_test_2543	oracle_topk6_trusted	pred='B'	gold='B'	complete=True	new_tokens=2	duration_s=6.13
CALL geometry3k_test_2543 oracle_corrupt_warned
OK	geometry3k_test_2543	oracle_corrupt_warned	pred='B'	gold='B'	complete=True	new_tokens=2	duration_s=6.11
CALL geometry3k_test_2543 oracle_corrupt_trusted
FAIL	geometry3k_test_2543	oracle_corrupt_trusted	pred='D'	gold='B'	complete=True	new_tokens=2	duration_s=6.11
CALL geometry3k_test_2544 raw
OK	geometry3k_test_2544	raw	pred='A'	gold='A'	complete=True	new_tokens=2	duration_s=7.71
CALL geometry3k_test_2544 oracle_full
OK	geometry3k_test_2544	oracle_full	pred='A'	gold='A'	complete=True	new_tokens=2	duration_s=9.72
CALL geometry3k_test_2544 oracle_topk3
OK	geometry3k_test_2544	oracle_topk3	pred='A'	gold='A'	complete=True	new_tokens=2	duration_s=8.03
CALL geometry3k_test_2544 oracle_topk6_cautious
OK	geometry3k_test_2544	oracle_topk6_cautious	pred='A'	gold='A'	complete=True	new_tokens=2	duration_s=8.34
CALL geometry3k_test_2544 oracle_topk3_trusted
OK	geometry3k_test_2544	oracle_topk3_trusted	pred='A'	gold='A'	complete=True	new_tokens=2	duration_s=8.01
CALL geometry3k_test_2544 oracle_topk6_trusted
OK	geometry3k_test_2544	oracle_topk6_trusted	pred='A'	gold='A'	complete=True	new_tokens=2	duration_s=8.33
CALL geometry3k_test_2544 oracle_corrupt_warned
OK	geometry3k_test_2544	oracle_corrupt_warned	pred='A'	gold='A'	complete=True	new_tokens=2	duration_s=8.33
CALL geometry3k_test_2544 oracle_corrupt_trusted
OK	geometry3k_test_2544	oracle_corrupt_trusted	pred='A'	gold='A'	complete=True	new_tokens=2	duration_s=8.30
CALL geometry3k_test_2545 raw
FAIL	geometry3k_test_2545	raw	pred='C'	gold='B'	complete=True	new_tokens=2	duration_s=5.48
CALL geometry3k_test_2545 oracle_full
FAIL	geometry3k_test_2545	oracle_full	pred='C'	gold='B'	complete=True	new_tokens=2	duration_s=8.15
CALL geometry3k_test_2545 oracle_topk3
FAIL	geometry3k_test_2545	oracle_topk3	pred='C'	gold='B'	complete=True	new_tokens=2	duration_s=5.75
CALL geometry3k_test_2545 oracle_topk6_cautious
FAIL	geometry3k_test_2545	oracle_topk6_cautious	pred='C'	gold='B'	complete=True	new_tokens=2	duration_s=6.13
CALL geometry3k_test_2545 oracle_topk3_trusted
FAIL	geometry3k_test_2545	oracle_topk3_trusted	pred='C'	gold='B'	complete=True	new_tokens=2	duration_s=5.77
CALL geometry3k_test_2545 oracle_topk6_trusted
FAIL	geometry3k_test_2545	oracle_topk6_trusted	pred='C'	gold='B'	complete=True	new_tokens=2	duration_s=6.11
CALL geometry3k_test_2545 oracle_corrupt_warned
FAIL	geometry3k_test_2545	oracle_corrupt_warned	pred='C'	gold='B'	complete=True	new_tokens=2	duration_s=6.12
CALL geometry3k_test_2545 oracle_corrupt_trusted
FAIL	geometry3k_test_2545	oracle_corrupt_trusted	pred='C'	gold='B'	complete=True	new_tokens=2	duration_s=6.14
CALL geometry3k_test_2546 raw
OK	geometry3k_test_2546	raw	pred='B'	gold='B'	complete=True	new_tokens=2	duration_s=3.86
CALL geometry3k_test_2546 oracle_full
OK	geometry3k_test_2546	oracle_full	pred='B'	gold='B'	complete=True	new_tokens=2	duration_s=5.18
CALL geometry3k_test_2546 oracle_topk3
OK	geometry3k_test_2546	oracle_topk3	pred='B'	gold='B'	complete=True	new_tokens=2	duration_s=4.20
CALL geometry3k_test_2546 oracle_topk6_cautious
OK	geometry3k_test_2546	oracle_topk6_cautious	pred='B'	gold='B'	complete=True	new_tokens=2	duration_s=4.49
CALL geometry3k_test_2546 oracle_topk3_trusted
OK	geometry3k_test_2546	oracle_topk3_trusted	pred='B'	gold='B'	complete=True	new_tokens=2	duration_s=4.19
CALL geometry3k_test_2546 oracle_topk6_trusted
OK	geometry3k_test_2546	oracle_topk6_trusted	pred='B'	gold='B'	complete=True	new_tokens=2	duration_s=4.48
CALL geometry3k_test_2546 oracle_corrupt_warned
OK	geometry3k_test_2546	oracle_corrupt_warned	pred='B'	gold='B'	complete=True	new_tokens=2	duration_s=4.47
CALL geometry3k_test_2546 oracle_corrupt_trusted
OK	geometry3k_test_2546	oracle_corrupt_trusted	pred='B'	gold='B'	complete=True	new_tokens=2	duration_s=4.46
CALL geometry3k_test_2547 raw
OK	geometry3k_test_2547	raw	pred='B'	gold='B'	complete=True	new_tokens=2	duration_s=18.72
CALL geometry3k_test_2547 oracle_full
OK	geometry3k_test_2547	oracle_full	pred='B'	gold='B'	complete=True	new_tokens=2	duration_s=21.11
CALL geometry3k_test_2547 oracle_topk3
OK	geometry3k_test_2547	oracle_topk3	pred='B'	gold='B'	complete=True	new_tokens=2	duration_s=19.05
CALL geometry3k_test_2547 oracle_topk6_cautious
OK	geometry3k_test_2547	oracle_topk6_cautious	pred='B'	gold='B'	complete=True	new_tokens=2	duration_s=19.12
CALL geometry3k_test_2547 oracle_topk3_trusted
OK	geometry3k_test_2547	oracle_topk3_trusted	pred='B'	gold='B'	complete=True	new_tokens=2	duration_s=19.02
CALL geometry3k_test_2547 oracle_topk6_trusted
OK	geometry3k_test_2547	oracle_topk6_trusted	pred='B'	gold='B'	complete=True	new_tokens=2	duration_s=19.12
CALL geometry3k_test_2547 oracle_corrupt_warned
OK	geometry3k_test_2547	oracle_corrupt_warned	pred='B'	gold='B'	complete=True	new_tokens=2	duration_s=19.11
CALL geometry3k_test_2547 oracle_corrupt_trusted
OK	geometry3k_test_2547	oracle_corrupt_trusted	pred='B'	gold='B'	complete=True	new_tokens=2	duration_s=19.10
CALL geometry3k_test_2548 raw
FAIL	geometry3k_test_2548	raw	pred='C'	gold='A'	complete=True	new_tokens=2	duration_s=8.86
CALL geometry3k_test_2548 oracle_full
FAIL	geometry3k_test_2548	oracle_full	pred='C'	gold='A'	complete=True	new_tokens=2	duration_s=10.87
CALL geometry3k_test_2548 oracle_topk3
FAIL	geometry3k_test_2548	oracle_topk3	pred='C'	gold='A'	complete=True	new_tokens=2	duration_s=9.24
CALL geometry3k_test_2548 oracle_topk6_cautious
FAIL	geometry3k_test_2548	oracle_topk6_cautious	pred='C'	gold='A'	complete=True	new_tokens=2	duration_s=9.54
CALL geometry3k_test_2548 oracle_topk3_trusted
FAIL	geometry3k_test_2548	oracle_topk3_trusted	pred='C'	gold='A'	complete=True	new_tokens=2	duration_s=9.21
CALL geometry3k_test_2548 oracle_topk6_trusted
FAIL	geometry3k_test_2548	oracle_topk6_trusted	pred='C'	gold='A'	complete=True	new_tokens=2	duration_s=9.52
CALL geometry3k_test_2548 oracle_corrupt_warned
FAIL	geometry3k_test_2548	oracle_corrupt_warned	pred='C'	gold='A'	complete=True	new_tokens=2	duration_s=9.57
CALL geometry3k_test_2548 oracle_corrupt_trusted
FAIL	geometry3k_test_2548	oracle_corrupt_trusted	pred='C'	gold='A'	complete=True	new_tokens=2	duration_s=9.52
CALL geometry3k_test_2549 raw
FAIL	geometry3k_test_2549	raw	pred='D'	gold='B'	complete=True	new_tokens=2	duration_s=4.20
CALL geometry3k_test_2549 oracle_full
FAIL	geometry3k_test_2549	oracle_full	pred='C'	gold='B'	complete=True	new_tokens=2	duration_s=6.87
CALL geometry3k_test_2549 oracle_topk3
FAIL	geometry3k_test_2549	oracle_topk3	pred='C'	gold='B'	complete=True	new_tokens=2	duration_s=4.54
CALL geometry3k_test_2549 oracle_topk6_cautious
FAIL	geometry3k_test_2549	oracle_topk6_cautious	pred='D'	gold='B'	complete=True	new_tokens=2	duration_s=4.82
CALL geometry3k_test_2549 oracle_topk3_trusted
FAIL	geometry3k_test_2549	oracle_topk3_trusted	pred='C'	gold='B'	complete=True	new_tokens=2	duration_s=4.55
CALL geometry3k_test_2549 oracle_topk6_trusted
OK	geometry3k_test_2549	oracle_topk6_trusted	pred='B'	gold='B'	complete=True	new_tokens=2	duration_s=4.78
CALL geometry3k_test_2549 oracle_corrupt_warned
FAIL	geometry3k_test_2549	oracle_corrupt_warned	pred='C'	gold='B'	complete=True	new_tokens=2	duration_s=4.80
CALL geometry3k_test_2549 oracle_corrupt_trusted
FAIL	geometry3k_test_2549	oracle_corrupt_trusted	pred='C'	gold='B'	complete=True	new_tokens=2	duration_s=4.82
CALL geometry3k_test_2550 raw
FAIL	geometry3k_test_2550	raw	pred='C'	gold='D'	complete=True	new_tokens=2	duration_s=4.20
CALL geometry3k_test_2550 oracle_full
FAIL	geometry3k_test_2550	oracle_full	pred='C'	gold='D'	complete=True	new_tokens=2	duration_s=6.18
CALL geometry3k_test_2550 oracle_topk3
FAIL	geometry3k_test_2550	oracle_topk3	pred='C'	gold='D'	complete=True	new_tokens=2	duration_s=4.54
CALL geometry3k_test_2550 oracle_topk6_cautious
FAIL	geometry3k_test_2550	oracle_topk6_cautious	pred=''	gold='D'	complete=False	new_tokens=32	duration_s=7.51
CALL geometry3k_test_2550 oracle_topk3_trusted
FAIL	geometry3k_test_2550	oracle_topk3_trusted	pred='C'	gold='D'	complete=True	new_tokens=2	duration_s=4.54
CALL geometry3k_test_2550 oracle_topk6_trusted
FAIL	geometry3k_test_2550	oracle_topk6_trusted	pred='C'	gold='D'	complete=True	new_tokens=2	duration_s=4.81
CALL geometry3k_test_2550 oracle_corrupt_warned
FAIL	geometry3k_test_2550	oracle_corrupt_warned	pred='C'	gold='D'	complete=True	new_tokens=2	duration_s=4.80
CALL geometry3k_test_2550 oracle_corrupt_trusted
FAIL	geometry3k_test_2550	oracle_corrupt_trusted	pred='C'	gold='D'	complete=True	new_tokens=2	duration_s=4.79
CALL geometry3k_test_2551 raw
OK	geometry3k_test_2551	raw	pred='D'	gold='D'	complete=True	new_tokens=6	duration_s=9.41
CALL geometry3k_test_2551 oracle_full
OK	geometry3k_test_2551	oracle_full	pred='D'	gold='D'	complete=True	new_tokens=6	duration_s=11.92
CALL geometry3k_test_2551 oracle_topk3
OK	geometry3k_test_2551	oracle_topk3	pred='D'	gold='D'	complete=True	new_tokens=2	duration_s=9.41
CALL geometry3k_test_2551 oracle_topk6_cautious
OK	geometry3k_test_2551	oracle_topk6_cautious	pred='D'	gold='D'	complete=True	new_tokens=6	duration_s=9.81
CALL geometry3k_test_2551 oracle_topk3_trusted
OK	geometry3k_test_2551	oracle_topk3_trusted	pred='D'	gold='D'	complete=True	new_tokens=6	duration_s=9.77
CALL geometry3k_test_2551 oracle_topk6_trusted
OK	geometry3k_test_2551	oracle_topk6_trusted	pred='D'	gold='D'	complete=True	new_tokens=6	duration_s=9.83
CALL geometry3k_test_2551 oracle_corrupt_warned
OK	geometry3k_test_2551	oracle_corrupt_warned	pred='D'	gold='D'	complete=True	new_tokens=6	duration_s=9.82
CALL geometry3k_test_2551 oracle_corrupt_trusted
OK	geometry3k_test_2551	oracle_corrupt_trusted	pred='D'	gold='D'	complete=True	new_tokens=6	duration_s=9.80
CALL geometry3k_test_2552 raw
FAIL	geometry3k_test_2552	raw	pred='D'	gold='C'	complete=True	new_tokens=2	duration_s=5.81
CALL geometry3k_test_2552 oracle_full
FAIL	geometry3k_test_2552	oracle_full	pred='D'	gold='C'	complete=True	new_tokens=2	duration_s=7.48
CALL geometry3k_test_2552 oracle_topk3
FAIL	geometry3k_test_2552	oracle_topk3	pred='D'	gold='C'	complete=True	new_tokens=2	duration_s=6.13
CALL geometry3k_test_2552 oracle_topk6_cautious
FAIL	geometry3k_test_2552	oracle_topk6_cautious	pred='D'	gold='C'	complete=True	new_tokens=2	duration_s=6.48
CALL geometry3k_test_2552 oracle_topk3_trusted
OK	geometry3k_test_2552	oracle_topk3_trusted	pred='C'	gold='C'	complete=True	new_tokens=2	duration_s=6.11
CALL geometry3k_test_2552 oracle_topk6_trusted
FAIL	geometry3k_test_2552	oracle_topk6_trusted	pred='D'	gold='C'	complete=True	new_tokens=2	duration_s=6.47
CALL geometry3k_test_2552 oracle_corrupt_warned
FAIL	geometry3k_test_2552	oracle_corrupt_warned	pred='D'	gold='C'	complete=True	new_tokens=2	duration_s=6.46
CALL geometry3k_test_2552 oracle_corrupt_trusted
FAIL	geometry3k_test_2552	oracle_corrupt_trusted	pred='D'	gold='C'	complete=True	new_tokens=2	duration_s=6.17
CALL geometry3k_test_2553 raw
FAIL	geometry3k_test_2553	raw	pred='B'	gold='A'	complete=True	new_tokens=2	duration_s=9.94
CALL geometry3k_test_2553 oracle_full
FAIL	geometry3k_test_2553	oracle_full	pred='B'	gold='A'	complete=True	new_tokens=2	duration_s=15.70
CALL geometry3k_test_2553 oracle_topk3
FAIL	geometry3k_test_2553	oracle_topk3	pred='B'	gold='A'	complete=True	new_tokens=2	duration_s=10.28
CALL geometry3k_test_2553 oracle_topk6_cautious
FAIL	geometry3k_test_2553	oracle_topk6_cautious	pred='B'	gold='A'	complete=True	new_tokens=2	duration_s=10.58
CALL geometry3k_test_2553 oracle_topk3_trusted
FAIL	geometry3k_test_2553	oracle_topk3_trusted	pred='B'	gold='A'	complete=True	new_tokens=2	duration_s=10.28
CALL geometry3k_test_2553 oracle_topk6_trusted
FAIL	geometry3k_test_2553	oracle_topk6_trusted	pred='B'	gold='A'	complete=True	new_tokens=2	duration_s=10.59
CALL geometry3k_test_2553 oracle_corrupt_warned
FAIL	geometry3k_test_2553	oracle_corrupt_warned	pred='B'	gold='A'	complete=True	new_tokens=2	duration_s=10.63
CALL geometry3k_test_2553 oracle_corrupt_trusted
FAIL	geometry3k_test_2553	oracle_corrupt_trusted	pred='B'	gold='A'	complete=True	new_tokens=2	duration_s=10.57
CALL geometry3k_test_2554 raw
OK	geometry3k_test_2554	raw	pred='D'	gold='D'	complete=True	new_tokens=12	duration_s=5.36
CALL geometry3k_test_2554 oracle_full
OK	geometry3k_test_2554	oracle_full	pred='D'	gold='D'	complete=True	new_tokens=2	duration_s=6.46
CALL geometry3k_test_2554 oracle_topk3
OK	geometry3k_test_2554	oracle_topk3	pred='D'	gold='D'	complete=True	new_tokens=2	duration_s=4.79
CALL geometry3k_test_2554 oracle_topk6_cautious
OK	geometry3k_test_2554	oracle_topk6_cautious	pred='D'	gold='D'	complete=True	new_tokens=2	duration_s=5.07
CALL geometry3k_test_2554 oracle_topk3_trusted
OK	geometry3k_test_2554	oracle_topk3_trusted	pred='D'	gold='D'	complete=True	new_tokens=2	duration_s=4.80
CALL geometry3k_test_2554 oracle_topk6_trusted
OK	geometry3k_test_2554	oracle_topk6_trusted	pred='D'	gold='D'	complete=True	new_tokens=2	duration_s=5.05
CALL geometry3k_test_2554 oracle_corrupt_warned
OK	geometry3k_test_2554	oracle_corrupt_warned	pred='D'	gold='D'	complete=True	new_tokens=2	duration_s=5.06
CALL geometry3k_test_2554 oracle_corrupt_trusted
OK	geometry3k_test_2554	oracle_corrupt_trusted	pred='D'	gold='D'	complete=True	new_tokens=2	duration_s=5.06
CALL geometry3k_test_2555 raw
OK	geometry3k_test_2555	raw	pred='C'	gold='C'	complete=True	new_tokens=2	duration_s=12.11
CALL geometry3k_test_2555 oracle_full
OK	geometry3k_test_2555	oracle_full	pred='C'	gold='C'	complete=True	new_tokens=2	duration_s=14.18
CALL geometry3k_test_2555 oracle_topk3
OK	geometry3k_test_2555	oracle_topk3	pred='C'	gold='C'	complete=True	new_tokens=2	duration_s=12.45
CALL geometry3k_test_2555 oracle_topk6_cautious
OK	geometry3k_test_2555	oracle_topk6_cautious	pred='C'	gold='C'	complete=True	new_tokens=2	duration_s=12.71
CALL geometry3k_test_2555 oracle_topk3_trusted
OK	geometry3k_test_2555	oracle_topk3_trusted	pred='C'	gold='C'	complete=True	new_tokens=2	duration_s=12.44
CALL geometry3k_test_2555 oracle_topk6_trusted
OK	geometry3k_test_2555	oracle_topk6_trusted	pred='C'	gold='C'	complete=True	new_tokens=2	duration_s=12.48
CALL geometry3k_test_2555 oracle_corrupt_warned
OK	geometry3k_test_2555	oracle_corrupt_warned	pred='C'	gold='C'	complete=True	new_tokens=2	duration_s=12.44
CALL geometry3k_test_2555 oracle_corrupt_trusted
OK	geometry3k_test_2555	oracle_corrupt_trusted	pred='C'	gold='C'	complete=True	new_tokens=2	duration_s=12.45
CALL geometry3k_test_2556 raw
OK	geometry3k_test_2556	raw	pred='A'	gold='A'	complete=True	new_tokens=2	duration_s=4.54
CALL geometry3k_test_2556 oracle_full
OK	geometry3k_test_2556	oracle_full	pred='A'	gold='A'	complete=True	new_tokens=2	duration_s=6.83
CALL geometry3k_test_2556 oracle_topk3
OK	geometry3k_test_2556	oracle_topk3	pred='A'	gold='A'	complete=True	new_tokens=2	duration_s=4.85
CALL geometry3k_test_2556 oracle_topk6_cautious
OK	geometry3k_test_2556	oracle_topk6_cautious	pred='A'	gold='A'	complete=True	new_tokens=2	duration_s=5.11
CALL geometry3k_test_2556 oracle_topk3_trusted
OK	geometry3k_test_2556	oracle_topk3_trusted	pred='A'	gold='A'	complete=True	new_tokens=2	duration_s=4.86
CALL geometry3k_test_2556 oracle_topk6_trusted
OK	geometry3k_test_2556	oracle_topk6_trusted	pred='A'	gold='A'	complete=True	new_tokens=2	duration_s=5.13
CALL geometry3k_test_2556 oracle_corrupt_warned
OK	geometry3k_test_2556	oracle_corrupt_warned	pred='A'	gold='A'	complete=True	new_tokens=2	duration_s=5.10
CALL geometry3k_test_2556 oracle_corrupt_trusted
FAIL	geometry3k_test_2556	oracle_corrupt_trusted	pred='B'	gold='A'	complete=True	new_tokens=2	duration_s=5.10
CALL geometry3k_test_2557 raw
FAIL	geometry3k_test_2557	raw	pred='C'	gold='B'	complete=True	new_tokens=2	duration_s=9.87
CALL geometry3k_test_2557 oracle_full
FAIL	geometry3k_test_2557	oracle_full	pred='C'	gold='B'	complete=True	new_tokens=2	duration_s=11.55
CALL geometry3k_test_2557 oracle_topk3
FAIL	geometry3k_test_2557	oracle_topk3	pred='C'	gold='B'	complete=True	new_tokens=9	duration_s=10.89
CALL geometry3k_test_2557 oracle_topk6_cautious
FAIL	geometry3k_test_2557	oracle_topk6_cautious	pred='C'	gold='B'	complete=True	new_tokens=2	duration_s=10.56
CALL geometry3k_test_2557 oracle_topk3_trusted
FAIL	geometry3k_test_2557	oracle_topk3_trusted	pred='C'	gold='B'	complete=True	new_tokens=2	duration_s=10.26
CALL geometry3k_test_2557 oracle_topk6_trusted
FAIL	geometry3k_test_2557	oracle_topk6_trusted	pred='C'	gold='B'	complete=True	new_tokens=2	duration_s=10.61
CALL geometry3k_test_2557 oracle_corrupt_warned
FAIL	geometry3k_test_2557	oracle_corrupt_warned	pred='C'	gold='B'	complete=True	new_tokens=2	duration_s=10.58
CALL geometry3k_test_2557 oracle_corrupt_trusted
FAIL	geometry3k_test_2557	oracle_corrupt_trusted	pred='C'	gold='B'	complete=True	new_tokens=2	duration_s=10.60
CALL geometry3k_test_2558 raw
FAIL	geometry3k_test_2558	raw	pred='B'	gold='D'	complete=True	new_tokens=2	duration_s=4.96
CALL geometry3k_test_2558 oracle_full
FAIL	geometry3k_test_2558	oracle_full	pred='B'	gold='D'	complete=True	new_tokens=2	duration_s=6.56
CALL geometry3k_test_2558 oracle_topk3
FAIL	geometry3k_test_2558	oracle_topk3	pred=''	gold='D'	complete=False	new_tokens=32	duration_s=8.23
CALL geometry3k_test_2558 oracle_topk6_cautious
OK	geometry3k_test_2558	oracle_topk6_cautious	pred='D'	gold='D'	complete=True	new_tokens=2	duration_s=5.55
CALL geometry3k_test_2558 oracle_topk3_trusted
FAIL	geometry3k_test_2558	oracle_topk3_trusted	pred=''	gold='D'	complete=False	new_tokens=32	duration_s=8.24
CALL geometry3k_test_2558 oracle_topk6_trusted
OK	geometry3k_test_2558	oracle_topk6_trusted	pred='D'	gold='D'	complete=True	new_tokens=2	duration_s=5.52
CALL geometry3k_test_2558 oracle_corrupt_warned
OK	geometry3k_test_2558	oracle_corrupt_warned	pred='D'	gold='D'	complete=True	new_tokens=2	duration_s=5.58
CALL geometry3k_test_2558 oracle_corrupt_trusted
OK	geometry3k_test_2558	oracle_corrupt_trusted	pred='D'	gold='D'	complete=True	new_tokens=2	duration_s=5.56
CALL geometry3k_test_2559 raw
OK	geometry3k_test_2559	raw	pred='A'	gold='A'	complete=True	new_tokens=2	duration_s=4.23
CALL geometry3k_test_2559 oracle_full
OK	geometry3k_test_2559	oracle_full	pred='A'	gold='A'	complete=True	new_tokens=2	duration_s=5.88
CALL geometry3k_test_2559 oracle_topk3
OK	geometry3k_test_2559	oracle_topk3	pred='A'	gold='A'	complete=True	new_tokens=2	duration_s=4.55
CALL geometry3k_test_2559 oracle_topk6_cautious
OK	geometry3k_test_2559	oracle_topk6_cautious	pred='A'	gold='A'	complete=True	new_tokens=2	duration_s=4.80
CALL geometry3k_test_2559 oracle_topk3_trusted
OK	geometry3k_test_2559	oracle_topk3_trusted	pred='A'	gold='A'	complete=True	new_tokens=2	duration_s=4.51
CALL geometry3k_test_2559 oracle_topk6_trusted
OK	geometry3k_test_2559	oracle_topk6_trusted	pred='A'	gold='A'	complete=True	new_tokens=2	duration_s=4.82
CALL geometry3k_test_2559 oracle_corrupt_warned
OK	geometry3k_test_2559	oracle_corrupt_warned	pred='A'	gold='A'	complete=True	new_tokens=2	duration_s=4.83
CALL geometry3k_test_2559 oracle_corrupt_trusted
OK	geometry3k_test_2559	oracle_corrupt_trusted	pred='A'	gold='A'	complete=True	new_tokens=2	duration_s=4.83
CALL geometry3k_test_2560 raw
OK	geometry3k_test_2560	raw	pred='B'	gold='B'	complete=True	new_tokens=2	duration_s=3.85
CALL geometry3k_test_2560 oracle_full
OK	geometry3k_test_2560	oracle_full	pred='B'	gold='B'	complete=True	new_tokens=2	duration_s=5.89
CALL geometry3k_test_2560 oracle_topk3
OK	geometry3k_test_2560	oracle_topk3	pred='B'	gold='B'	complete=True	new_tokens=2	duration_s=4.23
CALL geometry3k_test_2560 oracle_topk6_cautious
OK	geometry3k_test_2560	oracle_topk6_cautious	pred='B'	gold='B'	complete=True	new_tokens=2	duration_s=4.22
CALL geometry3k_test_2560 oracle_topk3_trusted
OK	geometry3k_test_2560	oracle_topk3_trusted	pred='B'	gold='B'	complete=True	new_tokens=2	duration_s=4.18
CALL geometry3k_test_2560 oracle_topk6_trusted
OK	geometry3k_test_2560	oracle_topk6_trusted	pred='B'	gold='B'	complete=True	new_tokens=2	duration_s=4.22
CALL geometry3k_test_2560 oracle_corrupt_warned
OK	geometry3k_test_2560	oracle_corrupt_warned	pred='B'	gold='B'	complete=True	new_tokens=2	duration_s=4.22
CALL geometry3k_test_2560 oracle_corrupt_trusted
OK	geometry3k_test_2560	oracle_corrupt_trusted	pred='B'	gold='B'	complete=True	new_tokens=2	duration_s=4.21
CALL geometry3k_test_2561 raw
OK	geometry3k_test_2561	raw	pred='C'	gold='C'	complete=True	new_tokens=2	duration_s=4.21
CALL geometry3k_test_2561 oracle_full
FAIL	geometry3k_test_2561	oracle_full	pred='D'	gold='C'	complete=True	new_tokens=2	duration_s=5.89
CALL geometry3k_test_2561 oracle_topk3
FAIL	geometry3k_test_2561	oracle_topk3	pred='D'	gold='C'	complete=True	new_tokens=2	duration_s=4.57
CALL geometry3k_test_2561 oracle_topk6_cautious
OK	geometry3k_test_2561	oracle_topk6_cautious	pred='C'	gold='C'	complete=True	new_tokens=2	duration_s=4.82
CALL geometry3k_test_2561 oracle_topk3_trusted
FAIL	geometry3k_test_2561	oracle_topk3_trusted	pred='D'	gold='C'	complete=True	new_tokens=2	duration_s=4.54
CALL geometry3k_test_2561 oracle_topk6_trusted
OK	geometry3k_test_2561	oracle_topk6_trusted	pred='C'	gold='C'	complete=True	new_tokens=2	duration_s=4.83
CALL geometry3k_test_2561 oracle_corrupt_warned
OK	geometry3k_test_2561	oracle_corrupt_warned	pred='C'	gold='C'	complete=True	new_tokens=2	duration_s=4.85
CALL geometry3k_test_2561 oracle_corrupt_trusted
OK	geometry3k_test_2561	oracle_corrupt_trusted	pred='C'	gold='C'	complete=True	new_tokens=2	duration_s=4.84
CALL geometry3k_test_2562 raw
OK	geometry3k_test_2562	raw	pred='C'	gold='C'	complete=True	new_tokens=2	duration_s=4.22
CALL geometry3k_test_2562 oracle_full
OK	geometry3k_test_2562	oracle_full	pred='C'	gold='C'	complete=True	new_tokens=2	duration_s=5.21
CALL geometry3k_test_2562 oracle_topk3
OK	geometry3k_test_2562	oracle_topk3	pred='C'	gold='C'	complete=True	new_tokens=2	duration_s=4.56
CALL geometry3k_test_2562 oracle_topk6_cautious
OK	geometry3k_test_2562	oracle_topk6_cautious	pred='C'	gold='C'	complete=True	new_tokens=2	duration_s=4.57
CALL geometry3k_test_2562 oracle_topk3_trusted
OK	geometry3k_test_2562	oracle_topk3_trusted	pred='C'	gold='C'	complete=True	new_tokens=2	duration_s=4.53
CALL geometry3k_test_2562 oracle_topk6_trusted
OK	geometry3k_test_2562	oracle_topk6_trusted	pred='C'	gold='C'	complete=True	new_tokens=2	duration_s=4.58
CALL geometry3k_test_2562 oracle_corrupt_warned
OK	geometry3k_test_2562	oracle_corrupt_warned	pred='C'	gold='C'	complete=True	new_tokens=2	duration_s=4.55
CALL geometry3k_test_2562 oracle_corrupt_trusted
OK	geometry3k_test_2562	oracle_corrupt_trusted	pred='C'	gold='C'	complete=True	new_tokens=2	duration_s=4.57
CALL geometry3k_test_2563 raw
FAIL	geometry3k_test_2563	raw	pred='C'	gold='A'	complete=True	new_tokens=2	duration_s=12.11
CALL geometry3k_test_2563 oracle_full
FAIL	geometry3k_test_2563	oracle_full	pred='C'	gold='A'	complete=True	new_tokens=2	duration_s=14.20
CALL geometry3k_test_2563 oracle_topk3
FAIL	geometry3k_test_2563	oracle_topk3	pred='B'	gold='A'	complete=True	new_tokens=2	duration_s=12.37
CALL geometry3k_test_2563 oracle_topk6_cautious
FAIL	geometry3k_test_2563	oracle_topk6_cautious	pred='B'	gold='A'	complete=True	new_tokens=2	duration_s=12.74
CALL geometry3k_test_2563 oracle_topk3_trusted
FAIL	geometry3k_test_2563	oracle_topk3_trusted	pred='B'	gold='A'	complete=True	new_tokens=2	duration_s=12.41
CALL geometry3k_test_2563 oracle_topk6_trusted
FAIL	geometry3k_test_2563	oracle_topk6_trusted	pred='B'	gold='A'	complete=True	new_tokens=2	duration_s=12.52
CALL geometry3k_test_2563 oracle_corrupt_warned
FAIL	geometry3k_test_2563	oracle_corrupt_warned	pred='C'	gold='A'	complete=True	new_tokens=2	duration_s=12.58
CALL geometry3k_test_2563 oracle_corrupt_trusted
FAIL	geometry3k_test_2563	oracle_corrupt_trusted	pred='B'	gold='A'	complete=True	new_tokens=2	duration_s=12.53
CALL geometry3k_test_2564 raw
FAIL	geometry3k_test_2564	raw	pred='C'	gold='A'	complete=True	new_tokens=2	duration_s=4.41
CALL geometry3k_test_2564 oracle_full
FAIL	geometry3k_test_2564	oracle_full	pred='C'	gold='A'	complete=True	new_tokens=2	duration_s=13.93
CALL geometry3k_test_2564 oracle_topk3
FAIL	geometry3k_test_2564	oracle_topk3	pred='C'	gold='A'	complete=True	new_tokens=2	duration_s=4.77
CALL geometry3k_test_2564 oracle_topk6_cautious
FAIL	geometry3k_test_2564	oracle_topk6_cautious	pred='C'	gold='A'	complete=True	new_tokens=2	duration_s=5.06
CALL geometry3k_test_2564 oracle_topk3_trusted
FAIL	geometry3k_test_2564	oracle_topk3_trusted	pred='C'	gold='A'	complete=True	new_tokens=2	duration_s=4.77
CALL geometry3k_test_2564 oracle_topk6_trusted
FAIL	geometry3k_test_2564	oracle_topk6_trusted	pred='C'	gold='A'	complete=True	new_tokens=2	duration_s=5.06
CALL geometry3k_test_2564 oracle_corrupt_warned
FAIL	geometry3k_test_2564	oracle_corrupt_warned	pred='C'	gold='A'	complete=True	new_tokens=2	duration_s=5.05
CALL geometry3k_test_2564 oracle_corrupt_trusted
FAIL	geometry3k_test_2564	oracle_corrupt_trusted	pred='C'	gold='A'	complete=True	new_tokens=2	duration_s=5.05
CALL geometry3k_test_2565 raw
OK	geometry3k_test_2565	raw	pred='A'	gold='A'	complete=True	new_tokens=2	duration_s=4.24
CALL geometry3k_test_2565 oracle_full
OK	geometry3k_test_2565	oracle_full	pred='A'	gold='A'	complete=True	new_tokens=2	duration_s=5.50
CALL geometry3k_test_2565 oracle_topk3
OK	geometry3k_test_2565	oracle_topk3	pred='A'	gold='A'	complete=True	new_tokens=2	duration_s=4.55
CALL geometry3k_test_2565 oracle_topk6_cautious
OK	geometry3k_test_2565	oracle_topk6_cautious	pred='A'	gold='A'	complete=True	new_tokens=2	duration_s=4.57
CALL geometry3k_test_2565 oracle_topk3_trusted
OK	geometry3k_test_2565	oracle_topk3_trusted	pred='A'	gold='A'	complete=True	new_tokens=2	duration_s=4.58
CALL geometry3k_test_2565 oracle_topk6_trusted
OK	geometry3k_test_2565	oracle_topk6_trusted	pred='A'	gold='A'	complete=True	new_tokens=2	duration_s=4.56
CALL geometry3k_test_2565 oracle_corrupt_warned
FAIL	geometry3k_test_2565	oracle_corrupt_warned	pred='D'	gold='A'	complete=True	new_tokens=2	duration_s=4.55
CALL geometry3k_test_2565 oracle_corrupt_trusted
FAIL	geometry3k_test_2565	oracle_corrupt_trusted	pred='D'	gold='A'	complete=True	new_tokens=2	duration_s=4.56
CALL geometry3k_test_2566 raw
OK	geometry3k_test_2566	raw	pred='B'	gold='B'	complete=True	new_tokens=2	duration_s=4.75
CALL geometry3k_test_2566 oracle_full
OK	geometry3k_test_2566	oracle_full	pred='B'	gold='B'	complete=True	new_tokens=2	duration_s=6.68
CALL geometry3k_test_2566 oracle_topk3
OK	geometry3k_test_2566	oracle_topk3	pred='B'	gold='B'	complete=True	new_tokens=2	duration_s=5.29
CALL geometry3k_test_2566 oracle_topk6_cautious
OK	geometry3k_test_2566	oracle_topk6_cautious	pred='B'	gold='B'	complete=True	new_tokens=2	duration_s=5.35
CALL geometry3k_test_2566 oracle_topk3_trusted
OK	geometry3k_test_2566	oracle_topk3_trusted	pred='B'	gold='B'	complete=True	new_tokens=2	duration_s=5.28
CALL geometry3k_test_2566 oracle_topk6_trusted
OK	geometry3k_test_2566	oracle_topk6_trusted	pred='B'	gold='B'	complete=True	new_tokens=2	duration_s=5.36
CALL geometry3k_test_2566 oracle_corrupt_warned
OK	geometry3k_test_2566	oracle_corrupt_warned	pred='B'	gold='B'	complete=True	new_tokens=2	duration_s=5.32
CALL geometry3k_test_2566 oracle_corrupt_trusted
OK	geometry3k_test_2566	oracle_corrupt_trusted	pred='B'	gold='B'	complete=True	new_tokens=2	duration_s=5.33
CALL geometry3k_test_2567 raw
FAIL	geometry3k_test_2567	raw	pred='C'	gold='D'	complete=True	new_tokens=2	duration_s=8.52
CALL geometry3k_test_2567 oracle_full
FAIL	geometry3k_test_2567	oracle_full	pred='C'	gold='D'	complete=True	new_tokens=2	duration_s=10.26
CALL geometry3k_test_2567 oracle_topk3
FAIL	geometry3k_test_2567	oracle_topk3	pred='C'	gold='D'	complete=True	new_tokens=2	duration_s=8.90
CALL geometry3k_test_2567 oracle_topk6_cautious
FAIL	geometry3k_test_2567	oracle_topk6_cautious	pred='C'	gold='D'	complete=True	new_tokens=2	duration_s=8.94
CALL geometry3k_test_2567 oracle_topk3_trusted
OK	geometry3k_test_2567	oracle_topk3_trusted	pred='D'	gold='D'	complete=True	new_tokens=2	duration_s=8.85
CALL geometry3k_test_2567 oracle_topk6_trusted
FAIL	geometry3k_test_2567	oracle_topk6_trusted	pred='C'	gold='D'	complete=True	new_tokens=2	duration_s=8.88
CALL geometry3k_test_2567 oracle_corrupt_warned
FAIL	geometry3k_test_2567	oracle_corrupt_warned	pred='C'	gold='D'	complete=True	new_tokens=2	duration_s=8.89
CALL geometry3k_test_2567 oracle_corrupt_trusted
FAIL	geometry3k_test_2567	oracle_corrupt_trusted	pred='C'	gold='D'	complete=True	new_tokens=2	duration_s=8.91
CALL geometry3k_test_2568 raw
OK	geometry3k_test_2568	raw	pred='A'	gold='A'	complete=True	new_tokens=2	duration_s=10.79
CALL geometry3k_test_2568 oracle_full
FAIL	geometry3k_test_2568	oracle_full	pred='B'	gold='A'	complete=True	new_tokens=2	duration_s=12.41
CALL geometry3k_test_2568 oracle_topk3
FAIL	geometry3k_test_2568	oracle_topk3	pred='B'	gold='A'	complete=True	new_tokens=2	duration_s=11.16
CALL geometry3k_test_2568 oracle_topk6_cautious
FAIL	geometry3k_test_2568	oracle_topk6_cautious	pred='B'	gold='A'	complete=True	new_tokens=2	duration_s=11.48
CALL geometry3k_test_2568 oracle_topk3_trusted
FAIL	geometry3k_test_2568	oracle_topk3_trusted	pred='B'	gold='A'	complete=True	new_tokens=2	duration_s=11.14
CALL geometry3k_test_2568 oracle_topk6_trusted
FAIL	geometry3k_test_2568	oracle_topk6_trusted	pred='B'	gold='A'	complete=True	new_tokens=2	duration_s=11.46
CALL geometry3k_test_2568 oracle_corrupt_warned
FAIL	geometry3k_test_2568	oracle_corrupt_warned	pred='B'	gold='A'	complete=True	new_tokens=2	duration_s=11.44
CALL geometry3k_test_2568 oracle_corrupt_trusted
FAIL	geometry3k_test_2568	oracle_corrupt_trusted	pred='B'	gold='A'	complete=True	new_tokens=2	duration_s=11.45
CALL geometry3k_test_2569 raw
FAIL	geometry3k_test_2569	raw	pred='C'	gold='A'	complete=True	new_tokens=2	duration_s=4.53
CALL geometry3k_test_2569 oracle_full
FAIL	geometry3k_test_2569	oracle_full	pred='C'	gold='A'	complete=True	new_tokens=2	duration_s=9.30
CALL geometry3k_test_2569 oracle_topk3
FAIL	geometry3k_test_2569	oracle_topk3	pred='C'	gold='A'	complete=True	new_tokens=2	duration_s=4.89
CALL geometry3k_test_2569 oracle_topk6_cautious
FAIL	geometry3k_test_2569	oracle_topk6_cautious	pred='C'	gold='A'	complete=True	new_tokens=2	duration_s=5.15
CALL geometry3k_test_2569 oracle_topk3_trusted
FAIL	geometry3k_test_2569	oracle_topk3_trusted	pred='C'	gold='A'	complete=True	new_tokens=2	duration_s=4.85
CALL geometry3k_test_2569 oracle_topk6_trusted
FAIL	geometry3k_test_2569	oracle_topk6_trusted	pred='C'	gold='A'	complete=True	new_tokens=2	duration_s=5.17
CALL geometry3k_test_2569 oracle_corrupt_warned
FAIL	geometry3k_test_2569	oracle_corrupt_warned	pred='C'	gold='A'	complete=True	new_tokens=2	duration_s=5.13
CALL geometry3k_test_2569 oracle_corrupt_trusted
FAIL	geometry3k_test_2569	oracle_corrupt_trusted	pred='C'	gold='A'	complete=True	new_tokens=2	duration_s=5.16
CALL geometry3k_test_2570 raw
OK	geometry3k_test_2570	raw	pred='B'	gold='B'	complete=True	new_tokens=2	duration_s=5.63
CALL geometry3k_test_2570 oracle_full
OK	geometry3k_test_2570	oracle_full	pred='B'	gold='B'	complete=True	new_tokens=8	duration_s=7.90
CALL geometry3k_test_2570 oracle_topk3
OK	geometry3k_test_2570	oracle_topk3	pred='B'	gold='B'	complete=True	new_tokens=8	duration_s=6.47
CALL geometry3k_test_2570 oracle_topk6_cautious
OK	geometry3k_test_2570	oracle_topk6_cautious	pred='B'	gold='B'	complete=True	new_tokens=8	duration_s=6.53
CALL geometry3k_test_2570 oracle_topk3_trusted
OK	geometry3k_test_2570	oracle_topk3_trusted	pred='B'	gold='B'	complete=True	new_tokens=8	duration_s=6.48
CALL geometry3k_test_2570 oracle_topk6_trusted
OK	geometry3k_test_2570	oracle_topk6_trusted	pred='B'	gold='B'	complete=True	new_tokens=2	duration_s=5.97
CALL geometry3k_test_2570 oracle_corrupt_warned
FAIL	geometry3k_test_2570	oracle_corrupt_warned	pred='C'	gold='B'	complete=True	new_tokens=8	duration_s=6.53
CALL geometry3k_test_2570 oracle_corrupt_trusted
FAIL	geometry3k_test_2570	oracle_corrupt_trusted	pred='C'	gold='B'	complete=True	new_tokens=8	duration_s=6.50
CALL geometry3k_test_2571 raw
OK	geometry3k_test_2571	raw	pred='B'	gold='B'	complete=True	new_tokens=2	duration_s=19.08
CALL geometry3k_test_2571 oracle_full
OK	geometry3k_test_2571	oracle_full	pred='B'	gold='B'	complete=True	new_tokens=2	duration_s=21.25
CALL geometry3k_test_2571 oracle_topk3
OK	geometry3k_test_2571	oracle_topk3	pred='B'	gold='B'	complete=True	new_tokens=2	duration_s=19.41
CALL geometry3k_test_2571 oracle_topk6_cautious
OK	geometry3k_test_2571	oracle_topk6_cautious	pred='B'	gold='B'	complete=True	new_tokens=2	duration_s=19.72
CALL geometry3k_test_2571 oracle_topk3_trusted
OK	geometry3k_test_2571	oracle_topk3_trusted	pred='B'	gold='B'	complete=True	new_tokens=2	duration_s=19.36
CALL geometry3k_test_2571 oracle_topk6_trusted
OK	geometry3k_test_2571	oracle_topk6_trusted	pred='B'	gold='B'	complete=True	new_tokens=2	duration_s=19.72
CALL geometry3k_test_2571 oracle_corrupt_warned
OK	geometry3k_test_2571	oracle_corrupt_warned	pred='B'	gold='B'	complete=True	new_tokens=2	duration_s=19.75
CALL geometry3k_test_2571 oracle_corrupt_trusted
OK	geometry3k_test_2571	oracle_corrupt_trusted	pred='B'	gold='B'	complete=True	new_tokens=2	duration_s=19.62
CALL geometry3k_test_2572 raw
FAIL	geometry3k_test_2572	raw	pred='C'	gold='D'	complete=True	new_tokens=2	duration_s=10.48
CALL geometry3k_test_2572 oracle_full
FAIL	geometry3k_test_2572	oracle_full	pred='C'	gold='D'	complete=True	new_tokens=2	duration_s=11.85
CALL geometry3k_test_2572 oracle_topk3
FAIL	geometry3k_test_2572	oracle_topk3	pred='C'	gold='D'	complete=True	new_tokens=2	duration_s=10.87
CALL geometry3k_test_2572 oracle_topk6_cautious
FAIL	geometry3k_test_2572	oracle_topk6_cautious	pred='C'	gold='D'	complete=True	new_tokens=2	duration_s=11.12
CALL geometry3k_test_2572 oracle_topk3_trusted
FAIL	geometry3k_test_2572	oracle_topk3_trusted	pred='C'	gold='D'	complete=True	new_tokens=2	duration_s=10.84
CALL geometry3k_test_2572 oracle_topk6_trusted
FAIL	geometry3k_test_2572	oracle_topk6_trusted	pred='C'	gold='D'	complete=True	new_tokens=2	duration_s=11.12
CALL geometry3k_test_2572 oracle_corrupt_warned
FAIL	geometry3k_test_2572	oracle_corrupt_warned	pred='C'	gold='D'	complete=True	new_tokens=2	duration_s=10.82
CALL geometry3k_test_2572 oracle_corrupt_trusted
FAIL	geometry3k_test_2572	oracle_corrupt_trusted	pred='C'	gold='D'	complete=True	new_tokens=2	duration_s=10.85
CALL geometry3k_test_2573 raw
FAIL	geometry3k_test_2573	raw	pred='C'	gold='B'	complete=True	new_tokens=2	duration_s=7.47
CALL geometry3k_test_2573 oracle_full
FAIL	geometry3k_test_2573	oracle_full	pred='C'	gold='B'	complete=True	new_tokens=2	duration_s=10.16
CALL geometry3k_test_2573 oracle_topk3
FAIL	geometry3k_test_2573	oracle_topk3	pred='C'	gold='B'	complete=True	new_tokens=2	duration_s=7.78
CALL geometry3k_test_2573 oracle_topk6_cautious
FAIL	geometry3k_test_2573	oracle_topk6_cautious	pred='C'	gold='B'	complete=True	new_tokens=2	duration_s=8.10
CALL geometry3k_test_2573 oracle_topk3_trusted
FAIL	geometry3k_test_2573	oracle_topk3_trusted	pred='C'	gold='B'	complete=True	new_tokens=2	duration_s=7.77
CALL geometry3k_test_2573 oracle_topk6_trusted
FAIL	geometry3k_test_2573	oracle_topk6_trusted	pred='C'	gold='B'	complete=True	new_tokens=2	duration_s=8.10
CALL geometry3k_test_2573 oracle_corrupt_warned
FAIL	geometry3k_test_2573	oracle_corrupt_warned	pred='C'	gold='B'	complete=True	new_tokens=2	duration_s=8.13
CALL geometry3k_test_2573 oracle_corrupt_trusted
FAIL	geometry3k_test_2573	oracle_corrupt_trusted	pred='C'	gold='B'	complete=True	new_tokens=2	duration_s=8.10
CALL geometry3k_test_2574 raw
OK	geometry3k_test_2574	raw	pred='C'	gold='C'	complete=True	new_tokens=2	duration_s=11.97
CALL geometry3k_test_2574 oracle_full
OK	geometry3k_test_2574	oracle_full	pred='C'	gold='C'	complete=True	new_tokens=2	duration_s=13.66
CALL geometry3k_test_2574 oracle_topk3
OK	geometry3k_test_2574	oracle_topk3	pred='C'	gold='C'	complete=True	new_tokens=2	duration_s=12.30
CALL geometry3k_test_2574 oracle_topk6_cautious
OK	geometry3k_test_2574	oracle_topk6_cautious	pred='C'	gold='C'	complete=True	new_tokens=2	duration_s=12.64
CALL geometry3k_test_2574 oracle_topk3_trusted
OK	geometry3k_test_2574	oracle_topk3_trusted	pred='C'	gold='C'	complete=True	new_tokens=2	duration_s=12.32
CALL geometry3k_test_2574 oracle_topk6_trusted
OK	geometry3k_test_2574	oracle_topk6_trusted	pred='C'	gold='C'	complete=True	new_tokens=2	duration_s=12.63
CALL geometry3k_test_2574 oracle_corrupt_warned
OK	geometry3k_test_2574	oracle_corrupt_warned	pred='C'	gold='C'	complete=True	new_tokens=2	duration_s=12.59
CALL geometry3k_test_2574 oracle_corrupt_trusted
OK	geometry3k_test_2574	oracle_corrupt_trusted	pred='C'	gold='C'	complete=True	new_tokens=2	duration_s=12.63
CALL geometry3k_test_2575 raw
FAIL	geometry3k_test_2575	raw	pred='C'	gold='D'	complete=True	new_tokens=2	duration_s=12.49
CALL geometry3k_test_2575 oracle_full
FAIL	geometry3k_test_2575	oracle_full	pred='C'	gold='D'	complete=True	new_tokens=2	duration_s=14.12
CALL geometry3k_test_2575 oracle_topk3
FAIL	geometry3k_test_2575	oracle_topk3	pred='C'	gold='D'	complete=True	new_tokens=2	duration_s=12.37
CALL geometry3k_test_2575 oracle_topk6_cautious
FAIL	geometry3k_test_2575	oracle_topk6_cautious	pred='C'	gold='D'	complete=True	new_tokens=2	duration_s=12.71
CALL geometry3k_test_2575 oracle_topk3_trusted
FAIL	geometry3k_test_2575	oracle_topk3_trusted	pred='C'	gold='D'	complete=True	new_tokens=2	duration_s=12.37
CALL geometry3k_test_2575 oracle_topk6_trusted
FAIL	geometry3k_test_2575	oracle_topk6_trusted	pred='C'	gold='D'	complete=True	new_tokens=2	duration_s=12.42
CALL geometry3k_test_2575 oracle_corrupt_warned
FAIL	geometry3k_test_2575	oracle_corrupt_warned	pred='C'	gold='D'	complete=True	new_tokens=2	duration_s=12.68
CALL geometry3k_test_2575 oracle_corrupt_trusted
FAIL	geometry3k_test_2575	oracle_corrupt_trusted	pred='C'	gold='D'	complete=True	new_tokens=2	duration_s=12.42
CALL geometry3k_test_2576 raw
OK	geometry3k_test_2576	raw	pred='B'	gold='B'	complete=True	new_tokens=2	duration_s=7.70
CALL geometry3k_test_2576 oracle_full
OK	geometry3k_test_2576	oracle_full	pred='B'	gold='B'	complete=True	new_tokens=2	duration_s=9.37
CALL geometry3k_test_2576 oracle_topk3
OK	geometry3k_test_2576	oracle_topk3	pred='B'	gold='B'	complete=True	new_tokens=2	duration_s=8.32
CALL geometry3k_test_2576 oracle_topk6_cautious
OK	geometry3k_test_2576	oracle_topk6_cautious	pred='B'	gold='B'	complete=True	new_tokens=2	duration_s=8.40
CALL geometry3k_test_2576 oracle_topk3_trusted
OK	geometry3k_test_2576	oracle_topk3_trusted	pred='B'	gold='B'	complete=True	new_tokens=2	duration_s=8.01
CALL geometry3k_test_2576 oracle_topk6_trusted
OK	geometry3k_test_2576	oracle_topk6_trusted	pred='B'	gold='B'	complete=True	new_tokens=2	duration_s=8.35
CALL geometry3k_test_2576 oracle_corrupt_warned
OK	geometry3k_test_2576	oracle_corrupt_warned	pred='B'	gold='B'	complete=True	new_tokens=2	duration_s=8.34
CALL geometry3k_test_2576 oracle_corrupt_trusted
OK	geometry3k_test_2576	oracle_corrupt_trusted	pred='B'	gold='B'	complete=True	new_tokens=2	duration_s=8.37
CALL geometry3k_test_2577 raw
OK	geometry3k_test_2577	raw	pred='B'	gold='B'	complete=True	new_tokens=7	duration_s=23.53
CALL geometry3k_test_2577 oracle_full
OK	geometry3k_test_2577	oracle_full	pred='B'	gold='B'	complete=True	new_tokens=7	duration_s=26.49
CALL geometry3k_test_2577 oracle_topk3
OK	geometry3k_test_2577	oracle_topk3	pred='B'	gold='B'	complete=True	new_tokens=7	duration_s=23.96
CALL geometry3k_test_2577 oracle_topk6_cautious
OK	geometry3k_test_2577	oracle_topk6_cautious	pred='B'	gold='B'	complete=True	new_tokens=7	duration_s=24.31
CALL geometry3k_test_2577 oracle_topk3_trusted
OK	geometry3k_test_2577	oracle_topk3_trusted	pred='B'	gold='B'	complete=True	new_tokens=7	duration_s=23.97
CALL geometry3k_test_2577 oracle_topk6_trusted
OK	geometry3k_test_2577	oracle_topk6_trusted	pred='B'	gold='B'	complete=True	new_tokens=7	duration_s=24.26
CALL geometry3k_test_2577 oracle_corrupt_warned
OK	geometry3k_test_2577	oracle_corrupt_warned	pred='B'	gold='B'	complete=True	new_tokens=7	duration_s=24.29
CALL geometry3k_test_2577 oracle_corrupt_trusted
OK	geometry3k_test_2577	oracle_corrupt_trusted	pred='B'	gold='B'	complete=True	new_tokens=7	duration_s=24.35
CALL geometry3k_test_2578 raw
OK	geometry3k_test_2578	raw	pred='A'	gold='A'	complete=True	new_tokens=2	duration_s=5.19
CALL geometry3k_test_2578 oracle_full
FAIL	geometry3k_test_2578	oracle_full	pred='B'	gold='A'	complete=True	new_tokens=2	duration_s=8.17
CALL geometry3k_test_2578 oracle_topk3
OK	geometry3k_test_2578	oracle_topk3	pred='A'	gold='A'	complete=True	new_tokens=2	duration_s=5.73
CALL geometry3k_test_2578 oracle_topk6_cautious
OK	geometry3k_test_2578	oracle_topk6_cautious	pred='A'	gold='A'	complete=True	new_tokens=2	duration_s=5.82
CALL geometry3k_test_2578 oracle_topk3_trusted
OK	geometry3k_test_2578	oracle_topk3_trusted	pred='A'	gold='A'	complete=True	new_tokens=2	duration_s=5.54
CALL geometry3k_test_2578 oracle_topk6_trusted
FAIL	geometry3k_test_2578	oracle_topk6_trusted	pred='B'	gold='A'	complete=True	new_tokens=2	duration_s=5.80
CALL geometry3k_test_2578 oracle_corrupt_warned
OK	geometry3k_test_2578	oracle_corrupt_warned	pred='A'	gold='A'	complete=True	new_tokens=2	duration_s=5.80
CALL geometry3k_test_2578 oracle_corrupt_trusted
OK	geometry3k_test_2578	oracle_corrupt_trusted	pred='A'	gold='A'	complete=True	new_tokens=2	duration_s=5.81
CALL geometry3k_test_2579 raw
OK	geometry3k_test_2579	raw	pred='A'	gold='A'	complete=True	new_tokens=2	duration_s=5.38
CALL geometry3k_test_2579 oracle_full
OK	geometry3k_test_2579	oracle_full	pred='A'	gold='A'	complete=True	new_tokens=2	duration_s=7.25
CALL geometry3k_test_2579 oracle_topk3
OK	geometry3k_test_2579	oracle_topk3	pred='A'	gold='A'	complete=True	new_tokens=2	duration_s=5.90
CALL geometry3k_test_2579 oracle_topk6_cautious
OK	geometry3k_test_2579	oracle_topk6_cautious	pred='A'	gold='A'	complete=True	new_tokens=2	duration_s=5.97
CALL geometry3k_test_2579 oracle_topk3_trusted
OK	geometry3k_test_2579	oracle_topk3_trusted	pred='A'	gold='A'	complete=True	new_tokens=2	duration_s=5.90
CALL geometry3k_test_2579 oracle_topk6_trusted
OK	geometry3k_test_2579	oracle_topk6_trusted	pred='A'	gold='A'	complete=True	new_tokens=2	duration_s=5.98
CALL geometry3k_test_2579 oracle_corrupt_warned
OK	geometry3k_test_2579	oracle_corrupt_warned	pred='A'	gold='A'	complete=True	new_tokens=2	duration_s=5.94
CALL geometry3k_test_2579 oracle_corrupt_trusted
OK	geometry3k_test_2579	oracle_corrupt_trusted	pred='A'	gold='A'	complete=True	new_tokens=2	duration_s=5.96
CALL geometry3k_test_2580 raw
OK	geometry3k_test_2580	raw	pred='D'	gold='D'	complete=True	new_tokens=2	duration_s=10.78
CALL geometry3k_test_2580 oracle_full
OK	geometry3k_test_2580	oracle_full	pred='D'	gold='D'	complete=True	new_tokens=2	duration_s=12.47
CALL geometry3k_test_2580 oracle_topk3
OK	geometry3k_test_2580	oracle_topk3	pred='D'	gold='D'	complete=True	new_tokens=2	duration_s=11.07
CALL geometry3k_test_2580 oracle_topk6_cautious
OK	geometry3k_test_2580	oracle_topk6_cautious	pred='D'	gold='D'	complete=True	new_tokens=2	duration_s=11.11
CALL geometry3k_test_2580 oracle_topk3_trusted
OK	geometry3k_test_2580	oracle_topk3_trusted	pred='D'	gold='D'	complete=True	new_tokens=2	duration_s=11.05
CALL geometry3k_test_2580 oracle_topk6_trusted
OK	geometry3k_test_2580	oracle_topk6_trusted	pred='D'	gold='D'	complete=True	new_tokens=2	duration_s=11.10
CALL geometry3k_test_2580 oracle_corrupt_warned
OK	geometry3k_test_2580	oracle_corrupt_warned	pred='D'	gold='D'	complete=True	new_tokens=2	duration_s=11.13
CALL geometry3k_test_2580 oracle_corrupt_trusted
OK	geometry3k_test_2580	oracle_corrupt_trusted	pred='D'	gold='D'	complete=True	new_tokens=2	duration_s=11.11
CALL geometry3k_test_2581 raw
FAIL	geometry3k_test_2581	raw	pred='B'	gold='A'	complete=True	new_tokens=2	duration_s=9.66
CALL geometry3k_test_2581 oracle_full
FAIL	geometry3k_test_2581	oracle_full	pred='B'	gold='A'	complete=True	new_tokens=2	duration_s=11.05
CALL geometry3k_test_2581 oracle_topk3
FAIL	geometry3k_test_2581	oracle_topk3	pred='B'	gold='A'	complete=True	new_tokens=2	duration_s=10.00
CALL geometry3k_test_2581 oracle_topk6_cautious
FAIL	geometry3k_test_2581	oracle_topk6_cautious	pred='B'	gold='A'	complete=True	new_tokens=2	duration_s=10.31
CALL geometry3k_test_2581 oracle_topk3_trusted
FAIL	geometry3k_test_2581	oracle_topk3_trusted	pred='B'	gold='A'	complete=True	new_tokens=2	duration_s=9.98
CALL geometry3k_test_2581 oracle_topk6_trusted
FAIL	geometry3k_test_2581	oracle_topk6_trusted	pred='B'	gold='A'	complete=True	new_tokens=2	duration_s=10.02
CALL geometry3k_test_2581 oracle_corrupt_warned
FAIL	geometry3k_test_2581	oracle_corrupt_warned	pred='B'	gold='A'	complete=True	new_tokens=2	duration_s=10.02
CALL geometry3k_test_2581 oracle_corrupt_trusted
FAIL	geometry3k_test_2581	oracle_corrupt_trusted	pred='B'	gold='A'	complete=True	new_tokens=2	duration_s=10.04
CALL geometry3k_test_2582 raw
OK	geometry3k_test_2582	raw	pred='B'	gold='B'	complete=True	new_tokens=2	duration_s=10.26
CALL geometry3k_test_2582 oracle_full
OK	geometry3k_test_2582	oracle_full	pred='B'	gold='B'	complete=True	new_tokens=2	duration_s=13.27
CALL geometry3k_test_2582 oracle_topk3
OK	geometry3k_test_2582	oracle_topk3	pred='B'	gold='B'	complete=True	new_tokens=2	duration_s=10.60
CALL geometry3k_test_2582 oracle_topk6_cautious
OK	geometry3k_test_2582	oracle_topk6_cautious	pred='B'	gold='B'	complete=True	new_tokens=2	duration_s=10.93
CALL geometry3k_test_2582 oracle_topk3_trusted
OK	geometry3k_test_2582	oracle_topk3_trusted	pred='B'	gold='B'	complete=True	new_tokens=2	duration_s=10.60
CALL geometry3k_test_2582 oracle_topk6_trusted
OK	geometry3k_test_2582	oracle_topk6_trusted	pred='B'	gold='B'	complete=True	new_tokens=2	duration_s=10.88
CALL geometry3k_test_2582 oracle_corrupt_warned
OK	geometry3k_test_2582	oracle_corrupt_warned	pred='B'	gold='B'	complete=True	new_tokens=2	duration_s=10.87
CALL geometry3k_test_2582 oracle_corrupt_trusted
OK	geometry3k_test_2582	oracle_corrupt_trusted	pred='B'	gold='B'	complete=True	new_tokens=2	duration_s=10.88
CALL geometry3k_test_2583 raw
FAIL	geometry3k_test_2583	raw	pred='C'	gold='A'	complete=True	new_tokens=2	duration_s=14.89
CALL geometry3k_test_2583 oracle_full
FAIL	geometry3k_test_2583	oracle_full	pred='B'	gold='A'	complete=True	new_tokens=5	duration_s=20.22
CALL geometry3k_test_2583 oracle_topk3
FAIL	geometry3k_test_2583	oracle_topk3	pred='C'	gold='A'	complete=True	new_tokens=2	duration_s=15.25
CALL geometry3k_test_2583 oracle_topk6_cautious
FAIL	geometry3k_test_2583	oracle_topk6_cautious	pred='C'	gold='A'	complete=True	new_tokens=2	duration_s=15.55
CALL geometry3k_test_2583 oracle_topk3_trusted
FAIL	geometry3k_test_2583	oracle_topk3_trusted	pred='C'	gold='A'	complete=True	new_tokens=2	duration_s=15.29
CALL geometry3k_test_2583 oracle_topk6_trusted
FAIL	geometry3k_test_2583	oracle_topk6_trusted	pred='C'	gold='A'	complete=True	new_tokens=2	duration_s=15.30
CALL geometry3k_test_2583 oracle_corrupt_warned
FAIL	geometry3k_test_2583	oracle_corrupt_warned	pred='C'	gold='A'	complete=True	new_tokens=2	duration_s=15.31
CALL geometry3k_test_2583 oracle_corrupt_trusted
FAIL	geometry3k_test_2583	oracle_corrupt_trusted	pred='C'	gold='A'	complete=True	new_tokens=2	duration_s=15.28
CALL geometry3k_test_2584 raw
OK	geometry3k_test_2584	raw	pred='D'	gold='D'	complete=True	new_tokens=2	duration_s=4.59
CALL geometry3k_test_2584 oracle_full
OK	geometry3k_test_2584	oracle_full	pred='D'	gold='D'	complete=True	new_tokens=2	duration_s=7.94
CALL geometry3k_test_2584 oracle_topk3
OK	geometry3k_test_2584	oracle_topk3	pred='D'	gold='D'	complete=True	new_tokens=2	duration_s=5.15
CALL geometry3k_test_2584 oracle_topk6_cautious
OK	geometry3k_test_2584	oracle_topk6_cautious	pred='D'	gold='D'	complete=True	new_tokens=2	duration_s=5.22
CALL geometry3k_test_2584 oracle_topk3_trusted
OK	geometry3k_test_2584	oracle_topk3_trusted	pred='D'	gold='D'	complete=True	new_tokens=2	duration_s=5.17
CALL geometry3k_test_2584 oracle_topk6_trusted
OK	geometry3k_test_2584	oracle_topk6_trusted	pred='D'	gold='D'	complete=True	new_tokens=2	duration_s=5.19
CALL geometry3k_test_2584 oracle_corrupt_warned
OK	geometry3k_test_2584	oracle_corrupt_warned	pred='D'	gold='D'	complete=True	new_tokens=2	duration_s=5.20
CALL geometry3k_test_2584 oracle_corrupt_trusted
OK	geometry3k_test_2584	oracle_corrupt_trusted	pred='D'	gold='D'	complete=True	new_tokens=2	duration_s=5.22
CALL geometry3k_test_2585 raw
FAIL	geometry3k_test_2585	raw	pred='A'	gold='C'	complete=True	new_tokens=2	duration_s=5.81
CALL geometry3k_test_2585 oracle_full
FAIL	geometry3k_test_2585	oracle_full	pred='A'	gold='C'	complete=True	new_tokens=2	duration_s=7.47
CALL geometry3k_test_2585 oracle_topk3
FAIL	geometry3k_test_2585	oracle_topk3	pred='A'	gold='C'	complete=True	new_tokens=2	duration_s=6.12
CALL geometry3k_test_2585 oracle_topk6_cautious
FAIL	geometry3k_test_2585	oracle_topk6_cautious	pred='A'	gold='C'	complete=True	new_tokens=2	duration_s=6.17
CALL geometry3k_test_2585 oracle_topk3_trusted
FAIL	geometry3k_test_2585	oracle_topk3_trusted	pred='B'	gold='C'	complete=True	new_tokens=2	duration_s=6.12
CALL geometry3k_test_2585 oracle_topk6_trusted
FAIL	geometry3k_test_2585	oracle_topk6_trusted	pred='B'	gold='C'	complete=True	new_tokens=2	duration_s=6.15
CALL geometry3k_test_2585 oracle_corrupt_warned
FAIL	geometry3k_test_2585	oracle_corrupt_warned	pred='A'	gold='C'	complete=True	new_tokens=2	duration_s=6.17
CALL geometry3k_test_2585 oracle_corrupt_trusted
FAIL	geometry3k_test_2585	oracle_corrupt_trusted	pred='A'	gold='C'	complete=True	new_tokens=2	duration_s=6.14
CALL geometry3k_test_2586 raw
FAIL	geometry3k_test_2586	raw	pred='B'	gold='C'	complete=True	new_tokens=2	duration_s=10.56
CALL geometry3k_test_2586 oracle_full
FAIL	geometry3k_test_2586	oracle_full	pred='B'	gold='C'	complete=True	new_tokens=2	duration_s=11.86
CALL geometry3k_test_2586 oracle_topk3
FAIL	geometry3k_test_2586	oracle_topk3	pred='B'	gold='C'	complete=True	new_tokens=2	duration_s=10.87
CALL geometry3k_test_2586 oracle_topk6_cautious
FAIL	geometry3k_test_2586	oracle_topk6_cautious	pred='B'	gold='C'	complete=True	new_tokens=2	duration_s=11.18
CALL geometry3k_test_2586 oracle_topk3_trusted
FAIL	geometry3k_test_2586	oracle_topk3_trusted	pred='B'	gold='C'	complete=True	new_tokens=2	duration_s=10.88
CALL geometry3k_test_2586 oracle_topk6_trusted
FAIL	geometry3k_test_2586	oracle_topk6_trusted	pred='B'	gold='C'	complete=True	new_tokens=2	duration_s=11.18
CALL geometry3k_test_2586 oracle_corrupt_warned
FAIL	geometry3k_test_2586	oracle_corrupt_warned	pred='B'	gold='C'	complete=True	new_tokens=2	duration_s=11.14
CALL geometry3k_test_2586 oracle_corrupt_trusted
FAIL	geometry3k_test_2586	oracle_corrupt_trusted	pred='B'	gold='C'	complete=True	new_tokens=2	duration_s=11.18
CALL geometry3k_test_2587 raw
OK	geometry3k_test_2587	raw	pred='D'	gold='D'	complete=True	new_tokens=2	duration_s=5.34
CALL geometry3k_test_2587 oracle_full
OK	geometry3k_test_2587	oracle_full	pred='D'	gold='D'	complete=True	new_tokens=2	duration_s=7.57
CALL geometry3k_test_2587 oracle_topk3
OK	geometry3k_test_2587	oracle_topk3	pred='D'	gold='D'	complete=True	new_tokens=2	duration_s=5.93
CALL geometry3k_test_2587 oracle_topk6_cautious
OK	geometry3k_test_2587	oracle_topk6_cautious	pred='D'	gold='D'	complete=True	new_tokens=2	duration_s=6.23
CALL geometry3k_test_2587 oracle_topk3_trusted
OK	geometry3k_test_2587	oracle_topk3_trusted	pred='D'	gold='D'	complete=True	new_tokens=2	duration_s=5.89
CALL geometry3k_test_2587 oracle_topk6_trusted
OK	geometry3k_test_2587	oracle_topk6_trusted	pred='D'	gold='D'	complete=True	new_tokens=2	duration_s=5.97
CALL geometry3k_test_2587 oracle_corrupt_warned
OK	geometry3k_test_2587	oracle_corrupt_warned	pred='D'	gold='D'	complete=True	new_tokens=2	duration_s=5.97
CALL geometry3k_test_2587 oracle_corrupt_trusted
OK	geometry3k_test_2587	oracle_corrupt_trusted	pred='D'	gold='D'	complete=True	new_tokens=2	duration_s=5.97
CALL geometry3k_test_2588 raw
OK	geometry3k_test_2588	raw	pred='D'	gold='D'	complete=True	new_tokens=2	duration_s=5.51
CALL geometry3k_test_2588 oracle_full
OK	geometry3k_test_2588	oracle_full	pred='D'	gold='D'	complete=True	new_tokens=2	duration_s=8.92
CALL geometry3k_test_2588 oracle_topk3
OK	geometry3k_test_2588	oracle_topk3	pred='D'	gold='D'	complete=True	new_tokens=2	duration_s=5.78
CALL geometry3k_test_2588 oracle_topk6_cautious
OK	geometry3k_test_2588	oracle_topk6_cautious	pred='D'	gold='D'	complete=True	new_tokens=2	duration_s=6.12
CALL geometry3k_test_2588 oracle_topk3_trusted
OK	geometry3k_test_2588	oracle_topk3_trusted	pred='D'	gold='D'	complete=True	new_tokens=2	duration_s=5.79
CALL geometry3k_test_2588 oracle_topk6_trusted
OK	geometry3k_test_2588	oracle_topk6_trusted	pred='D'	gold='D'	complete=True	new_tokens=2	duration_s=5.82
CALL geometry3k_test_2588 oracle_corrupt_warned
OK	geometry3k_test_2588	oracle_corrupt_warned	pred='D'	gold='D'	complete=True	new_tokens=2	duration_s=5.81
CALL geometry3k_test_2588 oracle_corrupt_trusted
OK	geometry3k_test_2588	oracle_corrupt_trusted	pred='D'	gold='D'	complete=True	new_tokens=2	duration_s=5.83
CALL geometry3k_test_2589 raw
FAIL	geometry3k_test_2589	raw	pred='C'	gold='D'	complete=True	new_tokens=11	duration_s=5.35
CALL geometry3k_test_2589 oracle_full
FAIL	geometry3k_test_2589	oracle_full	pred='C'	gold='D'	complete=True	new_tokens=11	duration_s=7.00
CALL geometry3k_test_2589 oracle_topk3
FAIL	geometry3k_test_2589	oracle_topk3	pred='C'	gold='D'	complete=True	new_tokens=11	duration_s=5.65
CALL geometry3k_test_2589 oracle_topk6_cautious
FAIL	geometry3k_test_2589	oracle_topk6_cautious	pred='C'	gold='D'	complete=True	new_tokens=11	duration_s=5.93
CALL geometry3k_test_2589 oracle_topk3_trusted
FAIL	geometry3k_test_2589	oracle_topk3_trusted	pred='C'	gold='D'	complete=True	new_tokens=11	duration_s=5.68
CALL geometry3k_test_2589 oracle_topk6_trusted
FAIL	geometry3k_test_2589	oracle_topk6_trusted	pred='C'	gold='D'	complete=True	new_tokens=11	duration_s=5.94
CALL geometry3k_test_2589 oracle_corrupt_warned
FAIL	geometry3k_test_2589	oracle_corrupt_warned	pred='C'	gold='D'	complete=True	new_tokens=11	duration_s=5.93
CALL geometry3k_test_2589 oracle_corrupt_trusted
FAIL	geometry3k_test_2589	oracle_corrupt_trusted	pred='C'	gold='D'	complete=True	new_tokens=2	duration_s=5.13
CALL geometry3k_test_2590 raw
FAIL	geometry3k_test_2590	raw	pred='C'	gold='D'	complete=True	new_tokens=2	duration_s=4.12
CALL geometry3k_test_2590 oracle_full
FAIL	geometry3k_test_2590	oracle_full	pred='C'	gold='D'	complete=True	new_tokens=2	duration_s=6.13
CALL geometry3k_test_2590 oracle_topk3
FAIL	geometry3k_test_2590	oracle_topk3	pred='C'	gold='D'	complete=True	new_tokens=2	duration_s=4.46
CALL geometry3k_test_2590 oracle_topk6_cautious
FAIL	geometry3k_test_2590	oracle_topk6_cautious	pred='C'	gold='D'	complete=True	new_tokens=2	duration_s=4.75
CALL geometry3k_test_2590 oracle_topk3_trusted
FAIL	geometry3k_test_2590	oracle_topk3_trusted	pred='C'	gold='D'	complete=True	new_tokens=2	duration_s=4.48
CALL geometry3k_test_2590 oracle_topk6_trusted
FAIL	geometry3k_test_2590	oracle_topk6_trusted	pred='C'	gold='D'	complete=True	new_tokens=2	duration_s=4.72
CALL geometry3k_test_2590 oracle_corrupt_warned
FAIL	geometry3k_test_2590	oracle_corrupt_warned	pred='C'	gold='D'	complete=True	new_tokens=2	duration_s=4.74
CALL geometry3k_test_2590 oracle_corrupt_trusted
FAIL	geometry3k_test_2590	oracle_corrupt_trusted	pred='C'	gold='D'	complete=True	new_tokens=2	duration_s=4.71
CALL geometry3k_test_2591 raw
OK	geometry3k_test_2591	raw	pred='B'	gold='B'	complete=True	new_tokens=2	duration_s=4.84
CALL geometry3k_test_2591 oracle_full
OK	geometry3k_test_2591	oracle_full	pred='B'	gold='B'	complete=True	new_tokens=2	duration_s=7.23
CALL geometry3k_test_2591 oracle_topk3
OK	geometry3k_test_2591	oracle_topk3	pred='B'	gold='B'	complete=True	new_tokens=2	duration_s=5.16
CALL geometry3k_test_2591 oracle_topk6_cautious
OK	geometry3k_test_2591	oracle_topk6_cautious	pred='B'	gold='B'	complete=True	new_tokens=2	duration_s=5.49
CALL geometry3k_test_2591 oracle_topk3_trusted
OK	geometry3k_test_2591	oracle_topk3_trusted	pred='B'	gold='B'	complete=True	new_tokens=2	duration_s=5.14
CALL geometry3k_test_2591 oracle_topk6_trusted
OK	geometry3k_test_2591	oracle_topk6_trusted	pred='B'	gold='B'	complete=True	new_tokens=2	duration_s=5.49
CALL geometry3k_test_2591 oracle_corrupt_warned
OK	geometry3k_test_2591	oracle_corrupt_warned	pred='B'	gold='B'	complete=True	new_tokens=2	duration_s=5.48
CALL geometry3k_test_2591 oracle_corrupt_trusted
OK	geometry3k_test_2591	oracle_corrupt_trusted	pred='B'	gold='B'	complete=True	new_tokens=2	duration_s=5.49
CALL geometry3k_test_2592 raw
OK	geometry3k_test_2592	raw	pred='C'	gold='C'	complete=True	new_tokens=2	duration_s=4.21
CALL geometry3k_test_2592 oracle_full
OK	geometry3k_test_2592	oracle_full	pred='C'	gold='C'	complete=True	new_tokens=2	duration_s=5.51
CALL geometry3k_test_2592 oracle_topk3
OK	geometry3k_test_2592	oracle_topk3	pred='C'	gold='C'	complete=True	new_tokens=2	duration_s=4.57
CALL geometry3k_test_2592 oracle_topk6_cautious
OK	geometry3k_test_2592	oracle_topk6_cautious	pred='C'	gold='C'	complete=True	new_tokens=2	duration_s=4.56
CALL geometry3k_test_2592 oracle_topk3_trusted
OK	geometry3k_test_2592	oracle_topk3_trusted	pred='C'	gold='C'	complete=True	new_tokens=2	duration_s=4.55
CALL geometry3k_test_2592 oracle_topk6_trusted
OK	geometry3k_test_2592	oracle_topk6_trusted	pred='C'	gold='C'	complete=True	new_tokens=2	duration_s=4.53
CALL geometry3k_test_2592 oracle_corrupt_warned
OK	geometry3k_test_2592	oracle_corrupt_warned	pred='C'	gold='C'	complete=True	new_tokens=2	duration_s=4.58
CALL geometry3k_test_2592 oracle_corrupt_trusted
OK	geometry3k_test_2592	oracle_corrupt_trusted	pred='C'	gold='C'	complete=True	new_tokens=2	duration_s=4.53
CALL geometry3k_test_2593 raw
FAIL	geometry3k_test_2593	raw	pred='B'	gold='D'	complete=True	new_tokens=2	duration_s=18.50
CALL geometry3k_test_2593 oracle_full
FAIL	geometry3k_test_2593	oracle_full	pred='B'	gold='D'	complete=True	new_tokens=2	duration_s=19.94
CALL geometry3k_test_2593 oracle_topk3
FAIL	geometry3k_test_2593	oracle_topk3	pred='B'	gold='D'	complete=True	new_tokens=2	duration_s=18.87
CALL geometry3k_test_2593 oracle_topk6_cautious
FAIL	geometry3k_test_2593	oracle_topk6_cautious	pred='B'	gold='D'	complete=True	new_tokens=2	duration_s=19.15
CALL geometry3k_test_2593 oracle_topk3_trusted
FAIL	geometry3k_test_2593	oracle_topk3_trusted	pred='B'	gold='D'	complete=True	new_tokens=2	duration_s=18.85
CALL geometry3k_test_2593 oracle_topk6_trusted
FAIL	geometry3k_test_2593	oracle_topk6_trusted	pred='B'	gold='D'	complete=True	new_tokens=2	duration_s=19.11
CALL geometry3k_test_2593 oracle_corrupt_warned
FAIL	geometry3k_test_2593	oracle_corrupt_warned	pred='B'	gold='D'	complete=True	new_tokens=2	duration_s=19.14
CALL geometry3k_test_2593 oracle_corrupt_trusted
FAIL	geometry3k_test_2593	oracle_corrupt_trusted	pred='B'	gold='D'	complete=True	new_tokens=2	duration_s=19.12
CALL geometry3k_test_2594 raw
OK	geometry3k_test_2594	raw	pred='B'	gold='B'	complete=True	new_tokens=2	duration_s=4.12
CALL geometry3k_test_2594 oracle_full
OK	geometry3k_test_2594	oracle_full	pred='B'	gold='B'	complete=True	new_tokens=2	duration_s=5.72
CALL geometry3k_test_2594 oracle_topk3
OK	geometry3k_test_2594	oracle_topk3	pred='B'	gold='B'	complete=True	new_tokens=2	duration_s=4.45
CALL geometry3k_test_2594 oracle_topk6_cautious
OK	geometry3k_test_2594	oracle_topk6_cautious	pred='B'	gold='B'	complete=True	new_tokens=2	duration_s=4.71
CALL geometry3k_test_2594 oracle_topk3_trusted
OK	geometry3k_test_2594	oracle_topk3_trusted	pred='B'	gold='B'	complete=True	new_tokens=2	duration_s=4.45
CALL geometry3k_test_2594 oracle_topk6_trusted
OK	geometry3k_test_2594	oracle_topk6_trusted	pred='B'	gold='B'	complete=True	new_tokens=2	duration_s=4.71
CALL geometry3k_test_2594 oracle_corrupt_warned
OK	geometry3k_test_2594	oracle_corrupt_warned	pred='B'	gold='B'	complete=True	new_tokens=2	duration_s=4.72
CALL geometry3k_test_2594 oracle_corrupt_trusted
OK	geometry3k_test_2594	oracle_corrupt_trusted	pred='B'	gold='B'	complete=True	new_tokens=2	duration_s=4.69
CALL geometry3k_test_2595 raw
FAIL	geometry3k_test_2595	raw	pred='B'	gold='A'	complete=True	new_tokens=2	duration_s=15.58
CALL geometry3k_test_2595 oracle_full
FAIL	geometry3k_test_2595	oracle_full	pred='B'	gold='A'	complete=True	new_tokens=2	duration_s=18.62
CALL geometry3k_test_2595 oracle_topk3
FAIL	geometry3k_test_2595	oracle_topk3	pred='B'	gold='A'	complete=True	new_tokens=2	duration_s=15.91
CALL geometry3k_test_2595 oracle_topk6_cautious
FAIL	geometry3k_test_2595	oracle_topk6_cautious	pred='B'	gold='A'	complete=True	new_tokens=2	duration_s=16.22
CALL geometry3k_test_2595 oracle_topk3_trusted
FAIL	geometry3k_test_2595	oracle_topk3_trusted	pred='B'	gold='A'	complete=True	new_tokens=2	duration_s=15.94
CALL geometry3k_test_2595 oracle_topk6_trusted
FAIL	geometry3k_test_2595	oracle_topk6_trusted	pred='B'	gold='A'	complete=True	new_tokens=2	duration_s=16.21
CALL geometry3k_test_2595 oracle_corrupt_warned
FAIL	geometry3k_test_2595	oracle_corrupt_warned	pred='B'	gold='A'	complete=True	new_tokens=2	duration_s=16.22
CALL geometry3k_test_2595 oracle_corrupt_trusted
FAIL	geometry3k_test_2595	oracle_corrupt_trusted	pred='B'	gold='A'	complete=True	new_tokens=2	duration_s=16.19
CALL geometry3k_test_2596 raw
FAIL	geometry3k_test_2596	raw	pred='B'	gold='D'	complete=True	new_tokens=2	duration_s=9.21
CALL geometry3k_test_2596 oracle_full
FAIL	geometry3k_test_2596	oracle_full	pred='B'	gold='D'	complete=True	new_tokens=2	duration_s=10.64
CALL geometry3k_test_2596 oracle_topk3
FAIL	geometry3k_test_2596	oracle_topk3	pred='B'	gold='D'	complete=True	new_tokens=2	duration_s=9.58
CALL geometry3k_test_2596 oracle_topk6_cautious
FAIL	geometry3k_test_2596	oracle_topk6_cautious	pred='B'	gold='D'	complete=True	new_tokens=2	duration_s=9.64
CALL geometry3k_test_2596 oracle_topk3_trusted
FAIL	geometry3k_test_2596	oracle_topk3_trusted	pred='B'	gold='D'	complete=True	new_tokens=2	duration_s=9.55
CALL geometry3k_test_2596 oracle_topk6_trusted
FAIL	geometry3k_test_2596	oracle_topk6_trusted	pred='B'	gold='D'	complete=True	new_tokens=2	duration_s=9.64
CALL geometry3k_test_2596 oracle_corrupt_warned
FAIL	geometry3k_test_2596	oracle_corrupt_warned	pred='B'	gold='D'	complete=True	new_tokens=2	duration_s=9.63
CALL geometry3k_test_2596 oracle_corrupt_trusted
FAIL	geometry3k_test_2596	oracle_corrupt_trusted	pred='B'	gold='D'	complete=True	new_tokens=2	duration_s=9.64
CALL geometry3k_test_2597 raw
OK	geometry3k_test_2597	raw	pred='B'	gold='B'	complete=True	new_tokens=2	duration_s=6.07
CALL geometry3k_test_2597 oracle_full
OK	geometry3k_test_2597	oracle_full	pred='B'	gold='B'	complete=True	new_tokens=2	duration_s=8.06
CALL geometry3k_test_2597 oracle_topk3
OK	geometry3k_test_2597	oracle_topk3	pred='B'	gold='B'	complete=True	new_tokens=2	duration_s=6.37
CALL geometry3k_test_2597 oracle_topk6_cautious
OK	geometry3k_test_2597	oracle_topk6_cautious	pred='B'	gold='B'	complete=True	new_tokens=2	duration_s=6.73
CALL geometry3k_test_2597 oracle_topk3_trusted
OK	geometry3k_test_2597	oracle_topk3_trusted	pred='B'	gold='B'	complete=True	new_tokens=2	duration_s=6.36
CALL geometry3k_test_2597 oracle_topk6_trusted
OK	geometry3k_test_2597	oracle_topk6_trusted	pred='B'	gold='B'	complete=True	new_tokens=2	duration_s=6.74
CALL geometry3k_test_2597 oracle_corrupt_warned
OK	geometry3k_test_2597	oracle_corrupt_warned	pred='B'	gold='B'	complete=True	new_tokens=2	duration_s=6.70
CALL geometry3k_test_2597 oracle_corrupt_trusted
OK	geometry3k_test_2597	oracle_corrupt_trusted	pred='B'	gold='B'	complete=True	new_tokens=2	duration_s=6.73
CALL geometry3k_test_2598 raw
OK	geometry3k_test_2598	raw	pred='A'	gold='A'	complete=True	new_tokens=2	duration_s=5.66
CALL geometry3k_test_2598 oracle_full
OK	geometry3k_test_2598	oracle_full	pred='A'	gold='A'	complete=True	new_tokens=2	duration_s=9.07
CALL geometry3k_test_2598 oracle_topk3
OK	geometry3k_test_2598	oracle_topk3	pred='A'	gold='A'	complete=True	new_tokens=2	duration_s=5.95
CALL geometry3k_test_2598 oracle_topk6_cautious
OK	geometry3k_test_2598	oracle_topk6_cautious	pred='A'	gold='A'	complete=True	new_tokens=2	duration_s=6.28
CALL geometry3k_test_2598 oracle_topk3_trusted
OK	geometry3k_test_2598	oracle_topk3_trusted	pred='A'	gold='A'	complete=True	new_tokens=2	duration_s=5.97
CALL geometry3k_test_2598 oracle_topk6_trusted
OK	geometry3k_test_2598	oracle_topk6_trusted	pred='A'	gold='A'	complete=True	new_tokens=2	duration_s=6.28
CALL geometry3k_test_2598 oracle_corrupt_warned
OK	geometry3k_test_2598	oracle_corrupt_warned	pred='A'	gold='A'	complete=True	new_tokens=2	duration_s=6.31
CALL geometry3k_test_2598 oracle_corrupt_trusted
OK	geometry3k_test_2598	oracle_corrupt_trusted	pred='A'	gold='A'	complete=True	new_tokens=2	duration_s=6.29
CALL geometry3k_test_2599 raw
OK	geometry3k_test_2599	raw	pred='C'	gold='C'	complete=True	new_tokens=2	duration_s=9.75
CALL geometry3k_test_2599 oracle_full
OK	geometry3k_test_2599	oracle_full	pred='C'	gold='C'	complete=True	new_tokens=2	duration_s=11.81
CALL geometry3k_test_2599 oracle_topk3
OK	geometry3k_test_2599	oracle_topk3	pred='C'	gold='C'	complete=True	new_tokens=2	duration_s=10.12
CALL geometry3k_test_2599 oracle_topk6_cautious
OK	geometry3k_test_2599	oracle_topk6_cautious	pred='C'	gold='C'	complete=True	new_tokens=2	duration_s=10.43
CALL geometry3k_test_2599 oracle_topk3_trusted
OK	geometry3k_test_2599	oracle_topk3_trusted	pred='C'	gold='C'	complete=True	new_tokens=2	duration_s=10.09
CALL geometry3k_test_2599 oracle_topk6_trusted
OK	geometry3k_test_2599	oracle_topk6_trusted	pred='C'	gold='C'	complete=True	new_tokens=2	duration_s=10.39
CALL geometry3k_test_2599 oracle_corrupt_warned
OK	geometry3k_test_2599	oracle_corrupt_warned	pred='C'	gold='C'	complete=True	new_tokens=2	duration_s=10.37
CALL geometry3k_test_2599 oracle_corrupt_trusted
OK	geometry3k_test_2599	oracle_corrupt_trusted	pred='C'	gold='C'	complete=True	new_tokens=2	duration_s=10.40
CALL geometry3k_test_2600 raw
FAIL	geometry3k_test_2600	raw	pred='B'	gold='D'	complete=True	new_tokens=11	duration_s=5.22
CALL geometry3k_test_2600 oracle_full
FAIL	geometry3k_test_2600	oracle_full	pred='B'	gold='D'	complete=True	new_tokens=2	duration_s=6.39
CALL geometry3k_test_2600 oracle_topk3
FAIL	geometry3k_test_2600	oracle_topk3	pred='B'	gold='D'	complete=True	new_tokens=2	duration_s=4.76
CALL geometry3k_test_2600 oracle_topk6_cautious
FAIL	geometry3k_test_2600	oracle_topk6_cautious	pred='B'	gold='D'	complete=True	new_tokens=2	duration_s=5.01
CALL geometry3k_test_2600 oracle_topk3_trusted
FAIL	geometry3k_test_2600	oracle_topk3_trusted	pred='B'	gold='D'	complete=True	new_tokens=2	duration_s=4.74
CALL geometry3k_test_2600 oracle_topk6_trusted
FAIL	geometry3k_test_2600	oracle_topk6_trusted	pred='B'	gold='D'	complete=True	new_tokens=2	duration_s=5.02
CALL geometry3k_test_2600 oracle_corrupt_warned
FAIL	geometry3k_test_2600	oracle_corrupt_warned	pred='B'	gold='D'	complete=True	new_tokens=2	duration_s=5.01
CALL geometry3k_test_2600 oracle_corrupt_trusted
FAIL	geometry3k_test_2600	oracle_corrupt_trusted	pred='B'	gold='D'	complete=True	new_tokens=2	duration_s=5.02
CALL geometry3k_test_2601 raw
FAIL	geometry3k_test_2601	raw	pred='B'	gold='C'	complete=True	new_tokens=2	duration_s=15.44
CALL geometry3k_test_2601 oracle_full
FAIL	geometry3k_test_2601	oracle_full	pred='B'	gold='C'	complete=True	new_tokens=2	duration_s=17.47
CALL geometry3k_test_2601 oracle_topk3
OK	geometry3k_test_2601	oracle_topk3	pred='C'	gold='C'	complete=True	new_tokens=2	duration_s=15.76
CALL geometry3k_test_2601 oracle_topk6_cautious
FAIL	geometry3k_test_2601	oracle_topk6_cautious	pred='B'	gold='C'	complete=True	new_tokens=2	duration_s=15.85
CALL geometry3k_test_2601 oracle_topk3_trusted
OK	geometry3k_test_2601	oracle_topk3_trusted	pred='C'	gold='C'	complete=True	new_tokens=2	duration_s=15.79
CALL geometry3k_test_2601 oracle_topk6_trusted
FAIL	geometry3k_test_2601	oracle_topk6_trusted	pred='B'	gold='C'	complete=True	new_tokens=2	duration_s=15.81
CALL geometry3k_test_2601 oracle_corrupt_warned
FAIL	geometry3k_test_2601	oracle_corrupt_warned	pred='D'	gold='C'	complete=True	new_tokens=2	duration_s=15.82
CALL geometry3k_test_2601 oracle_corrupt_trusted
FAIL	geometry3k_test_2601	oracle_corrupt_trusted	pred='D'	gold='C'	complete=True	new_tokens=2	duration_s=15.84
CALL geometry3k_test_2602 raw
OK	geometry3k_test_2602	raw	pred='C'	gold='C'	complete=True	new_tokens=2	duration_s=5.21
CALL geometry3k_test_2602 oracle_full
OK	geometry3k_test_2602	oracle_full	pred='C'	gold='C'	complete=True	new_tokens=2	duration_s=6.48
CALL geometry3k_test_2602 oracle_topk3
OK	geometry3k_test_2602	oracle_topk3	pred='C'	gold='C'	complete=True	new_tokens=2	duration_s=5.53
CALL geometry3k_test_2602 oracle_topk6_cautious
OK	geometry3k_test_2602	oracle_topk6_cautious	pred='C'	gold='C'	complete=True	new_tokens=2	duration_s=5.76
CALL geometry3k_test_2602 oracle_topk3_trusted
OK	geometry3k_test_2602	oracle_topk3_trusted	pred='C'	gold='C'	complete=True	new_tokens=2	duration_s=5.52
CALL geometry3k_test_2602 oracle_topk6_trusted
OK	geometry3k_test_2602	oracle_topk6_trusted	pred='C'	gold='C'	complete=True	new_tokens=2	duration_s=5.56
CALL geometry3k_test_2602 oracle_corrupt_warned
OK	geometry3k_test_2602	oracle_corrupt_warned	pred='C'	gold='C'	complete=True	new_tokens=2	duration_s=5.52
CALL geometry3k_test_2602 oracle_corrupt_trusted
OK	geometry3k_test_2602	oracle_corrupt_trusted	pred='C'	gold='C'	complete=True	new_tokens=2	duration_s=5.52
CALL geometry3k_test_2603 raw
OK	geometry3k_test_2603	raw	pred='C'	gold='C'	complete=True	new_tokens=2	duration_s=14.91
CALL geometry3k_test_2603 oracle_full
FAIL	geometry3k_test_2603	oracle_full	pred='B'	gold='C'	complete=True	new_tokens=5	duration_s=20.21
CALL geometry3k_test_2603 oracle_topk3
FAIL	geometry3k_test_2603	oracle_topk3	pred='B'	gold='C'	complete=True	new_tokens=5	duration_s=15.49
CALL geometry3k_test_2603 oracle_topk6_cautious
OK	geometry3k_test_2603	oracle_topk6_cautious	pred='C'	gold='C'	complete=True	new_tokens=2	duration_s=15.53
CALL geometry3k_test_2603 oracle_topk3_trusted
OK	geometry3k_test_2603	oracle_topk3_trusted	pred='C'	gold='C'	complete=True	new_tokens=2	duration_s=15.29
CALL geometry3k_test_2603 oracle_topk6_trusted
OK	geometry3k_test_2603	oracle_topk6_trusted	pred='C'	gold='C'	complete=True	new_tokens=2	duration_s=15.57
CALL geometry3k_test_2603 oracle_corrupt_warned
OK	geometry3k_test_2603	oracle_corrupt_warned	pred='C'	gold='C'	complete=True	new_tokens=2	duration_s=15.55
CALL geometry3k_test_2603 oracle_corrupt_trusted
OK	geometry3k_test_2603	oracle_corrupt_trusted	pred='C'	gold='C'	complete=True	new_tokens=2	duration_s=15.31
CALL geometry3k_test_2604 raw
FAIL	geometry3k_test_2604	raw	pred='A'	gold='B'	complete=True	new_tokens=2	duration_s=4.10
CALL geometry3k_test_2604 oracle_full
OK	geometry3k_test_2604	oracle_full	pred='B'	gold='B'	complete=True	new_tokens=2	duration_s=5.72
CALL geometry3k_test_2604 oracle_topk3
OK	geometry3k_test_2604	oracle_topk3	pred='B'	gold='B'	complete=True	new_tokens=2	duration_s=4.41
CALL geometry3k_test_2604 oracle_topk6_cautious
FAIL	geometry3k_test_2604	oracle_topk6_cautious	pred='A'	gold='B'	complete=True	new_tokens=2	duration_s=4.44
CALL geometry3k_test_2604 oracle_topk3_trusted
OK	geometry3k_test_2604	oracle_topk3_trusted	pred='B'	gold='B'	complete=True	new_tokens=2	duration_s=4.41
CALL geometry3k_test_2604 oracle_topk6_trusted
OK	geometry3k_test_2604	oracle_topk6_trusted	pred='B'	gold='B'	complete=True	new_tokens=2	duration_s=4.44
CALL geometry3k_test_2604 oracle_corrupt_warned
OK	geometry3k_test_2604	oracle_corrupt_warned	pred='B'	gold='B'	complete=True	new_tokens=2	duration_s=4.43
CALL geometry3k_test_2604 oracle_corrupt_trusted
OK	geometry3k_test_2604	oracle_corrupt_trusted	pred='B'	gold='B'	complete=True	new_tokens=2	duration_s=4.43
CALL geometry3k_test_2605 raw
OK	geometry3k_test_2605	raw	pred='A'	gold='A'	complete=True	new_tokens=2	duration_s=10.84
CALL geometry3k_test_2605 oracle_full
OK	geometry3k_test_2605	oracle_full	pred='A'	gold='A'	complete=True	new_tokens=2	duration_s=12.59
CALL geometry3k_test_2605 oracle_topk3
OK	geometry3k_test_2605	oracle_topk3	pred='A'	gold='A'	complete=True	new_tokens=2	duration_s=11.16
CALL geometry3k_test_2605 oracle_topk6_cautious
OK	geometry3k_test_2605	oracle_topk6_cautious	pred='A'	gold='A'	complete=True	new_tokens=2	duration_s=11.24
CALL geometry3k_test_2605 oracle_topk3_trusted
OK	geometry3k_test_2605	oracle_topk3_trusted	pred='A'	gold='A'	complete=True	new_tokens=2	duration_s=11.13
CALL geometry3k_test_2605 oracle_topk6_trusted
OK	geometry3k_test_2605	oracle_topk6_trusted	pred='A'	gold='A'	complete=True	new_tokens=2	duration_s=11.24
CALL geometry3k_test_2605 oracle_corrupt_warned
OK	geometry3k_test_2605	oracle_corrupt_warned	pred='A'	gold='A'	complete=True	new_tokens=2	duration_s=11.18
CALL geometry3k_test_2605 oracle_corrupt_trusted
OK	geometry3k_test_2605	oracle_corrupt_trusted	pred='A'	gold='A'	complete=True	new_tokens=2	duration_s=11.17
CALL geometry3k_test_2606 raw
OK	geometry3k_test_2606	raw	pred='C'	gold='C'	complete=True	new_tokens=6	duration_s=10.86
CALL geometry3k_test_2606 oracle_full
OK	geometry3k_test_2606	oracle_full	pred='C'	gold='C'	complete=True	new_tokens=2	duration_s=12.55
CALL geometry3k_test_2606 oracle_topk3
OK	geometry3k_test_2606	oracle_topk3	pred='C'	gold='C'	complete=True	new_tokens=2	duration_s=10.80
CALL geometry3k_test_2606 oracle_topk6_cautious
OK	geometry3k_test_2606	oracle_topk6_cautious	pred='C'	gold='C'	complete=True	new_tokens=2	duration_s=11.15
CALL geometry3k_test_2606 oracle_topk3_trusted
OK	geometry3k_test_2606	oracle_topk3_trusted	pred='C'	gold='C'	complete=True	new_tokens=2	duration_s=10.81
CALL geometry3k_test_2606 oracle_topk6_trusted
OK	geometry3k_test_2606	oracle_topk6_trusted	pred='C'	gold='C'	complete=True	new_tokens=2	duration_s=11.13
CALL geometry3k_test_2606 oracle_corrupt_warned
OK	geometry3k_test_2606	oracle_corrupt_warned	pred='C'	gold='C'	complete=True	new_tokens=2	duration_s=11.14
CALL geometry3k_test_2606 oracle_corrupt_trusted
OK	geometry3k_test_2606	oracle_corrupt_trusted	pred='C'	gold='C'	complete=True	new_tokens=2	duration_s=11.12
CALL geometry3k_test_2607 raw
OK	geometry3k_test_2607	raw	pred='B'	gold='B'	complete=True	new_tokens=2	duration_s=4.98
CALL geometry3k_test_2607 oracle_full
OK	geometry3k_test_2607	oracle_full	pred='B'	gold='B'	complete=True	new_tokens=2	duration_s=7.30
CALL geometry3k_test_2607 oracle_topk3
OK	geometry3k_test_2607	oracle_topk3	pred='B'	gold='B'	complete=True	new_tokens=2	duration_s=5.34
CALL geometry3k_test_2607 oracle_topk6_cautious
OK	geometry3k_test_2607	oracle_topk6_cautious	pred='B'	gold='B'	complete=True	new_tokens=2	duration_s=5.56
CALL geometry3k_test_2607 oracle_topk3_trusted
OK	geometry3k_test_2607	oracle_topk3_trusted	pred='B'	gold='B'	complete=True	new_tokens=2	duration_s=5.31
CALL geometry3k_test_2607 oracle_topk6_trusted
OK	geometry3k_test_2607	oracle_topk6_trusted	pred='B'	gold='B'	complete=True	new_tokens=2	duration_s=5.57
CALL geometry3k_test_2607 oracle_corrupt_warned
OK	geometry3k_test_2607	oracle_corrupt_warned	pred='B'	gold='B'	complete=True	new_tokens=2	duration_s=5.56
CALL geometry3k_test_2607 oracle_corrupt_trusted
OK	geometry3k_test_2607	oracle_corrupt_trusted	pred='B'	gold='B'	complete=True	new_tokens=2	duration_s=5.58
CALL geometry3k_test_2608 raw
FAIL	geometry3k_test_2608	raw	pred='A'	gold='D'	complete=True	new_tokens=2	duration_s=4.23
CALL geometry3k_test_2608 oracle_full
FAIL	geometry3k_test_2608	oracle_full	pred='B'	gold='D'	complete=True	new_tokens=2	duration_s=5.87
CALL geometry3k_test_2608 oracle_topk3
FAIL	geometry3k_test_2608	oracle_topk3	pred='B'	gold='D'	complete=True	new_tokens=2	duration_s=4.56
CALL geometry3k_test_2608 oracle_topk6_cautious
FAIL	geometry3k_test_2608	oracle_topk6_cautious	pred=''	gold='D'	complete=False	new_tokens=32	duration_s=7.51
CALL geometry3k_test_2608 oracle_topk3_trusted
FAIL	geometry3k_test_2608	oracle_topk3_trusted	pred='B'	gold='D'	complete=True	new_tokens=2	duration_s=4.56
CALL geometry3k_test_2608 oracle_topk6_trusted
FAIL	geometry3k_test_2608	oracle_topk6_trusted	pred='B'	gold='D'	complete=True	new_tokens=2	duration_s=4.82
CALL geometry3k_test_2608 oracle_corrupt_warned
FAIL	geometry3k_test_2608	oracle_corrupt_warned	pred='B'	gold='D'	complete=True	new_tokens=2	duration_s=4.82
CALL geometry3k_test_2608 oracle_corrupt_trusted
FAIL	geometry3k_test_2608	oracle_corrupt_trusted	pred='B'	gold='D'	complete=True	new_tokens=2	duration_s=4.81
CALL geometry3k_test_2609 raw
OK	geometry3k_test_2609	raw	pred='C'	gold='C'	complete=True	new_tokens=2	duration_s=12.09
CALL geometry3k_test_2609 oracle_full
OK	geometry3k_test_2609	oracle_full	pred='C'	gold='C'	complete=True	new_tokens=2	duration_s=15.63
CALL geometry3k_test_2609 oracle_topk3
OK	geometry3k_test_2609	oracle_topk3	pred='C'	gold='C'	complete=True	new_tokens=2	duration_s=12.46
CALL geometry3k_test_2609 oracle_topk6_cautious
OK	geometry3k_test_2609	oracle_topk6_cautious	pred='C'	gold='C'	complete=True	new_tokens=2	duration_s=12.77
CALL geometry3k_test_2609 oracle_topk3_trusted
OK	geometry3k_test_2609	oracle_topk3_trusted	pred='C'	gold='C'	complete=True	new_tokens=2	duration_s=12.41
CALL geometry3k_test_2609 oracle_topk6_trusted
OK	geometry3k_test_2609	oracle_topk6_trusted	pred='C'	gold='C'	complete=True	new_tokens=2	duration_s=12.76
CALL geometry3k_test_2609 oracle_corrupt_warned
OK	geometry3k_test_2609	oracle_corrupt_warned	pred='C'	gold='C'	complete=True	new_tokens=2	duration_s=12.74
CALL geometry3k_test_2609 oracle_corrupt_trusted
OK	geometry3k_test_2609	oracle_corrupt_trusted	pred='C'	gold='C'	complete=True	new_tokens=2	duration_s=12.74
CALL geometry3k_test_2610 raw
OK	geometry3k_test_2610	raw	pred='A'	gold='A'	complete=True	new_tokens=2	duration_s=4.12
CALL geometry3k_test_2610 oracle_full
OK	geometry3k_test_2610	oracle_full	pred='A'	gold='A'	complete=True	new_tokens=2	duration_s=5.73
CALL geometry3k_test_2610 oracle_topk3
OK	geometry3k_test_2610	oracle_topk3	pred='A'	gold='A'	complete=True	new_tokens=2	duration_s=4.44
CALL geometry3k_test_2610 oracle_topk6_cautious
OK	geometry3k_test_2610	oracle_topk6_cautious	pred='A'	gold='A'	complete=True	new_tokens=2	duration_s=4.48
CALL geometry3k_test_2610 oracle_topk3_trusted
OK	geometry3k_test_2610	oracle_topk3_trusted	pred='A'	gold='A'	complete=True	new_tokens=2	duration_s=4.42
CALL geometry3k_test_2610 oracle_topk6_trusted
OK	geometry3k_test_2610	oracle_topk6_trusted	pred='A'	gold='A'	complete=True	new_tokens=2	duration_s=4.46
CALL geometry3k_test_2610 oracle_corrupt_warned
OK	geometry3k_test_2610	oracle_corrupt_warned	pred='A'	gold='A'	complete=True	new_tokens=2	duration_s=4.47
CALL geometry3k_test_2610 oracle_corrupt_trusted
OK	geometry3k_test_2610	oracle_corrupt_trusted	pred='A'	gold='A'	complete=True	new_tokens=2	duration_s=4.45
CALL geometry3k_test_2611 raw
FAIL	geometry3k_test_2611	raw	pred='B'	gold='D'	complete=True	new_tokens=2	duration_s=8.44
CALL geometry3k_test_2611 oracle_full
FAIL	geometry3k_test_2611	oracle_full	pred='B'	gold='D'	complete=True	new_tokens=2	duration_s=10.83
CALL geometry3k_test_2611 oracle_topk3
FAIL	geometry3k_test_2611	oracle_topk3	pred='B'	gold='D'	complete=True	new_tokens=2	duration_s=9.10
CALL geometry3k_test_2611 oracle_topk6_cautious
FAIL	geometry3k_test_2611	oracle_topk6_cautious	pred='B'	gold='D'	complete=True	new_tokens=2	duration_s=9.13
CALL geometry3k_test_2611 oracle_topk3_trusted
FAIL	geometry3k_test_2611	oracle_topk3_trusted	pred='B'	gold='D'	complete=True	new_tokens=2	duration_s=8.78
CALL geometry3k_test_2611 oracle_topk6_trusted
FAIL	geometry3k_test_2611	oracle_topk6_trusted	pred='B'	gold='D'	complete=True	new_tokens=2	duration_s=9.11
CALL geometry3k_test_2611 oracle_corrupt_warned
FAIL	geometry3k_test_2611	oracle_corrupt_warned	pred='B'	gold='D'	complete=True	new_tokens=2	duration_s=9.10
CALL geometry3k_test_2611 oracle_corrupt_trusted
FAIL	geometry3k_test_2611	oracle_corrupt_trusted	pred='B'	gold='D'	complete=True	new_tokens=2	duration_s=9.13
CALL geometry3k_test_2612 raw
OK	geometry3k_test_2612	raw	pred='C'	gold='C'	complete=True	new_tokens=2	duration_s=6.69
CALL geometry3k_test_2612 oracle_full
OK	geometry3k_test_2612	oracle_full	pred='C'	gold='C'	complete=True	new_tokens=2	duration_s=13.53
CALL geometry3k_test_2612 oracle_topk3
OK	geometry3k_test_2612	oracle_topk3	pred='C'	gold='C'	complete=True	new_tokens=2	duration_s=6.98
CALL geometry3k_test_2612 oracle_topk6_cautious
OK	geometry3k_test_2612	oracle_topk6_cautious	pred='C'	gold='C'	complete=True	new_tokens=2	duration_s=7.35
CALL geometry3k_test_2612 oracle_topk3_trusted
OK	geometry3k_test_2612	oracle_topk3_trusted	pred='C'	gold='C'	complete=True	new_tokens=2	duration_s=7.02
CALL geometry3k_test_2612 oracle_topk6_trusted
FAIL	geometry3k_test_2612	oracle_topk6_trusted	pred='B'	gold='C'	complete=True	new_tokens=2	duration_s=7.38
CALL geometry3k_test_2612 oracle_corrupt_warned
OK	geometry3k_test_2612	oracle_corrupt_warned	pred='C'	gold='C'	complete=True	new_tokens=2	duration_s=7.33
CALL geometry3k_test_2612 oracle_corrupt_trusted
OK	geometry3k_test_2612	oracle_corrupt_trusted	pred='C'	gold='C'	complete=True	new_tokens=2	duration_s=7.03
CALL geometry3k_test_2613 raw
FAIL	geometry3k_test_2613	raw	pred='B'	gold='A'	complete=True	new_tokens=2	duration_s=4.21
CALL geometry3k_test_2613 oracle_full
FAIL	geometry3k_test_2613	oracle_full	pred='B'	gold='A'	complete=True	new_tokens=2	duration_s=6.53
CALL geometry3k_test_2613 oracle_topk3
FAIL	geometry3k_test_2613	oracle_topk3	pred='B'	gold='A'	complete=True	new_tokens=2	duration_s=4.55
CALL geometry3k_test_2613 oracle_topk6_cautious
FAIL	geometry3k_test_2613	oracle_topk6_cautious	pred='B'	gold='A'	complete=True	new_tokens=2	duration_s=4.82
CALL geometry3k_test_2613 oracle_topk3_trusted
FAIL	geometry3k_test_2613	oracle_topk3_trusted	pred='B'	gold='A'	complete=True	new_tokens=2	duration_s=4.55
CALL geometry3k_test_2613 oracle_topk6_trusted
FAIL	geometry3k_test_2613	oracle_topk6_trusted	pred='B'	gold='A'	complete=True	new_tokens=2	duration_s=4.79
CALL geometry3k_test_2613 oracle_corrupt_warned
FAIL	geometry3k_test_2613	oracle_corrupt_warned	pred='B'	gold='A'	complete=True	new_tokens=2	duration_s=4.80
CALL geometry3k_test_2613 oracle_corrupt_trusted
FAIL	geometry3k_test_2613	oracle_corrupt_trusted	pred='B'	gold='A'	complete=True	new_tokens=2	duration_s=4.79
CALL geometry3k_test_2614 raw
OK	geometry3k_test_2614	raw	pred='B'	gold='B'	complete=True	new_tokens=2	duration_s=5.64
CALL geometry3k_test_2614 oracle_full
OK	geometry3k_test_2614	oracle_full	pred='B'	gold='B'	complete=True	new_tokens=2	duration_s=7.36
CALL geometry3k_test_2614 oracle_topk3
OK	geometry3k_test_2614	oracle_topk3	pred='B'	gold='B'	complete=True	new_tokens=2	duration_s=6.01
CALL geometry3k_test_2614 oracle_topk6_cautious
OK	geometry3k_test_2614	oracle_topk6_cautious	pred='B'	gold='B'	complete=True	new_tokens=2	duration_s=6.35
CALL geometry3k_test_2614 oracle_topk3_trusted
OK	geometry3k_test_2614	oracle_topk3_trusted	pred='B'	gold='B'	complete=True	new_tokens=2	duration_s=5.96
CALL geometry3k_test_2614 oracle_topk6_trusted
OK	geometry3k_test_2614	oracle_topk6_trusted	pred='B'	gold='B'	complete=True	new_tokens=2	duration_s=6.31
CALL geometry3k_test_2614 oracle_corrupt_warned
OK	geometry3k_test_2614	oracle_corrupt_warned	pred='B'	gold='B'	complete=True	new_tokens=2	duration_s=6.30
CALL geometry3k_test_2614 oracle_corrupt_trusted
OK	geometry3k_test_2614	oracle_corrupt_trusted	pred='B'	gold='B'	complete=True	new_tokens=2	duration_s=6.30
CALL geometry3k_test_2615 raw
FAIL	geometry3k_test_2615	raw	pred='D'	gold='B'	complete=True	new_tokens=2	duration_s=4.12
CALL geometry3k_test_2615 oracle_full
FAIL	geometry3k_test_2615	oracle_full	pred='D'	gold='B'	complete=True	new_tokens=2	duration_s=5.44
CALL geometry3k_test_2615 oracle_topk3
FAIL	geometry3k_test_2615	oracle_topk3	pred='D'	gold='B'	complete=True	new_tokens=2	duration_s=4.46
CALL geometry3k_test_2615 oracle_topk6_cautious
FAIL	geometry3k_test_2615	oracle_topk6_cautious	pred='D'	gold='B'	complete=True	new_tokens=2	duration_s=4.74
CALL geometry3k_test_2615 oracle_topk3_trusted
FAIL	geometry3k_test_2615	oracle_topk3_trusted	pred='D'	gold='B'	complete=True	new_tokens=2	duration_s=4.45
CALL geometry3k_test_2615 oracle_topk6_trusted
FAIL	geometry3k_test_2615	oracle_topk6_trusted	pred='D'	gold='B'	complete=True	new_tokens=2	duration_s=4.72
CALL geometry3k_test_2615 oracle_corrupt_warned
FAIL	geometry3k_test_2615	oracle_corrupt_warned	pred='D'	gold='B'	complete=True	new_tokens=2	duration_s=4.73
CALL geometry3k_test_2615 oracle_corrupt_trusted
FAIL	geometry3k_test_2615	oracle_corrupt_trusted	pred='D'	gold='B'	complete=True	new_tokens=2	duration_s=4.71
CALL geometry3k_test_2616 raw
OK	geometry3k_test_2616	raw	pred='C'	gold='C'	complete=True	new_tokens=2	duration_s=5.34
CALL geometry3k_test_2616 oracle_full
OK	geometry3k_test_2616	oracle_full	pred='C'	gold='C'	complete=True	new_tokens=2	duration_s=7.34
CALL geometry3k_test_2616 oracle_topk3
OK	geometry3k_test_2616	oracle_topk3	pred='C'	gold='C'	complete=True	new_tokens=2	duration_s=5.90
CALL geometry3k_test_2616 oracle_topk6_cautious
OK	geometry3k_test_2616	oracle_topk6_cautious	pred='C'	gold='C'	complete=True	new_tokens=2	duration_s=5.94
CALL geometry3k_test_2616 oracle_topk3_trusted
OK	geometry3k_test_2616	oracle_topk3_trusted	pred='C'	gold='C'	complete=True	new_tokens=2	duration_s=5.66
CALL geometry3k_test_2616 oracle_topk6_trusted
OK	geometry3k_test_2616	oracle_topk6_trusted	pred='C'	gold='C'	complete=True	new_tokens=2	duration_s=5.92
CALL geometry3k_test_2616 oracle_corrupt_warned
OK	geometry3k_test_2616	oracle_corrupt_warned	pred='C'	gold='C'	complete=True	new_tokens=2	duration_s=5.96
CALL geometry3k_test_2616 oracle_corrupt_trusted
OK	geometry3k_test_2616	oracle_corrupt_trusted	pred='C'	gold='C'	complete=True	new_tokens=2	duration_s=5.91
CALL geometry3k_test_2617 raw
OK	geometry3k_test_2617	raw	pred='B'	gold='B'	complete=True	new_tokens=2	duration_s=15.97
CALL geometry3k_test_2617 oracle_full
OK	geometry3k_test_2617	oracle_full	pred='B'	gold='B'	complete=True	new_tokens=2	duration_s=17.64
CALL geometry3k_test_2617 oracle_topk3
OK	geometry3k_test_2617	oracle_topk3	pred='B'	gold='B'	complete=True	new_tokens=2	duration_s=16.60
CALL geometry3k_test_2617 oracle_topk6_cautious
OK	geometry3k_test_2617	oracle_topk6_cautious	pred='B'	gold='B'	complete=True	new_tokens=2	duration_s=16.57
CALL geometry3k_test_2617 oracle_topk3_trusted
OK	geometry3k_test_2617	oracle_topk3_trusted	pred='B'	gold='B'	complete=True	new_tokens=2	duration_s=16.30
CALL geometry3k_test_2617 oracle_topk6_trusted
OK	geometry3k_test_2617	oracle_topk6_trusted	pred='B'	gold='B'	complete=True	new_tokens=2	duration_s=16.60
CALL geometry3k_test_2617 oracle_corrupt_warned
OK	geometry3k_test_2617	oracle_corrupt_warned	pred='B'	gold='B'	complete=True	new_tokens=2	duration_s=16.63
CALL geometry3k_test_2617 oracle_corrupt_trusted
OK	geometry3k_test_2617	oracle_corrupt_trusted	pred='B'	gold='B'	complete=True	new_tokens=2	duration_s=16.54
CALL geometry3k_test_2618 raw
FAIL	geometry3k_test_2618	raw	pred='B'	gold='C'	complete=True	new_tokens=12	duration_s=6.37
CALL geometry3k_test_2618 oracle_full
FAIL	geometry3k_test_2618	oracle_full	pred='B'	gold='C'	complete=True	new_tokens=12	duration_s=7.73
CALL geometry3k_test_2618 oracle_topk3
FAIL	geometry3k_test_2618	oracle_topk3	pred='B'	gold='C'	complete=True	new_tokens=2	duration_s=5.77
CALL geometry3k_test_2618 oracle_topk6_cautious
FAIL	geometry3k_test_2618	oracle_topk6_cautious	pred='B'	gold='C'	complete=True	new_tokens=2	duration_s=5.80
CALL geometry3k_test_2618 oracle_topk3_trusted
FAIL	geometry3k_test_2618	oracle_topk3_trusted	pred='B'	gold='C'	complete=True	new_tokens=2	duration_s=5.77
CALL geometry3k_test_2618 oracle_topk6_trusted
FAIL	geometry3k_test_2618	oracle_topk6_trusted	pred='B'	gold='C'	complete=True	new_tokens=2	duration_s=5.80
CALL geometry3k_test_2618 oracle_corrupt_warned
FAIL	geometry3k_test_2618	oracle_corrupt_warned	pred='B'	gold='C'	complete=True	new_tokens=2	duration_s=5.80
CALL geometry3k_test_2618 oracle_corrupt_trusted
FAIL	geometry3k_test_2618	oracle_corrupt_trusted	pred='B'	gold='C'	complete=True	new_tokens=2	duration_s=5.79
CALL geometry3k_test_2619 raw
OK	geometry3k_test_2619	raw	pred='D'	gold='D'	complete=True	new_tokens=2	duration_s=8.46
CALL geometry3k_test_2619 oracle_full
OK	geometry3k_test_2619	oracle_full	pred='D'	gold='D'	complete=True	new_tokens=2	duration_s=10.16
CALL geometry3k_test_2619 oracle_topk3
OK	geometry3k_test_2619	oracle_topk3	pred='D'	gold='D'	complete=True	new_tokens=6	duration_s=9.19
CALL geometry3k_test_2619 oracle_topk6_cautious
OK	geometry3k_test_2619	oracle_topk6_cautious	pred='D'	gold='D'	complete=True	new_tokens=6	duration_s=9.26
CALL geometry3k_test_2619 oracle_topk3_trusted
OK	geometry3k_test_2619	oracle_topk3_trusted	pred='D'	gold='D'	complete=True	new_tokens=2	duration_s=8.86
CALL geometry3k_test_2619 oracle_topk6_trusted
OK	geometry3k_test_2619	oracle_topk6_trusted	pred='D'	gold='D'	complete=True	new_tokens=6	duration_s=9.24
CALL geometry3k_test_2619 oracle_corrupt_warned
OK	geometry3k_test_2619	oracle_corrupt_warned	pred='D'	gold='D'	complete=True	new_tokens=6	duration_s=9.28
CALL geometry3k_test_2619 oracle_corrupt_trusted
OK	geometry3k_test_2619	oracle_corrupt_trusted	pred='D'	gold='D'	complete=True	new_tokens=2	duration_s=8.89
CALL geometry3k_test_2620 raw
OK	geometry3k_test_2620	raw	pred='B'	gold='B'	complete=True	new_tokens=11	duration_s=5.34
CALL geometry3k_test_2620 oracle_full
OK	geometry3k_test_2620	oracle_full	pred='B'	gold='B'	complete=True	new_tokens=11	duration_s=6.95
CALL geometry3k_test_2620 oracle_topk3
OK	geometry3k_test_2620	oracle_topk3	pred='B'	gold='B'	complete=True	new_tokens=11	duration_s=5.66
CALL geometry3k_test_2620 oracle_topk6_cautious
OK	geometry3k_test_2620	oracle_topk6_cautious	pred='B'	gold='B'	complete=True	new_tokens=11	duration_s=5.95
CALL geometry3k_test_2620 oracle_topk3_trusted
OK	geometry3k_test_2620	oracle_topk3_trusted	pred='B'	gold='B'	complete=True	new_tokens=11	duration_s=5.63
CALL geometry3k_test_2620 oracle_topk6_trusted
OK	geometry3k_test_2620	oracle_topk6_trusted	pred='B'	gold='B'	complete=True	new_tokens=11	duration_s=5.92
CALL geometry3k_test_2620 oracle_corrupt_warned
OK	geometry3k_test_2620	oracle_corrupt_warned	pred='B'	gold='B'	complete=True	new_tokens=2	duration_s=5.12
CALL geometry3k_test_2620 oracle_corrupt_trusted
OK	geometry3k_test_2620	oracle_corrupt_trusted	pred='B'	gold='B'	complete=True	new_tokens=2	duration_s=5.11
CALL geometry3k_test_2621 raw
OK	geometry3k_test_2621	raw	pred='C'	gold='C'	complete=True	new_tokens=2	duration_s=9.34
CALL geometry3k_test_2621 oracle_full
OK	geometry3k_test_2621	oracle_full	pred='C'	gold='C'	complete=True	new_tokens=2	duration_s=10.69
CALL geometry3k_test_2621 oracle_topk3
OK	geometry3k_test_2621	oracle_topk3	pred='C'	gold='C'	complete=True	new_tokens=2	duration_s=9.67
CALL geometry3k_test_2621 oracle_topk6_cautious
OK	geometry3k_test_2621	oracle_topk6_cautious	pred='C'	gold='C'	complete=True	new_tokens=2	duration_s=9.72
CALL geometry3k_test_2621 oracle_topk3_trusted
OK	geometry3k_test_2621	oracle_topk3_trusted	pred='C'	gold='C'	complete=True	new_tokens=2	duration_s=9.70
CALL geometry3k_test_2621 oracle_topk6_trusted
OK	geometry3k_test_2621	oracle_topk6_trusted	pred='C'	gold='C'	complete=True	new_tokens=2	duration_s=9.69
CALL geometry3k_test_2621 oracle_corrupt_warned
OK	geometry3k_test_2621	oracle_corrupt_warned	pred='C'	gold='C'	complete=True	new_tokens=2	duration_s=9.70
CALL geometry3k_test_2621 oracle_corrupt_trusted
OK	geometry3k_test_2621	oracle_corrupt_trusted	pred='C'	gold='C'	complete=True	new_tokens=2	duration_s=9.68
CALL geometry3k_test_2622 raw
OK	geometry3k_test_2622	raw	pred='A'	gold='A'	complete=True	new_tokens=2	duration_s=4.53
CALL geometry3k_test_2622 oracle_full
OK	geometry3k_test_2622	oracle_full	pred='A'	gold='A'	complete=True	new_tokens=2	duration_s=6.18
CALL geometry3k_test_2622 oracle_topk3
OK	geometry3k_test_2622	oracle_topk3	pred='A'	gold='A'	complete=True	new_tokens=2	duration_s=4.86
CALL geometry3k_test_2622 oracle_topk6_cautious
OK	geometry3k_test_2622	oracle_topk6_cautious	pred='A'	gold='A'	complete=True	new_tokens=2	duration_s=5.16
CALL geometry3k_test_2622 oracle_topk3_trusted
OK	geometry3k_test_2622	oracle_topk3_trusted	pred='A'	gold='A'	complete=True	new_tokens=2	duration_s=4.83
CALL geometry3k_test_2622 oracle_topk6_trusted
OK	geometry3k_test_2622	oracle_topk6_trusted	pred='A'	gold='A'	complete=True	new_tokens=2	duration_s=5.11
CALL geometry3k_test_2622 oracle_corrupt_warned
OK	geometry3k_test_2622	oracle_corrupt_warned	pred='A'	gold='A'	complete=True	new_tokens=2	duration_s=5.15
CALL geometry3k_test_2622 oracle_corrupt_trusted
OK	geometry3k_test_2622	oracle_corrupt_trusted	pred='A'	gold='A'	complete=True	new_tokens=2	duration_s=5.13
CALL geometry3k_test_2623 raw
OK	geometry3k_test_2623	raw	pred='C'	gold='C'	complete=True	new_tokens=2	duration_s=10.82
CALL geometry3k_test_2623 oracle_full
OK	geometry3k_test_2623	oracle_full	pred='C'	gold='C'	complete=True	new_tokens=2	duration_s=13.26
CALL geometry3k_test_2623 oracle_topk3
OK	geometry3k_test_2623	oracle_topk3	pred='C'	gold='C'	complete=True	new_tokens=2	duration_s=11.20
CALL geometry3k_test_2623 oracle_topk6_cautious
OK	geometry3k_test_2623	oracle_topk6_cautious	pred='C'	gold='C'	complete=True	new_tokens=2	duration_s=11.54
CALL geometry3k_test_2623 oracle_topk3_trusted
OK	geometry3k_test_2623	oracle_topk3_trusted	pred='C'	gold='C'	complete=True	new_tokens=2	duration_s=11.19
CALL geometry3k_test_2623 oracle_topk6_trusted
OK	geometry3k_test_2623	oracle_topk6_trusted	pred='C'	gold='C'	complete=True	new_tokens=2	duration_s=11.49
CALL geometry3k_test_2623 oracle_corrupt_warned
OK	geometry3k_test_2623	oracle_corrupt_warned	pred='C'	gold='C'	complete=True	new_tokens=2	duration_s=11.23
CALL geometry3k_test_2623 oracle_corrupt_trusted
OK	geometry3k_test_2623	oracle_corrupt_trusted	pred='C'	gold='C'	complete=True	new_tokens=2	duration_s=11.23
CALL geometry3k_test_2624 raw
OK	geometry3k_test_2624	raw	pred='B'	gold='B'	complete=True	new_tokens=2	duration_s=4.81
CALL geometry3k_test_2624 oracle_full
OK	geometry3k_test_2624	oracle_full	pred='B'	gold='B'	complete=True	new_tokens=2	duration_s=6.54
CALL geometry3k_test_2624 oracle_topk3
FAIL	geometry3k_test_2624	oracle_topk3	pred='C'	gold='B'	complete=True	new_tokens=2	duration_s=5.11
CALL geometry3k_test_2624 oracle_topk6_cautious
OK	geometry3k_test_2624	oracle_topk6_cautious	pred='B'	gold='B'	complete=True	new_tokens=2	duration_s=5.46
CALL geometry3k_test_2624 oracle_topk3_trusted
FAIL	geometry3k_test_2624	oracle_topk3_trusted	pred='C'	gold='B'	complete=True	new_tokens=2	duration_s=5.13
CALL geometry3k_test_2624 oracle_topk6_trusted
OK	geometry3k_test_2624	oracle_topk6_trusted	pred='B'	gold='B'	complete=True	new_tokens=2	duration_s=5.15
CALL geometry3k_test_2624 oracle_corrupt_warned
OK	geometry3k_test_2624	oracle_corrupt_warned	pred='B'	gold='B'	complete=True	new_tokens=2	duration_s=5.18
CALL geometry3k_test_2624 oracle_corrupt_trusted
OK	geometry3k_test_2624	oracle_corrupt_trusted	pred='B'	gold='B'	complete=True	new_tokens=2	duration_s=5.14
CALL geometry3k_test_2625 raw
FAIL	geometry3k_test_2625	raw	pred='C'	gold='A'	complete=True	new_tokens=2	duration_s=5.86
CALL geometry3k_test_2625 oracle_full
FAIL	geometry3k_test_2625	oracle_full	pred='B'	gold='A'	complete=True	new_tokens=2	duration_s=7.85
CALL geometry3k_test_2625 oracle_topk3
OK	geometry3k_test_2625	oracle_topk3	pred='A'	gold='A'	complete=True	new_tokens=2	duration_s=6.17
CALL geometry3k_test_2625 oracle_topk6_cautious
FAIL	geometry3k_test_2625	oracle_topk6_cautious	pred='C'	gold='A'	complete=True	new_tokens=2	duration_s=6.48
CALL geometry3k_test_2625 oracle_topk3_trusted
OK	geometry3k_test_2625	oracle_topk3_trusted	pred='A'	gold='A'	complete=True	new_tokens=2	duration_s=6.16
CALL geometry3k_test_2625 oracle_topk6_trusted
FAIL	geometry3k_test_2625	oracle_topk6_trusted	pred='B'	gold='A'	complete=True	new_tokens=2	duration_s=6.47
CALL geometry3k_test_2625 oracle_corrupt_warned
FAIL	geometry3k_test_2625	oracle_corrupt_warned	pred='B'	gold='A'	complete=True	new_tokens=2	duration_s=6.50
CALL geometry3k_test_2625 oracle_corrupt_trusted
FAIL	geometry3k_test_2625	oracle_corrupt_trusted	pred='C'	gold='A'	complete=True	new_tokens=2	duration_s=6.48
CALL geometry3k_test_2626 raw
OK	geometry3k_test_2626	raw	pred='C'	gold='C'	complete=True	new_tokens=2	duration_s=4.43
CALL geometry3k_test_2626 oracle_full
OK	geometry3k_test_2626	oracle_full	pred='C'	gold='C'	complete=True	new_tokens=2	duration_s=6.04
CALL geometry3k_test_2626 oracle_topk3
FAIL	geometry3k_test_2626	oracle_topk3	pred='D'	gold='C'	complete=True	new_tokens=2	duration_s=4.79
CALL geometry3k_test_2626 oracle_topk6_cautious
OK	geometry3k_test_2626	oracle_topk6_cautious	pred='C'	gold='C'	complete=True	new_tokens=2	duration_s=4.99
CALL geometry3k_test_2626 oracle_topk3_trusted
FAIL	geometry3k_test_2626	oracle_topk3_trusted	pred='D'	gold='C'	complete=True	new_tokens=2	duration_s=4.72
CALL geometry3k_test_2626 oracle_topk6_trusted
OK	geometry3k_test_2626	oracle_topk6_trusted	pred='C'	gold='C'	complete=True	new_tokens=2	duration_s=5.02
CALL geometry3k_test_2626 oracle_corrupt_warned
OK	geometry3k_test_2626	oracle_corrupt_warned	pred='C'	gold='C'	complete=True	new_tokens=2	duration_s=5.02
CALL geometry3k_test_2626 oracle_corrupt_trusted
OK	geometry3k_test_2626	oracle_corrupt_trusted	pred='C'	gold='C'	complete=True	new_tokens=2	duration_s=4.99
CALL geometry3k_test_2627 raw
FAIL	geometry3k_test_2627	raw	pred='B'	gold='A'	complete=True	new_tokens=2	duration_s=10.56
CALL geometry3k_test_2627 oracle_full
FAIL	geometry3k_test_2627	oracle_full	pred='B'	gold='A'	complete=True	new_tokens=2	duration_s=12.19
CALL geometry3k_test_2627 oracle_topk3
FAIL	geometry3k_test_2627	oracle_topk3	pred='B'	gold='A'	complete=True	new_tokens=2	duration_s=10.85
CALL geometry3k_test_2627 oracle_topk6_cautious
FAIL	geometry3k_test_2627	oracle_topk6_cautious	pred='B'	gold='A'	complete=True	new_tokens=2	duration_s=11.18
CALL geometry3k_test_2627 oracle_topk3_trusted
FAIL	geometry3k_test_2627	oracle_topk3_trusted	pred='B'	gold='A'	complete=True	new_tokens=2	duration_s=10.86
CALL geometry3k_test_2627 oracle_topk6_trusted
FAIL	geometry3k_test_2627	oracle_topk6_trusted	pred='B'	gold='A'	complete=True	new_tokens=2	duration_s=11.18
CALL geometry3k_test_2627 oracle_corrupt_warned
FAIL	geometry3k_test_2627	oracle_corrupt_warned	pred='B'	gold='A'	complete=True	new_tokens=2	duration_s=11.23
CALL geometry3k_test_2627 oracle_corrupt_trusted
FAIL	geometry3k_test_2627	oracle_corrupt_trusted	pred='B'	gold='A'	complete=True	new_tokens=2	duration_s=11.21
CALL geometry3k_test_2628 raw
FAIL	geometry3k_test_2628	raw	pred='B'	gold='A'	complete=True	new_tokens=2	duration_s=12.05
CALL geometry3k_test_2628 oracle_full
FAIL	geometry3k_test_2628	oracle_full	pred='B'	gold='A'	complete=True	new_tokens=2	duration_s=15.56
CALL geometry3k_test_2628 oracle_topk3
FAIL	geometry3k_test_2628	oracle_topk3	pred='B'	gold='A'	complete=True	new_tokens=2	duration_s=12.43
CALL geometry3k_test_2628 oracle_topk6_cautious
FAIL	geometry3k_test_2628	oracle_topk6_cautious	pred='B'	gold='A'	complete=True	new_tokens=2	duration_s=12.69
CALL geometry3k_test_2628 oracle_topk3_trusted
FAIL	geometry3k_test_2628	oracle_topk3_trusted	pred='B'	gold='A'	complete=True	new_tokens=2	duration_s=12.39
CALL geometry3k_test_2628 oracle_topk6_trusted
FAIL	geometry3k_test_2628	oracle_topk6_trusted	pred='B'	gold='A'	complete=True	new_tokens=2	duration_s=12.71
CALL geometry3k_test_2628 oracle_corrupt_warned
FAIL	geometry3k_test_2628	oracle_corrupt_warned	pred='B'	gold='A'	complete=True	new_tokens=2	duration_s=12.71
CALL geometry3k_test_2628 oracle_corrupt_trusted
FAIL	geometry3k_test_2628	oracle_corrupt_trusted	pred='B'	gold='A'	complete=True	new_tokens=2	duration_s=12.68
CALL geometry3k_test_2629 raw
FAIL	geometry3k_test_2629	raw	pred='A'	gold='D'	complete=True	new_tokens=2	duration_s=6.34
CALL geometry3k_test_2629 oracle_full
FAIL	geometry3k_test_2629	oracle_full	pred='A'	gold='D'	complete=True	new_tokens=2	duration_s=11.30
CALL geometry3k_test_2629 oracle_topk3
FAIL	geometry3k_test_2629	oracle_topk3	pred='A'	gold='D'	complete=True	new_tokens=2	duration_s=6.67
CALL geometry3k_test_2629 oracle_topk6_cautious
FAIL	geometry3k_test_2629	oracle_topk6_cautious	pred='A'	gold='D'	complete=True	new_tokens=2	duration_s=7.00
CALL geometry3k_test_2629 oracle_topk3_trusted
FAIL	geometry3k_test_2629	oracle_topk3_trusted	pred='A'	gold='D'	complete=True	new_tokens=2	duration_s=6.68
CALL geometry3k_test_2629 oracle_topk6_trusted
FAIL	geometry3k_test_2629	oracle_topk6_trusted	pred='A'	gold='D'	complete=True	new_tokens=2	duration_s=7.00
CALL geometry3k_test_2629 oracle_corrupt_warned
FAIL	geometry3k_test_2629	oracle_corrupt_warned	pred='A'	gold='D'	complete=True	new_tokens=2	duration_s=7.04
CALL geometry3k_test_2629 oracle_corrupt_trusted
FAIL	geometry3k_test_2629	oracle_corrupt_trusted	pred='A'	gold='D'	complete=True	new_tokens=2	duration_s=7.04
CALL geometry3k_test_2630 raw
FAIL	geometry3k_test_2630	raw	pred='C'	gold='B'	complete=True	new_tokens=2	duration_s=4.99
CALL geometry3k_test_2630 oracle_full
FAIL	geometry3k_test_2630	oracle_full	pred='C'	gold='B'	complete=True	new_tokens=2	duration_s=7.74
CALL geometry3k_test_2630 oracle_topk3
FAIL	geometry3k_test_2630	oracle_topk3	pred='C'	gold='B'	complete=True	new_tokens=2	duration_s=5.30
CALL geometry3k_test_2630 oracle_topk6_cautious
FAIL	geometry3k_test_2630	oracle_topk6_cautious	pred='C'	gold='B'	complete=True	new_tokens=2	duration_s=5.65
CALL geometry3k_test_2630 oracle_topk3_trusted
FAIL	geometry3k_test_2630	oracle_topk3_trusted	pred='C'	gold='B'	complete=True	new_tokens=2	duration_s=5.33
CALL geometry3k_test_2630 oracle_topk6_trusted
FAIL	geometry3k_test_2630	oracle_topk6_trusted	pred='C'	gold='B'	complete=True	new_tokens=2	duration_s=5.63
CALL geometry3k_test_2630 oracle_corrupt_warned
FAIL	geometry3k_test_2630	oracle_corrupt_warned	pred='C'	gold='B'	complete=True	new_tokens=2	duration_s=5.63
CALL geometry3k_test_2630 oracle_corrupt_trusted
FAIL	geometry3k_test_2630	oracle_corrupt_trusted	pred='C'	gold='B'	complete=True	new_tokens=2	duration_s=5.62
CALL geometry3k_test_2631 raw
OK	geometry3k_test_2631	raw	pred='B'	gold='B'	complete=True	new_tokens=2	duration_s=7.14
CALL geometry3k_test_2631 oracle_full
OK	geometry3k_test_2631	oracle_full	pred='B'	gold='B'	complete=True	new_tokens=2	duration_s=9.56
CALL geometry3k_test_2631 oracle_topk3
OK	geometry3k_test_2631	oracle_topk3	pred='B'	gold='B'	complete=True	new_tokens=2	duration_s=7.43
CALL geometry3k_test_2631 oracle_topk6_cautious
OK	geometry3k_test_2631	oracle_topk6_cautious	pred='B'	gold='B'	complete=True	new_tokens=2	duration_s=7.78
CALL geometry3k_test_2631 oracle_topk3_trusted
OK	geometry3k_test_2631	oracle_topk3_trusted	pred='B'	gold='B'	complete=True	new_tokens=2	duration_s=7.45
CALL geometry3k_test_2631 oracle_topk6_trusted
OK	geometry3k_test_2631	oracle_topk6_trusted	pred='B'	gold='B'	complete=True	new_tokens=2	duration_s=7.79
CALL geometry3k_test_2631 oracle_corrupt_warned
OK	geometry3k_test_2631	oracle_corrupt_warned	pred='B'	gold='B'	complete=True	new_tokens=2	duration_s=7.78
CALL geometry3k_test_2631 oracle_corrupt_trusted
OK	geometry3k_test_2631	oracle_corrupt_trusted	pred='B'	gold='B'	complete=True	new_tokens=2	duration_s=7.76
CALL geometry3k_test_2632 raw
OK	geometry3k_test_2632	raw	pred='A'	gold='A'	complete=True	new_tokens=2	duration_s=7.62
CALL geometry3k_test_2632 oracle_full
OK	geometry3k_test_2632	oracle_full	pred='A'	gold='A'	complete=True	new_tokens=2	duration_s=9.98
CALL geometry3k_test_2632 oracle_topk3
OK	geometry3k_test_2632	oracle_topk3	pred='A'	gold='A'	complete=True	new_tokens=2	duration_s=7.98
CALL geometry3k_test_2632 oracle_topk6_cautious
OK	geometry3k_test_2632	oracle_topk6_cautious	pred='A'	gold='A'	complete=True	new_tokens=2	duration_s=8.31
CALL geometry3k_test_2632 oracle_topk3_trusted
OK	geometry3k_test_2632	oracle_topk3_trusted	pred='A'	gold='A'	complete=True	new_tokens=2	duration_s=7.98
CALL geometry3k_test_2632 oracle_topk6_trusted
OK	geometry3k_test_2632	oracle_topk6_trusted	pred='A'	gold='A'	complete=True	new_tokens=2	duration_s=8.26
CALL geometry3k_test_2632 oracle_corrupt_warned
OK	geometry3k_test_2632	oracle_corrupt_warned	pred='A'	gold='A'	complete=True	new_tokens=2	duration_s=8.30
CALL geometry3k_test_2632 oracle_corrupt_trusted
OK	geometry3k_test_2632	oracle_corrupt_trusted	pred='A'	gold='A'	complete=True	new_tokens=2	duration_s=8.30
CALL geometry3k_test_2633 raw
FAIL	geometry3k_test_2633	raw	pred='B'	gold='A'	complete=True	new_tokens=2	duration_s=5.22
CALL geometry3k_test_2633 oracle_full
FAIL	geometry3k_test_2633	oracle_full	pred='B'	gold='A'	complete=True	new_tokens=2	duration_s=7.94
CALL geometry3k_test_2633 oracle_topk3
FAIL	geometry3k_test_2633	oracle_topk3	pred='B'	gold='A'	complete=True	new_tokens=2	duration_s=5.51
CALL geometry3k_test_2633 oracle_topk6_cautious
FAIL	geometry3k_test_2633	oracle_topk6_cautious	pred='B'	gold='A'	complete=True	new_tokens=2	duration_s=5.59
CALL geometry3k_test_2633 oracle_topk3_trusted
FAIL	geometry3k_test_2633	oracle_topk3_trusted	pred='B'	gold='A'	complete=True	new_tokens=2	duration_s=5.53
CALL geometry3k_test_2633 oracle_topk6_trusted
FAIL	geometry3k_test_2633	oracle_topk6_trusted	pred='B'	gold='A'	complete=True	new_tokens=2	duration_s=5.58
CALL geometry3k_test_2633 oracle_corrupt_warned
FAIL	geometry3k_test_2633	oracle_corrupt_warned	pred='B'	gold='A'	complete=True	new_tokens=2	duration_s=5.59
CALL geometry3k_test_2633 oracle_corrupt_trusted
FAIL	geometry3k_test_2633	oracle_corrupt_trusted	pred='B'	gold='A'	complete=True	new_tokens=2	duration_s=5.59
CALL geometry3k_test_2634 raw
OK	geometry3k_test_2634	raw	pred='C'	gold='C'	complete=True	new_tokens=2	duration_s=19.11
CALL geometry3k_test_2634 oracle_full
OK	geometry3k_test_2634	oracle_full	pred='C'	gold='C'	complete=True	new_tokens=2	duration_s=21.50
CALL geometry3k_test_2634 oracle_topk3
OK	geometry3k_test_2634	oracle_topk3	pred='C'	gold='C'	complete=True	new_tokens=2	duration_s=19.43
CALL geometry3k_test_2634 oracle_topk6_cautious
OK	geometry3k_test_2634	oracle_topk6_cautious	pred='C'	gold='C'	complete=True	new_tokens=2	duration_s=19.72
CALL geometry3k_test_2634 oracle_topk3_trusted
OK	geometry3k_test_2634	oracle_topk3_trusted	pred='C'	gold='C'	complete=True	new_tokens=2	duration_s=19.41
CALL geometry3k_test_2634 oracle_topk6_trusted
OK	geometry3k_test_2634	oracle_topk6_trusted	pred='C'	gold='C'	complete=True	new_tokens=2	duration_s=19.72
CALL geometry3k_test_2634 oracle_corrupt_warned
OK	geometry3k_test_2634	oracle_corrupt_warned	pred='C'	gold='C'	complete=True	new_tokens=2	duration_s=19.72
CALL geometry3k_test_2634 oracle_corrupt_trusted
OK	geometry3k_test_2634	oracle_corrupt_trusted	pred='C'	gold='C'	complete=True	new_tokens=2	duration_s=19.69
CALL geometry3k_test_2635 raw
FAIL	geometry3k_test_2635	raw	pred='C'	gold='D'	complete=True	new_tokens=2	duration_s=6.72
CALL geometry3k_test_2635 oracle_full
FAIL	geometry3k_test_2635	oracle_full	pred='C'	gold='D'	complete=True	new_tokens=2	duration_s=9.37
CALL geometry3k_test_2635 oracle_topk3
OK	geometry3k_test_2635	oracle_topk3	pred='D'	gold='D'	complete=True	new_tokens=2	duration_s=7.03
CALL geometry3k_test_2635 oracle_topk6_cautious
OK	geometry3k_test_2635	oracle_topk6_cautious	pred='D'	gold='D'	complete=True	new_tokens=2	duration_s=7.36
CALL geometry3k_test_2635 oracle_topk3_trusted
OK	geometry3k_test_2635	oracle_topk3_trusted	pred='D'	gold='D'	complete=True	new_tokens=2	duration_s=6.99
CALL geometry3k_test_2635 oracle_topk6_trusted
OK	geometry3k_test_2635	oracle_topk6_trusted	pred='D'	gold='D'	complete=True	new_tokens=6	duration_s=7.69
CALL geometry3k_test_2635 oracle_corrupt_warned
OK	geometry3k_test_2635	oracle_corrupt_warned	pred='D'	gold='D'	complete=True	new_tokens=2	duration_s=7.33
CALL geometry3k_test_2635 oracle_corrupt_trusted
OK	geometry3k_test_2635	oracle_corrupt_trusted	pred='D'	gold='D'	complete=True	new_tokens=6	duration_s=7.41
CALL geometry3k_test_2636 raw
FAIL	geometry3k_test_2636	raw	pred='B'	gold='C'	complete=True	new_tokens=7	duration_s=6.42
CALL geometry3k_test_2636 oracle_full
FAIL	geometry3k_test_2636	oracle_full	pred='B'	gold='C'	complete=True	new_tokens=2	duration_s=8.35
CALL geometry3k_test_2636 oracle_topk3
FAIL	geometry3k_test_2636	oracle_topk3	pred='B'	gold='C'	complete=True	new_tokens=2	duration_s=6.27
CALL geometry3k_test_2636 oracle_topk6_cautious
FAIL	geometry3k_test_2636	oracle_topk6_cautious	pred='B'	gold='C'	complete=True	new_tokens=2	duration_s=6.33
CALL geometry3k_test_2636 oracle_topk3_trusted
FAIL	geometry3k_test_2636	oracle_topk3_trusted	pred='B'	gold='C'	complete=True	new_tokens=2	duration_s=6.28
CALL geometry3k_test_2636 oracle_topk6_trusted
FAIL	geometry3k_test_2636	oracle_topk6_trusted	pred='B'	gold='C'	complete=True	new_tokens=2	duration_s=6.33
CALL geometry3k_test_2636 oracle_corrupt_warned
FAIL	geometry3k_test_2636	oracle_corrupt_warned	pred='B'	gold='C'	complete=True	new_tokens=2	duration_s=6.33
CALL geometry3k_test_2636 oracle_corrupt_trusted
FAIL	geometry3k_test_2636	oracle_corrupt_trusted	pred='B'	gold='C'	complete=True	new_tokens=2	duration_s=6.31
CALL geometry3k_test_2637 raw
FAIL	geometry3k_test_2637	raw	pred='C'	gold='A'	complete=True	new_tokens=8	duration_s=6.51
CALL geometry3k_test_2637 oracle_full
FAIL	geometry3k_test_2637	oracle_full	pred='C'	gold='A'	complete=True	new_tokens=2	duration_s=7.33
CALL geometry3k_test_2637 oracle_topk3
FAIL	geometry3k_test_2637	oracle_topk3	pred='C'	gold='A'	complete=True	new_tokens=2	duration_s=6.28
CALL geometry3k_test_2637 oracle_topk6_cautious
FAIL	geometry3k_test_2637	oracle_topk6_cautious	pred='C'	gold='A'	complete=True	new_tokens=2	duration_s=6.32
CALL geometry3k_test_2637 oracle_topk3_trusted
FAIL	geometry3k_test_2637	oracle_topk3_trusted	pred='C'	gold='A'	complete=True	new_tokens=8	duration_s=6.82
CALL geometry3k_test_2637 oracle_topk6_trusted
FAIL	geometry3k_test_2637	oracle_topk6_trusted	pred='C'	gold='A'	complete=True	new_tokens=2	duration_s=6.30
CALL geometry3k_test_2637 oracle_corrupt_warned
FAIL	geometry3k_test_2637	oracle_corrupt_warned	pred='C'	gold='A'	complete=True	new_tokens=2	duration_s=6.29
CALL geometry3k_test_2637 oracle_corrupt_trusted
FAIL	geometry3k_test_2637	oracle_corrupt_trusted	pred='C'	gold='A'	complete=True	new_tokens=2	duration_s=6.26
CALL geometry3k_test_2638 raw
FAIL	geometry3k_test_2638	raw	pred='C'	gold='B'	complete=True	new_tokens=2	duration_s=4.15
CALL geometry3k_test_2638 oracle_full
FAIL	geometry3k_test_2638	oracle_full	pred='C'	gold='B'	complete=True	new_tokens=2	duration_s=6.45
CALL geometry3k_test_2638 oracle_topk3
FAIL	geometry3k_test_2638	oracle_topk3	pred='C'	gold='B'	complete=True	new_tokens=2	duration_s=4.73
CALL geometry3k_test_2638 oracle_topk6_cautious
FAIL	geometry3k_test_2638	oracle_topk6_cautious	pred='C'	gold='B'	complete=True	new_tokens=2	duration_s=5.05
CALL geometry3k_test_2638 oracle_topk3_trusted
FAIL	geometry3k_test_2638	oracle_topk3_trusted	pred='C'	gold='B'	complete=True	new_tokens=2	duration_s=4.72
CALL geometry3k_test_2638 oracle_topk6_trusted
FAIL	geometry3k_test_2638	oracle_topk6_trusted	pred='C'	gold='B'	complete=True	new_tokens=2	duration_s=4.78
CALL geometry3k_test_2638 oracle_corrupt_warned
FAIL	geometry3k_test_2638	oracle_corrupt_warned	pred='C'	gold='B'	complete=True	new_tokens=2	duration_s=4.77
CALL geometry3k_test_2638 oracle_corrupt_trusted
FAIL	geometry3k_test_2638	oracle_corrupt_trusted	pred='C'	gold='B'	complete=True	new_tokens=2	duration_s=4.77
CALL geometry3k_test_2639 raw
OK	geometry3k_test_2639	raw	pred='C'	gold='C'	complete=True	new_tokens=2	duration_s=9.75
CALL geometry3k_test_2639 oracle_full
OK	geometry3k_test_2639	oracle_full	pred='C'	gold='C'	complete=True	new_tokens=2	duration_s=12.11
CALL geometry3k_test_2639 oracle_topk3
OK	geometry3k_test_2639	oracle_topk3	pred='C'	gold='C'	complete=True	new_tokens=2	duration_s=10.11
CALL geometry3k_test_2639 oracle_topk6_cautious
OK	geometry3k_test_2639	oracle_topk6_cautious	pred='C'	gold='C'	complete=True	new_tokens=2	duration_s=10.43
CALL geometry3k_test_2639 oracle_topk3_trusted
OK	geometry3k_test_2639	oracle_topk3_trusted	pred='C'	gold='C'	complete=True	new_tokens=2	duration_s=10.08
CALL geometry3k_test_2639 oracle_topk6_trusted
OK	geometry3k_test_2639	oracle_topk6_trusted	pred='C'	gold='C'	complete=True	new_tokens=2	duration_s=10.42
CALL geometry3k_test_2639 oracle_corrupt_warned
OK	geometry3k_test_2639	oracle_corrupt_warned	pred='C'	gold='C'	complete=True	new_tokens=2	duration_s=10.34
CALL geometry3k_test_2639 oracle_corrupt_trusted
OK	geometry3k_test_2639	oracle_corrupt_trusted	pred='C'	gold='C'	complete=True	new_tokens=2	duration_s=10.41
CALL geometry3k_test_2640 raw
OK	geometry3k_test_2640	raw	pred='A'	gold='A'	complete=True	new_tokens=2	duration_s=4.20
CALL geometry3k_test_2640 oracle_full
FAIL	geometry3k_test_2640	oracle_full	pred='B'	gold='A'	complete=True	new_tokens=2	duration_s=6.48
CALL geometry3k_test_2640 oracle_topk3
OK	geometry3k_test_2640	oracle_topk3	pred='A'	gold='A'	complete=True	new_tokens=2	duration_s=4.52
CALL geometry3k_test_2640 oracle_topk6_cautious
OK	geometry3k_test_2640	oracle_topk6_cautious	pred='A'	gold='A'	complete=True	new_tokens=2	duration_s=4.80
CALL geometry3k_test_2640 oracle_topk3_trusted
FAIL	geometry3k_test_2640	oracle_topk3_trusted	pred='B'	gold='A'	complete=True	new_tokens=2	duration_s=4.57
CALL geometry3k_test_2640 oracle_topk6_trusted
FAIL	geometry3k_test_2640	oracle_topk6_trusted	pred='B'	gold='A'	complete=True	new_tokens=2	duration_s=4.80
CALL geometry3k_test_2640 oracle_corrupt_warned
FAIL	geometry3k_test_2640	oracle_corrupt_warned	pred='B'	gold='A'	complete=True	new_tokens=2	duration_s=4.81
CALL geometry3k_test_2640 oracle_corrupt_trusted
FAIL	geometry3k_test_2640	oracle_corrupt_trusted	pred='B'	gold='A'	complete=True	new_tokens=2	duration_s=4.81
CALL geometry3k_test_2641 raw
OK	geometry3k_test_2641	raw	pred='B'	gold='B'	complete=True	new_tokens=2	duration_s=15.24
CALL geometry3k_test_2641 oracle_full
OK	geometry3k_test_2641	oracle_full	pred='B'	gold='B'	complete=True	new_tokens=2	duration_s=16.66
CALL geometry3k_test_2641 oracle_topk3
OK	geometry3k_test_2641	oracle_topk3	pred='B'	gold='B'	complete=True	new_tokens=2	duration_s=15.63
CALL geometry3k_test_2641 oracle_topk6_cautious
OK	geometry3k_test_2641	oracle_topk6_cautious	pred='B'	gold='B'	complete=True	new_tokens=2	duration_s=15.65
CALL geometry3k_test_2641 oracle_topk3_trusted
OK	geometry3k_test_2641	oracle_topk3_trusted	pred='B'	gold='B'	complete=True	new_tokens=2	duration_s=15.60
CALL geometry3k_test_2641 oracle_topk6_trusted
OK	geometry3k_test_2641	oracle_topk6_trusted	pred='B'	gold='B'	complete=True	new_tokens=2	duration_s=15.63
CALL geometry3k_test_2641 oracle_corrupt_warned
OK	geometry3k_test_2641	oracle_corrupt_warned	pred='B'	gold='B'	complete=True	new_tokens=2	duration_s=15.66
CALL geometry3k_test_2641 oracle_corrupt_trusted
OK	geometry3k_test_2641	oracle_corrupt_trusted	pred='B'	gold='B'	complete=True	new_tokens=2	duration_s=15.58
CALL geometry3k_test_2642 raw
FAIL	geometry3k_test_2642	raw	pred='B'	gold='A'	complete=True	new_tokens=2	duration_s=4.21
CALL geometry3k_test_2642 oracle_full
FAIL	geometry3k_test_2642	oracle_full	pred='B'	gold='A'	complete=True	new_tokens=2	duration_s=6.49
CALL geometry3k_test_2642 oracle_topk3
FAIL	geometry3k_test_2642	oracle_topk3	pred='B'	gold='A'	complete=True	new_tokens=2	duration_s=4.54
CALL geometry3k_test_2642 oracle_topk6_cautious
FAIL	geometry3k_test_2642	oracle_topk6_cautious	pred='B'	gold='A'	complete=True	new_tokens=2	duration_s=4.77
CALL geometry3k_test_2642 oracle_topk3_trusted
FAIL	geometry3k_test_2642	oracle_topk3_trusted	pred='B'	gold='A'	complete=True	new_tokens=2	duration_s=4.52
CALL geometry3k_test_2642 oracle_topk6_trusted
FAIL	geometry3k_test_2642	oracle_topk6_trusted	pred='B'	gold='A'	complete=True	new_tokens=2	duration_s=4.77
CALL geometry3k_test_2642 oracle_corrupt_warned
FAIL	geometry3k_test_2642	oracle_corrupt_warned	pred='B'	gold='A'	complete=True	new_tokens=2	duration_s=4.77
CALL geometry3k_test_2642 oracle_corrupt_trusted
FAIL	geometry3k_test_2642	oracle_corrupt_trusted	pred='B'	gold='A'	complete=True	new_tokens=2	duration_s=4.77
CALL geometry3k_test_2643 raw
FAIL	geometry3k_test_2643	raw	pred='B'	gold='D'	complete=True	new_tokens=2	duration_s=4.94
CALL geometry3k_test_2643 oracle_full
FAIL	geometry3k_test_2643	oracle_full	pred='B'	gold='D'	complete=True	new_tokens=2	duration_s=7.29
CALL geometry3k_test_2643 oracle_topk3
FAIL	geometry3k_test_2643	oracle_topk3	pred='B'	gold='D'	complete=True	new_tokens=2	duration_s=5.31
CALL geometry3k_test_2643 oracle_topk6_cautious
FAIL	geometry3k_test_2643	oracle_topk6_cautious	pred='B'	gold='D'	complete=True	new_tokens=2	duration_s=5.55
CALL geometry3k_test_2643 oracle_topk3_trusted
FAIL	geometry3k_test_2643	oracle_topk3_trusted	pred='B'	gold='D'	complete=True	new_tokens=2	duration_s=5.30
CALL geometry3k_test_2643 oracle_topk6_trusted
FAIL	geometry3k_test_2643	oracle_topk6_trusted	pred='B'	gold='D'	complete=True	new_tokens=2	duration_s=5.55
CALL geometry3k_test_2643 oracle_corrupt_warned
FAIL	geometry3k_test_2643	oracle_corrupt_warned	pred='B'	gold='D'	complete=True	new_tokens=2	duration_s=5.58
CALL geometry3k_test_2643 oracle_corrupt_trusted
FAIL	geometry3k_test_2643	oracle_corrupt_trusted	pred='B'	gold='D'	complete=True	new_tokens=2	duration_s=5.53
CALL geometry3k_test_2644 raw
FAIL	geometry3k_test_2644	raw	pred='C'	gold='D'	complete=True	new_tokens=2	duration_s=10.48
CALL geometry3k_test_2644 oracle_full
FAIL	geometry3k_test_2644	oracle_full	pred='C'	gold='D'	complete=True	new_tokens=2	duration_s=12.56
CALL geometry3k_test_2644 oracle_topk3
FAIL	geometry3k_test_2644	oracle_topk3	pred='C'	gold='D'	complete=True	new_tokens=2	duration_s=10.89
CALL geometry3k_test_2644 oracle_topk6_cautious
FAIL	geometry3k_test_2644	oracle_topk6_cautious	pred='C'	gold='D'	complete=True	new_tokens=2	duration_s=11.16
CALL geometry3k_test_2644 oracle_topk3_trusted
FAIL	geometry3k_test_2644	oracle_topk3_trusted	pred='C'	gold='D'	complete=True	new_tokens=2	duration_s=10.87
CALL geometry3k_test_2644 oracle_topk6_trusted
FAIL	geometry3k_test_2644	oracle_topk6_trusted	pred='C'	gold='D'	complete=True	new_tokens=2	duration_s=11.21
CALL geometry3k_test_2644 oracle_corrupt_warned
FAIL	geometry3k_test_2644	oracle_corrupt_warned	pred='C'	gold='D'	complete=True	new_tokens=2	duration_s=11.14
CALL geometry3k_test_2644 oracle_corrupt_trusted
FAIL	geometry3k_test_2644	oracle_corrupt_trusted	pred='C'	gold='D'	complete=True	new_tokens=2	duration_s=11.19
CALL geometry3k_test_2645 raw
FAIL	geometry3k_test_2645	raw	pred='C'	gold='A'	complete=True	new_tokens=2	duration_s=4.13
CALL geometry3k_test_2645 oracle_full
FAIL	geometry3k_test_2645	oracle_full	pred='C'	gold='A'	complete=True	new_tokens=2	duration_s=5.39
CALL geometry3k_test_2645 oracle_topk3
FAIL	geometry3k_test_2645	oracle_topk3	pred='C'	gold='A'	complete=True	new_tokens=2	duration_s=4.42
CALL geometry3k_test_2645 oracle_topk6_cautious
OK	geometry3k_test_2645	oracle_topk6_cautious	pred='A'	gold='A'	complete=True	new_tokens=2	duration_s=4.69
CALL geometry3k_test_2645 oracle_topk3_trusted
FAIL	geometry3k_test_2645	oracle_topk3_trusted	pred='C'	gold='A'	complete=True	new_tokens=2	duration_s=4.41
CALL geometry3k_test_2645 oracle_topk6_trusted
OK	geometry3k_test_2645	oracle_topk6_trusted	pred='A'	gold='A'	complete=True	new_tokens=2	duration_s=4.68
CALL geometry3k_test_2645 oracle_corrupt_warned
FAIL	geometry3k_test_2645	oracle_corrupt_warned	pred='C'	gold='A'	complete=True	new_tokens=2	duration_s=4.48
CALL geometry3k_test_2645 oracle_corrupt_trusted
FAIL	geometry3k_test_2645	oracle_corrupt_trusted	pred='C'	gold='A'	complete=True	new_tokens=2	duration_s=4.47
CALL geometry3k_test_2646 raw
OK	geometry3k_test_2646	raw	pred='B'	gold='B'	complete=True	new_tokens=2	duration_s=4.21
CALL geometry3k_test_2646 oracle_full
OK	geometry3k_test_2646	oracle_full	pred='B'	gold='B'	complete=True	new_tokens=2	duration_s=5.53
CALL geometry3k_test_2646 oracle_topk3
FAIL	geometry3k_test_2646	oracle_topk3	pred='C'	gold='B'	complete=True	new_tokens=2	duration_s=4.55
CALL geometry3k_test_2646 oracle_topk6_cautious
FAIL	geometry3k_test_2646	oracle_topk6_cautious	pred='C'	gold='B'	complete=True	new_tokens=5	duration_s=4.81
CALL geometry3k_test_2646 oracle_topk3_trusted
OK	geometry3k_test_2646	oracle_topk3_trusted	pred='B'	gold='B'	complete=True	new_tokens=2	duration_s=4.53
CALL geometry3k_test_2646 oracle_topk6_trusted
OK	geometry3k_test_2646	oracle_topk6_trusted	pred='B'	gold='B'	complete=True	new_tokens=2	duration_s=4.57
CALL geometry3k_test_2646 oracle_corrupt_warned
OK	geometry3k_test_2646	oracle_corrupt_warned	pred='B'	gold='B'	complete=True	new_tokens=2	duration_s=4.55
CALL geometry3k_test_2646 oracle_corrupt_trusted
FAIL	geometry3k_test_2646	oracle_corrupt_trusted	pred='C'	gold='B'	complete=True	new_tokens=2	duration_s=4.54
CALL geometry3k_test_2647 raw
OK	geometry3k_test_2647	raw	pred='B'	gold='B'	complete=True	new_tokens=2	duration_s=4.88
CALL geometry3k_test_2647 oracle_full
FAIL	geometry3k_test_2647	oracle_full	pred='C'	gold='B'	complete=True	new_tokens=2	duration_s=7.52
CALL geometry3k_test_2647 oracle_topk3
FAIL	geometry3k_test_2647	oracle_topk3	pred='C'	gold='B'	complete=True	new_tokens=2	duration_s=5.17
CALL geometry3k_test_2647 oracle_topk6_cautious
OK	geometry3k_test_2647	oracle_topk6_cautious	pred='B'	gold='B'	complete=True	new_tokens=2	duration_s=5.46
CALL geometry3k_test_2647 oracle_topk3_trusted
OK	geometry3k_test_2647	oracle_topk3_trusted	pred='B'	gold='B'	complete=True	new_tokens=2	duration_s=5.19
CALL geometry3k_test_2647 oracle_topk6_trusted
OK	geometry3k_test_2647	oracle_topk6_trusted	pred='B'	gold='B'	complete=True	new_tokens=2	duration_s=5.47
CALL geometry3k_test_2647 oracle_corrupt_warned
OK	geometry3k_test_2647	oracle_corrupt_warned	pred='B'	gold='B'	complete=True	new_tokens=2	duration_s=5.47
CALL geometry3k_test_2647 oracle_corrupt_trusted
OK	geometry3k_test_2647	oracle_corrupt_trusted	pred='B'	gold='B'	complete=True	new_tokens=2	duration_s=5.45
CALL geometry3k_test_2648 raw
OK	geometry3k_test_2648	raw	pred='A'	gold='A'	complete=True	new_tokens=2	duration_s=5.40
CALL geometry3k_test_2648 oracle_full
OK	geometry3k_test_2648	oracle_full	pred='A'	gold='A'	complete=True	new_tokens=2	duration_s=7.70
CALL geometry3k_test_2648 oracle_topk3
OK	geometry3k_test_2648	oracle_topk3	pred='A'	gold='A'	complete=True	new_tokens=2	duration_s=5.73
CALL geometry3k_test_2648 oracle_topk6_cautious
OK	geometry3k_test_2648	oracle_topk6_cautious	pred='A'	gold='A'	complete=True	new_tokens=2	duration_s=5.97
CALL geometry3k_test_2648 oracle_topk3_trusted
OK	geometry3k_test_2648	oracle_topk3_trusted	pred='A'	gold='A'	complete=True	new_tokens=2	duration_s=5.72
CALL geometry3k_test_2648 oracle_topk6_trusted
OK	geometry3k_test_2648	oracle_topk6_trusted	pred='A'	gold='A'	complete=True	new_tokens=2	duration_s=5.98
CALL geometry3k_test_2648 oracle_corrupt_warned
OK	geometry3k_test_2648	oracle_corrupt_warned	pred='A'	gold='A'	complete=True	new_tokens=2	duration_s=5.99
CALL geometry3k_test_2648 oracle_corrupt_trusted
OK	geometry3k_test_2648	oracle_corrupt_trusted	pred='A'	gold='A'	complete=True	new_tokens=2	duration_s=5.99
CALL geometry3k_test_2649 raw
OK	geometry3k_test_2649	raw	pred='C'	gold='C'	complete=True	new_tokens=12	duration_s=5.33
CALL geometry3k_test_2649 oracle_full
OK	geometry3k_test_2649	oracle_full	pred='C'	gold='C'	complete=True	new_tokens=2	duration_s=6.03
CALL geometry3k_test_2649 oracle_topk3
FAIL	geometry3k_test_2649	oracle_topk3	pred='D'	gold='C'	complete=True	new_tokens=6	duration_s=5.11
CALL geometry3k_test_2649 oracle_topk6_cautious
OK	geometry3k_test_2649	oracle_topk6_cautious	pred='C'	gold='C'	complete=True	new_tokens=2	duration_s=5.01
CALL geometry3k_test_2649 oracle_topk3_trusted
FAIL	geometry3k_test_2649	oracle_topk3_trusted	pred='D'	gold='C'	complete=True	new_tokens=2	duration_s=4.76
CALL geometry3k_test_2649 oracle_topk6_trusted
FAIL	geometry3k_test_2649	oracle_topk6_trusted	pred='D'	gold='C'	complete=True	new_tokens=2	duration_s=5.00
CALL geometry3k_test_2649 oracle_corrupt_warned
FAIL	geometry3k_test_2649	oracle_corrupt_warned	pred='D'	gold='C'	complete=True	new_tokens=2	duration_s=5.01
CALL geometry3k_test_2649 oracle_corrupt_trusted
FAIL	geometry3k_test_2649	oracle_corrupt_trusted	pred='D'	gold='C'	complete=True	new_tokens=2	duration_s=5.00
CALL geometry3k_test_2650 raw
OK	geometry3k_test_2650	raw	pred='B'	gold='B'	complete=True	new_tokens=8	duration_s=6.35
CALL geometry3k_test_2650 oracle_full
OK	geometry3k_test_2650	oracle_full	pred='B'	gold='B'	complete=True	new_tokens=2	duration_s=7.49
CALL geometry3k_test_2650 oracle_topk3
OK	geometry3k_test_2650	oracle_topk3	pred='B'	gold='B'	complete=True	new_tokens=2	duration_s=6.11
CALL geometry3k_test_2650 oracle_topk6_cautious
OK	geometry3k_test_2650	oracle_topk6_cautious	pred='B'	gold='B'	complete=True	new_tokens=8	duration_s=6.68
CALL geometry3k_test_2650 oracle_topk3_trusted
OK	geometry3k_test_2650	oracle_topk3_trusted	pred='B'	gold='B'	complete=True	new_tokens=2	duration_s=5.90
CALL geometry3k_test_2650 oracle_topk6_trusted
OK	geometry3k_test_2650	oracle_topk6_trusted	pred='B'	gold='B'	complete=True	new_tokens=2	duration_s=6.16
CALL geometry3k_test_2650 oracle_corrupt_warned
OK	geometry3k_test_2650	oracle_corrupt_warned	pred='B'	gold='B'	complete=True	new_tokens=2	duration_s=6.19
CALL geometry3k_test_2650 oracle_corrupt_trusted
OK	geometry3k_test_2650	oracle_corrupt_trusted	pred='B'	gold='B'	complete=True	new_tokens=2	duration_s=6.16
CALL geometry3k_test_2651 raw
FAIL	geometry3k_test_2651	raw	pred='B'	gold='A'	complete=True	new_tokens=2	duration_s=6.54
CALL geometry3k_test_2651 oracle_full
FAIL	geometry3k_test_2651	oracle_full	pred='B'	gold='A'	complete=True	new_tokens=2	duration_s=9.59
CALL geometry3k_test_2651 oracle_topk3
FAIL	geometry3k_test_2651	oracle_topk3	pred='B'	gold='A'	complete=True	new_tokens=2	duration_s=7.13
CALL geometry3k_test_2651 oracle_topk6_cautious
FAIL	geometry3k_test_2651	oracle_topk6_cautious	pred='B'	gold='A'	complete=True	new_tokens=2	duration_s=7.22
CALL geometry3k_test_2651 oracle_topk3_trusted
FAIL	geometry3k_test_2651	oracle_topk3_trusted	pred='B'	gold='A'	complete=True	new_tokens=2	duration_s=7.17
CALL geometry3k_test_2651 oracle_topk6_trusted
FAIL	geometry3k_test_2651	oracle_topk6_trusted	pred='B'	gold='A'	complete=True	new_tokens=2	duration_s=7.21
CALL geometry3k_test_2651 oracle_corrupt_warned
FAIL	geometry3k_test_2651	oracle_corrupt_warned	pred='B'	gold='A'	complete=True	new_tokens=2	duration_s=7.19
CALL geometry3k_test_2651 oracle_corrupt_trusted
FAIL	geometry3k_test_2651	oracle_corrupt_trusted	pred='B'	gold='A'	complete=True	new_tokens=2	duration_s=7.21
CALL geometry3k_test_2652 raw
FAIL	geometry3k_test_2652	raw	pred='D'	gold='B'	complete=True	new_tokens=2	duration_s=4.15
CALL geometry3k_test_2652 oracle_full
FAIL	geometry3k_test_2652	oracle_full	pred='D'	gold='B'	complete=True	new_tokens=2	duration_s=5.82
CALL geometry3k_test_2652 oracle_topk3
FAIL	geometry3k_test_2652	oracle_topk3	pred='D'	gold='B'	complete=True	new_tokens=2	duration_s=4.46
CALL geometry3k_test_2652 oracle_topk6_cautious
FAIL	geometry3k_test_2652	oracle_topk6_cautious	pred='D'	gold='B'	complete=True	new_tokens=2	duration_s=4.73
CALL geometry3k_test_2652 oracle_topk3_trusted
FAIL	geometry3k_test_2652	oracle_topk3_trusted	pred='D'	gold='B'	complete=True	new_tokens=2	duration_s=4.46
CALL geometry3k_test_2652 oracle_topk6_trusted
FAIL	geometry3k_test_2652	oracle_topk6_trusted	pred='D'	gold='B'	complete=True	new_tokens=2	duration_s=4.72
CALL geometry3k_test_2652 oracle_corrupt_warned
FAIL	geometry3k_test_2652	oracle_corrupt_warned	pred='D'	gold='B'	complete=True	new_tokens=2	duration_s=4.73
CALL geometry3k_test_2652 oracle_corrupt_trusted
FAIL	geometry3k_test_2652	oracle_corrupt_trusted	pred='D'	gold='B'	complete=True	new_tokens=2	duration_s=4.73
CALL geometry3k_test_2653 raw
FAIL	geometry3k_test_2653	raw	pred='A'	gold='C'	complete=True	new_tokens=2	duration_s=6.39
CALL geometry3k_test_2653 oracle_full
OK	geometry3k_test_2653	oracle_full	pred='C'	gold='C'	complete=True	new_tokens=2	duration_s=9.54
CALL geometry3k_test_2653 oracle_topk3
OK	geometry3k_test_2653	oracle_topk3	pred='C'	gold='C'	complete=True	new_tokens=2	duration_s=6.72
CALL geometry3k_test_2653 oracle_topk6_cautious
OK	geometry3k_test_2653	oracle_topk6_cautious	pred='C'	gold='C'	complete=True	new_tokens=2	duration_s=7.03
CALL geometry3k_test_2653 oracle_topk3_trusted
OK	geometry3k_test_2653	oracle_topk3_trusted	pred='C'	gold='C'	complete=True	new_tokens=2	duration_s=6.68
CALL geometry3k_test_2653 oracle_topk6_trusted
OK	geometry3k_test_2653	oracle_topk6_trusted	pred='C'	gold='C'	complete=True	new_tokens=2	duration_s=7.09
CALL geometry3k_test_2653 oracle_corrupt_warned
OK	geometry3k_test_2653	oracle_corrupt_warned	pred='C'	gold='C'	complete=True	new_tokens=2	duration_s=7.09
CALL geometry3k_test_2653 oracle_corrupt_trusted
OK	geometry3k_test_2653	oracle_corrupt_trusted	pred='C'	gold='C'	complete=True	new_tokens=2	duration_s=7.05
CALL geometry3k_test_2654 raw
OK	geometry3k_test_2654	raw	pred='C'	gold='C'	complete=True	new_tokens=2	duration_s=4.24
CALL geometry3k_test_2654 oracle_full
OK	geometry3k_test_2654	oracle_full	pred='C'	gold='C'	complete=True	new_tokens=2	duration_s=6.22
CALL geometry3k_test_2654 oracle_topk3
OK	geometry3k_test_2654	oracle_topk3	pred='C'	gold='C'	complete=True	new_tokens=2	duration_s=4.62
CALL geometry3k_test_2654 oracle_topk6_cautious
OK	geometry3k_test_2654	oracle_topk6_cautious	pred='C'	gold='C'	complete=True	new_tokens=2	duration_s=4.58
CALL geometry3k_test_2654 oracle_topk3_trusted
OK	geometry3k_test_2654	oracle_topk3_trusted	pred='C'	gold='C'	complete=True	new_tokens=2	duration_s=4.59
CALL geometry3k_test_2654 oracle_topk6_trusted
OK	geometry3k_test_2654	oracle_topk6_trusted	pred='C'	gold='C'	complete=True	new_tokens=2	duration_s=4.60
CALL geometry3k_test_2654 oracle_corrupt_warned
OK	geometry3k_test_2654	oracle_corrupt_warned	pred='C'	gold='C'	complete=True	new_tokens=2	duration_s=4.61
CALL geometry3k_test_2654 oracle_corrupt_trusted
OK	geometry3k_test_2654	oracle_corrupt_trusted	pred='C'	gold='C'	complete=True	new_tokens=2	duration_s=4.59
CALL geometry3k_test_2655 raw
OK	geometry3k_test_2655	raw	pred='B'	gold='B'	complete=True	new_tokens=2	duration_s=4.21
CALL geometry3k_test_2655 oracle_full
OK	geometry3k_test_2655	oracle_full	pred='B'	gold='B'	complete=True	new_tokens=2	duration_s=6.26
CALL geometry3k_test_2655 oracle_topk3
OK	geometry3k_test_2655	oracle_topk3	pred='B'	gold='B'	complete=True	new_tokens=2	duration_s=4.54
CALL geometry3k_test_2655 oracle_topk6_cautious
OK	geometry3k_test_2655	oracle_topk6_cautious	pred='B'	gold='B'	complete=True	new_tokens=2	duration_s=4.84
CALL geometry3k_test_2655 oracle_topk3_trusted
OK	geometry3k_test_2655	oracle_topk3_trusted	pred='B'	gold='B'	complete=True	new_tokens=2	duration_s=4.55
CALL geometry3k_test_2655 oracle_topk6_trusted
OK	geometry3k_test_2655	oracle_topk6_trusted	pred='B'	gold='B'	complete=True	new_tokens=2	duration_s=4.80
CALL geometry3k_test_2655 oracle_corrupt_warned
OK	geometry3k_test_2655	oracle_corrupt_warned	pred='B'	gold='B'	complete=True	new_tokens=2	duration_s=4.80
CALL geometry3k_test_2655 oracle_corrupt_trusted
OK	geometry3k_test_2655	oracle_corrupt_trusted	pred='B'	gold='B'	complete=True	new_tokens=2	duration_s=4.80
CALL geometry3k_test_2656 raw
OK	geometry3k_test_2656	raw	pred='B'	gold='B'	complete=True	new_tokens=2	duration_s=4.24
CALL geometry3k_test_2656 oracle_full
OK	geometry3k_test_2656	oracle_full	pred='B'	gold='B'	complete=True	new_tokens=2	duration_s=5.91
CALL geometry3k_test_2656 oracle_topk3
OK	geometry3k_test_2656	oracle_topk3	pred='B'	gold='B'	complete=True	new_tokens=2	duration_s=4.56
CALL geometry3k_test_2656 oracle_topk6_cautious
OK	geometry3k_test_2656	oracle_topk6_cautious	pred='B'	gold='B'	complete=True	new_tokens=2	duration_s=4.88
CALL geometry3k_test_2656 oracle_topk3_trusted
OK	geometry3k_test_2656	oracle_topk3_trusted	pred='B'	gold='B'	complete=True	new_tokens=2	duration_s=4.59
CALL geometry3k_test_2656 oracle_topk6_trusted
OK	geometry3k_test_2656	oracle_topk6_trusted	pred='B'	gold='B'	complete=True	new_tokens=2	duration_s=4.84
CALL geometry3k_test_2656 oracle_corrupt_warned
OK	geometry3k_test_2656	oracle_corrupt_warned	pred='B'	gold='B'	complete=True	new_tokens=2	duration_s=4.85
CALL geometry3k_test_2656 oracle_corrupt_trusted
OK	geometry3k_test_2656	oracle_corrupt_trusted	pred='B'	gold='B'	complete=True	new_tokens=2	duration_s=4.83
CALL geometry3k_test_2657 raw
OK	geometry3k_test_2657	raw	pred='A'	gold='A'	complete=True	new_tokens=2	duration_s=4.57
CALL geometry3k_test_2657 oracle_full
OK	geometry3k_test_2657	oracle_full	pred='A'	gold='A'	complete=True	new_tokens=2	duration_s=5.86
CALL geometry3k_test_2657 oracle_topk3
OK	geometry3k_test_2657	oracle_topk3	pred='A'	gold='A'	complete=True	new_tokens=2	duration_s=4.87
CALL geometry3k_test_2657 oracle_topk6_cautious
OK	geometry3k_test_2657	oracle_topk6_cautious	pred='A'	gold='A'	complete=True	new_tokens=2	duration_s=5.17
CALL geometry3k_test_2657 oracle_topk3_trusted
OK	geometry3k_test_2657	oracle_topk3_trusted	pred='A'	gold='A'	complete=True	new_tokens=2	duration_s=4.87
CALL geometry3k_test_2657 oracle_topk6_trusted
OK	geometry3k_test_2657	oracle_topk6_trusted	pred='A'	gold='A'	complete=True	new_tokens=2	duration_s=5.15
CALL geometry3k_test_2657 oracle_corrupt_warned
OK	geometry3k_test_2657	oracle_corrupt_warned	pred='A'	gold='A'	complete=True	new_tokens=2	duration_s=5.15
CALL geometry3k_test_2657 oracle_corrupt_trusted
OK	geometry3k_test_2657	oracle_corrupt_trusted	pred='A'	gold='A'	complete=True	new_tokens=2	duration_s=5.15
CALL geometry3k_test_2658 raw
OK	geometry3k_test_2658	raw	pred='B'	gold='B'	complete=True	new_tokens=2	duration_s=4.24
CALL geometry3k_test_2658 oracle_full
OK	geometry3k_test_2658	oracle_full	pred='B'	gold='B'	complete=True	new_tokens=2	duration_s=5.92
CALL geometry3k_test_2658 oracle_topk3
OK	geometry3k_test_2658	oracle_topk3	pred='B'	gold='B'	complete=True	new_tokens=14	duration_s=5.66
CALL geometry3k_test_2658 oracle_topk6_cautious
OK	geometry3k_test_2658	oracle_topk6_cautious	pred='B'	gold='B'	complete=True	new_tokens=14	duration_s=5.91
CALL geometry3k_test_2658 oracle_topk3_trusted
OK	geometry3k_test_2658	oracle_topk3_trusted	pred='B'	gold='B'	complete=True	new_tokens=14	duration_s=5.64
CALL geometry3k_test_2658 oracle_topk6_trusted
OK	geometry3k_test_2658	oracle_topk6_trusted	pred='B'	gold='B'	complete=True	new_tokens=2	duration_s=4.80
CALL geometry3k_test_2658 oracle_corrupt_warned
OK	geometry3k_test_2658	oracle_corrupt_warned	pred='B'	gold='B'	complete=True	new_tokens=2	duration_s=4.81
CALL geometry3k_test_2658 oracle_corrupt_trusted
OK	geometry3k_test_2658	oracle_corrupt_trusted	pred='B'	gold='B'	complete=True	new_tokens=2	duration_s=4.81
CALL geometry3k_test_2659 raw
OK	geometry3k_test_2659	raw	pred='B'	gold='B'	complete=True	new_tokens=2	duration_s=4.18
CALL geometry3k_test_2659 oracle_full
OK	geometry3k_test_2659	oracle_full	pred='B'	gold='B'	complete=True	new_tokens=2	duration_s=5.77
CALL geometry3k_test_2659 oracle_topk3
OK	geometry3k_test_2659	oracle_topk3	pred='B'	gold='B'	complete=True	new_tokens=2	duration_s=4.49
CALL geometry3k_test_2659 oracle_topk6_cautious
OK	geometry3k_test_2659	oracle_topk6_cautious	pred='B'	gold='B'	complete=True	new_tokens=2	duration_s=4.75
CALL geometry3k_test_2659 oracle_topk3_trusted
OK	geometry3k_test_2659	oracle_topk3_trusted	pred='B'	gold='B'	complete=True	new_tokens=2	duration_s=4.50
CALL geometry3k_test_2659 oracle_topk6_trusted
OK	geometry3k_test_2659	oracle_topk6_trusted	pred='B'	gold='B'	complete=True	new_tokens=2	duration_s=4.74
CALL geometry3k_test_2659 oracle_corrupt_warned
OK	geometry3k_test_2659	oracle_corrupt_warned	pred='B'	gold='B'	complete=True	new_tokens=2	duration_s=4.77
CALL geometry3k_test_2659 oracle_corrupt_trusted
OK	geometry3k_test_2659	oracle_corrupt_trusted	pred='B'	gold='B'	complete=True	new_tokens=2	duration_s=4.75
CALL geometry3k_test_2660 raw
FAIL	geometry3k_test_2660	raw	pred='D'	gold='C'	complete=True	new_tokens=11	duration_s=5.05
CALL geometry3k_test_2660 oracle_full
FAIL	geometry3k_test_2660	oracle_full	pred='D'	gold='C'	complete=True	new_tokens=2	duration_s=5.88
CALL geometry3k_test_2660 oracle_topk3
FAIL	geometry3k_test_2660	oracle_topk3	pred='D'	gold='C'	complete=True	new_tokens=2	duration_s=4.56
CALL geometry3k_test_2660 oracle_topk6_cautious
FAIL	geometry3k_test_2660	oracle_topk6_cautious	pred='D'	gold='C'	complete=True	new_tokens=2	duration_s=4.79
CALL geometry3k_test_2660 oracle_topk3_trusted
FAIL	geometry3k_test_2660	oracle_topk3_trusted	pred='D'	gold='C'	complete=True	new_tokens=2	duration_s=4.53
CALL geometry3k_test_2660 oracle_topk6_trusted
OK	geometry3k_test_2660	oracle_topk6_trusted	pred='C'	gold='C'	complete=True	new_tokens=2	duration_s=4.60
CALL geometry3k_test_2660 oracle_corrupt_warned
FAIL	geometry3k_test_2660	oracle_corrupt_warned	pred='D'	gold='C'	complete=True	new_tokens=2	duration_s=4.59
CALL geometry3k_test_2660 oracle_corrupt_trusted
FAIL	geometry3k_test_2660	oracle_corrupt_trusted	pred='D'	gold='C'	complete=True	new_tokens=2	duration_s=4.55
CALL geometry3k_test_2661 raw
FAIL	geometry3k_test_2661	raw	pred='C'	gold='B'	complete=True	new_tokens=2	duration_s=6.96
CALL geometry3k_test_2661 oracle_full
FAIL	geometry3k_test_2661	oracle_full	pred='C'	gold='B'	complete=True	new_tokens=2	duration_s=8.92
CALL geometry3k_test_2661 oracle_topk3
FAIL	geometry3k_test_2661	oracle_topk3	pred='C'	gold='B'	complete=True	new_tokens=2	duration_s=7.25
CALL geometry3k_test_2661 oracle_topk6_cautious
FAIL	geometry3k_test_2661	oracle_topk6_cautious	pred='C'	gold='B'	complete=True	new_tokens=2	duration_s=7.61
CALL geometry3k_test_2661 oracle_topk3_trusted
FAIL	geometry3k_test_2661	oracle_topk3_trusted	pred='C'	gold='B'	complete=True	new_tokens=2	duration_s=7.27
CALL geometry3k_test_2661 oracle_topk6_trusted
FAIL	geometry3k_test_2661	oracle_topk6_trusted	pred='C'	gold='B'	complete=True	new_tokens=2	duration_s=7.59
CALL geometry3k_test_2661 oracle_corrupt_warned
FAIL	geometry3k_test_2661	oracle_corrupt_warned	pred='C'	gold='B'	complete=True	new_tokens=2	duration_s=7.61
CALL geometry3k_test_2661 oracle_corrupt_trusted
FAIL	geometry3k_test_2661	oracle_corrupt_trusted	pred='C'	gold='B'	complete=True	new_tokens=2	duration_s=7.62
CALL geometry3k_test_2662 raw
FAIL	geometry3k_test_2662	raw	pred='B'	gold='C'	complete=True	new_tokens=2	duration_s=12.07
CALL geometry3k_test_2662 oracle_full
FAIL	geometry3k_test_2662	oracle_full	pred='B'	gold='C'	complete=True	new_tokens=2	duration_s=14.88
CALL geometry3k_test_2662 oracle_topk3
FAIL	geometry3k_test_2662	oracle_topk3	pred='B'	gold='C'	complete=True	new_tokens=2	duration_s=12.46
CALL geometry3k_test_2662 oracle_topk6_cautious
FAIL	geometry3k_test_2662	oracle_topk6_cautious	pred='B'	gold='C'	complete=True	new_tokens=2	duration_s=12.74
CALL geometry3k_test_2662 oracle_topk3_trusted
FAIL	geometry3k_test_2662	oracle_topk3_trusted	pred='B'	gold='C'	complete=True	new_tokens=2	duration_s=12.45
CALL geometry3k_test_2662 oracle_topk6_trusted
FAIL	geometry3k_test_2662	oracle_topk6_trusted	pred='B'	gold='C'	complete=True	new_tokens=2	duration_s=12.78
CALL geometry3k_test_2662 oracle_corrupt_warned
FAIL	geometry3k_test_2662	oracle_corrupt_warned	pred='B'	gold='C'	complete=True	new_tokens=2	duration_s=12.74
CALL geometry3k_test_2662 oracle_corrupt_trusted
FAIL	geometry3k_test_2662	oracle_corrupt_trusted	pred='B'	gold='C'	complete=True	new_tokens=2	duration_s=12.41
CALL geometry3k_test_2663 raw
FAIL	geometry3k_test_2663	raw	pred='B'	gold='D'	complete=True	new_tokens=2	duration_s=5.02
CALL geometry3k_test_2663 oracle_full
FAIL	geometry3k_test_2663	oracle_full	pred='B'	gold='D'	complete=True	new_tokens=2	duration_s=6.70
CALL geometry3k_test_2663 oracle_topk3
FAIL	geometry3k_test_2663	oracle_topk3	pred='C'	gold='D'	complete=True	new_tokens=2	duration_s=5.35
CALL geometry3k_test_2663 oracle_topk6_cautious
FAIL	geometry3k_test_2663	oracle_topk6_cautious	pred='B'	gold='D'	complete=True	new_tokens=2	duration_s=5.65
CALL geometry3k_test_2663 oracle_topk3_trusted
FAIL	geometry3k_test_2663	oracle_topk3_trusted	pred='B'	gold='D'	complete=True	new_tokens=2	duration_s=5.32
CALL geometry3k_test_2663 oracle_topk6_trusted
FAIL	geometry3k_test_2663	oracle_topk6_trusted	pred='B'	gold='D'	complete=True	new_tokens=2	duration_s=5.36
CALL geometry3k_test_2663 oracle_corrupt_warned
FAIL	geometry3k_test_2663	oracle_corrupt_warned	pred='B'	gold='D'	complete=True	new_tokens=2	duration_s=5.33
CALL geometry3k_test_2663 oracle_corrupt_trusted
FAIL	geometry3k_test_2663	oracle_corrupt_trusted	pred='C'	gold='D'	complete=True	new_tokens=2	duration_s=5.36
CALL geometry3k_test_2664 raw
FAIL	geometry3k_test_2664	raw	pred='B'	gold='A'	complete=True	new_tokens=2	duration_s=7.33
CALL geometry3k_test_2664 oracle_full
FAIL	geometry3k_test_2664	oracle_full	pred='B'	gold='A'	complete=True	new_tokens=2	duration_s=11.49
CALL geometry3k_test_2664 oracle_topk3
FAIL	geometry3k_test_2664	oracle_topk3	pred='B'	gold='A'	complete=True	new_tokens=2	duration_s=7.66
CALL geometry3k_test_2664 oracle_topk6_cautious
FAIL	geometry3k_test_2664	oracle_topk6_cautious	pred='B'	gold='A'	complete=True	new_tokens=2	duration_s=7.98
CALL geometry3k_test_2664 oracle_topk3_trusted
FAIL	geometry3k_test_2664	oracle_topk3_trusted	pred='B'	gold='A'	complete=True	new_tokens=2	duration_s=7.65
CALL geometry3k_test_2664 oracle_topk6_trusted
FAIL	geometry3k_test_2664	oracle_topk6_trusted	pred='B'	gold='A'	complete=True	new_tokens=2	duration_s=7.99
CALL geometry3k_test_2664 oracle_corrupt_warned
FAIL	geometry3k_test_2664	oracle_corrupt_warned	pred='B'	gold='A'	complete=True	new_tokens=2	duration_s=8.00
CALL geometry3k_test_2664 oracle_corrupt_trusted
FAIL	geometry3k_test_2664	oracle_corrupt_trusted	pred='B'	gold='A'	complete=True	new_tokens=2	duration_s=7.97
CALL geometry3k_test_2665 raw
FAIL	geometry3k_test_2665	raw	pred='B'	gold='A'	complete=True	new_tokens=2	duration_s=9.29
CALL geometry3k_test_2665 oracle_full
FAIL	geometry3k_test_2665	oracle_full	pred='B'	gold='A'	complete=True	new_tokens=2	duration_s=11.30
CALL geometry3k_test_2665 oracle_topk3
FAIL	geometry3k_test_2665	oracle_topk3	pred='B'	gold='A'	complete=True	new_tokens=2	duration_s=9.62
CALL geometry3k_test_2665 oracle_topk6_cautious
FAIL	geometry3k_test_2665	oracle_topk6_cautious	pred='B'	gold='A'	complete=True	new_tokens=2	duration_s=9.94
CALL geometry3k_test_2665 oracle_topk3_trusted
FAIL	geometry3k_test_2665	oracle_topk3_trusted	pred='B'	gold='A'	complete=True	new_tokens=2	duration_s=9.61
CALL geometry3k_test_2665 oracle_topk6_trusted
FAIL	geometry3k_test_2665	oracle_topk6_trusted	pred='B'	gold='A'	complete=True	new_tokens=2	duration_s=9.65
CALL geometry3k_test_2665 oracle_corrupt_warned
FAIL	geometry3k_test_2665	oracle_corrupt_warned	pred='B'	gold='A'	complete=True	new_tokens=2	duration_s=9.66
CALL geometry3k_test_2665 oracle_corrupt_trusted
FAIL	geometry3k_test_2665	oracle_corrupt_trusted	pred='B'	gold='A'	complete=True	new_tokens=2	duration_s=9.66
CALL geometry3k_test_2666 raw
OK	geometry3k_test_2666	raw	pred='B'	gold='B'	complete=True	new_tokens=2	duration_s=12.57
CALL geometry3k_test_2666 oracle_full
OK	geometry3k_test_2666	oracle_full	pred='B'	gold='B'	complete=True	new_tokens=2	duration_s=14.93
CALL geometry3k_test_2666 oracle_topk3
OK	geometry3k_test_2666	oracle_topk3	pred='B'	gold='B'	complete=True	new_tokens=2	duration_s=12.93
CALL geometry3k_test_2666 oracle_topk6_cautious
OK	geometry3k_test_2666	oracle_topk6_cautious	pred='B'	gold='B'	complete=True	new_tokens=2	duration_s=12.94
CALL geometry3k_test_2666 oracle_topk3_trusted
OK	geometry3k_test_2666	oracle_topk3_trusted	pred='B'	gold='B'	complete=True	new_tokens=2	duration_s=12.86
CALL geometry3k_test_2666 oracle_topk6_trusted
OK	geometry3k_test_2666	oracle_topk6_trusted	pred='B'	gold='B'	complete=True	new_tokens=2	duration_s=12.90
CALL geometry3k_test_2666 oracle_corrupt_warned
OK	geometry3k_test_2666	oracle_corrupt_warned	pred='B'	gold='B'	complete=True	new_tokens=2	duration_s=12.91
CALL geometry3k_test_2666 oracle_corrupt_trusted
OK	geometry3k_test_2666	oracle_corrupt_trusted	pred='B'	gold='B'	complete=True	new_tokens=2	duration_s=12.95
CALL geometry3k_test_2667 raw
FAIL	geometry3k_test_2667	raw	pred='C'	gold='D'	complete=True	new_tokens=2	duration_s=11.93
CALL geometry3k_test_2667 oracle_full
FAIL	geometry3k_test_2667	oracle_full	pred='C'	gold='D'	complete=True	new_tokens=2	duration_s=14.11
CALL geometry3k_test_2667 oracle_topk3
FAIL	geometry3k_test_2667	oracle_topk3	pred='C'	gold='D'	complete=True	new_tokens=2	duration_s=12.32
CALL geometry3k_test_2667 oracle_topk6_cautious
FAIL	geometry3k_test_2667	oracle_topk6_cautious	pred='C'	gold='D'	complete=True	new_tokens=2	duration_s=12.62
CALL geometry3k_test_2667 oracle_topk3_trusted
FAIL	geometry3k_test_2667	oracle_topk3_trusted	pred='C'	gold='D'	complete=True	new_tokens=2	duration_s=12.33
CALL geometry3k_test_2667 oracle_topk6_trusted
FAIL	geometry3k_test_2667	oracle_topk6_trusted	pred='C'	gold='D'	complete=True	new_tokens=2	duration_s=12.35
CALL geometry3k_test_2667 oracle_corrupt_warned
FAIL	geometry3k_test_2667	oracle_corrupt_warned	pred='C'	gold='D'	complete=True	new_tokens=2	duration_s=12.34
CALL geometry3k_test_2667 oracle_corrupt_trusted
FAIL	geometry3k_test_2667	oracle_corrupt_trusted	pred='C'	gold='D'	complete=True	new_tokens=2	duration_s=12.37
CALL geometry3k_test_2668 raw
FAIL	geometry3k_test_2668	raw	pred='B'	gold='C'	complete=True	new_tokens=2	duration_s=4.09
CALL geometry3k_test_2668 oracle_full
FAIL	geometry3k_test_2668	oracle_full	pred='B'	gold='C'	complete=True	new_tokens=2	duration_s=6.10
CALL geometry3k_test_2668 oracle_topk3
FAIL	geometry3k_test_2668	oracle_topk3	pred='B'	gold='C'	complete=True	new_tokens=2	duration_s=4.44
CALL geometry3k_test_2668 oracle_topk6_cautious
FAIL	geometry3k_test_2668	oracle_topk6_cautious	pred='B'	gold='C'	complete=True	new_tokens=2	duration_s=4.71
CALL geometry3k_test_2668 oracle_topk3_trusted
FAIL	geometry3k_test_2668	oracle_topk3_trusted	pred='B'	gold='C'	complete=True	new_tokens=2	duration_s=4.42
CALL geometry3k_test_2668 oracle_topk6_trusted
FAIL	geometry3k_test_2668	oracle_topk6_trusted	pred='B'	gold='C'	complete=True	new_tokens=2	duration_s=4.69
CALL geometry3k_test_2668 oracle_corrupt_warned
FAIL	geometry3k_test_2668	oracle_corrupt_warned	pred='B'	gold='C'	complete=True	new_tokens=2	duration_s=4.74
CALL geometry3k_test_2668 oracle_corrupt_trusted
FAIL	geometry3k_test_2668	oracle_corrupt_trusted	pred='B'	gold='C'	complete=True	new_tokens=2	duration_s=4.71
CALL geometry3k_test_2669 raw
OK	geometry3k_test_2669	raw	pred='B'	gold='B'	complete=True	new_tokens=2	duration_s=4.45
CALL geometry3k_test_2669 oracle_full
OK	geometry3k_test_2669	oracle_full	pred='B'	gold='B'	complete=True	new_tokens=2	duration_s=6.04
CALL geometry3k_test_2669 oracle_topk3
OK	geometry3k_test_2669	oracle_topk3	pred='B'	gold='B'	complete=True	new_tokens=2	duration_s=4.76
CALL geometry3k_test_2669 oracle_topk6_cautious
OK	geometry3k_test_2669	oracle_topk6_cautious	pred='B'	gold='B'	complete=True	new_tokens=2	duration_s=4.79
CALL geometry3k_test_2669 oracle_topk3_trusted
OK	geometry3k_test_2669	oracle_topk3_trusted	pred='B'	gold='B'	complete=True	new_tokens=2	duration_s=4.79
CALL geometry3k_test_2669 oracle_topk6_trusted
OK	geometry3k_test_2669	oracle_topk6_trusted	pred='B'	gold='B'	complete=True	new_tokens=2	duration_s=4.75
CALL geometry3k_test_2669 oracle_corrupt_warned
OK	geometry3k_test_2669	oracle_corrupt_warned	pred='B'	gold='B'	complete=True	new_tokens=2	duration_s=4.77
CALL geometry3k_test_2669 oracle_corrupt_trusted
OK	geometry3k_test_2669	oracle_corrupt_trusted	pred='B'	gold='B'	complete=True	new_tokens=2	duration_s=4.78
CALL geometry3k_test_2670 raw
OK	geometry3k_test_2670	raw	pred='B'	gold='B'	complete=True	new_tokens=2	duration_s=4.75
CALL geometry3k_test_2670 oracle_full
OK	geometry3k_test_2670	oracle_full	pred='B'	gold='B'	complete=True	new_tokens=2	duration_s=8.12
CALL geometry3k_test_2670 oracle_topk3
OK	geometry3k_test_2670	oracle_topk3	pred='B'	gold='B'	complete=True	new_tokens=2	duration_s=5.29
CALL geometry3k_test_2670 oracle_topk6_cautious
OK	geometry3k_test_2670	oracle_topk6_cautious	pred='B'	gold='B'	complete=True	new_tokens=2	duration_s=5.66
CALL geometry3k_test_2670 oracle_topk3_trusted
OK	geometry3k_test_2670	oracle_topk3_trusted	pred='B'	gold='B'	complete=True	new_tokens=2	duration_s=5.29
CALL geometry3k_test_2670 oracle_topk6_trusted
OK	geometry3k_test_2670	oracle_topk6_trusted	pred='B'	gold='B'	complete=True	new_tokens=2	duration_s=5.63
CALL geometry3k_test_2670 oracle_corrupt_warned
OK	geometry3k_test_2670	oracle_corrupt_warned	pred='B'	gold='B'	complete=True	new_tokens=2	duration_s=5.64
CALL geometry3k_test_2670 oracle_corrupt_trusted
OK	geometry3k_test_2670	oracle_corrupt_trusted	pred='B'	gold='B'	complete=True	new_tokens=2	duration_s=5.63
CALL geometry3k_test_2671 raw
FAIL	geometry3k_test_2671	raw	pred='D'	gold='C'	complete=True	new_tokens=6	duration_s=16.83
CALL geometry3k_test_2671 oracle_full
FAIL	geometry3k_test_2671	oracle_full	pred='D'	gold='C'	complete=True	new_tokens=6	duration_s=18.84
CALL geometry3k_test_2671 oracle_topk3
FAIL	geometry3k_test_2671	oracle_topk3	pred='D'	gold='C'	complete=True	new_tokens=6	duration_s=17.15
CALL geometry3k_test_2671 oracle_topk6_cautious
FAIL	geometry3k_test_2671	oracle_topk6_cautious	pred='D'	gold='C'	complete=True	new_tokens=2	duration_s=17.15
CALL geometry3k_test_2671 oracle_topk3_trusted
FAIL	geometry3k_test_2671	oracle_topk3_trusted	pred='D'	gold='C'	complete=True	new_tokens=6	duration_s=17.17
CALL geometry3k_test_2671 oracle_topk6_trusted
FAIL	geometry3k_test_2671	oracle_topk6_trusted	pred='D'	gold='C'	complete=True	new_tokens=2	duration_s=17.07
CALL geometry3k_test_2671 oracle_corrupt_warned
FAIL	geometry3k_test_2671	oracle_corrupt_warned	pred='D'	gold='C'	complete=True	new_tokens=2	duration_s=17.10
CALL geometry3k_test_2671 oracle_corrupt_trusted
FAIL	geometry3k_test_2671	oracle_corrupt_trusted	pred='D'	gold='C'	complete=True	new_tokens=2	duration_s=17.08
CALL geometry3k_test_2672 raw
OK	geometry3k_test_2672	raw	pred='C'	gold='C'	complete=True	new_tokens=2	duration_s=18.46
CALL geometry3k_test_2672 oracle_full
OK	geometry3k_test_2672	oracle_full	pred='C'	gold='C'	complete=True	new_tokens=2	duration_s=19.87
CALL geometry3k_test_2672 oracle_topk3
OK	geometry3k_test_2672	oracle_topk3	pred='C'	gold='C'	complete=True	new_tokens=2	duration_s=18.81
CALL geometry3k_test_2672 oracle_topk6_cautious
OK	geometry3k_test_2672	oracle_topk6_cautious	pred='C'	gold='C'	complete=True	new_tokens=2	duration_s=18.93
CALL geometry3k_test_2672 oracle_topk3_trusted
OK	geometry3k_test_2672	oracle_topk3_trusted	pred='C'	gold='C'	complete=True	new_tokens=2	duration_s=18.76
CALL geometry3k_test_2672 oracle_topk6_trusted
FAIL	geometry3k_test_2672	oracle_topk6_trusted	pred='B'	gold='C'	complete=True	new_tokens=2	duration_s=18.86
CALL geometry3k_test_2672 oracle_corrupt_warned
OK	geometry3k_test_2672	oracle_corrupt_warned	pred='C'	gold='C'	complete=True	new_tokens=2	duration_s=18.86
CALL geometry3k_test_2672 oracle_corrupt_trusted
OK	geometry3k_test_2672	oracle_corrupt_trusted	pred='C'	gold='C'	complete=True	new_tokens=2	duration_s=18.85
CALL geometry3k_test_2673 raw
FAIL	geometry3k_test_2673	raw	pred='A'	gold='D'	complete=True	new_tokens=2	duration_s=10.51
CALL geometry3k_test_2673 oracle_full
FAIL	geometry3k_test_2673	oracle_full	pred='C'	gold='D'	complete=True	new_tokens=9	duration_s=13.51
CALL geometry3k_test_2673 oracle_topk3
FAIL	geometry3k_test_2673	oracle_topk3	pred='C'	gold='D'	complete=True	new_tokens=9	duration_s=11.80
CALL geometry3k_test_2673 oracle_topk6_cautious
FAIL	geometry3k_test_2673	oracle_topk6_cautious	pred='C'	gold='D'	complete=True	new_tokens=9	duration_s=11.80
CALL geometry3k_test_2673 oracle_topk3_trusted
FAIL	geometry3k_test_2673	oracle_topk3_trusted	pred='A'	gold='D'	complete=True	new_tokens=2	duration_s=11.15
CALL geometry3k_test_2673 oracle_topk6_trusted
FAIL	geometry3k_test_2673	oracle_topk6_trusted	pred='C'	gold='D'	complete=True	new_tokens=9	duration_s=11.79
CALL geometry3k_test_2673 oracle_corrupt_warned
FAIL	geometry3k_test_2673	oracle_corrupt_warned	pred='C'	gold='D'	complete=True	new_tokens=2	duration_s=11.49
CALL geometry3k_test_2673 oracle_corrupt_trusted
FAIL	geometry3k_test_2673	oracle_corrupt_trusted	pred='C'	gold='D'	complete=True	new_tokens=2	duration_s=11.23
CALL geometry3k_test_2674 raw
FAIL	geometry3k_test_2674	raw	pred='C'	gold='D'	complete=True	new_tokens=2	duration_s=4.24
CALL geometry3k_test_2674 oracle_full
FAIL	geometry3k_test_2674	oracle_full	pred='C'	gold='D'	complete=True	new_tokens=2	duration_s=6.89
CALL geometry3k_test_2674 oracle_topk3
FAIL	geometry3k_test_2674	oracle_topk3	pred='C'	gold='D'	complete=True	new_tokens=2	duration_s=4.79
CALL geometry3k_test_2674 oracle_topk6_cautious
FAIL	geometry3k_test_2674	oracle_topk6_cautious	pred='C'	gold='D'	complete=True	new_tokens=2	duration_s=4.84
CALL geometry3k_test_2674 oracle_topk3_trusted
FAIL	geometry3k_test_2674	oracle_topk3_trusted	pred='C'	gold='D'	complete=True	new_tokens=2	duration_s=4.79
CALL geometry3k_test_2674 oracle_topk6_trusted
FAIL	geometry3k_test_2674	oracle_topk6_trusted	pred='C'	gold='D'	complete=True	new_tokens=2	duration_s=4.84
CALL geometry3k_test_2674 oracle_corrupt_warned
FAIL	geometry3k_test_2674	oracle_corrupt_warned	pred='C'	gold='D'	complete=True	new_tokens=2	duration_s=4.84
CALL geometry3k_test_2674 oracle_corrupt_trusted
FAIL	geometry3k_test_2674	oracle_corrupt_trusted	pred='C'	gold='D'	complete=True	new_tokens=2	duration_s=4.84
CALL geometry3k_test_2675 raw
OK	geometry3k_test_2675	raw	pred='D'	gold='D'	complete=True	new_tokens=2	duration_s=4.42
CALL geometry3k_test_2675 oracle_full
OK	geometry3k_test_2675	oracle_full	pred='D'	gold='D'	complete=True	new_tokens=2	duration_s=6.38
CALL geometry3k_test_2675 oracle_topk3
OK	geometry3k_test_2675	oracle_topk3	pred='D'	gold='D'	complete=True	new_tokens=2	duration_s=4.99
CALL geometry3k_test_2675 oracle_topk6_cautious
OK	geometry3k_test_2675	oracle_topk6_cautious	pred='D'	gold='D'	complete=True	new_tokens=2	duration_s=5.00
CALL geometry3k_test_2675 oracle_topk3_trusted
OK	geometry3k_test_2675	oracle_topk3_trusted	pred='D'	gold='D'	complete=True	new_tokens=2	duration_s=4.75
CALL geometry3k_test_2675 oracle_topk6_trusted
OK	geometry3k_test_2675	oracle_topk6_trusted	pred='D'	gold='D'	complete=True	new_tokens=2	duration_s=5.03
CALL geometry3k_test_2675 oracle_corrupt_warned
OK	geometry3k_test_2675	oracle_corrupt_warned	pred='D'	gold='D'	complete=True	new_tokens=2	duration_s=5.04
CALL geometry3k_test_2675 oracle_corrupt_trusted
OK	geometry3k_test_2675	oracle_corrupt_trusted	pred='D'	gold='D'	complete=True	new_tokens=2	duration_s=5.04
CALL geometry3k_test_2676 raw
OK	geometry3k_test_2676	raw	pred='B'	gold='B'	complete=True	new_tokens=2	duration_s=22.29
CALL geometry3k_test_2676 oracle_full
OK	geometry3k_test_2676	oracle_full	pred='B'	gold='B'	complete=True	new_tokens=2	duration_s=24.34
CALL geometry3k_test_2676 oracle_topk3
OK	geometry3k_test_2676	oracle_topk3	pred='B'	gold='B'	complete=True	new_tokens=2	duration_s=22.64
CALL geometry3k_test_2676 oracle_topk6_cautious
OK	geometry3k_test_2676	oracle_topk6_cautious	pred='B'	gold='B'	complete=True	new_tokens=2	duration_s=23.00
CALL geometry3k_test_2676 oracle_topk3_trusted
OK	geometry3k_test_2676	oracle_topk3_trusted	pred='B'	gold='B'	complete=True	new_tokens=2	duration_s=22.62
CALL geometry3k_test_2676 oracle_topk6_trusted
OK	geometry3k_test_2676	oracle_topk6_trusted	pred='B'	gold='B'	complete=True	new_tokens=2	duration_s=22.88
CALL geometry3k_test_2676 oracle_corrupt_warned
OK	geometry3k_test_2676	oracle_corrupt_warned	pred='B'	gold='B'	complete=True	new_tokens=2	duration_s=22.90
CALL geometry3k_test_2676 oracle_corrupt_trusted
OK	geometry3k_test_2676	oracle_corrupt_trusted	pred='B'	gold='B'	complete=True	new_tokens=2	duration_s=22.92
CALL geometry3k_test_2677 raw
FAIL	geometry3k_test_2677	raw	pred='B'	gold='A'	complete=True	new_tokens=2	duration_s=4.53
CALL geometry3k_test_2677 oracle_full
FAIL	geometry3k_test_2677	oracle_full	pred='B'	gold='A'	complete=True	new_tokens=2	duration_s=6.47
CALL geometry3k_test_2677 oracle_topk3
FAIL	geometry3k_test_2677	oracle_topk3	pred='B'	gold='A'	complete=True	new_tokens=2	duration_s=5.09
CALL geometry3k_test_2677 oracle_topk6_cautious
FAIL	geometry3k_test_2677	oracle_topk6_cautious	pred='B'	gold='A'	complete=True	new_tokens=2	duration_s=5.13
CALL geometry3k_test_2677 oracle_topk3_trusted
FAIL	geometry3k_test_2677	oracle_topk3_trusted	pred='B'	gold='A'	complete=True	new_tokens=2	duration_s=5.10
CALL geometry3k_test_2677 oracle_topk6_trusted
FAIL	geometry3k_test_2677	oracle_topk6_trusted	pred='B'	gold='A'	complete=True	new_tokens=2	duration_s=5.13
CALL geometry3k_test_2677 oracle_corrupt_warned
FAIL	geometry3k_test_2677	oracle_corrupt_warned	pred='B'	gold='A'	complete=True	new_tokens=2	duration_s=5.15
CALL geometry3k_test_2677 oracle_corrupt_trusted
FAIL	geometry3k_test_2677	oracle_corrupt_trusted	pred='B'	gold='A'	complete=True	new_tokens=2	duration_s=5.13
CALL geometry3k_test_2678 raw
OK	geometry3k_test_2678	raw	pred='C'	gold='C'	complete=True	new_tokens=2	duration_s=5.22
CALL geometry3k_test_2678 oracle_full
OK	geometry3k_test_2678	oracle_full	pred='C'	gold='C'	complete=True	new_tokens=2	duration_s=7.96
CALL geometry3k_test_2678 oracle_topk3
OK	geometry3k_test_2678	oracle_topk3	pred='C'	gold='C'	complete=True	new_tokens=2	duration_s=5.52
CALL geometry3k_test_2678 oracle_topk6_cautious
OK	geometry3k_test_2678	oracle_topk6_cautious	pred='C'	gold='C'	complete=True	new_tokens=2	duration_s=5.60
CALL geometry3k_test_2678 oracle_topk3_trusted
OK	geometry3k_test_2678	oracle_topk3_trusted	pred='C'	gold='C'	complete=True	new_tokens=2	duration_s=5.51
CALL geometry3k_test_2678 oracle_topk6_trusted
OK	geometry3k_test_2678	oracle_topk6_trusted	pred='C'	gold='C'	complete=True	new_tokens=2	duration_s=5.59
CALL geometry3k_test_2678 oracle_corrupt_warned
OK	geometry3k_test_2678	oracle_corrupt_warned	pred='C'	gold='C'	complete=True	new_tokens=2	duration_s=5.58
CALL geometry3k_test_2678 oracle_corrupt_trusted
OK	geometry3k_test_2678	oracle_corrupt_trusted	pred='C'	gold='C'	complete=True	new_tokens=2	duration_s=5.57
CALL geometry3k_test_2679 raw
FAIL	geometry3k_test_2679	raw	pred='B'	gold='C'	complete=True	new_tokens=7	duration_s=7.45
CALL geometry3k_test_2679 oracle_full
OK	geometry3k_test_2679	oracle_full	pred='C'	gold='C'	complete=True	new_tokens=2	duration_s=9.37
CALL geometry3k_test_2679 oracle_topk3
FAIL	geometry3k_test_2679	oracle_topk3	pred='B'	gold='C'	complete=True	new_tokens=2	duration_s=7.32
CALL geometry3k_test_2679 oracle_topk6_cautious
OK	geometry3k_test_2679	oracle_topk6_cautious	pred='C'	gold='C'	complete=True	new_tokens=7	duration_s=8.09
CALL geometry3k_test_2679 oracle_topk3_trusted
FAIL	geometry3k_test_2679	oracle_topk3_trusted	pred='B'	gold='C'	complete=True	new_tokens=2	duration_s=7.30
CALL geometry3k_test_2679 oracle_topk6_trusted
FAIL	geometry3k_test_2679	oracle_topk6_trusted	pred='B'	gold='C'	complete=True	new_tokens=2	duration_s=7.65
CALL geometry3k_test_2679 oracle_corrupt_warned
OK	geometry3k_test_2679	oracle_corrupt_warned	pred='C'	gold='C'	complete=True	new_tokens=7	duration_s=8.11
CALL geometry3k_test_2679 oracle_corrupt_trusted
FAIL	geometry3k_test_2679	oracle_corrupt_trusted	pred='B'	gold='C'	complete=True	new_tokens=2	duration_s=7.63
CALL geometry3k_test_2680 raw
OK	geometry3k_test_2680	raw	pred='C'	gold='C'	complete=True	new_tokens=2	duration_s=12.40
CALL geometry3k_test_2680 oracle_full
OK	geometry3k_test_2680	oracle_full	pred='C'	gold='C'	complete=True	new_tokens=2	duration_s=14.74
CALL geometry3k_test_2680 oracle_topk3
OK	geometry3k_test_2680	oracle_topk3	pred='C'	gold='C'	complete=True	new_tokens=2	duration_s=12.70
CALL geometry3k_test_2680 oracle_topk6_cautious
OK	geometry3k_test_2680	oracle_topk6_cautious	pred='C'	gold='C'	complete=True	new_tokens=2	duration_s=13.06
CALL geometry3k_test_2680 oracle_topk3_trusted
OK	geometry3k_test_2680	oracle_topk3_trusted	pred='C'	gold='C'	complete=True	new_tokens=2	duration_s=12.71
CALL geometry3k_test_2680 oracle_topk6_trusted
OK	geometry3k_test_2680	oracle_topk6_trusted	pred='C'	gold='C'	complete=True	new_tokens=2	duration_s=13.05
CALL geometry3k_test_2680 oracle_corrupt_warned
OK	geometry3k_test_2680	oracle_corrupt_warned	pred='C'	gold='C'	complete=True	new_tokens=2	duration_s=13.04
CALL geometry3k_test_2680 oracle_corrupt_trusted
OK	geometry3k_test_2680	oracle_corrupt_trusted	pred='C'	gold='C'	complete=True	new_tokens=2	duration_s=13.04
CALL geometry3k_test_2681 raw
OK	geometry3k_test_2681	raw	pred='C'	gold='C'	complete=True	new_tokens=2	duration_s=4.51
CALL geometry3k_test_2681 oracle_full
OK	geometry3k_test_2681	oracle_full	pred='C'	gold='C'	complete=True	new_tokens=2	duration_s=6.14
CALL geometry3k_test_2681 oracle_topk3
OK	geometry3k_test_2681	oracle_topk3	pred='C'	gold='C'	complete=True	new_tokens=2	duration_s=4.84
CALL geometry3k_test_2681 oracle_topk6_cautious
OK	geometry3k_test_2681	oracle_topk6_cautious	pred='C'	gold='C'	complete=True	new_tokens=2	duration_s=5.11
CALL geometry3k_test_2681 oracle_topk3_trusted
OK	geometry3k_test_2681	oracle_topk3_trusted	pred='C'	gold='C'	complete=True	new_tokens=2	duration_s=4.84
CALL geometry3k_test_2681 oracle_topk6_trusted
OK	geometry3k_test_2681	oracle_topk6_trusted	pred='C'	gold='C'	complete=True	new_tokens=2	duration_s=5.10
CALL geometry3k_test_2681 oracle_corrupt_warned
OK	geometry3k_test_2681	oracle_corrupt_warned	pred='C'	gold='C'	complete=True	new_tokens=2	duration_s=5.08
CALL geometry3k_test_2681 oracle_corrupt_trusted
OK	geometry3k_test_2681	oracle_corrupt_trusted	pred='C'	gold='C'	complete=True	new_tokens=2	duration_s=5.09
CALL geometry3k_test_2682 raw
OK	geometry3k_test_2682	raw	pred='C'	gold='C'	complete=True	new_tokens=2	duration_s=4.56
CALL geometry3k_test_2682 oracle_full
OK	geometry3k_test_2682	oracle_full	pred='C'	gold='C'	complete=True	new_tokens=2	duration_s=6.18
CALL geometry3k_test_2682 oracle_topk3
OK	geometry3k_test_2682	oracle_topk3	pred='C'	gold='C'	complete=True	new_tokens=2	duration_s=5.11
CALL geometry3k_test_2682 oracle_topk6_cautious
OK	geometry3k_test_2682	oracle_topk6_cautious	pred='C'	gold='C'	complete=True	new_tokens=2	duration_s=5.13
CALL geometry3k_test_2682 oracle_topk3_trusted
OK	geometry3k_test_2682	oracle_topk3_trusted	pred='C'	gold='C'	complete=True	new_tokens=2	duration_s=4.88
CALL geometry3k_test_2682 oracle_topk6_trusted
OK	geometry3k_test_2682	oracle_topk6_trusted	pred='C'	gold='C'	complete=True	new_tokens=2	duration_s=5.14
CALL geometry3k_test_2682 oracle_corrupt_warned
OK	geometry3k_test_2682	oracle_corrupt_warned	pred='C'	gold='C'	complete=True	new_tokens=2	duration_s=5.16
CALL geometry3k_test_2682 oracle_corrupt_trusted
OK	geometry3k_test_2682	oracle_corrupt_trusted	pred='C'	gold='C'	complete=True	new_tokens=2	duration_s=5.13
CALL geometry3k_test_2683 raw
FAIL	geometry3k_test_2683	raw	pred='B'	gold='C'	complete=True	new_tokens=2	duration_s=4.53
CALL geometry3k_test_2683 oracle_full
FAIL	geometry3k_test_2683	oracle_full	pred='B'	gold='C'	complete=True	new_tokens=2	duration_s=6.85
CALL geometry3k_test_2683 oracle_topk3
FAIL	geometry3k_test_2683	oracle_topk3	pred='B'	gold='C'	complete=True	new_tokens=2	duration_s=4.83
CALL geometry3k_test_2683 oracle_topk6_cautious
FAIL	geometry3k_test_2683	oracle_topk6_cautious	pred='B'	gold='C'	complete=True	new_tokens=2	duration_s=5.12
CALL geometry3k_test_2683 oracle_topk3_trusted
FAIL	geometry3k_test_2683	oracle_topk3_trusted	pred='B'	gold='C'	complete=True	new_tokens=2	duration_s=4.85
CALL geometry3k_test_2683 oracle_topk6_trusted
FAIL	geometry3k_test_2683	oracle_topk6_trusted	pred='B'	gold='C'	complete=True	new_tokens=2	duration_s=5.13
CALL geometry3k_test_2683 oracle_corrupt_warned
FAIL	geometry3k_test_2683	oracle_corrupt_warned	pred='B'	gold='C'	complete=True	new_tokens=2	duration_s=5.09
CALL geometry3k_test_2683 oracle_corrupt_trusted
FAIL	geometry3k_test_2683	oracle_corrupt_trusted	pred='B'	gold='C'	complete=True	new_tokens=2	duration_s=5.13
CALL geometry3k_test_2684 raw
FAIL	geometry3k_test_2684	raw	pred='B'	gold='A'	complete=True	new_tokens=7	duration_s=4.99
CALL geometry3k_test_2684 oracle_full
FAIL	geometry3k_test_2684	oracle_full	pred='B'	gold='A'	complete=True	new_tokens=2	duration_s=6.54
CALL geometry3k_test_2684 oracle_topk3
FAIL	geometry3k_test_2684	oracle_topk3	pred='B'	gold='A'	complete=True	new_tokens=7	duration_s=5.54
CALL geometry3k_test_2684 oracle_topk6_cautious
FAIL	geometry3k_test_2684	oracle_topk6_cautious	pred='B'	gold='A'	complete=True	new_tokens=2	duration_s=5.15
CALL geometry3k_test_2684 oracle_topk3_trusted
FAIL	geometry3k_test_2684	oracle_topk3_trusted	pred='B'	gold='A'	complete=True	new_tokens=2	duration_s=5.12
CALL geometry3k_test_2684 oracle_topk6_trusted
FAIL	geometry3k_test_2684	oracle_topk6_trusted	pred='B'	gold='A'	complete=True	new_tokens=2	duration_s=5.14
CALL geometry3k_test_2684 oracle_corrupt_warned
FAIL	geometry3k_test_2684	oracle_corrupt_warned	pred='B'	gold='A'	complete=True	new_tokens=2	duration_s=5.13
CALL geometry3k_test_2684 oracle_corrupt_trusted
FAIL	geometry3k_test_2684	oracle_corrupt_trusted	pred='B'	gold='A'	complete=True	new_tokens=2	duration_s=5.15
CALL geometry3k_test_2685 raw
FAIL	geometry3k_test_2685	raw	pred='B'	gold='A'	complete=True	new_tokens=2	duration_s=4.55
CALL geometry3k_test_2685 oracle_full
FAIL	geometry3k_test_2685	oracle_full	pred='B'	gold='A'	complete=True	new_tokens=2	duration_s=6.50
CALL geometry3k_test_2685 oracle_topk3
FAIL	geometry3k_test_2685	oracle_topk3	pred='B'	gold='A'	complete=True	new_tokens=2	duration_s=4.89
CALL geometry3k_test_2685 oracle_topk6_cautious
FAIL	geometry3k_test_2685	oracle_topk6_cautious	pred='B'	gold='A'	complete=True	new_tokens=2	duration_s=5.16
CALL geometry3k_test_2685 oracle_topk3_trusted
FAIL	geometry3k_test_2685	oracle_topk3_trusted	pred='B'	gold='A'	complete=True	new_tokens=2	duration_s=4.85
CALL geometry3k_test_2685 oracle_topk6_trusted
FAIL	geometry3k_test_2685	oracle_topk6_trusted	pred='B'	gold='A'	complete=True	new_tokens=2	duration_s=5.13
CALL geometry3k_test_2685 oracle_corrupt_warned
FAIL	geometry3k_test_2685	oracle_corrupt_warned	pred='B'	gold='A'	complete=True	new_tokens=2	duration_s=5.15
CALL geometry3k_test_2685 oracle_corrupt_trusted
FAIL	geometry3k_test_2685	oracle_corrupt_trusted	pred='B'	gold='A'	complete=True	new_tokens=2	duration_s=5.13
CALL geometry3k_test_2686 raw
OK	geometry3k_test_2686	raw	pred='A'	gold='A'	complete=True	new_tokens=2	duration_s=14.10
CALL geometry3k_test_2686 oracle_full
FAIL	geometry3k_test_2686	oracle_full	pred='B'	gold='A'	complete=True	new_tokens=2	duration_s=16.11
CALL geometry3k_test_2686 oracle_topk3
FAIL	geometry3k_test_2686	oracle_topk3	pred='B'	gold='A'	complete=True	new_tokens=2	duration_s=14.68
CALL geometry3k_test_2686 oracle_topk6_cautious
OK	geometry3k_test_2686	oracle_topk6_cautious	pred='A'	gold='A'	complete=True	new_tokens=2	duration_s=14.72
CALL geometry3k_test_2686 oracle_topk3_trusted
FAIL	geometry3k_test_2686	oracle_topk3_trusted	pred='B'	gold='A'	complete=True	new_tokens=2	duration_s=14.39
CALL geometry3k_test_2686 oracle_topk6_trusted
FAIL	geometry3k_test_2686	oracle_topk6_trusted	pred='B'	gold='A'	complete=True	new_tokens=2	duration_s=14.65
CALL geometry3k_test_2686 oracle_corrupt_warned
FAIL	geometry3k_test_2686	oracle_corrupt_warned	pred='B'	gold='A'	complete=True	new_tokens=2	duration_s=14.68
CALL geometry3k_test_2686 oracle_corrupt_trusted
FAIL	geometry3k_test_2686	oracle_corrupt_trusted	pred='B'	gold='A'	complete=True	new_tokens=2	duration_s=14.65
CALL geometry3k_test_2687 raw
OK	geometry3k_test_2687	raw	pred='D'	gold='D'	complete=True	new_tokens=2	duration_s=6.98
CALL geometry3k_test_2687 oracle_full
FAIL	geometry3k_test_2687	oracle_full	pred=''	gold='D'	complete=False	new_tokens=2	duration_s=18.46
CALL geometry3k_test_2687 oracle_topk3
OK	geometry3k_test_2687	oracle_topk3	pred='D'	gold='D'	complete=True	new_tokens=2	duration_s=7.36
CALL geometry3k_test_2687 oracle_topk6_cautious
OK	geometry3k_test_2687	oracle_topk6_cautious	pred='D'	gold='D'	complete=True	new_tokens=2	duration_s=7.41
CALL geometry3k_test_2687 oracle_topk3_trusted
OK	geometry3k_test_2687	oracle_topk3_trusted	pred='D'	gold='D'	complete=True	new_tokens=2	duration_s=7.08
CALL geometry3k_test_2687 oracle_topk6_trusted
OK	geometry3k_test_2687	oracle_topk6_trusted	pred='D'	gold='D'	complete=True	new_tokens=2	duration_s=7.37
CALL geometry3k_test_2687 oracle_corrupt_warned
OK	geometry3k_test_2687	oracle_corrupt_warned	pred='D'	gold='D'	complete=True	new_tokens=2	duration_s=7.38
CALL geometry3k_test_2687 oracle_corrupt_trusted
OK	geometry3k_test_2687	oracle_corrupt_trusted	pred='D'	gold='D'	complete=True	new_tokens=2	duration_s=7.40
CALL geometry3k_test_2688 raw
FAIL	geometry3k_test_2688	raw	pred='C'	gold='B'	complete=True	new_tokens=2	duration_s=7.97
CALL geometry3k_test_2688 oracle_full
FAIL	geometry3k_test_2688	oracle_full	pred='C'	gold='B'	complete=True	new_tokens=2	duration_s=9.94
CALL geometry3k_test_2688 oracle_topk3
FAIL	geometry3k_test_2688	oracle_topk3	pred='C'	gold='B'	complete=True	new_tokens=2	duration_s=8.29
CALL geometry3k_test_2688 oracle_topk6_cautious
FAIL	geometry3k_test_2688	oracle_topk6_cautious	pred='C'	gold='B'	complete=True	new_tokens=2	duration_s=8.64
CALL geometry3k_test_2688 oracle_topk3_trusted
FAIL	geometry3k_test_2688	oracle_topk3_trusted	pred='C'	gold='B'	complete=True	new_tokens=2	duration_s=8.32
CALL geometry3k_test_2688 oracle_topk6_trusted
FAIL	geometry3k_test_2688	oracle_topk6_trusted	pred='C'	gold='B'	complete=True	new_tokens=2	duration_s=8.64
CALL geometry3k_test_2688 oracle_corrupt_warned
FAIL	geometry3k_test_2688	oracle_corrupt_warned	pred='C'	gold='B'	complete=True	new_tokens=2	duration_s=8.62
CALL geometry3k_test_2688 oracle_corrupt_trusted
FAIL	geometry3k_test_2688	oracle_corrupt_trusted	pred='C'	gold='B'	complete=True	new_tokens=2	duration_s=8.61
CALL geometry3k_test_2689 raw
OK	geometry3k_test_2689	raw	pred='C'	gold='C'	complete=True	new_tokens=2	duration_s=3.87
CALL geometry3k_test_2689 oracle_full
OK	geometry3k_test_2689	oracle_full	pred='C'	gold='C'	complete=True	new_tokens=2	duration_s=7.25
CALL geometry3k_test_2689 oracle_topk3
OK	geometry3k_test_2689	oracle_topk3	pred='C'	gold='C'	complete=True	new_tokens=2	duration_s=4.19
CALL geometry3k_test_2689 oracle_topk6_cautious
OK	geometry3k_test_2689	oracle_topk6_cautious	pred='C'	gold='C'	complete=True	new_tokens=2	duration_s=4.47
CALL geometry3k_test_2689 oracle_topk3_trusted
OK	geometry3k_test_2689	oracle_topk3_trusted	pred='C'	gold='C'	complete=True	new_tokens=2	duration_s=4.20
CALL geometry3k_test_2689 oracle_topk6_trusted
OK	geometry3k_test_2689	oracle_topk6_trusted	pred='C'	gold='C'	complete=True	new_tokens=2	duration_s=4.47
CALL geometry3k_test_2689 oracle_corrupt_warned
OK	geometry3k_test_2689	oracle_corrupt_warned	pred='C'	gold='C'	complete=True	new_tokens=2	duration_s=4.47
CALL geometry3k_test_2689 oracle_corrupt_trusted
OK	geometry3k_test_2689	oracle_corrupt_trusted	pred='C'	gold='C'	complete=True	new_tokens=2	duration_s=4.45
CALL geometry3k_test_2690 raw
FAIL	geometry3k_test_2690	raw	pred='B'	gold='A'	complete=True	new_tokens=8	duration_s=11.61
CALL geometry3k_test_2690 oracle_full
FAIL	geometry3k_test_2690	oracle_full	pred='B'	gold='A'	complete=True	new_tokens=2	duration_s=13.11
CALL geometry3k_test_2690 oracle_topk3
FAIL	geometry3k_test_2690	oracle_topk3	pred='B'	gold='A'	complete=True	new_tokens=8	duration_s=11.99
CALL geometry3k_test_2690 oracle_topk6_cautious
FAIL	geometry3k_test_2690	oracle_topk6_cautious	pred='B'	gold='A'	complete=True	new_tokens=2	duration_s=11.75
CALL geometry3k_test_2690 oracle_topk3_trusted
FAIL	geometry3k_test_2690	oracle_topk3_trusted	pred='B'	gold='A'	complete=True	new_tokens=2	duration_s=11.48
CALL geometry3k_test_2690 oracle_topk6_trusted
FAIL	geometry3k_test_2690	oracle_topk6_trusted	pred='B'	gold='A'	complete=True	new_tokens=2	duration_s=11.78
CALL geometry3k_test_2690 oracle_corrupt_warned
FAIL	geometry3k_test_2690	oracle_corrupt_warned	pred='B'	gold='A'	complete=True	new_tokens=2	duration_s=11.75
CALL geometry3k_test_2690 oracle_corrupt_trusted
FAIL	geometry3k_test_2690	oracle_corrupt_trusted	pred='B'	gold='A'	complete=True	new_tokens=2	duration_s=11.72
CALL geometry3k_test_2691 raw
FAIL	geometry3k_test_2691	raw	pred='B'	gold='D'	complete=True	new_tokens=2	duration_s=9.23
CALL geometry3k_test_2691 oracle_full
FAIL	geometry3k_test_2691	oracle_full	pred='B'	gold='D'	complete=True	new_tokens=2	duration_s=10.59
CALL geometry3k_test_2691 oracle_topk3
FAIL	geometry3k_test_2691	oracle_topk3	pred='B'	gold='D'	complete=True	new_tokens=2	duration_s=9.59
CALL geometry3k_test_2691 oracle_topk6_cautious
FAIL	geometry3k_test_2691	oracle_topk6_cautious	pred='B'	gold='D'	complete=True	new_tokens=2	duration_s=9.93
CALL geometry3k_test_2691 oracle_topk3_trusted
FAIL	geometry3k_test_2691	oracle_topk3_trusted	pred='B'	gold='D'	complete=True	new_tokens=2	duration_s=9.60
CALL geometry3k_test_2691 oracle_topk6_trusted
FAIL	geometry3k_test_2691	oracle_topk6_trusted	pred='B'	gold='D'	complete=True	new_tokens=2	duration_s=9.65
CALL geometry3k_test_2691 oracle_corrupt_warned
FAIL	geometry3k_test_2691	oracle_corrupt_warned	pred='B'	gold='D'	complete=True	new_tokens=2	duration_s=9.67
CALL geometry3k_test_2691 oracle_corrupt_trusted
FAIL	geometry3k_test_2691	oracle_corrupt_trusted	pred='B'	gold='D'	complete=True	new_tokens=2	duration_s=9.65
CALL geometry3k_test_2692 raw
FAIL	geometry3k_test_2692	raw	pred='B'	gold='A'	complete=True	new_tokens=2	duration_s=15.08
CALL geometry3k_test_2692 oracle_full
FAIL	geometry3k_test_2692	oracle_full	pred='B'	gold='A'	complete=True	new_tokens=2	duration_s=16.80
CALL geometry3k_test_2692 oracle_topk3
FAIL	geometry3k_test_2692	oracle_topk3	pred='B'	gold='A'	complete=True	new_tokens=2	duration_s=15.40
CALL geometry3k_test_2692 oracle_topk6_cautious
FAIL	geometry3k_test_2692	oracle_topk6_cautious	pred='B'	gold='A'	complete=True	new_tokens=2	duration_s=15.43
CALL geometry3k_test_2692 oracle_topk3_trusted
FAIL	geometry3k_test_2692	oracle_topk3_trusted	pred='B'	gold='A'	complete=True	new_tokens=2	duration_s=15.42
CALL geometry3k_test_2692 oracle_topk6_trusted
FAIL	geometry3k_test_2692	oracle_topk6_trusted	pred='B'	gold='A'	complete=True	new_tokens=2	duration_s=15.46
CALL geometry3k_test_2692 oracle_corrupt_warned
FAIL	geometry3k_test_2692	oracle_corrupt_warned	pred='B'	gold='A'	complete=True	new_tokens=2	duration_s=15.41
CALL geometry3k_test_2692 oracle_corrupt_trusted
FAIL	geometry3k_test_2692	oracle_corrupt_trusted	pred='B'	gold='A'	complete=True	new_tokens=2	duration_s=15.42
CALL geometry3k_test_2693 raw
FAIL	geometry3k_test_2693	raw	pred='C'	gold='A'	complete=True	new_tokens=2	duration_s=4.11
CALL geometry3k_test_2693 oracle_full
OK	geometry3k_test_2693	oracle_full	pred='A'	gold='A'	complete=True	new_tokens=2	duration_s=5.68
CALL geometry3k_test_2693 oracle_topk3
FAIL	geometry3k_test_2693	oracle_topk3	pred='C'	gold='A'	complete=True	new_tokens=2	duration_s=4.46
CALL geometry3k_test_2693 oracle_topk6_cautious
FAIL	geometry3k_test_2693	oracle_topk6_cautious	pred='C'	gold='A'	complete=True	new_tokens=2	duration_s=4.72
CALL geometry3k_test_2693 oracle_topk3_trusted
FAIL	geometry3k_test_2693	oracle_topk3_trusted	pred='C'	gold='A'	complete=True	new_tokens=2	duration_s=4.43
CALL geometry3k_test_2693 oracle_topk6_trusted
FAIL	geometry3k_test_2693	oracle_topk6_trusted	pred='C'	gold='A'	complete=True	new_tokens=2	duration_s=4.69
CALL geometry3k_test_2693 oracle_corrupt_warned
FAIL	geometry3k_test_2693	oracle_corrupt_warned	pred='C'	gold='A'	complete=True	new_tokens=2	duration_s=4.45
CALL geometry3k_test_2693 oracle_corrupt_trusted
FAIL	geometry3k_test_2693	oracle_corrupt_trusted	pred='C'	gold='A'	complete=True	new_tokens=2	duration_s=4.49
CALL geometry3k_test_2694 raw
OK	geometry3k_test_2694	raw	pred='C'	gold='C'	complete=True	new_tokens=2	duration_s=4.85
CALL geometry3k_test_2694 oracle_full
OK	geometry3k_test_2694	oracle_full	pred='C'	gold='C'	complete=True	new_tokens=2	duration_s=7.53
CALL geometry3k_test_2694 oracle_topk3
FAIL	geometry3k_test_2694	oracle_topk3	pred='D'	gold='C'	complete=True	new_tokens=2	duration_s=5.44
CALL geometry3k_test_2694 oracle_topk6_cautious
FAIL	geometry3k_test_2694	oracle_topk6_cautious	pred='D'	gold='C'	complete=True	new_tokens=2	duration_s=5.48
CALL geometry3k_test_2694 oracle_topk3_trusted
FAIL	geometry3k_test_2694	oracle_topk3_trusted	pred='D'	gold='C'	complete=True	new_tokens=2	duration_s=5.18
CALL geometry3k_test_2694 oracle_topk6_trusted
FAIL	geometry3k_test_2694	oracle_topk6_trusted	pred='D'	gold='C'	complete=True	new_tokens=2	duration_s=5.48
CALL geometry3k_test_2694 oracle_corrupt_warned
FAIL	geometry3k_test_2694	oracle_corrupt_warned	pred='D'	gold='C'	complete=True	new_tokens=2	duration_s=5.47
CALL geometry3k_test_2694 oracle_corrupt_trusted
FAIL	geometry3k_test_2694	oracle_corrupt_trusted	pred='D'	gold='C'	complete=True	new_tokens=2	duration_s=5.46
CALL geometry3k_test_2695 raw
FAIL	geometry3k_test_2695	raw	pred='B'	gold='C'	complete=True	new_tokens=2	duration_s=15.81
CALL geometry3k_test_2695 oracle_full
FAIL	geometry3k_test_2695	oracle_full	pred='B'	gold='C'	complete=True	new_tokens=2	duration_s=17.61
CALL geometry3k_test_2695 oracle_topk3
FAIL	geometry3k_test_2695	oracle_topk3	pred='B'	gold='C'	complete=True	new_tokens=2	duration_s=16.27
CALL geometry3k_test_2695 oracle_topk6_cautious
FAIL	geometry3k_test_2695	oracle_topk6_cautious	pred='B'	gold='C'	complete=True	new_tokens=2	duration_s=16.51
CALL geometry3k_test_2695 oracle_topk3_trusted
FAIL	geometry3k_test_2695	oracle_topk3_trusted	pred='B'	gold='C'	complete=True	new_tokens=2	duration_s=16.19
CALL geometry3k_test_2695 oracle_topk6_trusted
FAIL	geometry3k_test_2695	oracle_topk6_trusted	pred='B'	gold='C'	complete=True	new_tokens=2	duration_s=16.49
CALL geometry3k_test_2695 oracle_corrupt_warned
FAIL	geometry3k_test_2695	oracle_corrupt_warned	pred='B'	gold='C'	complete=True	new_tokens=2	duration_s=16.51
CALL geometry3k_test_2695 oracle_corrupt_trusted
FAIL	geometry3k_test_2695	oracle_corrupt_trusted	pred='B'	gold='C'	complete=True	new_tokens=2	duration_s=16.50
CALL geometry3k_test_2696 raw
OK	geometry3k_test_2696	raw	pred='B'	gold='B'	complete=True	new_tokens=2	duration_s=10.03
CALL geometry3k_test_2696 oracle_full
OK	geometry3k_test_2696	oracle_full	pred='B'	gold='B'	complete=True	new_tokens=2	duration_s=11.40
CALL geometry3k_test_2696 oracle_topk3
OK	geometry3k_test_2696	oracle_topk3	pred='B'	gold='B'	complete=True	new_tokens=2	duration_s=10.35
CALL geometry3k_test_2696 oracle_topk6_cautious
OK	geometry3k_test_2696	oracle_topk6_cautious	pred='B'	gold='B'	complete=True	new_tokens=2	duration_s=10.72
CALL geometry3k_test_2696 oracle_topk3_trusted
OK	geometry3k_test_2696	oracle_topk3_trusted	pred='B'	gold='B'	complete=True	new_tokens=2	duration_s=10.38
CALL geometry3k_test_2696 oracle_topk6_trusted
OK	geometry3k_test_2696	oracle_topk6_trusted	pred='B'	gold='B'	complete=True	new_tokens=2	duration_s=10.67
CALL geometry3k_test_2696 oracle_corrupt_warned
OK	geometry3k_test_2696	oracle_corrupt_warned	pred='B'	gold='B'	complete=True	new_tokens=2	duration_s=10.71
CALL geometry3k_test_2696 oracle_corrupt_trusted
OK	geometry3k_test_2696	oracle_corrupt_trusted	pred='B'	gold='B'	complete=True	new_tokens=2	duration_s=10.70
CALL geometry3k_test_2697 raw
FAIL	geometry3k_test_2697	raw	pred='C'	gold='D'	complete=True	new_tokens=2	duration_s=10.74
CALL geometry3k_test_2697 oracle_full
FAIL	geometry3k_test_2697	oracle_full	pred='C'	gold='D'	complete=True	new_tokens=2	duration_s=12.37
CALL geometry3k_test_2697 oracle_topk3
FAIL	geometry3k_test_2697	oracle_topk3	pred='C'	gold='D'	complete=True	new_tokens=2	duration_s=11.13
CALL geometry3k_test_2697 oracle_topk6_cautious
FAIL	geometry3k_test_2697	oracle_topk6_cautious	pred='C'	gold='D'	complete=True	new_tokens=2	duration_s=11.43
CALL geometry3k_test_2697 oracle_topk3_trusted
FAIL	geometry3k_test_2697	oracle_topk3_trusted	pred='C'	gold='D'	complete=True	new_tokens=2	duration_s=11.13
CALL geometry3k_test_2697 oracle_topk6_trusted
FAIL	geometry3k_test_2697	oracle_topk6_trusted	pred='C'	gold='D'	complete=True	new_tokens=2	duration_s=11.40
CALL geometry3k_test_2697 oracle_corrupt_warned
FAIL	geometry3k_test_2697	oracle_corrupt_warned	pred='C'	gold='D'	complete=True	new_tokens=2	duration_s=11.44
CALL geometry3k_test_2697 oracle_corrupt_trusted
FAIL	geometry3k_test_2697	oracle_corrupt_trusted	pred='C'	gold='D'	complete=True	new_tokens=2	duration_s=11.43
CALL geometry3k_test_2698 raw
OK	geometry3k_test_2698	raw	pred='C'	gold='C'	complete=True	new_tokens=2	duration_s=11.03
CALL geometry3k_test_2698 oracle_full
OK	geometry3k_test_2698	oracle_full	pred='C'	gold='C'	complete=True	new_tokens=2	duration_s=12.61
CALL geometry3k_test_2698 oracle_topk3
OK	geometry3k_test_2698	oracle_topk3	pred='C'	gold='C'	complete=True	new_tokens=2	duration_s=11.61
CALL geometry3k_test_2698 oracle_topk6_cautious
OK	geometry3k_test_2698	oracle_topk6_cautious	pred='C'	gold='C'	complete=True	new_tokens=2	duration_s=11.66
CALL geometry3k_test_2698 oracle_topk3_trusted
OK	geometry3k_test_2698	oracle_topk3_trusted	pred='C'	gold='C'	complete=True	new_tokens=2	duration_s=11.61
CALL geometry3k_test_2698 oracle_topk6_trusted
FAIL	geometry3k_test_2698	oracle_topk6_trusted	pred='B'	gold='C'	complete=True	new_tokens=2	duration_s=11.61
CALL geometry3k_test_2698 oracle_corrupt_warned
OK	geometry3k_test_2698	oracle_corrupt_warned	pred='C'	gold='C'	complete=True	new_tokens=2	duration_s=11.62
CALL geometry3k_test_2698 oracle_corrupt_trusted
OK	geometry3k_test_2698	oracle_corrupt_trusted	pred='C'	gold='C'	complete=True	new_tokens=2	duration_s=11.65
CALL geometry3k_test_2699 raw
OK	geometry3k_test_2699	raw	pred='B'	gold='B'	complete=True	new_tokens=2	duration_s=3.88
CALL geometry3k_test_2699 oracle_full
OK	geometry3k_test_2699	oracle_full	pred='B'	gold='B'	complete=True	new_tokens=2	duration_s=7.22
CALL geometry3k_test_2699 oracle_topk3
OK	geometry3k_test_2699	oracle_topk3	pred='B'	gold='B'	complete=True	new_tokens=2	duration_s=4.20
CALL geometry3k_test_2699 oracle_topk6_cautious
OK	geometry3k_test_2699	oracle_topk6_cautious	pred='B'	gold='B'	complete=True	new_tokens=5	duration_s=4.75
CALL geometry3k_test_2699 oracle_topk3_trusted
OK	geometry3k_test_2699	oracle_topk3_trusted	pred='B'	gold='B'	complete=True	new_tokens=2	duration_s=4.22
CALL geometry3k_test_2699 oracle_topk6_trusted
OK	geometry3k_test_2699	oracle_topk6_trusted	pred='B'	gold='B'	complete=True	new_tokens=2	duration_s=4.47
CALL geometry3k_test_2699 oracle_corrupt_warned
OK	geometry3k_test_2699	oracle_corrupt_warned	pred='B'	gold='B'	complete=True	new_tokens=2	duration_s=4.47
CALL geometry3k_test_2699 oracle_corrupt_trusted
OK	geometry3k_test_2699	oracle_corrupt_trusted	pred='B'	gold='B'	complete=True	new_tokens=2	duration_s=4.47
CALL geometry3k_test_2700 raw
OK	geometry3k_test_2700	raw	pred='C'	gold='C'	complete=True	new_tokens=2	duration_s=4.21
CALL geometry3k_test_2700 oracle_full
OK	geometry3k_test_2700	oracle_full	pred='C'	gold='C'	complete=True	new_tokens=2	duration_s=5.82
CALL geometry3k_test_2700 oracle_topk3
OK	geometry3k_test_2700	oracle_topk3	pred='C'	gold='C'	complete=True	new_tokens=2	duration_s=4.53
CALL geometry3k_test_2700 oracle_topk6_cautious
OK	geometry3k_test_2700	oracle_topk6_cautious	pred='C'	gold='C'	complete=True	new_tokens=2	duration_s=4.82
CALL geometry3k_test_2700 oracle_topk3_trusted
FAIL	geometry3k_test_2700	oracle_topk3_trusted	pred='B'	gold='C'	complete=True	new_tokens=2	duration_s=4.54
CALL geometry3k_test_2700 oracle_topk6_trusted
OK	geometry3k_test_2700	oracle_topk6_trusted	pred='C'	gold='C'	complete=True	new_tokens=2	duration_s=4.81
CALL geometry3k_test_2700 oracle_corrupt_warned
OK	geometry3k_test_2700	oracle_corrupt_warned	pred='C'	gold='C'	complete=True	new_tokens=2	duration_s=4.81
CALL geometry3k_test_2700 oracle_corrupt_trusted
OK	geometry3k_test_2700	oracle_corrupt_trusted	pred='C'	gold='C'	complete=True	new_tokens=2	duration_s=4.81
CALL geometry3k_test_2701 raw
FAIL	geometry3k_test_2701	raw	pred='B'	gold='C'	complete=True	new_tokens=2	duration_s=6.72
CALL geometry3k_test_2701 oracle_full
FAIL	geometry3k_test_2701	oracle_full	pred='B'	gold='C'	complete=True	new_tokens=2	duration_s=8.10
CALL geometry3k_test_2701 oracle_topk3
FAIL	geometry3k_test_2701	oracle_topk3	pred='B'	gold='C'	complete=True	new_tokens=2	duration_s=7.01
CALL geometry3k_test_2701 oracle_topk6_cautious
FAIL	geometry3k_test_2701	oracle_topk6_cautious	pred='B'	gold='C'	complete=True	new_tokens=2	duration_s=7.34
CALL geometry3k_test_2701 oracle_topk3_trusted
FAIL	geometry3k_test_2701	oracle_topk3_trusted	pred='B'	gold='C'	complete=True	new_tokens=2	duration_s=7.04
CALL geometry3k_test_2701 oracle_topk6_trusted
FAIL	geometry3k_test_2701	oracle_topk6_trusted	pred='B'	gold='C'	complete=True	new_tokens=2	duration_s=7.07
CALL geometry3k_test_2701 oracle_corrupt_warned
FAIL	geometry3k_test_2701	oracle_corrupt_warned	pred='B'	gold='C'	complete=True	new_tokens=2	duration_s=7.07
CALL geometry3k_test_2701 oracle_corrupt_trusted
FAIL	geometry3k_test_2701	oracle_corrupt_trusted	pred='B'	gold='C'	complete=True	new_tokens=2	duration_s=7.06
CALL geometry3k_test_2702 raw
FAIL	geometry3k_test_2702	raw	pred='B'	gold='D'	complete=True	new_tokens=2	duration_s=5.97
CALL geometry3k_test_2702 oracle_full
FAIL	geometry3k_test_2702	oracle_full	pred='B'	gold='D'	complete=True	new_tokens=2	duration_s=10.25
CALL geometry3k_test_2702 oracle_topk3
FAIL	geometry3k_test_2702	oracle_topk3	pred='B'	gold='D'	complete=True	new_tokens=2	duration_s=6.33
CALL geometry3k_test_2702 oracle_topk6_cautious
FAIL	geometry3k_test_2702	oracle_topk6_cautious	pred='B'	gold='D'	complete=True	new_tokens=2	duration_s=6.68
CALL geometry3k_test_2702 oracle_topk3_trusted
FAIL	geometry3k_test_2702	oracle_topk3_trusted	pred='B'	gold='D'	complete=True	new_tokens=2	duration_s=6.35
CALL geometry3k_test_2702 oracle_topk6_trusted
FAIL	geometry3k_test_2702	oracle_topk6_trusted	pred='B'	gold='D'	complete=True	new_tokens=2	duration_s=6.64
CALL geometry3k_test_2702 oracle_corrupt_warned
FAIL	geometry3k_test_2702	oracle_corrupt_warned	pred='B'	gold='D'	complete=True	new_tokens=2	duration_s=6.66
CALL geometry3k_test_2702 oracle_corrupt_trusted
FAIL	geometry3k_test_2702	oracle_corrupt_trusted	pred='B'	gold='D'	complete=True	new_tokens=2	duration_s=6.64
CALL geometry3k_test_2703 raw
FAIL	geometry3k_test_2703	raw	pred='B'	gold='A'	complete=True	new_tokens=2	duration_s=4.14
CALL geometry3k_test_2703 oracle_full
FAIL	geometry3k_test_2703	oracle_full	pred='B'	gold='A'	complete=True	new_tokens=2	duration_s=6.14
CALL geometry3k_test_2703 oracle_topk3
FAIL	geometry3k_test_2703	oracle_topk3	pred='B'	gold='A'	complete=True	new_tokens=2	duration_s=4.48
CALL geometry3k_test_2703 oracle_topk6_cautious
FAIL	geometry3k_test_2703	oracle_topk6_cautious	pred='B'	gold='A'	complete=True	new_tokens=2	duration_s=4.75
CALL geometry3k_test_2703 oracle_topk3_trusted
FAIL	geometry3k_test_2703	oracle_topk3_trusted	pred='B'	gold='A'	complete=True	new_tokens=2	duration_s=4.46
CALL geometry3k_test_2703 oracle_topk6_trusted
FAIL	geometry3k_test_2703	oracle_topk6_trusted	pred='B'	gold='A'	complete=True	new_tokens=2	duration_s=4.74
CALL geometry3k_test_2703 oracle_corrupt_warned
FAIL	geometry3k_test_2703	oracle_corrupt_warned	pred='B'	gold='A'	complete=True	new_tokens=2	duration_s=4.71
CALL geometry3k_test_2703 oracle_corrupt_trusted
FAIL	geometry3k_test_2703	oracle_corrupt_trusted	pred='B'	gold='A'	complete=True	new_tokens=2	duration_s=4.74
CALL geometry3k_test_2704 raw
OK	geometry3k_test_2704	raw	pred='A'	gold='A'	complete=True	new_tokens=2	duration_s=5.84
CALL geometry3k_test_2704 oracle_full
OK	geometry3k_test_2704	oracle_full	pred='A'	gold='A'	complete=True	new_tokens=2	duration_s=7.21
CALL geometry3k_test_2704 oracle_topk3
OK	geometry3k_test_2704	oracle_topk3	pred='A'	gold='A'	complete=True	new_tokens=2	duration_s=6.15
CALL geometry3k_test_2704 oracle_topk6_cautious
OK	geometry3k_test_2704	oracle_topk6_cautious	pred='A'	gold='A'	complete=True	new_tokens=2	duration_s=6.17
CALL geometry3k_test_2704 oracle_topk3_trusted
OK	geometry3k_test_2704	oracle_topk3_trusted	pred='A'	gold='A'	complete=True	new_tokens=2	duration_s=5.88
CALL geometry3k_test_2704 oracle_topk6_trusted
OK	geometry3k_test_2704	oracle_topk6_trusted	pred='A'	gold='A'	complete=True	new_tokens=2	duration_s=6.16
CALL geometry3k_test_2704 oracle_corrupt_warned
OK	geometry3k_test_2704	oracle_corrupt_warned	pred='A'	gold='A'	complete=True	new_tokens=2	duration_s=6.16
CALL geometry3k_test_2704 oracle_corrupt_trusted
OK	geometry3k_test_2704	oracle_corrupt_trusted	pred='A'	gold='A'	complete=True	new_tokens=2	duration_s=6.13
CALL geometry3k_test_2705 raw
FAIL	geometry3k_test_2705	raw	pred='B'	gold='A'	complete=True	new_tokens=2	duration_s=3.94
CALL geometry3k_test_2705 oracle_full
FAIL	geometry3k_test_2705	oracle_full	pred='B'	gold='A'	complete=True	new_tokens=2	duration_s=5.57
CALL geometry3k_test_2705 oracle_topk3
FAIL	geometry3k_test_2705	oracle_topk3	pred='B'	gold='A'	complete=True	new_tokens=2	duration_s=4.29
CALL geometry3k_test_2705 oracle_topk6_cautious
FAIL	geometry3k_test_2705	oracle_topk6_cautious	pred='B'	gold='A'	complete=True	new_tokens=2	duration_s=4.57
CALL geometry3k_test_2705 oracle_topk3_trusted
FAIL	geometry3k_test_2705	oracle_topk3_trusted	pred='B'	gold='A'	complete=True	new_tokens=2	duration_s=4.28
CALL geometry3k_test_2705 oracle_topk6_trusted
FAIL	geometry3k_test_2705	oracle_topk6_trusted	pred='B'	gold='A'	complete=True	new_tokens=2	duration_s=4.55
CALL geometry3k_test_2705 oracle_corrupt_warned
FAIL	geometry3k_test_2705	oracle_corrupt_warned	pred='B'	gold='A'	complete=True	new_tokens=2	duration_s=4.54
CALL geometry3k_test_2705 oracle_corrupt_trusted
FAIL	geometry3k_test_2705	oracle_corrupt_trusted	pred='B'	gold='A'	complete=True	new_tokens=2	duration_s=4.55
CALL geometry3k_test_2706 raw
FAIL	geometry3k_test_2706	raw	pred='B'	gold='A'	complete=True	new_tokens=2	duration_s=4.51
CALL geometry3k_test_2706 oracle_full
FAIL	geometry3k_test_2706	oracle_full	pred='B'	gold='A'	complete=True	new_tokens=2	duration_s=11.42
CALL geometry3k_test_2706 oracle_topk3
FAIL	geometry3k_test_2706	oracle_topk3	pred='B'	gold='A'	complete=True	new_tokens=2	duration_s=4.85
CALL geometry3k_test_2706 oracle_topk6_cautious
FAIL	geometry3k_test_2706	oracle_topk6_cautious	pred='B'	gold='A'	complete=True	new_tokens=2	duration_s=5.17
CALL geometry3k_test_2706 oracle_topk3_trusted
FAIL	geometry3k_test_2706	oracle_topk3_trusted	pred='B'	gold='A'	complete=True	new_tokens=2	duration_s=4.85
CALL geometry3k_test_2706 oracle_topk6_trusted
FAIL	geometry3k_test_2706	oracle_topk6_trusted	pred='B'	gold='A'	complete=True	new_tokens=2	duration_s=5.12
CALL geometry3k_test_2706 oracle_corrupt_warned
FAIL	geometry3k_test_2706	oracle_corrupt_warned	pred='B'	gold='A'	complete=True	new_tokens=2	duration_s=5.15
CALL geometry3k_test_2706 oracle_corrupt_trusted
FAIL	geometry3k_test_2706	oracle_corrupt_trusted	pred='B'	gold='A'	complete=True	new_tokens=2	duration_s=5.12
CALL geometry3k_test_2707 raw
FAIL	geometry3k_test_2707	raw	pred='A'	gold='B'	complete=True	new_tokens=2	duration_s=4.16
CALL geometry3k_test_2707 oracle_full
FAIL	geometry3k_test_2707	oracle_full	pred='C'	gold='B'	complete=True	new_tokens=2	duration_s=5.79
CALL geometry3k_test_2707 oracle_topk3
FAIL	geometry3k_test_2707	oracle_topk3	pred='A'	gold='B'	complete=True	new_tokens=2	duration_s=4.48
CALL geometry3k_test_2707 oracle_topk6_cautious
FAIL	geometry3k_test_2707	oracle_topk6_cautious	pred='C'	gold='B'	complete=True	new_tokens=2	duration_s=4.74
CALL geometry3k_test_2707 oracle_topk3_trusted
FAIL	geometry3k_test_2707	oracle_topk3_trusted	pred='A'	gold='B'	complete=True	new_tokens=2	duration_s=4.48
CALL geometry3k_test_2707 oracle_topk6_trusted
FAIL	geometry3k_test_2707	oracle_topk6_trusted	pred='C'	gold='B'	complete=True	new_tokens=2	duration_s=4.73
CALL geometry3k_test_2707 oracle_corrupt_warned
FAIL	geometry3k_test_2707	oracle_corrupt_warned	pred='C'	gold='B'	complete=True	new_tokens=2	duration_s=4.77
CALL geometry3k_test_2707 oracle_corrupt_trusted
FAIL	geometry3k_test_2707	oracle_corrupt_trusted	pred='C'	gold='B'	complete=True	new_tokens=2	duration_s=4.74
CALL geometry3k_test_2708 raw
FAIL	geometry3k_test_2708	raw	pred='B'	gold='C'	complete=True	new_tokens=2	duration_s=4.21
CALL geometry3k_test_2708 oracle_full
FAIL	geometry3k_test_2708	oracle_full	pred='B'	gold='C'	complete=True	new_tokens=2	duration_s=5.87
CALL geometry3k_test_2708 oracle_topk3
FAIL	geometry3k_test_2708	oracle_topk3	pred='B'	gold='C'	complete=True	new_tokens=2	duration_s=4.56
CALL geometry3k_test_2708 oracle_topk6_cautious
FAIL	geometry3k_test_2708	oracle_topk6_cautious	pred='B'	gold='C'	complete=True	new_tokens=2	duration_s=4.85
CALL geometry3k_test_2708 oracle_topk3_trusted
FAIL	geometry3k_test_2708	oracle_topk3_trusted	pred='B'	gold='C'	complete=True	new_tokens=2	duration_s=4.54
CALL geometry3k_test_2708 oracle_topk6_trusted
FAIL	geometry3k_test_2708	oracle_topk6_trusted	pred='B'	gold='C'	complete=True	new_tokens=2	duration_s=4.82
CALL geometry3k_test_2708 oracle_corrupt_warned
FAIL	geometry3k_test_2708	oracle_corrupt_warned	pred='B'	gold='C'	complete=True	new_tokens=2	duration_s=4.83
CALL geometry3k_test_2708 oracle_corrupt_trusted
FAIL	geometry3k_test_2708	oracle_corrupt_trusted	pred='B'	gold='C'	complete=True	new_tokens=2	duration_s=4.81
CALL geometry3k_test_2709 raw
OK	geometry3k_test_2709	raw	pred='B'	gold='B'	complete=True	new_tokens=2	duration_s=15.25
CALL geometry3k_test_2709 oracle_full
OK	geometry3k_test_2709	oracle_full	pred='B'	gold='B'	complete=True	new_tokens=2	duration_s=19.18
CALL geometry3k_test_2709 oracle_topk3
OK	geometry3k_test_2709	oracle_topk3	pred='B'	gold='B'	complete=True	new_tokens=2	duration_s=15.64
CALL geometry3k_test_2709 oracle_topk6_cautious
OK	geometry3k_test_2709	oracle_topk6_cautious	pred='B'	gold='B'	complete=True	new_tokens=2	duration_s=15.95
CALL geometry3k_test_2709 oracle_topk3_trusted
OK	geometry3k_test_2709	oracle_topk3_trusted	pred='B'	gold='B'	complete=True	new_tokens=2	duration_s=15.59
CALL geometry3k_test_2709 oracle_topk6_trusted
OK	geometry3k_test_2709	oracle_topk6_trusted	pred='B'	gold='B'	complete=True	new_tokens=2	duration_s=15.96
CALL geometry3k_test_2709 oracle_corrupt_warned
FAIL	geometry3k_test_2709	oracle_corrupt_warned	pred='A'	gold='B'	complete=True	new_tokens=2	duration_s=15.91
CALL geometry3k_test_2709 oracle_corrupt_trusted
FAIL	geometry3k_test_2709	oracle_corrupt_trusted	pred='A'	gold='B'	complete=True	new_tokens=2	duration_s=15.92
CALL geometry3k_test_2710 raw
OK	geometry3k_test_2710	raw	pred='B'	gold='B'	complete=True	new_tokens=2	duration_s=6.38
CALL geometry3k_test_2710 oracle_full
OK	geometry3k_test_2710	oracle_full	pred='B'	gold='B'	complete=True	new_tokens=2	duration_s=9.46
CALL geometry3k_test_2710 oracle_topk3
OK	geometry3k_test_2710	oracle_topk3	pred='B'	gold='B'	complete=True	new_tokens=2	duration_s=6.68
CALL geometry3k_test_2710 oracle_topk6_cautious
OK	geometry3k_test_2710	oracle_topk6_cautious	pred='B'	gold='B'	complete=True	new_tokens=2	duration_s=7.05
CALL geometry3k_test_2710 oracle_topk3_trusted
OK	geometry3k_test_2710	oracle_topk3_trusted	pred='B'	gold='B'	complete=True	new_tokens=2	duration_s=6.70
CALL geometry3k_test_2710 oracle_topk6_trusted
OK	geometry3k_test_2710	oracle_topk6_trusted	pred='B'	gold='B'	complete=True	new_tokens=2	duration_s=7.03
CALL geometry3k_test_2710 oracle_corrupt_warned
OK	geometry3k_test_2710	oracle_corrupt_warned	pred='B'	gold='B'	complete=True	new_tokens=2	duration_s=7.04
CALL geometry3k_test_2710 oracle_corrupt_trusted
OK	geometry3k_test_2710	oracle_corrupt_trusted	pred='B'	gold='B'	complete=True	new_tokens=2	duration_s=7.04
CALL geometry3k_test_2711 raw
OK	geometry3k_test_2711	raw	pred='C'	gold='C'	complete=True	new_tokens=11	duration_s=5.02
CALL geometry3k_test_2711 oracle_full
OK	geometry3k_test_2711	oracle_full	pred='C'	gold='C'	complete=True	new_tokens=2	duration_s=5.81
CALL geometry3k_test_2711 oracle_topk3
OK	geometry3k_test_2711	oracle_topk3	pred='C'	gold='C'	complete=True	new_tokens=2	duration_s=4.56
CALL geometry3k_test_2711 oracle_topk6_cautious
OK	geometry3k_test_2711	oracle_topk6_cautious	pred='C'	gold='C'	complete=True	new_tokens=2	duration_s=4.79
CALL geometry3k_test_2711 oracle_topk3_trusted
OK	geometry3k_test_2711	oracle_topk3_trusted	pred='C'	gold='C'	complete=True	new_tokens=2	duration_s=4.52
CALL geometry3k_test_2711 oracle_topk6_trusted
OK	geometry3k_test_2711	oracle_topk6_trusted	pred='C'	gold='C'	complete=True	new_tokens=2	duration_s=4.82
CALL geometry3k_test_2711 oracle_corrupt_warned
OK	geometry3k_test_2711	oracle_corrupt_warned	pred='C'	gold='C'	complete=True	new_tokens=2	duration_s=4.82
CALL geometry3k_test_2711 oracle_corrupt_trusted
OK	geometry3k_test_2711	oracle_corrupt_trusted	pred='C'	gold='C'	complete=True	new_tokens=2	duration_s=4.81
CALL geometry3k_test_2712 raw
OK	geometry3k_test_2712	raw	pred='B'	gold='B'	complete=True	new_tokens=2	duration_s=4.96
CALL geometry3k_test_2712 oracle_full
OK	geometry3k_test_2712	oracle_full	pred='B'	gold='B'	complete=True	new_tokens=2	duration_s=7.67
CALL geometry3k_test_2712 oracle_topk3
OK	geometry3k_test_2712	oracle_topk3	pred='B'	gold='B'	complete=True	new_tokens=2	duration_s=5.54
CALL geometry3k_test_2712 oracle_topk6_cautious
OK	geometry3k_test_2712	oracle_topk6_cautious	pred='B'	gold='B'	complete=True	new_tokens=2	duration_s=5.56
CALL geometry3k_test_2712 oracle_topk3_trusted
OK	geometry3k_test_2712	oracle_topk3_trusted	pred='B'	gold='B'	complete=True	new_tokens=2	duration_s=5.32
CALL geometry3k_test_2712 oracle_topk6_trusted
OK	geometry3k_test_2712	oracle_topk6_trusted	pred='B'	gold='B'	complete=True	new_tokens=2	duration_s=5.54
CALL geometry3k_test_2712 oracle_corrupt_warned
OK	geometry3k_test_2712	oracle_corrupt_warned	pred='B'	gold='B'	complete=True	new_tokens=2	duration_s=5.57
CALL geometry3k_test_2712 oracle_corrupt_trusted
OK	geometry3k_test_2712	oracle_corrupt_trusted	pred='B'	gold='B'	complete=True	new_tokens=2	duration_s=5.56
CALL geometry3k_test_2713 raw
FAIL	geometry3k_test_2713	raw	pred='A'	gold='B'	complete=True	new_tokens=2	duration_s=4.91
CALL geometry3k_test_2713 oracle_full
FAIL	geometry3k_test_2713	oracle_full	pred='A'	gold='B'	complete=True	new_tokens=2	duration_s=7.18
CALL geometry3k_test_2713 oracle_topk3
FAIL	geometry3k_test_2713	oracle_topk3	pred='A'	gold='B'	complete=True	new_tokens=2	duration_s=5.24
CALL geometry3k_test_2713 oracle_topk6_cautious
FAIL	geometry3k_test_2713	oracle_topk6_cautious	pred='A'	gold='B'	complete=True	new_tokens=2	duration_s=5.51
CALL geometry3k_test_2713 oracle_topk3_trusted
FAIL	geometry3k_test_2713	oracle_topk3_trusted	pred='A'	gold='B'	complete=True	new_tokens=2	duration_s=5.20
CALL geometry3k_test_2713 oracle_topk6_trusted
FAIL	geometry3k_test_2713	oracle_topk6_trusted	pred='A'	gold='B'	complete=True	new_tokens=2	duration_s=5.50
CALL geometry3k_test_2713 oracle_corrupt_warned
FAIL	geometry3k_test_2713	oracle_corrupt_warned	pred='A'	gold='B'	complete=True	new_tokens=2	duration_s=5.48
CALL geometry3k_test_2713 oracle_corrupt_trusted
FAIL	geometry3k_test_2713	oracle_corrupt_trusted	pred='A'	gold='B'	complete=True	new_tokens=2	duration_s=5.50
CALL geometry3k_test_2714 raw
FAIL	geometry3k_test_2714	raw	pred='B'	gold='D'	complete=True	new_tokens=2	duration_s=4.12
CALL geometry3k_test_2714 oracle_full
FAIL	geometry3k_test_2714	oracle_full	pred='B'	gold='D'	complete=True	new_tokens=2	duration_s=6.13
CALL geometry3k_test_2714 oracle_topk3
FAIL	geometry3k_test_2714	oracle_topk3	pred='B'	gold='D'	complete=True	new_tokens=2	duration_s=4.45
CALL geometry3k_test_2714 oracle_topk6_cautious
FAIL	geometry3k_test_2714	oracle_topk6_cautious	pred='B'	gold='D'	complete=True	new_tokens=2	duration_s=4.71
CALL geometry3k_test_2714 oracle_topk3_trusted
FAIL	geometry3k_test_2714	oracle_topk3_trusted	pred='B'	gold='D'	complete=True	new_tokens=2	duration_s=4.48
CALL geometry3k_test_2714 oracle_topk6_trusted
FAIL	geometry3k_test_2714	oracle_topk6_trusted	pred='B'	gold='D'	complete=True	new_tokens=2	duration_s=4.72
CALL geometry3k_test_2714 oracle_corrupt_warned
FAIL	geometry3k_test_2714	oracle_corrupt_warned	pred='B'	gold='D'	complete=True	new_tokens=2	duration_s=4.70
CALL geometry3k_test_2714 oracle_corrupt_trusted
FAIL	geometry3k_test_2714	oracle_corrupt_trusted	pred='B'	gold='D'	complete=True	new_tokens=2	duration_s=4.50
CALL geometry3k_test_2715 raw
FAIL	geometry3k_test_2715	raw	pred='B'	gold='C'	complete=True	new_tokens=2	duration_s=3.98
CALL geometry3k_test_2715 oracle_full
FAIL	geometry3k_test_2715	oracle_full	pred='B'	gold='C'	complete=True	new_tokens=2	duration_s=5.62
CALL geometry3k_test_2715 oracle_topk3
FAIL	geometry3k_test_2715	oracle_topk3	pred='B'	gold='C'	complete=True	new_tokens=2	duration_s=4.33
CALL geometry3k_test_2715 oracle_topk6_cautious
FAIL	geometry3k_test_2715	oracle_topk6_cautious	pred='B'	gold='C'	complete=True	new_tokens=2	duration_s=4.61
CALL geometry3k_test_2715 oracle_topk3_trusted
FAIL	geometry3k_test_2715	oracle_topk3_trusted	pred='B'	gold='C'	complete=True	new_tokens=2	duration_s=4.32
CALL geometry3k_test_2715 oracle_topk6_trusted
FAIL	geometry3k_test_2715	oracle_topk6_trusted	pred='B'	gold='C'	complete=True	new_tokens=2	duration_s=4.61
CALL geometry3k_test_2715 oracle_corrupt_warned
FAIL	geometry3k_test_2715	oracle_corrupt_warned	pred='B'	gold='C'	complete=True	new_tokens=2	duration_s=4.61
CALL geometry3k_test_2715 oracle_corrupt_trusted
FAIL	geometry3k_test_2715	oracle_corrupt_trusted	pred='B'	gold='C'	complete=True	new_tokens=2	duration_s=4.61
CALL geometry3k_test_2716 raw
FAIL	geometry3k_test_2716	raw	pred='D'	gold='C'	complete=True	new_tokens=12	duration_s=5.35
CALL geometry3k_test_2716 oracle_full
FAIL	geometry3k_test_2716	oracle_full	pred='D'	gold='C'	complete=True	new_tokens=12	duration_s=6.95
CALL geometry3k_test_2716 oracle_topk3
FAIL	geometry3k_test_2716	oracle_topk3	pred='D'	gold='C'	complete=True	new_tokens=12	duration_s=5.69
CALL geometry3k_test_2716 oracle_topk6_cautious
FAIL	geometry3k_test_2716	oracle_topk6_cautious	pred='D'	gold='C'	complete=True	new_tokens=12	duration_s=5.94
CALL geometry3k_test_2716 oracle_topk3_trusted
FAIL	geometry3k_test_2716	oracle_topk3_trusted	pred='D'	gold='C'	complete=True	new_tokens=12	duration_s=5.63
CALL geometry3k_test_2716 oracle_topk6_trusted
FAIL	geometry3k_test_2716	oracle_topk6_trusted	pred='D'	gold='C'	complete=True	new_tokens=12	duration_s=5.89
CALL geometry3k_test_2716 oracle_corrupt_warned
FAIL	geometry3k_test_2716	oracle_corrupt_warned	pred='D'	gold='C'	complete=True	new_tokens=2	duration_s=5.01
CALL geometry3k_test_2716 oracle_corrupt_trusted
FAIL	geometry3k_test_2716	oracle_corrupt_trusted	pred='D'	gold='C'	complete=True	new_tokens=2	duration_s=4.76
CALL geometry3k_test_2717 raw
OK	geometry3k_test_2717	raw	pred='A'	gold='A'	complete=True	new_tokens=2	duration_s=7.20
CALL geometry3k_test_2717 oracle_full
FAIL	geometry3k_test_2717	oracle_full	pred='D'	gold='A'	complete=True	new_tokens=2	duration_s=13.79
CALL geometry3k_test_2717 oracle_topk3
OK	geometry3k_test_2717	oracle_topk3	pred='A'	gold='A'	complete=True	new_tokens=2	duration_s=7.52
CALL geometry3k_test_2717 oracle_topk6_cautious
OK	geometry3k_test_2717	oracle_topk6_cautious	pred='A'	gold='A'	complete=True	new_tokens=2	duration_s=7.83
CALL geometry3k_test_2717 oracle_topk3_trusted
FAIL	geometry3k_test_2717	oracle_topk3_trusted	pred='D'	gold='A'	complete=True	new_tokens=2	duration_s=7.47
CALL geometry3k_test_2717 oracle_topk6_trusted
FAIL	geometry3k_test_2717	oracle_topk6_trusted	pred='D'	gold='A'	complete=True	new_tokens=2	duration_s=7.86
CALL geometry3k_test_2717 oracle_corrupt_warned
OK	geometry3k_test_2717	oracle_corrupt_warned	pred='A'	gold='A'	complete=True	new_tokens=2	duration_s=7.85
CALL geometry3k_test_2717 oracle_corrupt_trusted
OK	geometry3k_test_2717	oracle_corrupt_trusted	pred='A'	gold='A'	complete=True	new_tokens=2	duration_s=7.84
CALL geometry3k_test_2718 raw
FAIL	geometry3k_test_2718	raw	pred='B'	gold='C'	complete=True	new_tokens=2	duration_s=7.51
CALL geometry3k_test_2718 oracle_full
FAIL	geometry3k_test_2718	oracle_full	pred='B'	gold='C'	complete=True	new_tokens=2	duration_s=9.18
CALL geometry3k_test_2718 oracle_topk3
FAIL	geometry3k_test_2718	oracle_topk3	pred='B'	gold='C'	complete=True	new_tokens=2	duration_s=7.82
CALL geometry3k_test_2718 oracle_topk6_cautious
FAIL	geometry3k_test_2718	oracle_topk6_cautious	pred='B'	gold='C'	complete=True	new_tokens=2	duration_s=8.17
CALL geometry3k_test_2718 oracle_topk3_trusted
FAIL	geometry3k_test_2718	oracle_topk3_trusted	pred='B'	gold='C'	complete=True	new_tokens=2	duration_s=7.82
CALL geometry3k_test_2718 oracle_topk6_trusted
FAIL	geometry3k_test_2718	oracle_topk6_trusted	pred='B'	gold='C'	complete=True	new_tokens=2	duration_s=8.12
CALL geometry3k_test_2718 oracle_corrupt_warned
FAIL	geometry3k_test_2718	oracle_corrupt_warned	pred='B'	gold='C'	complete=True	new_tokens=2	duration_s=8.16
CALL geometry3k_test_2718 oracle_corrupt_trusted
FAIL	geometry3k_test_2718	oracle_corrupt_trusted	pred='B'	gold='C'	complete=True	new_tokens=2	duration_s=8.13
CALL geometry3k_test_2719 raw
FAIL	geometry3k_test_2719	raw	pred='C'	gold='A'	complete=True	new_tokens=2	duration_s=7.55
CALL geometry3k_test_2719 oracle_full
FAIL	geometry3k_test_2719	oracle_full	pred='C'	gold='A'	complete=True	new_tokens=2	duration_s=14.76
CALL geometry3k_test_2719 oracle_topk3
FAIL	geometry3k_test_2719	oracle_topk3	pred='C'	gold='A'	complete=True	new_tokens=2	duration_s=8.09
CALL geometry3k_test_2719 oracle_topk6_cautious
FAIL	geometry3k_test_2719	oracle_topk6_cautious	pred='C'	gold='A'	complete=True	new_tokens=2	duration_s=8.14
CALL geometry3k_test_2719 oracle_topk3_trusted
FAIL	geometry3k_test_2719	oracle_topk3_trusted	pred='C'	gold='A'	complete=True	new_tokens=2	duration_s=7.82
CALL geometry3k_test_2719 oracle_topk6_trusted
FAIL	geometry3k_test_2719	oracle_topk6_trusted	pred='C'	gold='A'	complete=True	new_tokens=2	duration_s=8.16
CALL geometry3k_test_2719 oracle_corrupt_warned
FAIL	geometry3k_test_2719	oracle_corrupt_warned	pred='C'	gold='A'	complete=True	new_tokens=2	duration_s=8.11
CALL geometry3k_test_2719 oracle_corrupt_trusted
FAIL	geometry3k_test_2719	oracle_corrupt_trusted	pred='C'	gold='A'	complete=True	new_tokens=2	duration_s=8.15
CALL geometry3k_test_2720 raw
FAIL	geometry3k_test_2720	raw	pred='B'	gold='A'	complete=True	new_tokens=2	duration_s=4.51
CALL geometry3k_test_2720 oracle_full
FAIL	geometry3k_test_2720	oracle_full	pred='B'	gold='A'	complete=True	new_tokens=2	duration_s=7.29
CALL geometry3k_test_2720 oracle_topk3
FAIL	geometry3k_test_2720	oracle_topk3	pred='B'	gold='A'	complete=True	new_tokens=2	duration_s=4.82
CALL geometry3k_test_2720 oracle_topk6_cautious
FAIL	geometry3k_test_2720	oracle_topk6_cautious	pred='B'	gold='A'	complete=True	new_tokens=2	duration_s=4.84
CALL geometry3k_test_2720 oracle_topk3_trusted
FAIL	geometry3k_test_2720	oracle_topk3_trusted	pred='B'	gold='A'	complete=True	new_tokens=2	duration_s=4.82
CALL geometry3k_test_2720 oracle_topk6_trusted
FAIL	geometry3k_test_2720	oracle_topk6_trusted	pred='B'	gold='A'	complete=True	new_tokens=2	duration_s=4.84
CALL geometry3k_test_2720 oracle_corrupt_warned
FAIL	geometry3k_test_2720	oracle_corrupt_warned	pred='B'	gold='A'	complete=True	new_tokens=2	duration_s=4.85
CALL geometry3k_test_2720 oracle_corrupt_trusted
FAIL	geometry3k_test_2720	oracle_corrupt_trusted	pred='B'	gold='A'	complete=True	new_tokens=2	duration_s=4.84
CALL geometry3k_test_2721 raw
FAIL	geometry3k_test_2721	raw	pred='C'	gold='D'	complete=True	new_tokens=2	duration_s=11.09
CALL geometry3k_test_2721 oracle_full
FAIL	geometry3k_test_2721	oracle_full	pred='C'	gold='D'	complete=True	new_tokens=2	duration_s=12.87
CALL geometry3k_test_2721 oracle_topk3
FAIL	geometry3k_test_2721	oracle_topk3	pred='C'	gold='D'	complete=True	new_tokens=2	duration_s=11.42
CALL geometry3k_test_2721 oracle_topk6_cautious
FAIL	geometry3k_test_2721	oracle_topk6_cautious	pred='C'	gold='D'	complete=True	new_tokens=2	duration_s=11.46
CALL geometry3k_test_2721 oracle_topk3_trusted
FAIL	geometry3k_test_2721	oracle_topk3_trusted	pred='C'	gold='D'	complete=True	new_tokens=2	duration_s=11.42
CALL geometry3k_test_2721 oracle_topk6_trusted
FAIL	geometry3k_test_2721	oracle_topk6_trusted	pred='C'	gold='D'	complete=True	new_tokens=2	duration_s=11.45
CALL geometry3k_test_2721 oracle_corrupt_warned
FAIL	geometry3k_test_2721	oracle_corrupt_warned	pred='C'	gold='D'	complete=True	new_tokens=2	duration_s=11.46
CALL geometry3k_test_2721 oracle_corrupt_trusted
FAIL	geometry3k_test_2721	oracle_corrupt_trusted	pred='C'	gold='D'	complete=True	new_tokens=2	duration_s=11.44
CALL geometry3k_test_2722 raw
FAIL	geometry3k_test_2722	raw	pred='B'	gold='A'	complete=True	new_tokens=2	duration_s=9.23
CALL geometry3k_test_2722 oracle_full
FAIL	geometry3k_test_2722	oracle_full	pred='B'	gold='A'	complete=True	new_tokens=2	duration_s=11.26
CALL geometry3k_test_2722 oracle_topk3
FAIL	geometry3k_test_2722	oracle_topk3	pred='B'	gold='A'	complete=True	new_tokens=2	duration_s=9.60
CALL geometry3k_test_2722 oracle_topk6_cautious
FAIL	geometry3k_test_2722	oracle_topk6_cautious	pred='B'	gold='A'	complete=True	new_tokens=2	duration_s=9.95
CALL geometry3k_test_2722 oracle_topk3_trusted
FAIL	geometry3k_test_2722	oracle_topk3_trusted	pred='B'	gold='A'	complete=True	new_tokens=2	duration_s=9.58
CALL geometry3k_test_2722 oracle_topk6_trusted
FAIL	geometry3k_test_2722	oracle_topk6_trusted	pred='B'	gold='A'	complete=True	new_tokens=2	duration_s=9.66
CALL geometry3k_test_2722 oracle_corrupt_warned
FAIL	geometry3k_test_2722	oracle_corrupt_warned	pred='B'	gold='A'	complete=True	new_tokens=2	duration_s=9.63
CALL geometry3k_test_2722 oracle_corrupt_trusted
FAIL	geometry3k_test_2722	oracle_corrupt_trusted	pred='B'	gold='A'	complete=True	new_tokens=2	duration_s=9.66
CALL geometry3k_test_2723 raw
OK	geometry3k_test_2723	raw	pred='C'	gold='C'	complete=True	new_tokens=2	duration_s=9.28
CALL geometry3k_test_2723 oracle_full
OK	geometry3k_test_2723	oracle_full	pred='C'	gold='C'	complete=True	new_tokens=2	duration_s=10.97
CALL geometry3k_test_2723 oracle_topk3
OK	geometry3k_test_2723	oracle_topk3	pred='C'	gold='C'	complete=True	new_tokens=2	duration_s=9.67
CALL geometry3k_test_2723 oracle_topk6_cautious
OK	geometry3k_test_2723	oracle_topk6_cautious	pred='C'	gold='C'	complete=True	new_tokens=2	duration_s=9.70
CALL geometry3k_test_2723 oracle_topk3_trusted
OK	geometry3k_test_2723	oracle_topk3_trusted	pred='C'	gold='C'	complete=True	new_tokens=2	duration_s=9.65
CALL geometry3k_test_2723 oracle_topk6_trusted
OK	geometry3k_test_2723	oracle_topk6_trusted	pred='C'	gold='C'	complete=True	new_tokens=2	duration_s=9.69
CALL geometry3k_test_2723 oracle_corrupt_warned
OK	geometry3k_test_2723	oracle_corrupt_warned	pred='C'	gold='C'	complete=True	new_tokens=2	duration_s=9.67
CALL geometry3k_test_2723 oracle_corrupt_trusted
OK	geometry3k_test_2723	oracle_corrupt_trusted	pred='C'	gold='C'	complete=True	new_tokens=2	duration_s=9.65
CALL geometry3k_test_2724 raw
OK	geometry3k_test_2724	raw	pred='B'	gold='B'	complete=True	new_tokens=2	duration_s=21.48
CALL geometry3k_test_2724 oracle_full
OK	geometry3k_test_2724	oracle_full	pred='B'	gold='B'	complete=True	new_tokens=2	duration_s=23.37
CALL geometry3k_test_2724 oracle_topk3
OK	geometry3k_test_2724	oracle_topk3	pred='B'	gold='B'	complete=True	new_tokens=2	duration_s=21.89
CALL geometry3k_test_2724 oracle_topk6_cautious
OK	geometry3k_test_2724	oracle_topk6_cautious	pred='B'	gold='B'	complete=True	new_tokens=2	duration_s=22.21
CALL geometry3k_test_2724 oracle_topk3_trusted
OK	geometry3k_test_2724	oracle_topk3_trusted	pred='B'	gold='B'	complete=True	new_tokens=2	duration_s=21.82
CALL geometry3k_test_2724 oracle_topk6_trusted
OK	geometry3k_test_2724	oracle_topk6_trusted	pred='B'	gold='B'	complete=True	new_tokens=2	duration_s=22.18
CALL geometry3k_test_2724 oracle_corrupt_warned
OK	geometry3k_test_2724	oracle_corrupt_warned	pred='B'	gold='B'	complete=True	new_tokens=2	duration_s=22.10
CALL geometry3k_test_2724 oracle_corrupt_trusted
OK	geometry3k_test_2724	oracle_corrupt_trusted	pred='B'	gold='B'	complete=True	new_tokens=2	duration_s=22.18
CALL geometry3k_test_2725 raw
OK	geometry3k_test_2725	raw	pred='B'	gold='B'	complete=True	new_tokens=2	duration_s=6.72
CALL geometry3k_test_2725 oracle_full
FAIL	geometry3k_test_2725	oracle_full	pred=''	gold='B'	complete=False	new_tokens=2	duration_s=18.43
CALL geometry3k_test_2725 oracle_topk3
OK	geometry3k_test_2725	oracle_topk3	pred='B'	gold='B'	complete=True	new_tokens=2	duration_s=7.33
CALL geometry3k_test_2725 oracle_topk6_cautious
OK	geometry3k_test_2725	oracle_topk6_cautious	pred='B'	gold='B'	complete=True	new_tokens=2	duration_s=7.35
CALL geometry3k_test_2725 oracle_topk3_trusted
OK	geometry3k_test_2725	oracle_topk3_trusted	pred='B'	gold='B'	complete=True	new_tokens=2	duration_s=7.05
CALL geometry3k_test_2725 oracle_topk6_trusted
OK	geometry3k_test_2725	oracle_topk6_trusted	pred='B'	gold='B'	complete=True	new_tokens=2	duration_s=7.40
CALL geometry3k_test_2725 oracle_corrupt_warned
OK	geometry3k_test_2725	oracle_corrupt_warned	pred='B'	gold='B'	complete=True	new_tokens=2	duration_s=7.38
CALL geometry3k_test_2725 oracle_corrupt_trusted
OK	geometry3k_test_2725	oracle_corrupt_trusted	pred='B'	gold='B'	complete=True	new_tokens=2	duration_s=7.37
CALL geometry3k_test_2726 raw
OK	geometry3k_test_2726	raw	pred='B'	gold='B'	complete=True	new_tokens=2	duration_s=10.79
CALL geometry3k_test_2726 oracle_full
OK	geometry3k_test_2726	oracle_full	pred='B'	gold='B'	complete=True	new_tokens=2	duration_s=12.77
CALL geometry3k_test_2726 oracle_topk3
OK	geometry3k_test_2726	oracle_topk3	pred='B'	gold='B'	complete=True	new_tokens=2	duration_s=11.14
CALL geometry3k_test_2726 oracle_topk6_cautious
OK	geometry3k_test_2726	oracle_topk6_cautious	pred='B'	gold='B'	complete=True	new_tokens=2	duration_s=11.45
CALL geometry3k_test_2726 oracle_topk3_trusted
OK	geometry3k_test_2726	oracle_topk3_trusted	pred='B'	gold='B'	complete=True	new_tokens=2	duration_s=11.11
CALL geometry3k_test_2726 oracle_topk6_trusted
OK	geometry3k_test_2726	oracle_topk6_trusted	pred='B'	gold='B'	complete=True	new_tokens=2	duration_s=11.41
CALL geometry3k_test_2726 oracle_corrupt_warned
OK	geometry3k_test_2726	oracle_corrupt_warned	pred='B'	gold='B'	complete=True	new_tokens=2	duration_s=11.42
CALL geometry3k_test_2726 oracle_corrupt_trusted
OK	geometry3k_test_2726	oracle_corrupt_trusted	pred='B'	gold='B'	complete=True	new_tokens=2	duration_s=11.42
CALL geometry3k_test_2727 raw
FAIL	geometry3k_test_2727	raw	pred='A'	gold='B'	complete=True	new_tokens=2	duration_s=4.13
CALL geometry3k_test_2727 oracle_full
FAIL	geometry3k_test_2727	oracle_full	pred='C'	gold='B'	complete=True	new_tokens=2	duration_s=5.43
CALL geometry3k_test_2727 oracle_topk3
FAIL	geometry3k_test_2727	oracle_topk3	pred='C'	gold='B'	complete=True	new_tokens=2	duration_s=4.46
CALL geometry3k_test_2727 oracle_topk6_cautious
FAIL	geometry3k_test_2727	oracle_topk6_cautious	pred='C'	gold='B'	complete=True	new_tokens=2	duration_s=4.48
CALL geometry3k_test_2727 oracle_topk3_trusted
FAIL	geometry3k_test_2727	oracle_topk3_trusted	pred='C'	gold='B'	complete=True	new_tokens=2	duration_s=4.43
CALL geometry3k_test_2727 oracle_topk6_trusted
FAIL	geometry3k_test_2727	oracle_topk6_trusted	pred='C'	gold='B'	complete=True	new_tokens=2	duration_s=4.47
CALL geometry3k_test_2727 oracle_corrupt_warned
FAIL	geometry3k_test_2727	oracle_corrupt_warned	pred='C'	gold='B'	complete=True	new_tokens=2	duration_s=4.47
CALL geometry3k_test_2727 oracle_corrupt_trusted
FAIL	geometry3k_test_2727	oracle_corrupt_trusted	pred='C'	gold='B'	complete=True	new_tokens=2	duration_s=4.46
CALL geometry3k_test_2728 raw
FAIL	geometry3k_test_2728	raw	pred='C'	gold='A'	complete=True	new_tokens=2	duration_s=3.87
CALL geometry3k_test_2728 oracle_full
FAIL	geometry3k_test_2728	oracle_full	pred='B'	gold='A'	complete=True	new_tokens=2	duration_s=6.13
CALL geometry3k_test_2728 oracle_topk3
FAIL	geometry3k_test_2728	oracle_topk3	pred='B'	gold='A'	complete=True	new_tokens=2	duration_s=4.21
CALL geometry3k_test_2728 oracle_topk6_cautious
FAIL	geometry3k_test_2728	oracle_topk6_cautious	pred='B'	gold='A'	complete=True	new_tokens=2	duration_s=4.48
CALL geometry3k_test_2728 oracle_topk3_trusted
FAIL	geometry3k_test_2728	oracle_topk3_trusted	pred='B'	gold='A'	complete=True	new_tokens=2	duration_s=4.22
CALL geometry3k_test_2728 oracle_topk6_trusted
FAIL	geometry3k_test_2728	oracle_topk6_trusted	pred='B'	gold='A'	complete=True	new_tokens=2	duration_s=4.48
CALL geometry3k_test_2728 oracle_corrupt_warned
FAIL	geometry3k_test_2728	oracle_corrupt_warned	pred='C'	gold='A'	complete=True	new_tokens=2	duration_s=4.49
CALL geometry3k_test_2728 oracle_corrupt_trusted
FAIL	geometry3k_test_2728	oracle_corrupt_trusted	pred='C'	gold='A'	complete=True	new_tokens=2	duration_s=4.47
CALL geometry3k_test_2729 raw
OK	geometry3k_test_2729	raw	pred='A'	gold='A'	complete=True	new_tokens=2	duration_s=4.88
CALL geometry3k_test_2729 oracle_full
OK	geometry3k_test_2729	oracle_full	pred='A'	gold='A'	complete=True	new_tokens=2	duration_s=7.58
CALL geometry3k_test_2729 oracle_topk3
OK	geometry3k_test_2729	oracle_topk3	pred='A'	gold='A'	complete=True	new_tokens=2	duration_s=5.21
CALL geometry3k_test_2729 oracle_topk6_cautious
OK	geometry3k_test_2729	oracle_topk6_cautious	pred='A'	gold='A'	complete=True	new_tokens=2	duration_s=5.50
CALL geometry3k_test_2729 oracle_topk3_trusted
OK	geometry3k_test_2729	oracle_topk3_trusted	pred='A'	gold='A'	complete=True	new_tokens=2	duration_s=5.18
CALL geometry3k_test_2729 oracle_topk6_trusted
OK	geometry3k_test_2729	oracle_topk6_trusted	pred='A'	gold='A'	complete=True	new_tokens=2	duration_s=5.49
CALL geometry3k_test_2729 oracle_corrupt_warned
OK	geometry3k_test_2729	oracle_corrupt_warned	pred='A'	gold='A'	complete=True	new_tokens=2	duration_s=5.50
CALL geometry3k_test_2729 oracle_corrupt_trusted
OK	geometry3k_test_2729	oracle_corrupt_trusted	pred='A'	gold='A'	complete=True	new_tokens=2	duration_s=5.50
CALL geometry3k_test_2730 raw
OK	geometry3k_test_2730	raw	pred='A'	gold='A'	complete=True	new_tokens=2	duration_s=8.74
CALL geometry3k_test_2730 oracle_full
OK	geometry3k_test_2730	oracle_full	pred='A'	gold='A'	complete=True	new_tokens=2	duration_s=10.84
CALL geometry3k_test_2730 oracle_topk3
OK	geometry3k_test_2730	oracle_topk3	pred='A'	gold='A'	complete=True	new_tokens=2	duration_s=9.12
CALL geometry3k_test_2730 oracle_topk6_cautious
OK	geometry3k_test_2730	oracle_topk6_cautious	pred='A'	gold='A'	complete=True	new_tokens=2	duration_s=9.42
CALL geometry3k_test_2730 oracle_topk3_trusted
OK	geometry3k_test_2730	oracle_topk3_trusted	pred='A'	gold='A'	complete=True	new_tokens=2	duration_s=9.10
CALL geometry3k_test_2730 oracle_topk6_trusted
OK	geometry3k_test_2730	oracle_topk6_trusted	pred='A'	gold='A'	complete=True	new_tokens=2	duration_s=9.17
CALL geometry3k_test_2730 oracle_corrupt_warned
OK	geometry3k_test_2730	oracle_corrupt_warned	pred='A'	gold='A'	complete=True	new_tokens=2	duration_s=9.15
CALL geometry3k_test_2730 oracle_corrupt_trusted
OK	geometry3k_test_2730	oracle_corrupt_trusted	pred='A'	gold='A'	complete=True	new_tokens=2	duration_s=9.18
CALL geometry3k_test_2731 raw
OK	geometry3k_test_2731	raw	pred='B'	gold='B'	complete=True	new_tokens=2	duration_s=4.41
CALL geometry3k_test_2731 oracle_full
OK	geometry3k_test_2731	oracle_full	pred='B'	gold='B'	complete=True	new_tokens=2	duration_s=6.03
CALL geometry3k_test_2731 oracle_topk3
OK	geometry3k_test_2731	oracle_topk3	pred='B'	gold='B'	complete=True	new_tokens=2	duration_s=4.76
CALL geometry3k_test_2731 oracle_topk6_cautious
OK	geometry3k_test_2731	oracle_topk6_cautious	pred='B'	gold='B'	complete=True	new_tokens=2	duration_s=5.04
CALL geometry3k_test_2731 oracle_topk3_trusted
OK	geometry3k_test_2731	oracle_topk3_trusted	pred='B'	gold='B'	complete=True	new_tokens=2	duration_s=4.77
CALL geometry3k_test_2731 oracle_topk6_trusted
OK	geometry3k_test_2731	oracle_topk6_trusted	pred='B'	gold='B'	complete=True	new_tokens=2	duration_s=5.02
CALL geometry3k_test_2731 oracle_corrupt_warned
OK	geometry3k_test_2731	oracle_corrupt_warned	pred='B'	gold='B'	complete=True	new_tokens=2	duration_s=5.02
CALL geometry3k_test_2731 oracle_corrupt_trusted
OK	geometry3k_test_2731	oracle_corrupt_trusted	pred='B'	gold='B'	complete=True	new_tokens=2	duration_s=5.00
CALL geometry3k_test_2732 raw
FAIL	geometry3k_test_2732	raw	pred='B'	gold='C'	complete=True	new_tokens=2	duration_s=6.51
CALL geometry3k_test_2732 oracle_full
FAIL	geometry3k_test_2732	oracle_full	pred='B'	gold='C'	complete=True	new_tokens=2	duration_s=8.52
CALL geometry3k_test_2732 oracle_topk3
FAIL	geometry3k_test_2732	oracle_topk3	pred='B'	gold='C'	complete=True	new_tokens=2	duration_s=6.80
CALL geometry3k_test_2732 oracle_topk6_cautious
FAIL	geometry3k_test_2732	oracle_topk6_cautious	pred='B'	gold='C'	complete=True	new_tokens=2	duration_s=7.13
CALL geometry3k_test_2732 oracle_topk3_trusted
FAIL	geometry3k_test_2732	oracle_topk3_trusted	pred='B'	gold='C'	complete=True	new_tokens=2	duration_s=6.79
CALL geometry3k_test_2732 oracle_topk6_trusted
FAIL	geometry3k_test_2732	oracle_topk6_trusted	pred='B'	gold='C'	complete=True	new_tokens=2	duration_s=7.11
CALL geometry3k_test_2732 oracle_corrupt_warned
FAIL	geometry3k_test_2732	oracle_corrupt_warned	pred='B'	gold='C'	complete=True	new_tokens=2	duration_s=7.10
CALL geometry3k_test_2732 oracle_corrupt_trusted
FAIL	geometry3k_test_2732	oracle_corrupt_trusted	pred='B'	gold='C'	complete=True	new_tokens=2	duration_s=7.16
CALL geometry3k_test_2733 raw
OK	geometry3k_test_2733	raw	pred='B'	gold='B'	complete=True	new_tokens=2	duration_s=4.22
CALL geometry3k_test_2733 oracle_full
OK	geometry3k_test_2733	oracle_full	pred='B'	gold='B'	complete=True	new_tokens=2	duration_s=5.57
CALL geometry3k_test_2733 oracle_topk3
OK	geometry3k_test_2733	oracle_topk3	pred='B'	gold='B'	complete=True	new_tokens=2	duration_s=4.56
CALL geometry3k_test_2733 oracle_topk6_cautious
OK	geometry3k_test_2733	oracle_topk6_cautious	pred='B'	gold='B'	complete=True	new_tokens=2	duration_s=4.80
CALL geometry3k_test_2733 oracle_topk3_trusted
OK	geometry3k_test_2733	oracle_topk3_trusted	pred='B'	gold='B'	complete=True	new_tokens=2	duration_s=4.53
CALL geometry3k_test_2733 oracle_topk6_trusted
OK	geometry3k_test_2733	oracle_topk6_trusted	pred='B'	gold='B'	complete=True	new_tokens=2	duration_s=4.82
CALL geometry3k_test_2733 oracle_corrupt_warned
OK	geometry3k_test_2733	oracle_corrupt_warned	pred='B'	gold='B'	complete=True	new_tokens=2	duration_s=4.80
CALL geometry3k_test_2733 oracle_corrupt_trusted
OK	geometry3k_test_2733	oracle_corrupt_trusted	pred='B'	gold='B'	complete=True	new_tokens=2	duration_s=4.79
CALL geometry3k_test_2734 raw
FAIL	geometry3k_test_2734	raw	pred='B'	gold='D'	complete=True	new_tokens=2	duration_s=4.14
CALL geometry3k_test_2734 oracle_full
FAIL	geometry3k_test_2734	oracle_full	pred='B'	gold='D'	complete=True	new_tokens=2	duration_s=5.45
CALL geometry3k_test_2734 oracle_topk3
FAIL	geometry3k_test_2734	oracle_topk3	pred='B'	gold='D'	complete=True	new_tokens=2	duration_s=4.47
CALL geometry3k_test_2734 oracle_topk6_cautious
FAIL	geometry3k_test_2734	oracle_topk6_cautious	pred='B'	gold='D'	complete=True	new_tokens=2	duration_s=4.74
CALL geometry3k_test_2734 oracle_topk3_trusted
FAIL	geometry3k_test_2734	oracle_topk3_trusted	pred='B'	gold='D'	complete=True	new_tokens=2	duration_s=4.44
CALL geometry3k_test_2734 oracle_topk6_trusted
FAIL	geometry3k_test_2734	oracle_topk6_trusted	pred='B'	gold='D'	complete=True	new_tokens=2	duration_s=4.71
CALL geometry3k_test_2734 oracle_corrupt_warned
FAIL	geometry3k_test_2734	oracle_corrupt_warned	pred='B'	gold='D'	complete=True	new_tokens=2	duration_s=4.73
CALL geometry3k_test_2734 oracle_corrupt_trusted
FAIL	geometry3k_test_2734	oracle_corrupt_trusted	pred='B'	gold='D'	complete=True	new_tokens=2	duration_s=4.47
CALL geometry3k_test_2735 raw
OK	geometry3k_test_2735	raw	pred='B'	gold='B'	complete=True	new_tokens=2	duration_s=4.22
CALL geometry3k_test_2735 oracle_full
OK	geometry3k_test_2735	oracle_full	pred='B'	gold='B'	complete=True	new_tokens=2	duration_s=5.90
CALL geometry3k_test_2735 oracle_topk3
OK	geometry3k_test_2735	oracle_topk3	pred='B'	gold='B'	complete=True	new_tokens=2	duration_s=4.56
CALL geometry3k_test_2735 oracle_topk6_cautious
OK	geometry3k_test_2735	oracle_topk6_cautious	pred='B'	gold='B'	complete=True	new_tokens=2	duration_s=4.84
CALL geometry3k_test_2735 oracle_topk3_trusted
OK	geometry3k_test_2735	oracle_topk3_trusted	pred='B'	gold='B'	complete=True	new_tokens=2	duration_s=4.56
CALL geometry3k_test_2735 oracle_topk6_trusted
OK	geometry3k_test_2735	oracle_topk6_trusted	pred='B'	gold='B'	complete=True	new_tokens=2	duration_s=4.80
CALL geometry3k_test_2735 oracle_corrupt_warned
OK	geometry3k_test_2735	oracle_corrupt_warned	pred='B'	gold='B'	complete=True	new_tokens=2	duration_s=4.81
CALL geometry3k_test_2735 oracle_corrupt_trusted
OK	geometry3k_test_2735	oracle_corrupt_trusted	pred='B'	gold='B'	complete=True	new_tokens=2	duration_s=4.80
CALL geometry3k_test_2736 raw
FAIL	geometry3k_test_2736	raw	pred='C'	gold='B'	complete=True	new_tokens=2	duration_s=8.40
CALL geometry3k_test_2736 oracle_full
OK	geometry3k_test_2736	oracle_full	pred='B'	gold='B'	complete=True	new_tokens=2	duration_s=10.05
CALL geometry3k_test_2736 oracle_topk3
FAIL	geometry3k_test_2736	oracle_topk3	pred='C'	gold='B'	complete=True	new_tokens=2	duration_s=8.97
CALL geometry3k_test_2736 oracle_topk6_cautious
FAIL	geometry3k_test_2736	oracle_topk6_cautious	pred='C'	gold='B'	complete=True	new_tokens=2	duration_s=9.00
CALL geometry3k_test_2736 oracle_topk3_trusted
OK	geometry3k_test_2736	oracle_topk3_trusted	pred='B'	gold='B'	complete=True	new_tokens=2	duration_s=8.67
CALL geometry3k_test_2736 oracle_topk6_trusted
OK	geometry3k_test_2736	oracle_topk6_trusted	pred='B'	gold='B'	complete=True	new_tokens=2	duration_s=8.99
CALL geometry3k_test_2736 oracle_corrupt_warned
FAIL	geometry3k_test_2736	oracle_corrupt_warned	pred='C'	gold='B'	complete=True	new_tokens=2	duration_s=9.01
CALL geometry3k_test_2736 oracle_corrupt_trusted
FAIL	geometry3k_test_2736	oracle_corrupt_trusted	pred='C'	gold='B'	complete=True	new_tokens=2	duration_s=9.01
CALL geometry3k_test_2737 raw
FAIL	geometry3k_test_2737	raw	pred='B'	gold='D'	complete=True	new_tokens=9	duration_s=4.83
CALL geometry3k_test_2737 oracle_full
FAIL	geometry3k_test_2737	oracle_full	pred='B'	gold='D'	complete=True	new_tokens=9	duration_s=6.44
CALL geometry3k_test_2737 oracle_topk3
FAIL	geometry3k_test_2737	oracle_topk3	pred='B'	gold='D'	complete=True	new_tokens=2	duration_s=4.53
CALL geometry3k_test_2737 oracle_topk6_cautious
FAIL	geometry3k_test_2737	oracle_topk6_cautious	pred='B'	gold='D'	complete=True	new_tokens=2	duration_s=4.82
CALL geometry3k_test_2737 oracle_topk3_trusted
FAIL	geometry3k_test_2737	oracle_topk3_trusted	pred='B'	gold='D'	complete=True	new_tokens=2	duration_s=4.55
CALL geometry3k_test_2737 oracle_topk6_trusted
FAIL	geometry3k_test_2737	oracle_topk6_trusted	pred='B'	gold='D'	complete=True	new_tokens=2	duration_s=4.79
CALL geometry3k_test_2737 oracle_corrupt_warned
FAIL	geometry3k_test_2737	oracle_corrupt_warned	pred='B'	gold='D'	complete=True	new_tokens=2	duration_s=4.80
CALL geometry3k_test_2737 oracle_corrupt_trusted
FAIL	geometry3k_test_2737	oracle_corrupt_trusted	pred='B'	gold='D'	complete=True	new_tokens=2	duration_s=4.80
CALL geometry3k_test_2738 raw
FAIL	geometry3k_test_2738	raw	pred='A'	gold='B'	complete=True	new_tokens=2	duration_s=4.15
CALL geometry3k_test_2738 oracle_full
FAIL	geometry3k_test_2738	oracle_full	pred='A'	gold='B'	complete=True	new_tokens=2	duration_s=5.82
CALL geometry3k_test_2738 oracle_topk3
FAIL	geometry3k_test_2738	oracle_topk3	pred='A'	gold='B'	complete=True	new_tokens=2	duration_s=4.50
CALL geometry3k_test_2738 oracle_topk6_cautious
FAIL	geometry3k_test_2738	oracle_topk6_cautious	pred='A'	gold='B'	complete=True	new_tokens=2	duration_s=4.72
CALL geometry3k_test_2738 oracle_topk3_trusted
FAIL	geometry3k_test_2738	oracle_topk3_trusted	pred='A'	gold='B'	complete=True	new_tokens=2	duration_s=4.48
CALL geometry3k_test_2738 oracle_topk6_trusted
FAIL	geometry3k_test_2738	oracle_topk6_trusted	pred='A'	gold='B'	complete=True	new_tokens=2	duration_s=4.73
CALL geometry3k_test_2738 oracle_corrupt_warned
FAIL	geometry3k_test_2738	oracle_corrupt_warned	pred='A'	gold='B'	complete=True	new_tokens=2	duration_s=4.70
CALL geometry3k_test_2738 oracle_corrupt_trusted
FAIL	geometry3k_test_2738	oracle_corrupt_trusted	pred='A'	gold='B'	complete=True	new_tokens=2	duration_s=4.74
CALL geometry3k_test_2739 raw
FAIL	geometry3k_test_2739	raw	pred='D'	gold='B'	complete=True	new_tokens=2	duration_s=6.00
CALL geometry3k_test_2739 oracle_full
FAIL	geometry3k_test_2739	oracle_full	pred='D'	gold='B'	complete=True	new_tokens=2	duration_s=7.70
CALL geometry3k_test_2739 oracle_topk3
FAIL	geometry3k_test_2739	oracle_topk3	pred='D'	gold='B'	complete=True	new_tokens=2	duration_s=6.32
CALL geometry3k_test_2739 oracle_topk6_cautious
FAIL	geometry3k_test_2739	oracle_topk6_cautious	pred='D'	gold='B'	complete=True	new_tokens=2	duration_s=6.33
CALL geometry3k_test_2739 oracle_topk3_trusted
FAIL	geometry3k_test_2739	oracle_topk3_trusted	pred='D'	gold='B'	complete=True	new_tokens=2	duration_s=6.31
CALL geometry3k_test_2739 oracle_topk6_trusted
FAIL	geometry3k_test_2739	oracle_topk6_trusted	pred='D'	gold='B'	complete=True	new_tokens=2	duration_s=6.33
CALL geometry3k_test_2739 oracle_corrupt_warned
FAIL	geometry3k_test_2739	oracle_corrupt_warned	pred='D'	gold='B'	complete=True	new_tokens=2	duration_s=6.36
CALL geometry3k_test_2739 oracle_corrupt_trusted
FAIL	geometry3k_test_2739	oracle_corrupt_trusted	pred='D'	gold='B'	complete=True	new_tokens=2	duration_s=6.31
CALL geometry3k_test_2740 raw
OK	geometry3k_test_2740	raw	pred='B'	gold='B'	complete=True	new_tokens=2	duration_s=11.96
CALL geometry3k_test_2740 oracle_full
OK	geometry3k_test_2740	oracle_full	pred='B'	gold='B'	complete=True	new_tokens=2	duration_s=14.09
CALL geometry3k_test_2740 oracle_topk3
OK	geometry3k_test_2740	oracle_topk3	pred='B'	gold='B'	complete=True	new_tokens=2	duration_s=12.32
CALL geometry3k_test_2740 oracle_topk6_cautious
OK	geometry3k_test_2740	oracle_topk6_cautious	pred='B'	gold='B'	complete=True	new_tokens=2	duration_s=12.66
CALL geometry3k_test_2740 oracle_topk3_trusted
OK	geometry3k_test_2740	oracle_topk3_trusted	pred='B'	gold='B'	complete=True	new_tokens=2	duration_s=12.34
CALL geometry3k_test_2740 oracle_topk6_trusted
OK	geometry3k_test_2740	oracle_topk6_trusted	pred='B'	gold='B'	complete=True	new_tokens=2	duration_s=12.62
CALL geometry3k_test_2740 oracle_corrupt_warned
OK	geometry3k_test_2740	oracle_corrupt_warned	pred='B'	gold='B'	complete=True	new_tokens=2	duration_s=12.65
CALL geometry3k_test_2740 oracle_corrupt_trusted
OK	geometry3k_test_2740	oracle_corrupt_trusted	pred='B'	gold='B'	complete=True	new_tokens=2	duration_s=12.65
CALL geometry3k_test_2741 raw
FAIL	geometry3k_test_2741	raw	pred='C'	gold='B'	complete=True	new_tokens=2	duration_s=6.06
CALL geometry3k_test_2741 oracle_full
FAIL	geometry3k_test_2741	oracle_full	pred='C'	gold='B'	complete=True	new_tokens=2	duration_s=8.13
CALL geometry3k_test_2741 oracle_topk3
FAIL	geometry3k_test_2741	oracle_topk3	pred='C'	gold='B'	complete=True	new_tokens=2	duration_s=6.40
CALL geometry3k_test_2741 oracle_topk6_cautious
FAIL	geometry3k_test_2741	oracle_topk6_cautious	pred='C'	gold='B'	complete=True	new_tokens=2	duration_s=6.76
CALL geometry3k_test_2741 oracle_topk3_trusted
FAIL	geometry3k_test_2741	oracle_topk3_trusted	pred='C'	gold='B'	complete=True	new_tokens=2	duration_s=6.38
CALL geometry3k_test_2741 oracle_topk6_trusted
FAIL	geometry3k_test_2741	oracle_topk6_trusted	pred='C'	gold='B'	complete=True	new_tokens=2	duration_s=6.72
CALL geometry3k_test_2741 oracle_corrupt_warned
FAIL	geometry3k_test_2741	oracle_corrupt_warned	pred='C'	gold='B'	complete=True	new_tokens=2	duration_s=6.72
CALL geometry3k_test_2741 oracle_corrupt_trusted
FAIL	geometry3k_test_2741	oracle_corrupt_trusted	pred='C'	gold='B'	complete=True	new_tokens=2	duration_s=6.75
CALL geometry3k_test_2742 raw
FAIL	geometry3k_test_2742	raw	pred='B'	gold='C'	complete=True	new_tokens=2	duration_s=5.82
CALL geometry3k_test_2742 oracle_full
FAIL	geometry3k_test_2742	oracle_full	pred='B'	gold='C'	complete=True	new_tokens=2	duration_s=7.20
CALL geometry3k_test_2742 oracle_topk3
FAIL	geometry3k_test_2742	oracle_topk3	pred='B'	gold='C'	complete=True	new_tokens=2	duration_s=6.14
CALL geometry3k_test_2742 oracle_topk6_cautious
FAIL	geometry3k_test_2742	oracle_topk6_cautious	pred='B'	gold='C'	complete=True	new_tokens=2	duration_s=6.14
CALL geometry3k_test_2742 oracle_topk3_trusted
FAIL	geometry3k_test_2742	oracle_topk3_trusted	pred='B'	gold='C'	complete=True	new_tokens=2	duration_s=5.89
CALL geometry3k_test_2742 oracle_topk6_trusted
FAIL	geometry3k_test_2742	oracle_topk6_trusted	pred='B'	gold='C'	complete=True	new_tokens=2	duration_s=6.13
CALL geometry3k_test_2742 oracle_corrupt_warned
FAIL	geometry3k_test_2742	oracle_corrupt_warned	pred='B'	gold='C'	complete=True	new_tokens=2	duration_s=6.14
CALL geometry3k_test_2742 oracle_corrupt_trusted
FAIL	geometry3k_test_2742	oracle_corrupt_trusted	pred='B'	gold='C'	complete=True	new_tokens=2	duration_s=6.13
CALL geometry3k_test_2743 raw
OK	geometry3k_test_2743	raw	pred='B'	gold='B'	complete=True	new_tokens=2	duration_s=4.21
CALL geometry3k_test_2743 oracle_full
OK	geometry3k_test_2743	oracle_full	pred='B'	gold='B'	complete=True	new_tokens=2	duration_s=5.82
CALL geometry3k_test_2743 oracle_topk3
OK	geometry3k_test_2743	oracle_topk3	pred='B'	gold='B'	complete=True	new_tokens=2	duration_s=4.56
CALL geometry3k_test_2743 oracle_topk6_cautious
OK	geometry3k_test_2743	oracle_topk6_cautious	pred='B'	gold='B'	complete=True	new_tokens=2	duration_s=4.81
CALL geometry3k_test_2743 oracle_topk3_trusted
OK	geometry3k_test_2743	oracle_topk3_trusted	pred='B'	gold='B'	complete=True	new_tokens=2	duration_s=4.53
CALL geometry3k_test_2743 oracle_topk6_trusted
OK	geometry3k_test_2743	oracle_topk6_trusted	pred='B'	gold='B'	complete=True	new_tokens=2	duration_s=4.79
CALL geometry3k_test_2743 oracle_corrupt_warned
OK	geometry3k_test_2743	oracle_corrupt_warned	pred='B'	gold='B'	complete=True	new_tokens=2	duration_s=4.81
CALL geometry3k_test_2743 oracle_corrupt_trusted
OK	geometry3k_test_2743	oracle_corrupt_trusted	pred='B'	gold='B'	complete=True	new_tokens=2	duration_s=4.81
CALL geometry3k_test_2744 raw
FAIL	geometry3k_test_2744	raw	pred='C'	gold='D'	complete=True	new_tokens=2	duration_s=4.54
CALL geometry3k_test_2744 oracle_full
FAIL	geometry3k_test_2744	oracle_full	pred='C'	gold='D'	complete=True	new_tokens=2	duration_s=6.20
CALL geometry3k_test_2744 oracle_topk3
FAIL	geometry3k_test_2744	oracle_topk3	pred='C'	gold='D'	complete=True	new_tokens=2	duration_s=4.90
CALL geometry3k_test_2744 oracle_topk6_cautious
FAIL	geometry3k_test_2744	oracle_topk6_cautious	pred='C'	gold='D'	complete=True	new_tokens=2	duration_s=5.17
CALL geometry3k_test_2744 oracle_topk3_trusted
FAIL	geometry3k_test_2744	oracle_topk3_trusted	pred='C'	gold='D'	complete=True	new_tokens=2	duration_s=4.86
CALL geometry3k_test_2744 oracle_topk6_trusted
FAIL	geometry3k_test_2744	oracle_topk6_trusted	pred='C'	gold='D'	complete=True	new_tokens=2	duration_s=5.14
CALL geometry3k_test_2744 oracle_corrupt_warned
FAIL	geometry3k_test_2744	oracle_corrupt_warned	pred='C'	gold='D'	complete=True	new_tokens=2	duration_s=5.14
CALL geometry3k_test_2744 oracle_corrupt_trusted
FAIL	geometry3k_test_2744	oracle_corrupt_trusted	pred='C'	gold='D'	complete=True	new_tokens=2	duration_s=5.16
CALL geometry3k_test_2745 raw
OK	geometry3k_test_2745	raw	pred='A'	gold='A'	complete=True	new_tokens=2	duration_s=6.84
CALL geometry3k_test_2745 oracle_full
OK	geometry3k_test_2745	oracle_full	pred='A'	gold='A'	complete=True	new_tokens=2	duration_s=8.53
CALL geometry3k_test_2745 oracle_topk3
OK	geometry3k_test_2745	oracle_topk3	pred='A'	gold='A'	complete=True	new_tokens=2	duration_s=7.43
CALL geometry3k_test_2745 oracle_topk6_cautious
OK	geometry3k_test_2745	oracle_topk6_cautious	pred='A'	gold='A'	complete=True	new_tokens=2	duration_s=7.50
CALL geometry3k_test_2745 oracle_topk3_trusted
OK	geometry3k_test_2745	oracle_topk3_trusted	pred='A'	gold='A'	complete=True	new_tokens=2	duration_s=7.41
CALL geometry3k_test_2745 oracle_topk6_trusted
OK	geometry3k_test_2745	oracle_topk6_trusted	pred='A'	gold='A'	complete=True	new_tokens=2	duration_s=7.47
CALL geometry3k_test_2745 oracle_corrupt_warned
OK	geometry3k_test_2745	oracle_corrupt_warned	pred='A'	gold='A'	complete=True	new_tokens=2	duration_s=7.47
CALL geometry3k_test_2745 oracle_corrupt_trusted
OK	geometry3k_test_2745	oracle_corrupt_trusted	pred='A'	gold='A'	complete=True	new_tokens=2	duration_s=7.48
CALL geometry3k_test_2746 raw
FAIL	geometry3k_test_2746	raw	pred='B'	gold='A'	complete=True	new_tokens=2	duration_s=9.51
CALL geometry3k_test_2746 oracle_full
FAIL	geometry3k_test_2746	oracle_full	pred='B'	gold='A'	complete=True	new_tokens=2	duration_s=11.56
CALL geometry3k_test_2746 oracle_topk3
FAIL	geometry3k_test_2746	oracle_topk3	pred='B'	gold='A'	complete=True	new_tokens=2	duration_s=9.89
CALL geometry3k_test_2746 oracle_topk6_cautious
FAIL	geometry3k_test_2746	oracle_topk6_cautious	pred='B'	gold='A'	complete=True	new_tokens=2	duration_s=9.91
CALL geometry3k_test_2746 oracle_topk3_trusted
FAIL	geometry3k_test_2746	oracle_topk3_trusted	pred='B'	gold='A'	complete=True	new_tokens=2	duration_s=9.90
CALL geometry3k_test_2746 oracle_topk6_trusted
FAIL	geometry3k_test_2746	oracle_topk6_trusted	pred='B'	gold='A'	complete=True	new_tokens=2	duration_s=9.94
CALL geometry3k_test_2746 oracle_corrupt_warned
FAIL	geometry3k_test_2746	oracle_corrupt_warned	pred='B'	gold='A'	complete=True	new_tokens=2	duration_s=9.89
CALL geometry3k_test_2746 oracle_corrupt_trusted
FAIL	geometry3k_test_2746	oracle_corrupt_trusted	pred='B'	gold='A'	complete=True	new_tokens=2	duration_s=9.87
CALL geometry3k_test_2747 raw
FAIL	geometry3k_test_2747	raw	pred='C'	gold='B'	complete=True	new_tokens=2	duration_s=5.80
CALL geometry3k_test_2747 oracle_full
FAIL	geometry3k_test_2747	oracle_full	pred='C'	gold='B'	complete=True	new_tokens=2	duration_s=7.47
CALL geometry3k_test_2747 oracle_topk3
FAIL	geometry3k_test_2747	oracle_topk3	pred='C'	gold='B'	complete=True	new_tokens=2	duration_s=6.10
CALL geometry3k_test_2747 oracle_topk6_cautious
FAIL	geometry3k_test_2747	oracle_topk6_cautious	pred='C'	gold='B'	complete=True	new_tokens=2	duration_s=6.44
CALL geometry3k_test_2747 oracle_topk3_trusted
FAIL	geometry3k_test_2747	oracle_topk3_trusted	pred='C'	gold='B'	complete=True	new_tokens=2	duration_s=6.10
CALL geometry3k_test_2747 oracle_topk6_trusted
FAIL	geometry3k_test_2747	oracle_topk6_trusted	pred='C'	gold='B'	complete=True	new_tokens=2	duration_s=6.19
CALL geometry3k_test_2747 oracle_corrupt_warned
FAIL	geometry3k_test_2747	oracle_corrupt_warned	pred='C'	gold='B'	complete=True	new_tokens=2	duration_s=6.51
CALL geometry3k_test_2747 oracle_corrupt_trusted
FAIL	geometry3k_test_2747	oracle_corrupt_trusted	pred='C'	gold='B'	complete=True	new_tokens=2	duration_s=6.18
CALL geometry3k_test_2748 raw
FAIL	geometry3k_test_2748	raw	pred='B'	gold='D'	complete=True	new_tokens=2	duration_s=5.13
CALL geometry3k_test_2748 oracle_full
FAIL	geometry3k_test_2748	oracle_full	pred='B'	gold='D'	complete=True	new_tokens=2	duration_s=6.82
CALL geometry3k_test_2748 oracle_topk3
FAIL	geometry3k_test_2748	oracle_topk3	pred='B'	gold='D'	complete=True	new_tokens=2	duration_s=5.48
CALL geometry3k_test_2748 oracle_topk6_cautious
FAIL	geometry3k_test_2748	oracle_topk6_cautious	pred='B'	gold='D'	complete=True	new_tokens=2	duration_s=5.83
CALL geometry3k_test_2748 oracle_topk3_trusted
FAIL	geometry3k_test_2748	oracle_topk3_trusted	pred='B'	gold='D'	complete=True	new_tokens=2	duration_s=5.48
CALL geometry3k_test_2748 oracle_topk6_trusted
FAIL	geometry3k_test_2748	oracle_topk6_trusted	pred='B'	gold='D'	complete=True	new_tokens=2	duration_s=5.80
CALL geometry3k_test_2748 oracle_corrupt_warned
FAIL	geometry3k_test_2748	oracle_corrupt_warned	pred='B'	gold='D'	complete=True	new_tokens=2	duration_s=5.81
CALL geometry3k_test_2748 oracle_corrupt_trusted
FAIL	geometry3k_test_2748	oracle_corrupt_trusted	pred='B'	gold='D'	complete=True	new_tokens=2	duration_s=5.81
CALL geometry3k_test_2749 raw
FAIL	geometry3k_test_2749	raw	pred='C'	gold='D'	complete=True	new_tokens=6	duration_s=5.85
CALL geometry3k_test_2749 oracle_full
FAIL	geometry3k_test_2749	oracle_full	pred='C'	gold='D'	complete=True	new_tokens=6	duration_s=7.54
CALL geometry3k_test_2749 oracle_topk3
OK	geometry3k_test_2749	oracle_topk3	pred='D'	gold='D'	complete=True	new_tokens=6	duration_s=6.16
CALL geometry3k_test_2749 oracle_topk6_cautious
OK	geometry3k_test_2749	oracle_topk6_cautious	pred='D'	gold='D'	complete=True	new_tokens=6	duration_s=6.16
CALL geometry3k_test_2749 oracle_topk3_trusted
OK	geometry3k_test_2749	oracle_topk3_trusted	pred='D'	gold='D'	complete=True	new_tokens=6	duration_s=6.13
CALL geometry3k_test_2749 oracle_topk6_trusted
OK	geometry3k_test_2749	oracle_topk6_trusted	pred='D'	gold='D'	complete=True	new_tokens=6	duration_s=6.15
CALL geometry3k_test_2749 oracle_corrupt_warned
FAIL	geometry3k_test_2749	oracle_corrupt_warned	pred='C'	gold='D'	complete=True	new_tokens=6	duration_s=6.17
CALL geometry3k_test_2749 oracle_corrupt_trusted
FAIL	geometry3k_test_2749	oracle_corrupt_trusted	pred='C'	gold='D'	complete=True	new_tokens=6	duration_s=6.19
CALL geometry3k_test_2750 raw
FAIL	geometry3k_test_2750	raw	pred='C'	gold='B'	complete=True	new_tokens=2	duration_s=6.49
CALL geometry3k_test_2750 oracle_full
FAIL	geometry3k_test_2750	oracle_full	pred='C'	gold='B'	complete=True	new_tokens=2	duration_s=9.93
CALL geometry3k_test_2750 oracle_topk3
FAIL	geometry3k_test_2750	oracle_topk3	pred='C'	gold='B'	complete=True	new_tokens=2	duration_s=6.79
CALL geometry3k_test_2750 oracle_topk6_cautious
FAIL	geometry3k_test_2750	oracle_topk6_cautious	pred='C'	gold='B'	complete=True	new_tokens=2	duration_s=7.08
CALL geometry3k_test_2750 oracle_topk3_trusted
FAIL	geometry3k_test_2750	oracle_topk3_trusted	pred='C'	gold='B'	complete=True	new_tokens=2	duration_s=6.76
CALL geometry3k_test_2750 oracle_topk6_trusted
FAIL	geometry3k_test_2750	oracle_topk6_trusted	pred='C'	gold='B'	complete=True	new_tokens=2	duration_s=6.80
CALL geometry3k_test_2750 oracle_corrupt_warned
FAIL	geometry3k_test_2750	oracle_corrupt_warned	pred='C'	gold='B'	complete=True	new_tokens=2	duration_s=7.11
CALL geometry3k_test_2750 oracle_corrupt_trusted
FAIL	geometry3k_test_2750	oracle_corrupt_trusted	pred='C'	gold='B'	complete=True	new_tokens=2	duration_s=6.80
CALL geometry3k_test_2751 raw
OK	geometry3k_test_2751	raw	pred='B'	gold='B'	complete=True	new_tokens=2	duration_s=13.97
CALL geometry3k_test_2751 oracle_full
OK	geometry3k_test_2751	oracle_full	pred='B'	gold='B'	complete=True	new_tokens=2	duration_s=17.86
CALL geometry3k_test_2751 oracle_topk3
OK	geometry3k_test_2751	oracle_topk3	pred='B'	gold='B'	complete=True	new_tokens=2	duration_s=14.30
CALL geometry3k_test_2751 oracle_topk6_cautious
OK	geometry3k_test_2751	oracle_topk6_cautious	pred='B'	gold='B'	complete=True	new_tokens=2	duration_s=14.64
CALL geometry3k_test_2751 oracle_topk3_trusted
OK	geometry3k_test_2751	oracle_topk3_trusted	pred='B'	gold='B'	complete=True	new_tokens=2	duration_s=14.29
CALL geometry3k_test_2751 oracle_topk6_trusted
OK	geometry3k_test_2751	oracle_topk6_trusted	pred='B'	gold='B'	complete=True	new_tokens=2	duration_s=14.62
CALL geometry3k_test_2751 oracle_corrupt_warned
OK	geometry3k_test_2751	oracle_corrupt_warned	pred='B'	gold='B'	complete=True	new_tokens=2	duration_s=14.57
CALL geometry3k_test_2751 oracle_corrupt_trusted
OK	geometry3k_test_2751	oracle_corrupt_trusted	pred='B'	gold='B'	complete=True	new_tokens=2	duration_s=14.64
CALL geometry3k_test_2752 raw
OK	geometry3k_test_2752	raw	pred='C'	gold='C'	complete=True	new_tokens=6	duration_s=7.19
CALL geometry3k_test_2752 oracle_full
OK	geometry3k_test_2752	oracle_full	pred='C'	gold='C'	complete=True	new_tokens=2	duration_s=23.79
CALL geometry3k_test_2752 oracle_topk3
OK	geometry3k_test_2752	oracle_topk3	pred='C'	gold='C'	complete=True	new_tokens=2	duration_s=7.12
CALL geometry3k_test_2752 oracle_topk6_cautious
OK	geometry3k_test_2752	oracle_topk6_cautious	pred='C'	gold='C'	complete=True	new_tokens=2	duration_s=7.51
CALL geometry3k_test_2752 oracle_topk3_trusted
OK	geometry3k_test_2752	oracle_topk3_trusted	pred='C'	gold='C'	complete=True	new_tokens=2	duration_s=7.13
CALL geometry3k_test_2752 oracle_topk6_trusted
OK	geometry3k_test_2752	oracle_topk6_trusted	pred='C'	gold='C'	complete=True	new_tokens=2	duration_s=7.45
CALL geometry3k_test_2752 oracle_corrupt_warned
OK	geometry3k_test_2752	oracle_corrupt_warned	pred='C'	gold='C'	complete=True	new_tokens=2	duration_s=7.45
CALL geometry3k_test_2752 oracle_corrupt_trusted
OK	geometry3k_test_2752	oracle_corrupt_trusted	pred='C'	gold='C'	complete=True	new_tokens=2	duration_s=7.48
CALL geometry3k_test_2753 raw
FAIL	geometry3k_test_2753	raw	pred='B'	gold='D'	complete=True	new_tokens=2	duration_s=4.12
CALL geometry3k_test_2753 oracle_full
FAIL	geometry3k_test_2753	oracle_full	pred='B'	gold='D'	complete=True	new_tokens=2	duration_s=6.45
CALL geometry3k_test_2753 oracle_topk3
FAIL	geometry3k_test_2753	oracle_topk3	pred='B'	gold='D'	complete=True	new_tokens=2	duration_s=4.48
CALL geometry3k_test_2753 oracle_topk6_cautious
FAIL	geometry3k_test_2753	oracle_topk6_cautious	pred='B'	gold='D'	complete=True	new_tokens=2	duration_s=4.74
CALL geometry3k_test_2753 oracle_topk3_trusted
FAIL	geometry3k_test_2753	oracle_topk3_trusted	pred='B'	gold='D'	complete=True	new_tokens=7	duration_s=4.89
CALL geometry3k_test_2753 oracle_topk6_trusted
FAIL	geometry3k_test_2753	oracle_topk6_trusted	pred='B'	gold='D'	complete=True	new_tokens=2	duration_s=4.74
CALL geometry3k_test_2753 oracle_corrupt_warned
OK	geometry3k_test_2753	oracle_corrupt_warned	pred='D'	gold='D'	complete=True	new_tokens=8	duration_s=5.26
CALL geometry3k_test_2753 oracle_corrupt_trusted
OK	geometry3k_test_2753	oracle_corrupt_trusted	pred='D'	gold='D'	complete=True	new_tokens=8	duration_s=5.25
CALL geometry3k_test_2754 raw
OK	geometry3k_test_2754	raw	pred='B'	gold='B'	complete=True	new_tokens=2	duration_s=7.89
CALL geometry3k_test_2754 oracle_full
OK	geometry3k_test_2754	oracle_full	pred='B'	gold='B'	complete=True	new_tokens=2	duration_s=9.55
CALL geometry3k_test_2754 oracle_topk3
OK	geometry3k_test_2754	oracle_topk3	pred='B'	gold='B'	complete=True	new_tokens=2	duration_s=8.44
CALL geometry3k_test_2754 oracle_topk6_cautious
OK	geometry3k_test_2754	oracle_topk6_cautious	pred='B'	gold='B'	complete=True	new_tokens=2	duration_s=8.51
CALL geometry3k_test_2754 oracle_topk3_trusted
OK	geometry3k_test_2754	oracle_topk3_trusted	pred='B'	gold='B'	complete=True	new_tokens=2	duration_s=8.51
CALL geometry3k_test_2754 oracle_topk6_trusted
OK	geometry3k_test_2754	oracle_topk6_trusted	pred='B'	gold='B'	complete=True	new_tokens=2	duration_s=8.50
CALL geometry3k_test_2754 oracle_corrupt_warned
OK	geometry3k_test_2754	oracle_corrupt_warned	pred='B'	gold='B'	complete=True	new_tokens=2	duration_s=8.50
CALL geometry3k_test_2754 oracle_corrupt_trusted
OK	geometry3k_test_2754	oracle_corrupt_trusted	pred='B'	gold='B'	complete=True	new_tokens=2	duration_s=8.49
CALL geometry3k_test_2755 raw
FAIL	geometry3k_test_2755	raw	pred='C'	gold='A'	complete=True	new_tokens=2	duration_s=4.52
CALL geometry3k_test_2755 oracle_full
FAIL	geometry3k_test_2755	oracle_full	pred='C'	gold='A'	complete=True	new_tokens=2	duration_s=6.20
CALL geometry3k_test_2755 oracle_topk3
FAIL	geometry3k_test_2755	oracle_topk3	pred='C'	gold='A'	complete=True	new_tokens=2	duration_s=4.88
CALL geometry3k_test_2755 oracle_topk6_cautious
FAIL	geometry3k_test_2755	oracle_topk6_cautious	pred='C'	gold='A'	complete=True	new_tokens=2	duration_s=5.16
CALL geometry3k_test_2755 oracle_topk3_trusted
FAIL	geometry3k_test_2755	oracle_topk3_trusted	pred='C'	gold='A'	complete=True	new_tokens=2	duration_s=4.84
CALL geometry3k_test_2755 oracle_topk6_trusted
FAIL	geometry3k_test_2755	oracle_topk6_trusted	pred='C'	gold='A'	complete=True	new_tokens=2	duration_s=5.12
CALL geometry3k_test_2755 oracle_corrupt_warned
FAIL	geometry3k_test_2755	oracle_corrupt_warned	pred='C'	gold='A'	complete=True	new_tokens=2	duration_s=5.16
CALL geometry3k_test_2755 oracle_corrupt_trusted
FAIL	geometry3k_test_2755	oracle_corrupt_trusted	pred='C'	gold='A'	complete=True	new_tokens=2	duration_s=5.13
CALL geometry3k_test_2756 raw
OK	geometry3k_test_2756	raw	pred='A'	gold='A'	complete=True	new_tokens=2	duration_s=5.52
CALL geometry3k_test_2756 oracle_full
OK	geometry3k_test_2756	oracle_full	pred='A'	gold='A'	complete=True	new_tokens=8	duration_s=7.77
CALL geometry3k_test_2756 oracle_topk3
OK	geometry3k_test_2756	oracle_topk3	pred='A'	gold='A'	complete=True	new_tokens=8	duration_s=6.35
CALL geometry3k_test_2756 oracle_topk6_cautious
OK	geometry3k_test_2756	oracle_topk6_cautious	pred='A'	gold='A'	complete=True	new_tokens=8	duration_s=6.69
CALL geometry3k_test_2756 oracle_topk3_trusted
OK	geometry3k_test_2756	oracle_topk3_trusted	pred='A'	gold='A'	complete=True	new_tokens=8	duration_s=6.38
CALL geometry3k_test_2756 oracle_topk6_trusted
OK	geometry3k_test_2756	oracle_topk6_trusted	pred='A'	gold='A'	complete=True	new_tokens=8	duration_s=6.70
CALL geometry3k_test_2756 oracle_corrupt_warned
OK	geometry3k_test_2756	oracle_corrupt_warned	pred='A'	gold='A'	complete=True	new_tokens=8	duration_s=6.71
CALL geometry3k_test_2756 oracle_corrupt_trusted
OK	geometry3k_test_2756	oracle_corrupt_trusted	pred='A'	gold='A'	complete=True	new_tokens=8	duration_s=6.70
CALL geometry3k_test_2757 raw
FAIL	geometry3k_test_2757	raw	pred='B'	gold='C'	complete=True	new_tokens=2	duration_s=8.75
CALL geometry3k_test_2757 oracle_full
FAIL	geometry3k_test_2757	oracle_full	pred='B'	gold='C'	complete=True	new_tokens=2	duration_s=13.90
CALL geometry3k_test_2757 oracle_topk3
FAIL	geometry3k_test_2757	oracle_topk3	pred='B'	gold='C'	complete=True	new_tokens=2	duration_s=9.17
CALL geometry3k_test_2757 oracle_topk6_cautious
FAIL	geometry3k_test_2757	oracle_topk6_cautious	pred='B'	gold='C'	complete=True	new_tokens=2	duration_s=9.52
CALL geometry3k_test_2757 oracle_topk3_trusted
FAIL	geometry3k_test_2757	oracle_topk3_trusted	pred='B'	gold='C'	complete=True	new_tokens=2	duration_s=9.14
CALL geometry3k_test_2757 oracle_topk6_trusted
FAIL	geometry3k_test_2757	oracle_topk6_trusted	pred='B'	gold='C'	complete=True	new_tokens=2	duration_s=9.45
CALL geometry3k_test_2757 oracle_corrupt_warned
FAIL	geometry3k_test_2757	oracle_corrupt_warned	pred='B'	gold='C'	complete=True	new_tokens=2	duration_s=9.47
CALL geometry3k_test_2757 oracle_corrupt_trusted
FAIL	geometry3k_test_2757	oracle_corrupt_trusted	pred='B'	gold='C'	complete=True	new_tokens=2	duration_s=9.46
CALL geometry3k_test_2758 raw
OK	geometry3k_test_2758	raw	pred='C'	gold='C'	complete=True	new_tokens=2	duration_s=3.98
CALL geometry3k_test_2758 oracle_full
OK	geometry3k_test_2758	oracle_full	pred='C'	gold='C'	complete=True	new_tokens=2	duration_s=5.32
CALL geometry3k_test_2758 oracle_topk3
OK	geometry3k_test_2758	oracle_topk3	pred='C'	gold='C'	complete=True	new_tokens=2	duration_s=4.34
CALL geometry3k_test_2758 oracle_topk6_cautious
OK	geometry3k_test_2758	oracle_topk6_cautious	pred='C'	gold='C'	complete=True	new_tokens=2	duration_s=4.57
CALL geometry3k_test_2758 oracle_topk3_trusted
OK	geometry3k_test_2758	oracle_topk3_trusted	pred='C'	gold='C'	complete=True	new_tokens=2	duration_s=4.33
CALL geometry3k_test_2758 oracle_topk6_trusted
OK	geometry3k_test_2758	oracle_topk6_trusted	pred='C'	gold='C'	complete=True	new_tokens=2	duration_s=4.63
CALL geometry3k_test_2758 oracle_corrupt_warned
OK	geometry3k_test_2758	oracle_corrupt_warned	pred='C'	gold='C'	complete=True	new_tokens=2	duration_s=4.63
CALL geometry3k_test_2758 oracle_corrupt_trusted
OK	geometry3k_test_2758	oracle_corrupt_trusted	pred='C'	gold='C'	complete=True	new_tokens=2	duration_s=4.60
CALL geometry3k_test_2759 raw
OK	geometry3k_test_2759	raw	pred='C'	gold='C'	complete=True	new_tokens=2	duration_s=4.17
CALL geometry3k_test_2759 oracle_full
OK	geometry3k_test_2759	oracle_full	pred='C'	gold='C'	complete=True	new_tokens=2	duration_s=5.82
CALL geometry3k_test_2759 oracle_topk3
OK	geometry3k_test_2759	oracle_topk3	pred='C'	gold='C'	complete=True	new_tokens=2	duration_s=4.50
CALL geometry3k_test_2759 oracle_topk6_cautious
OK	geometry3k_test_2759	oracle_topk6_cautious	pred='C'	gold='C'	complete=True	new_tokens=2	duration_s=4.75
CALL geometry3k_test_2759 oracle_topk3_trusted
OK	geometry3k_test_2759	oracle_topk3_trusted	pred='C'	gold='C'	complete=True	new_tokens=2	duration_s=4.47
CALL geometry3k_test_2759 oracle_topk6_trusted
OK	geometry3k_test_2759	oracle_topk6_trusted	pred='C'	gold='C'	complete=True	new_tokens=2	duration_s=4.74
CALL geometry3k_test_2759 oracle_corrupt_warned
OK	geometry3k_test_2759	oracle_corrupt_warned	pred='C'	gold='C'	complete=True	new_tokens=2	duration_s=4.72
CALL geometry3k_test_2759 oracle_corrupt_trusted
OK	geometry3k_test_2759	oracle_corrupt_trusted	pred='C'	gold='C'	complete=True	new_tokens=2	duration_s=4.75
CALL geometry3k_test_2760 raw
OK	geometry3k_test_2760	raw	pred='A'	gold='A'	complete=True	new_tokens=2	duration_s=7.02
CALL geometry3k_test_2760 oracle_full
OK	geometry3k_test_2760	oracle_full	pred='A'	gold='A'	complete=True	new_tokens=2	duration_s=10.45
CALL geometry3k_test_2760 oracle_topk3
OK	geometry3k_test_2760	oracle_topk3	pred='A'	gold='A'	complete=True	new_tokens=2	duration_s=7.31
CALL geometry3k_test_2760 oracle_topk6_cautious
OK	geometry3k_test_2760	oracle_topk6_cautious	pred='A'	gold='A'	complete=True	new_tokens=2	duration_s=7.68
CALL geometry3k_test_2760 oracle_topk3_trusted
OK	geometry3k_test_2760	oracle_topk3_trusted	pred='A'	gold='A'	complete=True	new_tokens=2	duration_s=7.32
CALL geometry3k_test_2760 oracle_topk6_trusted
OK	geometry3k_test_2760	oracle_topk6_trusted	pred='A'	gold='A'	complete=True	new_tokens=2	duration_s=7.66
CALL geometry3k_test_2760 oracle_corrupt_warned
OK	geometry3k_test_2760	oracle_corrupt_warned	pred='A'	gold='A'	complete=True	new_tokens=2	duration_s=7.66
CALL geometry3k_test_2760 oracle_corrupt_trusted
OK	geometry3k_test_2760	oracle_corrupt_trusted	pred='A'	gold='A'	complete=True	new_tokens=2	duration_s=7.66
CALL geometry3k_test_2761 raw
OK	geometry3k_test_2761	raw	pred='B'	gold='B'	complete=True	new_tokens=2	duration_s=5.92
CALL geometry3k_test_2761 oracle_full
OK	geometry3k_test_2761	oracle_full	pred='B'	gold='B'	complete=True	new_tokens=2	duration_s=8.16
CALL geometry3k_test_2761 oracle_topk3
OK	geometry3k_test_2761	oracle_topk3	pred='B'	gold='B'	complete=True	new_tokens=2	duration_s=6.23
CALL geometry3k_test_2761 oracle_topk6_cautious
OK	geometry3k_test_2761	oracle_topk6_cautious	pred='B'	gold='B'	complete=True	new_tokens=2	duration_s=6.52
CALL geometry3k_test_2761 oracle_topk3_trusted
OK	geometry3k_test_2761	oracle_topk3_trusted	pred='B'	gold='B'	complete=True	new_tokens=2	duration_s=6.22
CALL geometry3k_test_2761 oracle_topk6_trusted
OK	geometry3k_test_2761	oracle_topk6_trusted	pred='B'	gold='B'	complete=True	new_tokens=2	duration_s=6.50
CALL geometry3k_test_2761 oracle_corrupt_warned
OK	geometry3k_test_2761	oracle_corrupt_warned	pred='B'	gold='B'	complete=True	new_tokens=2	duration_s=6.49
CALL geometry3k_test_2761 oracle_corrupt_trusted
OK	geometry3k_test_2761	oracle_corrupt_trusted	pred='B'	gold='B'	complete=True	new_tokens=2	duration_s=6.47
CALL geometry3k_test_2762 raw
OK	geometry3k_test_2762	raw	pred='B'	gold='B'	complete=True	new_tokens=2	duration_s=26.59
CALL geometry3k_test_2762 oracle_full
OK	geometry3k_test_2762	oracle_full	pred='B'	gold='B'	complete=True	new_tokens=2	duration_s=29.31
CALL geometry3k_test_2762 oracle_topk3
OK	geometry3k_test_2762	oracle_topk3	pred='B'	gold='B'	complete=True	new_tokens=2	duration_s=26.95
CALL geometry3k_test_2762 oracle_topk6_cautious
OK	geometry3k_test_2762	oracle_topk6_cautious	pred='B'	gold='B'	complete=True	new_tokens=2	duration_s=27.25
CALL geometry3k_test_2762 oracle_topk3_trusted
OK	geometry3k_test_2762	oracle_topk3_trusted	pred='B'	gold='B'	complete=True	new_tokens=2	duration_s=26.92
CALL geometry3k_test_2762 oracle_topk6_trusted
OK	geometry3k_test_2762	oracle_topk6_trusted	pred='B'	gold='B'	complete=True	new_tokens=2	duration_s=27.20
CALL geometry3k_test_2762 oracle_corrupt_warned
OK	geometry3k_test_2762	oracle_corrupt_warned	pred='B'	gold='B'	complete=True	new_tokens=2	duration_s=26.92
CALL geometry3k_test_2762 oracle_corrupt_trusted
OK	geometry3k_test_2762	oracle_corrupt_trusted	pred='B'	gold='B'	complete=True	new_tokens=2	duration_s=26.88
CALL geometry3k_test_2763 raw
OK	geometry3k_test_2763	raw	pred='A'	gold='A'	complete=True	new_tokens=2	duration_s=4.97
CALL geometry3k_test_2763 oracle_full
OK	geometry3k_test_2763	oracle_full	pred='A'	gold='A'	complete=True	new_tokens=2	duration_s=6.65
CALL geometry3k_test_2763 oracle_topk3
OK	geometry3k_test_2763	oracle_topk3	pred='A'	gold='A'	complete=True	new_tokens=2	duration_s=5.29
CALL geometry3k_test_2763 oracle_topk6_cautious
OK	geometry3k_test_2763	oracle_topk6_cautious	pred='A'	gold='A'	complete=True	new_tokens=2	duration_s=5.31
CALL geometry3k_test_2763 oracle_topk3_trusted
OK	geometry3k_test_2763	oracle_topk3_trusted	pred='A'	gold='A'	complete=True	new_tokens=2	duration_s=5.31
CALL geometry3k_test_2763 oracle_topk6_trusted
OK	geometry3k_test_2763	oracle_topk6_trusted	pred='A'	gold='A'	complete=True	new_tokens=2	duration_s=5.31
CALL geometry3k_test_2763 oracle_corrupt_warned
OK	geometry3k_test_2763	oracle_corrupt_warned	pred='A'	gold='A'	complete=True	new_tokens=2	duration_s=5.33
CALL geometry3k_test_2763 oracle_corrupt_trusted
OK	geometry3k_test_2763	oracle_corrupt_trusted	pred='A'	gold='A'	complete=True	new_tokens=2	duration_s=5.32
CALL geometry3k_test_2764 raw
OK	geometry3k_test_2764	raw	pred='B'	gold='B'	complete=True	new_tokens=2	duration_s=4.96
CALL geometry3k_test_2764 oracle_full
OK	geometry3k_test_2764	oracle_full	pred='B'	gold='B'	complete=True	new_tokens=2	duration_s=7.58
CALL geometry3k_test_2764 oracle_topk3
OK	geometry3k_test_2764	oracle_topk3	pred='B'	gold='B'	complete=True	new_tokens=2	duration_s=5.55
CALL geometry3k_test_2764 oracle_topk6_cautious
OK	geometry3k_test_2764	oracle_topk6_cautious	pred='B'	gold='B'	complete=True	new_tokens=2	duration_s=5.53
CALL geometry3k_test_2764 oracle_topk3_trusted
OK	geometry3k_test_2764	oracle_topk3_trusted	pred='B'	gold='B'	complete=True	new_tokens=2	duration_s=5.54
CALL geometry3k_test_2764 oracle_topk6_trusted
OK	geometry3k_test_2764	oracle_topk6_trusted	pred='B'	gold='B'	complete=True	new_tokens=2	duration_s=5.53
CALL geometry3k_test_2764 oracle_corrupt_warned
OK	geometry3k_test_2764	oracle_corrupt_warned	pred='B'	gold='B'	complete=True	new_tokens=2	duration_s=5.55
CALL geometry3k_test_2764 oracle_corrupt_trusted
OK	geometry3k_test_2764	oracle_corrupt_trusted	pred='B'	gold='B'	complete=True	new_tokens=2	duration_s=5.56
CALL geometry3k_test_2765 raw
OK	geometry3k_test_2765	raw	pred='D'	gold='D'	complete=True	new_tokens=2	duration_s=15.75
CALL geometry3k_test_2765 oracle_full
OK	geometry3k_test_2765	oracle_full	pred='D'	gold='D'	complete=True	new_tokens=2	duration_s=17.51
CALL geometry3k_test_2765 oracle_topk3
OK	geometry3k_test_2765	oracle_topk3	pred='D'	gold='D'	complete=True	new_tokens=2	duration_s=16.13
CALL geometry3k_test_2765 oracle_topk6_cautious
OK	geometry3k_test_2765	oracle_topk6_cautious	pred='D'	gold='D'	complete=True	new_tokens=2	duration_s=16.40
CALL geometry3k_test_2765 oracle_topk3_trusted
OK	geometry3k_test_2765	oracle_topk3_trusted	pred='D'	gold='D'	complete=True	new_tokens=2	duration_s=16.07
CALL geometry3k_test_2765 oracle_topk6_trusted
OK	geometry3k_test_2765	oracle_topk6_trusted	pred='D'	gold='D'	complete=True	new_tokens=2	duration_s=16.42
CALL geometry3k_test_2765 oracle_corrupt_warned
OK	geometry3k_test_2765	oracle_corrupt_warned	pred='D'	gold='D'	complete=True	new_tokens=2	duration_s=16.38
CALL geometry3k_test_2765 oracle_corrupt_trusted
OK	geometry3k_test_2765	oracle_corrupt_trusted	pred='D'	gold='D'	complete=True	new_tokens=2	duration_s=16.44
CALL geometry3k_test_2766 raw
OK	geometry3k_test_2766	raw	pred='B'	gold='B'	complete=True	new_tokens=2	duration_s=4.91
CALL geometry3k_test_2766 oracle_full
OK	geometry3k_test_2766	oracle_full	pred='B'	gold='B'	complete=True	new_tokens=2	duration_s=6.55
CALL geometry3k_test_2766 oracle_topk3
OK	geometry3k_test_2766	oracle_topk3	pred='B'	gold='B'	complete=True	new_tokens=2	duration_s=5.25
CALL geometry3k_test_2766 oracle_topk6_cautious
OK	geometry3k_test_2766	oracle_topk6_cautious	pred='B'	gold='B'	complete=True	new_tokens=2	duration_s=5.51
CALL geometry3k_test_2766 oracle_topk3_trusted
OK	geometry3k_test_2766	oracle_topk3_trusted	pred='B'	gold='B'	complete=True	new_tokens=2	duration_s=5.26
CALL geometry3k_test_2766 oracle_topk6_trusted
OK	geometry3k_test_2766	oracle_topk6_trusted	pred='B'	gold='B'	complete=True	new_tokens=2	duration_s=5.53
CALL geometry3k_test_2766 oracle_corrupt_warned
OK	geometry3k_test_2766	oracle_corrupt_warned	pred='B'	gold='B'	complete=True	new_tokens=2	duration_s=5.51
CALL geometry3k_test_2766 oracle_corrupt_trusted
FAIL	geometry3k_test_2766	oracle_corrupt_trusted	pred='C'	gold='B'	complete=True	new_tokens=2	duration_s=5.54
CALL geometry3k_test_2767 raw
OK	geometry3k_test_2767	raw	pred='C'	gold='C'	complete=True	new_tokens=2	duration_s=3.85
CALL geometry3k_test_2767 oracle_full
OK	geometry3k_test_2767	oracle_full	pred='C'	gold='C'	complete=True	new_tokens=2	duration_s=5.47
CALL geometry3k_test_2767 oracle_topk3
OK	geometry3k_test_2767	oracle_topk3	pred='C'	gold='C'	complete=True	new_tokens=2	duration_s=4.20
CALL geometry3k_test_2767 oracle_topk6_cautious
OK	geometry3k_test_2767	oracle_topk6_cautious	pred='C'	gold='C'	complete=True	new_tokens=2	duration_s=4.45
CALL geometry3k_test_2767 oracle_topk3_trusted
OK	geometry3k_test_2767	oracle_topk3_trusted	pred='C'	gold='C'	complete=True	new_tokens=2	duration_s=4.19
CALL geometry3k_test_2767 oracle_topk6_trusted
OK	geometry3k_test_2767	oracle_topk6_trusted	pred='C'	gold='C'	complete=True	new_tokens=2	duration_s=4.44
CALL geometry3k_test_2767 oracle_corrupt_warned
OK	geometry3k_test_2767	oracle_corrupt_warned	pred='C'	gold='C'	complete=True	new_tokens=2	duration_s=4.46
CALL geometry3k_test_2767 oracle_corrupt_trusted
OK	geometry3k_test_2767	oracle_corrupt_trusted	pred='C'	gold='C'	complete=True	new_tokens=2	duration_s=4.46
CALL geometry3k_test_2768 raw
OK	geometry3k_test_2768	raw	pred='B'	gold='B'	complete=True	new_tokens=2	duration_s=6.81
CALL geometry3k_test_2768 oracle_full
OK	geometry3k_test_2768	oracle_full	pred='B'	gold='B'	complete=True	new_tokens=2	duration_s=23.86
CALL geometry3k_test_2768 oracle_topk3
OK	geometry3k_test_2768	oracle_topk3	pred='B'	gold='B'	complete=True	new_tokens=2	duration_s=7.13
CALL geometry3k_test_2768 oracle_topk6_cautious
OK	geometry3k_test_2768	oracle_topk6_cautious	pred='B'	gold='B'	complete=True	new_tokens=2	duration_s=7.45
CALL geometry3k_test_2768 oracle_topk3_trusted
OK	geometry3k_test_2768	oracle_topk3_trusted	pred='B'	gold='B'	complete=True	new_tokens=2	duration_s=7.14
CALL geometry3k_test_2768 oracle_topk6_trusted
OK	geometry3k_test_2768	oracle_topk6_trusted	pred='B'	gold='B'	complete=True	new_tokens=2	duration_s=7.46
CALL geometry3k_test_2768 oracle_corrupt_warned
OK	geometry3k_test_2768	oracle_corrupt_warned	pred='B'	gold='B'	complete=True	new_tokens=2	duration_s=7.47
CALL geometry3k_test_2768 oracle_corrupt_trusted
OK	geometry3k_test_2768	oracle_corrupt_trusted	pred='B'	gold='B'	complete=True	new_tokens=2	duration_s=7.46
CALL geometry3k_test_2769 raw
FAIL	geometry3k_test_2769	raw	pred='B'	gold='D'	complete=True	new_tokens=2	duration_s=4.20
CALL geometry3k_test_2769 oracle_full
FAIL	geometry3k_test_2769	oracle_full	pred='B'	gold='D'	complete=True	new_tokens=2	duration_s=5.82
CALL geometry3k_test_2769 oracle_topk3
FAIL	geometry3k_test_2769	oracle_topk3	pred='B'	gold='D'	complete=True	new_tokens=2	duration_s=4.55
CALL geometry3k_test_2769 oracle_topk6_cautious
FAIL	geometry3k_test_2769	oracle_topk6_cautious	pred='B'	gold='D'	complete=True	new_tokens=2	duration_s=4.84
CALL geometry3k_test_2769 oracle_topk3_trusted
FAIL	geometry3k_test_2769	oracle_topk3_trusted	pred='B'	gold='D'	complete=True	new_tokens=2	duration_s=4.56
CALL geometry3k_test_2769 oracle_topk6_trusted
FAIL	geometry3k_test_2769	oracle_topk6_trusted	pred='B'	gold='D'	complete=True	new_tokens=2	duration_s=4.80
CALL geometry3k_test_2769 oracle_corrupt_warned
FAIL	geometry3k_test_2769	oracle_corrupt_warned	pred='B'	gold='D'	complete=True	new_tokens=2	duration_s=4.79
CALL geometry3k_test_2769 oracle_corrupt_trusted
FAIL	geometry3k_test_2769	oracle_corrupt_trusted	pred='B'	gold='D'	complete=True	new_tokens=2	duration_s=4.81
CALL geometry3k_test_2770 raw
OK	geometry3k_test_2770	raw	pred='B'	gold='B'	complete=True	new_tokens=2	duration_s=4.15
CALL geometry3k_test_2770 oracle_full
OK	geometry3k_test_2770	oracle_full	pred='B'	gold='B'	complete=True	new_tokens=2	duration_s=6.11
CALL geometry3k_test_2770 oracle_topk3
OK	geometry3k_test_2770	oracle_topk3	pred='B'	gold='B'	complete=True	new_tokens=2	duration_s=4.49
CALL geometry3k_test_2770 oracle_topk6_cautious
OK	geometry3k_test_2770	oracle_topk6_cautious	pred='B'	gold='B'	complete=True	new_tokens=2	duration_s=4.76
CALL geometry3k_test_2770 oracle_topk3_trusted
OK	geometry3k_test_2770	oracle_topk3_trusted	pred='B'	gold='B'	complete=True	new_tokens=2	duration_s=4.47
CALL geometry3k_test_2770 oracle_topk6_trusted
OK	geometry3k_test_2770	oracle_topk6_trusted	pred='B'	gold='B'	complete=True	new_tokens=2	duration_s=4.74
CALL geometry3k_test_2770 oracle_corrupt_warned
OK	geometry3k_test_2770	oracle_corrupt_warned	pred='B'	gold='B'	complete=True	new_tokens=2	duration_s=4.73
CALL geometry3k_test_2770 oracle_corrupt_trusted
OK	geometry3k_test_2770	oracle_corrupt_trusted	pred='B'	gold='B'	complete=True	new_tokens=2	duration_s=4.52
CALL geometry3k_test_2771 raw
FAIL	geometry3k_test_2771	raw	pred='B'	gold='A'	complete=True	new_tokens=2	duration_s=10.17
CALL geometry3k_test_2771 oracle_full
FAIL	geometry3k_test_2771	oracle_full	pred='B'	gold='A'	complete=True	new_tokens=2	duration_s=12.21
CALL geometry3k_test_2771 oracle_topk3
FAIL	geometry3k_test_2771	oracle_topk3	pred='B'	gold='A'	complete=True	new_tokens=2	duration_s=10.53
CALL geometry3k_test_2771 oracle_topk6_cautious
FAIL	geometry3k_test_2771	oracle_topk6_cautious	pred='B'	gold='A'	complete=True	new_tokens=2	duration_s=10.84
CALL geometry3k_test_2771 oracle_topk3_trusted
FAIL	geometry3k_test_2771	oracle_topk3_trusted	pred='B'	gold='A'	complete=True	new_tokens=2	duration_s=10.47
CALL geometry3k_test_2771 oracle_topk6_trusted
FAIL	geometry3k_test_2771	oracle_topk6_trusted	pred='B'	gold='A'	complete=True	new_tokens=2	duration_s=10.79
CALL geometry3k_test_2771 oracle_corrupt_warned
FAIL	geometry3k_test_2771	oracle_corrupt_warned	pred='B'	gold='A'	complete=True	new_tokens=2	duration_s=10.80
CALL geometry3k_test_2771 oracle_corrupt_trusted
FAIL	geometry3k_test_2771	oracle_corrupt_trusted	pred='B'	gold='A'	complete=True	new_tokens=2	duration_s=10.78
CALL geometry3k_test_2772 raw
OK	geometry3k_test_2772	raw	pred='C'	gold='C'	complete=True	new_tokens=2	duration_s=12.75
CALL geometry3k_test_2772 oracle_full
OK	geometry3k_test_2772	oracle_full	pred='C'	gold='C'	complete=True	new_tokens=2	duration_s=15.22
CALL geometry3k_test_2772 oracle_topk3
OK	geometry3k_test_2772	oracle_topk3	pred='C'	gold='C'	complete=True	new_tokens=2	duration_s=13.10
CALL geometry3k_test_2772 oracle_topk6_cautious
OK	geometry3k_test_2772	oracle_topk6_cautious	pred='C'	gold='C'	complete=True	new_tokens=2	duration_s=13.46
CALL geometry3k_test_2772 oracle_topk3_trusted
OK	geometry3k_test_2772	oracle_topk3_trusted	pred='C'	gold='C'	complete=True	new_tokens=2	duration_s=13.09
CALL geometry3k_test_2772 oracle_topk6_trusted
OK	geometry3k_test_2772	oracle_topk6_trusted	pred='C'	gold='C'	complete=True	new_tokens=2	duration_s=13.37
CALL geometry3k_test_2772 oracle_corrupt_warned
OK	geometry3k_test_2772	oracle_corrupt_warned	pred='C'	gold='C'	complete=True	new_tokens=2	duration_s=13.34
CALL geometry3k_test_2772 oracle_corrupt_trusted
OK	geometry3k_test_2772	oracle_corrupt_trusted	pred='C'	gold='C'	complete=True	new_tokens=2	duration_s=13.41
CALL geometry3k_test_2773 raw
FAIL	geometry3k_test_2773	raw	pred='B'	gold='A'	complete=True	new_tokens=2	duration_s=18.52
CALL geometry3k_test_2773 oracle_full
FAIL	geometry3k_test_2773	oracle_full	pred='B'	gold='A'	complete=True	new_tokens=2	duration_s=21.79
CALL geometry3k_test_2773 oracle_topk3
FAIL	geometry3k_test_2773	oracle_topk3	pred='B'	gold='A'	complete=True	new_tokens=2	duration_s=18.82
CALL geometry3k_test_2773 oracle_topk6_cautious
FAIL	geometry3k_test_2773	oracle_topk6_cautious	pred='B'	gold='A'	complete=True	new_tokens=2	duration_s=19.13
CALL geometry3k_test_2773 oracle_topk3_trusted
FAIL	geometry3k_test_2773	oracle_topk3_trusted	pred='B'	gold='A'	complete=True	new_tokens=2	duration_s=18.84
CALL geometry3k_test_2773 oracle_topk6_trusted
FAIL	geometry3k_test_2773	oracle_topk6_trusted	pred='B'	gold='A'	complete=True	new_tokens=2	duration_s=19.18
CALL geometry3k_test_2773 oracle_corrupt_warned
FAIL	geometry3k_test_2773	oracle_corrupt_warned	pred='B'	gold='A'	complete=True	new_tokens=2	duration_s=19.14
CALL geometry3k_test_2773 oracle_corrupt_trusted
FAIL	geometry3k_test_2773	oracle_corrupt_trusted	pred='B'	gold='A'	complete=True	new_tokens=2	duration_s=19.12
CALL geometry3k_test_2774 raw
FAIL	geometry3k_test_2774	raw	pred='B'	gold='A'	complete=True	new_tokens=2	duration_s=6.47
CALL geometry3k_test_2774 oracle_full
FAIL	geometry3k_test_2774	oracle_full	pred='B'	gold='A'	complete=True	new_tokens=2	duration_s=8.08
CALL geometry3k_test_2774 oracle_topk3
FAIL	geometry3k_test_2774	oracle_topk3	pred='B'	gold='A'	complete=True	new_tokens=8	duration_s=7.30
CALL geometry3k_test_2774 oracle_topk6_cautious
FAIL	geometry3k_test_2774	oracle_topk6_cautious	pred='B'	gold='A'	complete=True	new_tokens=2	duration_s=7.08
CALL geometry3k_test_2774 oracle_topk3_trusted
FAIL	geometry3k_test_2774	oracle_topk3_trusted	pred='B'	gold='A'	complete=True	new_tokens=2	duration_s=6.74
CALL geometry3k_test_2774 oracle_topk6_trusted
FAIL	geometry3k_test_2774	oracle_topk6_trusted	pred='B'	gold='A'	complete=True	new_tokens=2	duration_s=7.11
CALL geometry3k_test_2774 oracle_corrupt_warned
FAIL	geometry3k_test_2774	oracle_corrupt_warned	pred='B'	gold='A'	complete=True	new_tokens=2	duration_s=7.09
CALL geometry3k_test_2774 oracle_corrupt_trusted
FAIL	geometry3k_test_2774	oracle_corrupt_trusted	pred='B'	gold='A'	complete=True	new_tokens=2	duration_s=7.09
CALL geometry3k_test_2775 raw
OK	geometry3k_test_2775	raw	pred='A'	gold='A'	complete=True	new_tokens=2	duration_s=4.40
CALL geometry3k_test_2775 oracle_full
FAIL	geometry3k_test_2775	oracle_full	pred='B'	gold='A'	complete=True	new_tokens=2	duration_s=6.00
CALL geometry3k_test_2775 oracle_topk3
FAIL	geometry3k_test_2775	oracle_topk3	pred='B'	gold='A'	complete=True	new_tokens=2	duration_s=4.75
CALL geometry3k_test_2775 oracle_topk6_cautious
FAIL	geometry3k_test_2775	oracle_topk6_cautious	pred='B'	gold='A'	complete=True	new_tokens=2	duration_s=5.00
CALL geometry3k_test_2775 oracle_topk3_trusted
FAIL	geometry3k_test_2775	oracle_topk3_trusted	pred='B'	gold='A'	complete=True	new_tokens=2	duration_s=4.74
CALL geometry3k_test_2775 oracle_topk6_trusted
FAIL	geometry3k_test_2775	oracle_topk6_trusted	pred='B'	gold='A'	complete=True	new_tokens=2	duration_s=5.00
CALL geometry3k_test_2775 oracle_corrupt_warned
FAIL	geometry3k_test_2775	oracle_corrupt_warned	pred='B'	gold='A'	complete=True	new_tokens=2	duration_s=5.01
CALL geometry3k_test_2775 oracle_corrupt_trusted
FAIL	geometry3k_test_2775	oracle_corrupt_trusted	pred='B'	gold='A'	complete=True	new_tokens=2	duration_s=5.02
CALL geometry3k_test_2776 raw
FAIL	geometry3k_test_2776	raw	pred='A'	gold='D'	complete=True	new_tokens=2	duration_s=4.73
CALL geometry3k_test_2776 oracle_full
FAIL	geometry3k_test_2776	oracle_full	pred='A'	gold='D'	complete=True	new_tokens=2	duration_s=8.37
CALL geometry3k_test_2776 oracle_topk3
FAIL	geometry3k_test_2776	oracle_topk3	pred='A'	gold='D'	complete=True	new_tokens=2	duration_s=5.32
CALL geometry3k_test_2776 oracle_topk6_cautious
FAIL	geometry3k_test_2776	oracle_topk6_cautious	pred='A'	gold='D'	complete=True	new_tokens=2	duration_s=5.62
CALL geometry3k_test_2776 oracle_topk3_trusted
FAIL	geometry3k_test_2776	oracle_topk3_trusted	pred='A'	gold='D'	complete=True	new_tokens=2	duration_s=5.27
CALL geometry3k_test_2776 oracle_topk6_trusted
FAIL	geometry3k_test_2776	oracle_topk6_trusted	pred='A'	gold='D'	complete=True	new_tokens=2	duration_s=5.69
CALL geometry3k_test_2776 oracle_corrupt_warned
FAIL	geometry3k_test_2776	oracle_corrupt_warned	pred='A'	gold='D'	complete=True	new_tokens=2	duration_s=5.68
CALL geometry3k_test_2776 oracle_corrupt_trusted
FAIL	geometry3k_test_2776	oracle_corrupt_trusted	pred='A'	gold='D'	complete=True	new_tokens=2	duration_s=5.65
CALL geometry3k_test_2777 raw
OK	geometry3k_test_2777	raw	pred='B'	gold='B'	complete=True	new_tokens=2	duration_s=6.50
CALL geometry3k_test_2777 oracle_full
OK	geometry3k_test_2777	oracle_full	pred='B'	gold='B'	complete=True	new_tokens=2	duration_s=8.18
CALL geometry3k_test_2777 oracle_topk3
OK	geometry3k_test_2777	oracle_topk3	pred='B'	gold='B'	complete=True	new_tokens=2	duration_s=6.81
CALL geometry3k_test_2777 oracle_topk6_cautious
OK	geometry3k_test_2777	oracle_topk6_cautious	pred='B'	gold='B'	complete=True	new_tokens=2	duration_s=6.85
CALL geometry3k_test_2777 oracle_topk3_trusted
OK	geometry3k_test_2777	oracle_topk3_trusted	pred='B'	gold='B'	complete=True	new_tokens=2	duration_s=6.80
CALL geometry3k_test_2777 oracle_topk6_trusted
OK	geometry3k_test_2777	oracle_topk6_trusted	pred='B'	gold='B'	complete=True	new_tokens=2	duration_s=6.87
CALL geometry3k_test_2777 oracle_corrupt_warned
OK	geometry3k_test_2777	oracle_corrupt_warned	pred='B'	gold='B'	complete=True	new_tokens=2	duration_s=6.86
CALL geometry3k_test_2777 oracle_corrupt_trusted
OK	geometry3k_test_2777	oracle_corrupt_trusted	pred='B'	gold='B'	complete=True	new_tokens=2	duration_s=6.82
CALL geometry3k_test_2778 raw
FAIL	geometry3k_test_2778	raw	pred='B'	gold='D'	complete=True	new_tokens=6	duration_s=13.00
CALL geometry3k_test_2778 oracle_full
FAIL	geometry3k_test_2778	oracle_full	pred='B'	gold='D'	complete=True	new_tokens=6	duration_s=15.35
CALL geometry3k_test_2778 oracle_topk3
FAIL	geometry3k_test_2778	oracle_topk3	pred='B'	gold='D'	complete=True	new_tokens=2	duration_s=12.97
CALL geometry3k_test_2778 oracle_topk6_cautious
FAIL	geometry3k_test_2778	oracle_topk6_cautious	pred='B'	gold='D'	complete=True	new_tokens=2	duration_s=13.22
CALL geometry3k_test_2778 oracle_topk3_trusted
FAIL	geometry3k_test_2778	oracle_topk3_trusted	pred='B'	gold='D'	complete=True	new_tokens=6	duration_s=13.28
CALL geometry3k_test_2778 oracle_topk6_trusted
FAIL	geometry3k_test_2778	oracle_topk6_trusted	pred='B'	gold='D'	complete=True	new_tokens=6	duration_s=13.60
CALL geometry3k_test_2778 oracle_corrupt_warned
FAIL	geometry3k_test_2778	oracle_corrupt_warned	pred='B'	gold='D'	complete=True	new_tokens=2	duration_s=13.29
CALL geometry3k_test_2778 oracle_corrupt_trusted
FAIL	geometry3k_test_2778	oracle_corrupt_trusted	pred='B'	gold='D'	complete=True	new_tokens=2	duration_s=13.24
CALL geometry3k_test_2779 raw
OK	geometry3k_test_2779	raw	pred='C'	gold='C'	complete=True	new_tokens=8	duration_s=11.66
CALL geometry3k_test_2779 oracle_full
OK	geometry3k_test_2779	oracle_full	pred='C'	gold='C'	complete=True	new_tokens=2	duration_s=13.88
CALL geometry3k_test_2779 oracle_topk3
OK	geometry3k_test_2779	oracle_topk3	pred='C'	gold='C'	complete=True	new_tokens=8	duration_s=12.02
CALL geometry3k_test_2779 oracle_topk6_cautious
OK	geometry3k_test_2779	oracle_topk6_cautious	pred='C'	gold='C'	complete=True	new_tokens=8	duration_s=12.34
CALL geometry3k_test_2779 oracle_topk3_trusted
OK	geometry3k_test_2779	oracle_topk3_trusted	pred='C'	gold='C'	complete=True	new_tokens=8	duration_s=11.98
CALL geometry3k_test_2779 oracle_topk6_trusted
OK	geometry3k_test_2779	oracle_topk6_trusted	pred='C'	gold='C'	complete=True	new_tokens=8	duration_s=12.30
CALL geometry3k_test_2779 oracle_corrupt_warned
OK	geometry3k_test_2779	oracle_corrupt_warned	pred='C'	gold='C'	complete=True	new_tokens=8	duration_s=12.30
CALL geometry3k_test_2779 oracle_corrupt_trusted
OK	geometry3k_test_2779	oracle_corrupt_trusted	pred='C'	gold='C'	complete=True	new_tokens=8	duration_s=12.30
CALL geometry3k_test_2780 raw
FAIL	geometry3k_test_2780	raw	pred='A'	gold='B'	complete=True	new_tokens=2	duration_s=4.14
CALL geometry3k_test_2780 oracle_full
FAIL	geometry3k_test_2780	oracle_full	pred='A'	gold='B'	complete=True	new_tokens=2	duration_s=5.75
CALL geometry3k_test_2780 oracle_topk3
FAIL	geometry3k_test_2780	oracle_topk3	pred='A'	gold='B'	complete=True	new_tokens=2	duration_s=4.47
CALL geometry3k_test_2780 oracle_topk6_cautious
FAIL	geometry3k_test_2780	oracle_topk6_cautious	pred='A'	gold='B'	complete=True	new_tokens=2	duration_s=4.74
CALL geometry3k_test_2780 oracle_topk3_trusted
FAIL	geometry3k_test_2780	oracle_topk3_trusted	pred='A'	gold='B'	complete=True	new_tokens=2	duration_s=4.47
CALL geometry3k_test_2780 oracle_topk6_trusted
FAIL	geometry3k_test_2780	oracle_topk6_trusted	pred='A'	gold='B'	complete=True	new_tokens=2	duration_s=4.73
CALL geometry3k_test_2780 oracle_corrupt_warned
FAIL	geometry3k_test_2780	oracle_corrupt_warned	pred='A'	gold='B'	complete=True	new_tokens=2	duration_s=4.72
CALL geometry3k_test_2780 oracle_corrupt_trusted
FAIL	geometry3k_test_2780	oracle_corrupt_trusted	pred='A'	gold='B'	complete=True	new_tokens=2	duration_s=4.75
CALL geometry3k_test_2781 raw
OK	geometry3k_test_2781	raw	pred='B'	gold='B'	complete=True	new_tokens=2	duration_s=5.45
CALL geometry3k_test_2781 oracle_full
OK	geometry3k_test_2781	oracle_full	pred='B'	gold='B'	complete=True	new_tokens=2	duration_s=7.21
CALL geometry3k_test_2781 oracle_topk3
OK	geometry3k_test_2781	oracle_topk3	pred='B'	gold='B'	complete=True	new_tokens=2	duration_s=5.82
CALL geometry3k_test_2781 oracle_topk6_cautious
OK	geometry3k_test_2781	oracle_topk6_cautious	pred='B'	gold='B'	complete=True	new_tokens=2	duration_s=5.84
CALL geometry3k_test_2781 oracle_topk3_trusted
OK	geometry3k_test_2781	oracle_topk3_trusted	pred='B'	gold='B'	complete=True	new_tokens=2	duration_s=5.79
CALL geometry3k_test_2781 oracle_topk6_trusted
OK	geometry3k_test_2781	oracle_topk6_trusted	pred='B'	gold='B'	complete=True	new_tokens=2	duration_s=5.83
CALL geometry3k_test_2781 oracle_corrupt_warned
OK	geometry3k_test_2781	oracle_corrupt_warned	pred='B'	gold='B'	complete=True	new_tokens=2	duration_s=5.84
CALL geometry3k_test_2781 oracle_corrupt_trusted
OK	geometry3k_test_2781	oracle_corrupt_trusted	pred='B'	gold='B'	complete=True	new_tokens=2	duration_s=5.87
CALL geometry3k_test_2782 raw
OK	geometry3k_test_2782	raw	pred='A'	gold='A'	complete=True	new_tokens=2	duration_s=4.18
CALL geometry3k_test_2782 oracle_full
OK	geometry3k_test_2782	oracle_full	pred='A'	gold='A'	complete=True	new_tokens=2	duration_s=5.85
CALL geometry3k_test_2782 oracle_topk3
OK	geometry3k_test_2782	oracle_topk3	pred='A'	gold='A'	complete=True	new_tokens=2	duration_s=4.51
CALL geometry3k_test_2782 oracle_topk6_cautious
OK	geometry3k_test_2782	oracle_topk6_cautious	pred='A'	gold='A'	complete=True	new_tokens=2	duration_s=4.79
CALL geometry3k_test_2782 oracle_topk3_trusted
OK	geometry3k_test_2782	oracle_topk3_trusted	pred='A'	gold='A'	complete=True	new_tokens=2	duration_s=4.51
CALL geometry3k_test_2782 oracle_topk6_trusted
OK	geometry3k_test_2782	oracle_topk6_trusted	pred='A'	gold='A'	complete=True	new_tokens=2	duration_s=4.82
CALL geometry3k_test_2782 oracle_corrupt_warned
OK	geometry3k_test_2782	oracle_corrupt_warned	pred='A'	gold='A'	complete=True	new_tokens=2	duration_s=4.82
CALL geometry3k_test_2782 oracle_corrupt_trusted
OK	geometry3k_test_2782	oracle_corrupt_trusted	pred='A'	gold='A'	complete=True	new_tokens=2	duration_s=4.85
CALL geometry3k_test_2783 raw
FAIL	geometry3k_test_2783	raw	pred='C'	gold='B'	complete=True	new_tokens=2	duration_s=9.33
CALL geometry3k_test_2783 oracle_full
FAIL	geometry3k_test_2783	oracle_full	pred='C'	gold='B'	complete=True	new_tokens=2	duration_s=11.00
CALL geometry3k_test_2783 oracle_topk3
FAIL	geometry3k_test_2783	oracle_topk3	pred='C'	gold='B'	complete=True	new_tokens=2	duration_s=9.70
CALL geometry3k_test_2783 oracle_topk6_cautious
FAIL	geometry3k_test_2783	oracle_topk6_cautious	pred='C'	gold='B'	complete=True	new_tokens=2	duration_s=10.01
CALL geometry3k_test_2783 oracle_topk3_trusted
FAIL	geometry3k_test_2783	oracle_topk3_trusted	pred='C'	gold='B'	complete=True	new_tokens=2	duration_s=9.68
CALL geometry3k_test_2783 oracle_topk6_trusted
FAIL	geometry3k_test_2783	oracle_topk6_trusted	pred='C'	gold='B'	complete=True	new_tokens=2	duration_s=9.99
CALL geometry3k_test_2783 oracle_corrupt_warned
FAIL	geometry3k_test_2783	oracle_corrupt_warned	pred='C'	gold='B'	complete=True	new_tokens=2	duration_s=10.04
CALL geometry3k_test_2783 oracle_corrupt_trusted
FAIL	geometry3k_test_2783	oracle_corrupt_trusted	pred='C'	gold='B'	complete=True	new_tokens=2	duration_s=10.01
CALL geometry3k_test_2784 raw
OK	geometry3k_test_2784	raw	pred='C'	gold='C'	complete=True	new_tokens=6	duration_s=4.56
CALL geometry3k_test_2784 oracle_full
OK	geometry3k_test_2784	oracle_full	pred='C'	gold='C'	complete=True	new_tokens=2	duration_s=5.86
CALL geometry3k_test_2784 oracle_topk3
OK	geometry3k_test_2784	oracle_topk3	pred='C'	gold='C'	complete=True	new_tokens=2	duration_s=4.53
CALL geometry3k_test_2784 oracle_topk6_cautious
OK	geometry3k_test_2784	oracle_topk6_cautious	pred='C'	gold='C'	complete=True	new_tokens=2	duration_s=4.77
CALL geometry3k_test_2784 oracle_topk3_trusted
OK	geometry3k_test_2784	oracle_topk3_trusted	pred='C'	gold='C'	complete=True	new_tokens=2	duration_s=4.53
CALL geometry3k_test_2784 oracle_topk6_trusted
OK	geometry3k_test_2784	oracle_topk6_trusted	pred='C'	gold='C'	complete=True	new_tokens=2	duration_s=4.55
CALL geometry3k_test_2784 oracle_corrupt_warned
OK	geometry3k_test_2784	oracle_corrupt_warned	pred='C'	gold='C'	complete=True	new_tokens=2	duration_s=4.53
CALL geometry3k_test_2784 oracle_corrupt_trusted
OK	geometry3k_test_2784	oracle_corrupt_trusted	pred='C'	gold='C'	complete=True	new_tokens=2	duration_s=4.56
CALL geometry3k_test_2785 raw
OK	geometry3k_test_2785	raw	pred='D'	gold='D'	complete=True	new_tokens=7	duration_s=10.36
CALL geometry3k_test_2785 oracle_full
OK	geometry3k_test_2785	oracle_full	pred='D'	gold='D'	complete=True	new_tokens=2	duration_s=11.99
CALL geometry3k_test_2785 oracle_topk3
OK	geometry3k_test_2785	oracle_topk3	pred='D'	gold='D'	complete=True	new_tokens=2	duration_s=10.29
CALL geometry3k_test_2785 oracle_topk6_cautious
OK	geometry3k_test_2785	oracle_topk6_cautious	pred='D'	gold='D'	complete=True	new_tokens=2	duration_s=10.58
CALL geometry3k_test_2785 oracle_topk3_trusted
OK	geometry3k_test_2785	oracle_topk3_trusted	pred='D'	gold='D'	complete=True	new_tokens=2	duration_s=10.24
CALL geometry3k_test_2785 oracle_topk6_trusted
OK	geometry3k_test_2785	oracle_topk6_trusted	pred='D'	gold='D'	complete=True	new_tokens=2	duration_s=10.58
CALL geometry3k_test_2785 oracle_corrupt_warned
OK	geometry3k_test_2785	oracle_corrupt_warned	pred='D'	gold='D'	complete=True	new_tokens=2	duration_s=10.58
CALL geometry3k_test_2785 oracle_corrupt_trusted
OK	geometry3k_test_2785	oracle_corrupt_trusted	pred='D'	gold='D'	complete=True	new_tokens=2	duration_s=10.61
CALL geometry3k_test_2786 raw
FAIL	geometry3k_test_2786	raw	pred='C'	gold='B'	complete=True	new_tokens=6	duration_s=10.05
CALL geometry3k_test_2786 oracle_full
FAIL	geometry3k_test_2786	oracle_full	pred='C'	gold='B'	complete=True	new_tokens=2	duration_s=11.81
CALL geometry3k_test_2786 oracle_topk3
FAIL	geometry3k_test_2786	oracle_topk3	pred='C'	gold='B'	complete=True	new_tokens=6	duration_s=10.43
CALL geometry3k_test_2786 oracle_topk6_cautious
FAIL	geometry3k_test_2786	oracle_topk6_cautious	pred='C'	gold='B'	complete=True	new_tokens=6	duration_s=10.76
CALL geometry3k_test_2786 oracle_topk3_trusted
FAIL	geometry3k_test_2786	oracle_topk3_trusted	pred='C'	gold='B'	complete=True	new_tokens=6	duration_s=10.47
CALL geometry3k_test_2786 oracle_topk6_trusted
FAIL	geometry3k_test_2786	oracle_topk6_trusted	pred='C'	gold='B'	complete=True	new_tokens=6	duration_s=10.51
CALL geometry3k_test_2786 oracle_corrupt_warned
FAIL	geometry3k_test_2786	oracle_corrupt_warned	pred='C'	gold='B'	complete=True	new_tokens=6	duration_s=10.50
CALL geometry3k_test_2786 oracle_corrupt_trusted
FAIL	geometry3k_test_2786	oracle_corrupt_trusted	pred='C'	gold='B'	complete=True	new_tokens=2	duration_s=10.12
CALL geometry3k_test_2787 raw
OK	geometry3k_test_2787	raw	pred='C'	gold='C'	complete=True	new_tokens=2	duration_s=13.43
CALL geometry3k_test_2787 oracle_full
OK	geometry3k_test_2787	oracle_full	pred='C'	gold='C'	complete=True	new_tokens=2	duration_s=16.10
CALL geometry3k_test_2787 oracle_topk3
OK	geometry3k_test_2787	oracle_topk3	pred='C'	gold='C'	complete=True	new_tokens=2	duration_s=13.80
CALL geometry3k_test_2787 oracle_topk6_cautious
OK	geometry3k_test_2787	oracle_topk6_cautious	pred='C'	gold='C'	complete=True	new_tokens=2	duration_s=14.10
CALL geometry3k_test_2787 oracle_topk3_trusted
OK	geometry3k_test_2787	oracle_topk3_trusted	pred='C'	gold='C'	complete=True	new_tokens=2	duration_s=13.81
CALL geometry3k_test_2787 oracle_topk6_trusted
OK	geometry3k_test_2787	oracle_topk6_trusted	pred='C'	gold='C'	complete=True	new_tokens=2	duration_s=14.08
CALL geometry3k_test_2787 oracle_corrupt_warned
OK	geometry3k_test_2787	oracle_corrupt_warned	pred='C'	gold='C'	complete=True	new_tokens=2	duration_s=14.11
CALL geometry3k_test_2787 oracle_corrupt_trusted
OK	geometry3k_test_2787	oracle_corrupt_trusted	pred='C'	gold='C'	complete=True	new_tokens=2	duration_s=14.10
CALL geometry3k_test_2788 raw
OK	geometry3k_test_2788	raw	pred='B'	gold='B'	complete=True	new_tokens=2	duration_s=13.09
CALL geometry3k_test_2788 oracle_full
OK	geometry3k_test_2788	oracle_full	pred='B'	gold='B'	complete=True	new_tokens=2	duration_s=15.52
CALL geometry3k_test_2788 oracle_topk3
OK	geometry3k_test_2788	oracle_topk3	pred='B'	gold='B'	complete=True	new_tokens=2	duration_s=13.41
CALL geometry3k_test_2788 oracle_topk6_cautious
OK	geometry3k_test_2788	oracle_topk6_cautious	pred='B'	gold='B'	complete=True	new_tokens=2	duration_s=13.73
CALL geometry3k_test_2788 oracle_topk3_trusted
OK	geometry3k_test_2788	oracle_topk3_trusted	pred='B'	gold='B'	complete=True	new_tokens=2	duration_s=13.50
CALL geometry3k_test_2788 oracle_topk6_trusted
OK	geometry3k_test_2788	oracle_topk6_trusted	pred='B'	gold='B'	complete=True	new_tokens=2	duration_s=13.79
CALL geometry3k_test_2788 oracle_corrupt_warned
OK	geometry3k_test_2788	oracle_corrupt_warned	pred='B'	gold='B'	complete=True	new_tokens=2	duration_s=13.77
CALL geometry3k_test_2788 oracle_corrupt_trusted
OK	geometry3k_test_2788	oracle_corrupt_trusted	pred='B'	gold='B'	complete=True	new_tokens=2	duration_s=13.80
CALL geometry3k_test_2789 raw
OK	geometry3k_test_2789	raw	pred='B'	gold='B'	complete=True	new_tokens=2	duration_s=4.23
CALL geometry3k_test_2789 oracle_full
OK	geometry3k_test_2789	oracle_full	pred='B'	gold='B'	complete=True	new_tokens=2	duration_s=6.88
CALL geometry3k_test_2789 oracle_topk3
OK	geometry3k_test_2789	oracle_topk3	pred='B'	gold='B'	complete=True	new_tokens=2	duration_s=4.59
CALL geometry3k_test_2789 oracle_topk6_cautious
OK	geometry3k_test_2789	oracle_topk6_cautious	pred='B'	gold='B'	complete=True	new_tokens=2	duration_s=4.81
CALL geometry3k_test_2789 oracle_topk3_trusted
OK	geometry3k_test_2789	oracle_topk3_trusted	pred='B'	gold='B'	complete=True	new_tokens=2	duration_s=4.53
CALL geometry3k_test_2789 oracle_topk6_trusted
OK	geometry3k_test_2789	oracle_topk6_trusted	pred='B'	gold='B'	complete=True	new_tokens=2	duration_s=4.82
CALL geometry3k_test_2789 oracle_corrupt_warned
OK	geometry3k_test_2789	oracle_corrupt_warned	pred='B'	gold='B'	complete=True	new_tokens=2	duration_s=4.82
CALL geometry3k_test_2789 oracle_corrupt_trusted
OK	geometry3k_test_2789	oracle_corrupt_trusted	pred='B'	gold='B'	complete=True	new_tokens=2	duration_s=4.81
CALL geometry3k_test_2790 raw
FAIL	geometry3k_test_2790	raw	pred='B'	gold='C'	complete=True	new_tokens=2	duration_s=21.97
CALL geometry3k_test_2790 oracle_full
FAIL	geometry3k_test_2790	oracle_full	pred='B'	gold='C'	complete=True	new_tokens=2	duration_s=25.21
CALL geometry3k_test_2790 oracle_topk3
FAIL	geometry3k_test_2790	oracle_topk3	pred='B'	gold='C'	complete=True	new_tokens=2	duration_s=22.23
CALL geometry3k_test_2790 oracle_topk6_cautious
FAIL	geometry3k_test_2790	oracle_topk6_cautious	pred='B'	gold='C'	complete=True	new_tokens=2	duration_s=22.60
CALL geometry3k_test_2790 oracle_topk3_trusted
FAIL	geometry3k_test_2790	oracle_topk3_trusted	pred='B'	gold='C'	complete=True	new_tokens=2	duration_s=22.31
CALL geometry3k_test_2790 oracle_topk6_trusted
FAIL	geometry3k_test_2790	oracle_topk6_trusted	pred='B'	gold='C'	complete=True	new_tokens=2	duration_s=22.58
CALL geometry3k_test_2790 oracle_corrupt_warned
OK	geometry3k_test_2790	oracle_corrupt_warned	pred='C'	gold='C'	complete=True	new_tokens=2	duration_s=22.59
CALL geometry3k_test_2790 oracle_corrupt_trusted
FAIL	geometry3k_test_2790	oracle_corrupt_trusted	pred='B'	gold='C'	complete=True	new_tokens=2	duration_s=22.57
CALL geometry3k_test_2791 raw
OK	geometry3k_test_2791	raw	pred='D'	gold='D'	complete=True	new_tokens=2	duration_s=4.42
CALL geometry3k_test_2791 oracle_full
FAIL	geometry3k_test_2791	oracle_full	pred='A'	gold='D'	complete=True	new_tokens=5	duration_s=6.98
CALL geometry3k_test_2791 oracle_topk3
OK	geometry3k_test_2791	oracle_topk3	pred='D'	gold='D'	complete=True	new_tokens=6	duration_s=5.15
CALL geometry3k_test_2791 oracle_topk6_cautious
OK	geometry3k_test_2791	oracle_topk6_cautious	pred='D'	gold='D'	complete=True	new_tokens=5	duration_s=5.27
CALL geometry3k_test_2791 oracle_topk3_trusted
OK	geometry3k_test_2791	oracle_topk3_trusted	pred='D'	gold='D'	complete=True	new_tokens=2	duration_s=4.72
CALL geometry3k_test_2791 oracle_topk6_trusted
OK	geometry3k_test_2791	oracle_topk6_trusted	pred='D'	gold='D'	complete=True	new_tokens=2	duration_s=5.01
CALL geometry3k_test_2791 oracle_corrupt_warned
OK	geometry3k_test_2791	oracle_corrupt_warned	pred='D'	gold='D'	complete=True	new_tokens=2	duration_s=5.02
CALL geometry3k_test_2791 oracle_corrupt_trusted
OK	geometry3k_test_2791	oracle_corrupt_trusted	pred='D'	gold='D'	complete=True	new_tokens=2	duration_s=5.01
CALL geometry3k_test_2792 raw
FAIL	geometry3k_test_2792	raw	pred='B'	gold='A'	complete=True	new_tokens=2	duration_s=9.30
CALL geometry3k_test_2792 oracle_full
FAIL	geometry3k_test_2792	oracle_full	pred='B'	gold='A'	complete=True	new_tokens=2	duration_s=12.73
CALL geometry3k_test_2792 oracle_topk3
FAIL	geometry3k_test_2792	oracle_topk3	pred='B'	gold='A'	complete=True	new_tokens=2	duration_s=9.60
CALL geometry3k_test_2792 oracle_topk6_cautious
FAIL	geometry3k_test_2792	oracle_topk6_cautious	pred='B'	gold='A'	complete=True	new_tokens=2	duration_s=9.97
CALL geometry3k_test_2792 oracle_topk3_trusted
FAIL	geometry3k_test_2792	oracle_topk3_trusted	pred='B'	gold='A'	complete=True	new_tokens=2	duration_s=9.65
CALL geometry3k_test_2792 oracle_topk6_trusted
FAIL	geometry3k_test_2792	oracle_topk6_trusted	pred='B'	gold='A'	complete=True	new_tokens=2	duration_s=9.99
CALL geometry3k_test_2792 oracle_corrupt_warned
FAIL	geometry3k_test_2792	oracle_corrupt_warned	pred='B'	gold='A'	complete=True	new_tokens=2	duration_s=9.97
CALL geometry3k_test_2792 oracle_corrupt_trusted
FAIL	geometry3k_test_2792	oracle_corrupt_trusted	pred='B'	gold='A'	complete=True	new_tokens=2	duration_s=9.99
CALL geometry3k_test_2793 raw
OK	geometry3k_test_2793	raw	pred='B'	gold='B'	complete=True	new_tokens=2	duration_s=8.18
CALL geometry3k_test_2793 oracle_full
OK	geometry3k_test_2793	oracle_full	pred='B'	gold='B'	complete=True	new_tokens=2	duration_s=9.80
CALL geometry3k_test_2793 oracle_topk3
OK	geometry3k_test_2793	oracle_topk3	pred='B'	gold='B'	complete=True	new_tokens=2	duration_s=8.80
CALL geometry3k_test_2793 oracle_topk6_cautious
OK	geometry3k_test_2793	oracle_topk6_cautious	pred='B'	gold='B'	complete=True	new_tokens=2	duration_s=8.76
CALL geometry3k_test_2793 oracle_topk3_trusted
OK	geometry3k_test_2793	oracle_topk3_trusted	pred='B'	gold='B'	complete=True	new_tokens=2	duration_s=8.75
CALL geometry3k_test_2793 oracle_topk6_trusted
OK	geometry3k_test_2793	oracle_topk6_trusted	pred='B'	gold='B'	complete=True	new_tokens=2	duration_s=8.79
CALL geometry3k_test_2793 oracle_corrupt_warned
OK	geometry3k_test_2793	oracle_corrupt_warned	pred='B'	gold='B'	complete=True	new_tokens=2	duration_s=8.79
CALL geometry3k_test_2793 oracle_corrupt_trusted
OK	geometry3k_test_2793	oracle_corrupt_trusted	pred='B'	gold='B'	complete=True	new_tokens=2	duration_s=8.79
CALL geometry3k_test_2794 raw
OK	geometry3k_test_2794	raw	pred='B'	gold='B'	complete=True	new_tokens=2	duration_s=8.10
CALL geometry3k_test_2794 oracle_full
OK	geometry3k_test_2794	oracle_full	pred='B'	gold='B'	complete=True	new_tokens=2	duration_s=9.80
CALL geometry3k_test_2794 oracle_topk3
OK	geometry3k_test_2794	oracle_topk3	pred='B'	gold='B'	complete=True	new_tokens=2	duration_s=8.48
CALL geometry3k_test_2794 oracle_topk6_cautious
OK	geometry3k_test_2794	oracle_topk6_cautious	pred='B'	gold='B'	complete=True	new_tokens=2	duration_s=8.79
CALL geometry3k_test_2794 oracle_topk3_trusted
OK	geometry3k_test_2794	oracle_topk3_trusted	pred='B'	gold='B'	complete=True	new_tokens=2	duration_s=8.49
CALL geometry3k_test_2794 oracle_topk6_trusted
OK	geometry3k_test_2794	oracle_topk6_trusted	pred='B'	gold='B'	complete=True	new_tokens=2	duration_s=8.78
CALL geometry3k_test_2794 oracle_corrupt_warned
OK	geometry3k_test_2794	oracle_corrupt_warned	pred='B'	gold='B'	complete=True	new_tokens=2	duration_s=8.81
CALL geometry3k_test_2794 oracle_corrupt_trusted
OK	geometry3k_test_2794	oracle_corrupt_trusted	pred='B'	gold='B'	complete=True	new_tokens=2	duration_s=8.77
CALL geometry3k_test_2795 raw
OK	geometry3k_test_2795	raw	pred='C'	gold='C'	complete=True	new_tokens=2	duration_s=4.54
CALL geometry3k_test_2795 oracle_full
OK	geometry3k_test_2795	oracle_full	pred='C'	gold='C'	complete=True	new_tokens=2	duration_s=6.11
CALL geometry3k_test_2795 oracle_topk3
OK	geometry3k_test_2795	oracle_topk3	pred='C'	gold='C'	complete=True	new_tokens=2	duration_s=4.88
CALL geometry3k_test_2795 oracle_topk6_cautious
OK	geometry3k_test_2795	oracle_topk6_cautious	pred='C'	gold='C'	complete=True	new_tokens=2	duration_s=5.13
CALL geometry3k_test_2795 oracle_topk3_trusted
OK	geometry3k_test_2795	oracle_topk3_trusted	pred='C'	gold='C'	complete=True	new_tokens=2	duration_s=4.86
CALL geometry3k_test_2795 oracle_topk6_trusted
OK	geometry3k_test_2795	oracle_topk6_trusted	pred='C'	gold='C'	complete=True	new_tokens=2	duration_s=5.12
CALL geometry3k_test_2795 oracle_corrupt_warned
OK	geometry3k_test_2795	oracle_corrupt_warned	pred='C'	gold='C'	complete=True	new_tokens=2	duration_s=5.16
CALL geometry3k_test_2795 oracle_corrupt_trusted
OK	geometry3k_test_2795	oracle_corrupt_trusted	pred='C'	gold='C'	complete=True	new_tokens=5	duration_s=5.41
CALL geometry3k_test_2796 raw
FAIL	geometry3k_test_2796	raw	pred='C'	gold='B'	complete=True	new_tokens=7	duration_s=7.47
CALL geometry3k_test_2796 oracle_full
FAIL	geometry3k_test_2796	oracle_full	pred='C'	gold='B'	complete=True	new_tokens=2	duration_s=9.41
CALL geometry3k_test_2796 oracle_topk3
FAIL	geometry3k_test_2796	oracle_topk3	pred='C'	gold='B'	complete=True	new_tokens=2	duration_s=7.32
CALL geometry3k_test_2796 oracle_topk6_cautious
FAIL	geometry3k_test_2796	oracle_topk6_cautious	pred='C'	gold='B'	complete=True	new_tokens=2	duration_s=7.65
CALL geometry3k_test_2796 oracle_topk3_trusted
FAIL	geometry3k_test_2796	oracle_topk3_trusted	pred='C'	gold='B'	complete=True	new_tokens=2	duration_s=7.32
CALL geometry3k_test_2796 oracle_topk6_trusted
FAIL	geometry3k_test_2796	oracle_topk6_trusted	pred='C'	gold='B'	complete=True	new_tokens=2	duration_s=7.64
CALL geometry3k_test_2796 oracle_corrupt_warned
FAIL	geometry3k_test_2796	oracle_corrupt_warned	pred='C'	gold='B'	complete=True	new_tokens=2	duration_s=7.63
CALL geometry3k_test_2796 oracle_corrupt_trusted
FAIL	geometry3k_test_2796	oracle_corrupt_trusted	pred='C'	gold='B'	complete=True	new_tokens=2	duration_s=7.63
CALL geometry3k_test_2797 raw
FAIL	geometry3k_test_2797	raw	pred='A'	gold='D'	complete=True	new_tokens=2	duration_s=4.50
CALL geometry3k_test_2797 oracle_full
FAIL	geometry3k_test_2797	oracle_full	pred='A'	gold='D'	complete=True	new_tokens=2	duration_s=6.44
CALL geometry3k_test_2797 oracle_topk3
FAIL	geometry3k_test_2797	oracle_topk3	pred='A'	gold='D'	complete=True	new_tokens=7	duration_s=5.26
CALL geometry3k_test_2797 oracle_topk6_cautious
FAIL	geometry3k_test_2797	oracle_topk6_cautious	pred='A'	gold='D'	complete=True	new_tokens=7	duration_s=5.51
CALL geometry3k_test_2797 oracle_topk3_trusted
FAIL	geometry3k_test_2797	oracle_topk3_trusted	pred='A'	gold='D'	complete=True	new_tokens=7	duration_s=5.22
CALL geometry3k_test_2797 oracle_topk6_trusted
FAIL	geometry3k_test_2797	oracle_topk6_trusted	pred='A'	gold='D'	complete=True	new_tokens=7	duration_s=5.50
CALL geometry3k_test_2797 oracle_corrupt_warned
FAIL	geometry3k_test_2797	oracle_corrupt_warned	pred='A'	gold='D'	complete=True	new_tokens=7	duration_s=5.51
CALL geometry3k_test_2797 oracle_corrupt_trusted
FAIL	geometry3k_test_2797	oracle_corrupt_trusted	pred='A'	gold='D'	complete=True	new_tokens=7	duration_s=5.51
CALL geometry3k_test_2798 raw
FAIL	geometry3k_test_2798	raw	pred='B'	gold='A'	complete=True	new_tokens=2	duration_s=4.24
CALL geometry3k_test_2798 oracle_full
FAIL	geometry3k_test_2798	oracle_full	pred='B'	gold='A'	complete=True	new_tokens=2	duration_s=6.88
CALL geometry3k_test_2798 oracle_topk3
FAIL	geometry3k_test_2798	oracle_topk3	pred='B'	gold='A'	complete=True	new_tokens=2	duration_s=4.79
CALL geometry3k_test_2798 oracle_topk6_cautious
FAIL	geometry3k_test_2798	oracle_topk6_cautious	pred='B'	gold='A'	complete=True	new_tokens=2	duration_s=4.84
CALL geometry3k_test_2798 oracle_topk3_trusted
FAIL	geometry3k_test_2798	oracle_topk3_trusted	pred='B'	gold='A'	complete=True	new_tokens=2	duration_s=4.56
CALL geometry3k_test_2798 oracle_topk6_trusted
FAIL	geometry3k_test_2798	oracle_topk6_trusted	pred='B'	gold='A'	complete=True	new_tokens=2	duration_s=4.84
CALL geometry3k_test_2798 oracle_corrupt_warned
FAIL	geometry3k_test_2798	oracle_corrupt_warned	pred='B'	gold='A'	complete=True	new_tokens=2	duration_s=4.86
CALL geometry3k_test_2798 oracle_corrupt_trusted
FAIL	geometry3k_test_2798	oracle_corrupt_trusted	pred='B'	gold='A'	complete=True	new_tokens=2	duration_s=4.85
CALL geometry3k_test_2799 raw
FAIL	geometry3k_test_2799	raw	pred='C'	gold='D'	complete=True	new_tokens=2	duration_s=4.23
CALL geometry3k_test_2799 oracle_full
FAIL	geometry3k_test_2799	oracle_full	pred='C'	gold='D'	complete=True	new_tokens=2	duration_s=7.28
CALL geometry3k_test_2799 oracle_topk3
FAIL	geometry3k_test_2799	oracle_topk3	pred='C'	gold='D'	complete=True	new_tokens=2	duration_s=4.57
CALL geometry3k_test_2799 oracle_topk6_cautious
FAIL	geometry3k_test_2799	oracle_topk6_cautious	pred='C'	gold='D'	complete=True	new_tokens=2	duration_s=4.85
CALL geometry3k_test_2799 oracle_topk3_trusted
FAIL	geometry3k_test_2799	oracle_topk3_trusted	pred='C'	gold='D'	complete=True	new_tokens=2	duration_s=4.57
CALL geometry3k_test_2799 oracle_topk6_trusted
FAIL	geometry3k_test_2799	oracle_topk6_trusted	pred='C'	gold='D'	complete=True	new_tokens=2	duration_s=4.83
CALL geometry3k_test_2799 oracle_corrupt_warned
FAIL	geometry3k_test_2799	oracle_corrupt_warned	pred='C'	gold='D'	complete=True	new_tokens=2	duration_s=4.84
CALL geometry3k_test_2799 oracle_corrupt_trusted
FAIL	geometry3k_test_2799	oracle_corrupt_trusted	pred='C'	gold='D'	complete=True	new_tokens=2	duration_s=4.84
CALL geometry3k_test_2800 raw
FAIL	geometry3k_test_2800	raw	pred='B'	gold='C'	complete=True	new_tokens=2	duration_s=4.43
CALL geometry3k_test_2800 oracle_full
FAIL	geometry3k_test_2800	oracle_full	pred='B'	gold='C'	complete=True	new_tokens=2	duration_s=6.12
CALL geometry3k_test_2800 oracle_topk3
FAIL	geometry3k_test_2800	oracle_topk3	pred='B'	gold='C'	complete=True	new_tokens=2	duration_s=4.76
CALL geometry3k_test_2800 oracle_topk6_cautious
FAIL	geometry3k_test_2800	oracle_topk6_cautious	pred='B'	gold='C'	complete=True	new_tokens=2	duration_s=5.07
CALL geometry3k_test_2800 oracle_topk3_trusted
FAIL	geometry3k_test_2800	oracle_topk3_trusted	pred='B'	gold='C'	complete=True	new_tokens=2	duration_s=4.80
CALL geometry3k_test_2800 oracle_topk6_trusted
FAIL	geometry3k_test_2800	oracle_topk6_trusted	pred='B'	gold='C'	complete=True	new_tokens=2	duration_s=5.05
CALL geometry3k_test_2800 oracle_corrupt_warned
FAIL	geometry3k_test_2800	oracle_corrupt_warned	pred='B'	gold='C'	complete=True	new_tokens=2	duration_s=5.06
CALL geometry3k_test_2800 oracle_corrupt_trusted
FAIL	geometry3k_test_2800	oracle_corrupt_trusted	pred='B'	gold='C'	complete=True	new_tokens=2	duration_s=5.04
CALL geometry3k_test_2801 raw
OK	geometry3k_test_2801	raw	pred='B'	gold='B'	complete=True	new_tokens=2	duration_s=12.01
CALL geometry3k_test_2801 oracle_full
FAIL	geometry3k_test_2801	oracle_full	pred='C'	gold='B'	complete=True	new_tokens=2	duration_s=14.10
CALL geometry3k_test_2801 oracle_topk3
OK	geometry3k_test_2801	oracle_topk3	pred='B'	gold='B'	complete=True	new_tokens=2	duration_s=12.34
CALL geometry3k_test_2801 oracle_topk6_cautious
OK	geometry3k_test_2801	oracle_topk6_cautious	pred='B'	gold='B'	complete=True	new_tokens=2	duration_s=12.65
CALL geometry3k_test_2801 oracle_topk3_trusted
OK	geometry3k_test_2801	oracle_topk3_trusted	pred='B'	gold='B'	complete=True	new_tokens=2	duration_s=12.35
CALL geometry3k_test_2801 oracle_topk6_trusted
OK	geometry3k_test_2801	oracle_topk6_trusted	pred='B'	gold='B'	complete=True	new_tokens=2	duration_s=12.66
CALL geometry3k_test_2801 oracle_corrupt_warned
OK	geometry3k_test_2801	oracle_corrupt_warned	pred='B'	gold='B'	complete=True	new_tokens=2	duration_s=12.66
CALL geometry3k_test_2801 oracle_corrupt_trusted
OK	geometry3k_test_2801	oracle_corrupt_trusted	pred='B'	gold='B'	complete=True	new_tokens=2	duration_s=12.37
CALL geometry3k_test_2802 raw
FAIL	geometry3k_test_2802	raw	pred='A'	gold='B'	complete=True	new_tokens=2	duration_s=14.07
CALL geometry3k_test_2802 oracle_full
FAIL	geometry3k_test_2802	oracle_full	pred='A'	gold='B'	complete=True	new_tokens=2	duration_s=16.10
CALL geometry3k_test_2802 oracle_topk3
FAIL	geometry3k_test_2802	oracle_topk3	pred='A'	gold='B'	complete=True	new_tokens=2	duration_s=14.63
CALL geometry3k_test_2802 oracle_topk6_cautious
FAIL	geometry3k_test_2802	oracle_topk6_cautious	pred='A'	gold='B'	complete=True	new_tokens=2	duration_s=14.64
CALL geometry3k_test_2802 oracle_topk3_trusted
FAIL	geometry3k_test_2802	oracle_topk3_trusted	pred='A'	gold='B'	complete=True	new_tokens=2	duration_s=14.35
CALL geometry3k_test_2802 oracle_topk6_trusted
FAIL	geometry3k_test_2802	oracle_topk6_trusted	pred='A'	gold='B'	complete=True	new_tokens=2	duration_s=14.71
CALL geometry3k_test_2802 oracle_corrupt_warned
FAIL	geometry3k_test_2802	oracle_corrupt_warned	pred='A'	gold='B'	complete=True	new_tokens=2	duration_s=14.67
CALL geometry3k_test_2802 oracle_corrupt_trusted
FAIL	geometry3k_test_2802	oracle_corrupt_trusted	pred='A'	gold='B'	complete=True	new_tokens=2	duration_s=14.70
CALL geometry3k_test_2803 raw
OK	geometry3k_test_2803	raw	pred='C'	gold='C'	complete=True	new_tokens=9	duration_s=4.86
CALL geometry3k_test_2803 oracle_full
OK	geometry3k_test_2803	oracle_full	pred='C'	gold='C'	complete=True	new_tokens=9	duration_s=6.46
CALL geometry3k_test_2803 oracle_topk3
OK	geometry3k_test_2803	oracle_topk3	pred='C'	gold='C'	complete=True	new_tokens=9	duration_s=5.15
CALL geometry3k_test_2803 oracle_topk6_cautious
OK	geometry3k_test_2803	oracle_topk6_cautious	pred='C'	gold='C'	complete=True	new_tokens=9	duration_s=5.42
CALL geometry3k_test_2803 oracle_topk3_trusted
OK	geometry3k_test_2803	oracle_topk3_trusted	pred='C'	gold='C'	complete=True	new_tokens=9	duration_s=5.15
CALL geometry3k_test_2803 oracle_topk6_trusted
OK	geometry3k_test_2803	oracle_topk6_trusted	pred='C'	gold='C'	complete=True	new_tokens=9	duration_s=5.41
CALL geometry3k_test_2803 oracle_corrupt_warned
OK	geometry3k_test_2803	oracle_corrupt_warned	pred='C'	gold='C'	complete=True	new_tokens=9	duration_s=5.44
CALL geometry3k_test_2803 oracle_corrupt_trusted
OK	geometry3k_test_2803	oracle_corrupt_trusted	pred='C'	gold='C'	complete=True	new_tokens=9	duration_s=5.43
CALL geometry3k_test_2804 raw
FAIL	geometry3k_test_2804	raw	pred='B'	gold='D'	complete=True	new_tokens=2	duration_s=5.62
CALL geometry3k_test_2804 oracle_full
FAIL	geometry3k_test_2804	oracle_full	pred='B'	gold='D'	complete=True	new_tokens=2	duration_s=7.29
CALL geometry3k_test_2804 oracle_topk3
FAIL	geometry3k_test_2804	oracle_topk3	pred='A'	gold='D'	complete=True	new_tokens=2	duration_s=5.92
CALL geometry3k_test_2804 oracle_topk6_cautious
FAIL	geometry3k_test_2804	oracle_topk6_cautious	pred='A'	gold='D'	complete=True	new_tokens=2	duration_s=5.99
CALL geometry3k_test_2804 oracle_topk3_trusted
FAIL	geometry3k_test_2804	oracle_topk3_trusted	pred='A'	gold='D'	complete=True	new_tokens=2	duration_s=5.96
CALL geometry3k_test_2804 oracle_topk6_trusted
FAIL	geometry3k_test_2804	oracle_topk6_trusted	pred='B'	gold='D'	complete=True	new_tokens=2	duration_s=5.96
CALL geometry3k_test_2804 oracle_corrupt_warned
FAIL	geometry3k_test_2804	oracle_corrupt_warned	pred='B'	gold='D'	complete=True	new_tokens=2	duration_s=5.97
CALL geometry3k_test_2804 oracle_corrupt_trusted
FAIL	geometry3k_test_2804	oracle_corrupt_trusted	pred='B'	gold='D'	complete=True	new_tokens=2	duration_s=5.97
CALL geometry3k_test_2805 raw
OK	geometry3k_test_2805	raw	pred='B'	gold='B'	complete=True	new_tokens=2	duration_s=4.86
CALL geometry3k_test_2805 oracle_full
OK	geometry3k_test_2805	oracle_full	pred='B'	gold='B'	complete=True	new_tokens=2	duration_s=7.96
CALL geometry3k_test_2805 oracle_topk3
OK	geometry3k_test_2805	oracle_topk3	pred='B'	gold='B'	complete=True	new_tokens=2	duration_s=5.16
CALL geometry3k_test_2805 oracle_topk6_cautious
OK	geometry3k_test_2805	oracle_topk6_cautious	pred='B'	gold='B'	complete=True	new_tokens=2	duration_s=5.49
CALL geometry3k_test_2805 oracle_topk3_trusted
OK	geometry3k_test_2805	oracle_topk3_trusted	pred='B'	gold='B'	complete=True	new_tokens=2	duration_s=5.14
CALL geometry3k_test_2805 oracle_topk6_trusted
OK	geometry3k_test_2805	oracle_topk6_trusted	pred='B'	gold='B'	complete=True	new_tokens=2	duration_s=5.17
CALL geometry3k_test_2805 oracle_corrupt_warned
OK	geometry3k_test_2805	oracle_corrupt_warned	pred='B'	gold='B'	complete=True	new_tokens=2	duration_s=5.16
CALL geometry3k_test_2805 oracle_corrupt_trusted
OK	geometry3k_test_2805	oracle_corrupt_trusted	pred='B'	gold='B'	complete=True	new_tokens=2	duration_s=5.19
CALL geometry3k_test_2806 raw
OK	geometry3k_test_2806	raw	pred='B'	gold='B'	complete=True	new_tokens=2	duration_s=11.57
CALL geometry3k_test_2806 oracle_full
OK	geometry3k_test_2806	oracle_full	pred='B'	gold='B'	complete=True	new_tokens=2	duration_s=13.33
CALL geometry3k_test_2806 oracle_topk3
OK	geometry3k_test_2806	oracle_topk3	pred='B'	gold='B'	complete=True	new_tokens=2	duration_s=11.99
CALL geometry3k_test_2806 oracle_topk6_cautious
OK	geometry3k_test_2806	oracle_topk6_cautious	pred='B'	gold='B'	complete=True	new_tokens=2	duration_s=11.95
CALL geometry3k_test_2806 oracle_topk3_trusted
OK	geometry3k_test_2806	oracle_topk3_trusted	pred='B'	gold='B'	complete=True	new_tokens=2	duration_s=11.89
CALL geometry3k_test_2806 oracle_topk6_trusted
OK	geometry3k_test_2806	oracle_topk6_trusted	pred='B'	gold='B'	complete=True	new_tokens=2	duration_s=11.97
CALL geometry3k_test_2806 oracle_corrupt_warned
OK	geometry3k_test_2806	oracle_corrupt_warned	pred='B'	gold='B'	complete=True	new_tokens=2	duration_s=11.94
CALL geometry3k_test_2806 oracle_corrupt_trusted
OK	geometry3k_test_2806	oracle_corrupt_trusted	pred='B'	gold='B'	complete=True	new_tokens=2	duration_s=11.93
CALL geometry3k_test_2807 raw
FAIL	geometry3k_test_2807	raw	pred='B'	gold='A'	complete=True	new_tokens=2	duration_s=4.52
CALL geometry3k_test_2807 oracle_full
FAIL	geometry3k_test_2807	oracle_full	pred='B'	gold='A'	complete=True	new_tokens=2	duration_s=6.53
CALL geometry3k_test_2807 oracle_topk3
FAIL	geometry3k_test_2807	oracle_topk3	pred='B'	gold='A'	complete=True	new_tokens=2	duration_s=4.87
CALL geometry3k_test_2807 oracle_topk6_cautious
FAIL	geometry3k_test_2807	oracle_topk6_cautious	pred='B'	gold='A'	complete=True	new_tokens=2	duration_s=5.12
CALL geometry3k_test_2807 oracle_topk3_trusted
FAIL	geometry3k_test_2807	oracle_topk3_trusted	pred='B'	gold='A'	complete=True	new_tokens=2	duration_s=4.83
CALL geometry3k_test_2807 oracle_topk6_trusted
FAIL	geometry3k_test_2807	oracle_topk6_trusted	pred='B'	gold='A'	complete=True	new_tokens=2	duration_s=5.09
CALL geometry3k_test_2807 oracle_corrupt_warned
FAIL	geometry3k_test_2807	oracle_corrupt_warned	pred='B'	gold='A'	complete=True	new_tokens=2	duration_s=5.09
CALL geometry3k_test_2807 oracle_corrupt_trusted
FAIL	geometry3k_test_2807	oracle_corrupt_trusted	pred='B'	gold='A'	complete=True	new_tokens=2	duration_s=4.88
CALL geometry3k_test_2808 raw
OK	geometry3k_test_2808	raw	pred='B'	gold='B'	complete=True	new_tokens=2	duration_s=8.83
CALL geometry3k_test_2808 oracle_full
OK	geometry3k_test_2808	oracle_full	pred='B'	gold='B'	complete=True	new_tokens=2	duration_s=11.29
CALL geometry3k_test_2808 oracle_topk3
OK	geometry3k_test_2808	oracle_topk3	pred='B'	gold='B'	complete=True	new_tokens=2	duration_s=9.18
CALL geometry3k_test_2808 oracle_topk6_cautious
OK	geometry3k_test_2808	oracle_topk6_cautious	pred='B'	gold='B'	complete=True	new_tokens=2	duration_s=9.47
CALL geometry3k_test_2808 oracle_topk3_trusted
OK	geometry3k_test_2808	oracle_topk3_trusted	pred='B'	gold='B'	complete=True	new_tokens=2	duration_s=9.15
CALL geometry3k_test_2808 oracle_topk6_trusted
OK	geometry3k_test_2808	oracle_topk6_trusted	pred='B'	gold='B'	complete=True	new_tokens=2	duration_s=9.23
CALL geometry3k_test_2808 oracle_corrupt_warned
OK	geometry3k_test_2808	oracle_corrupt_warned	pred='B'	gold='B'	complete=True	new_tokens=2	duration_s=9.23
CALL geometry3k_test_2808 oracle_corrupt_trusted
OK	geometry3k_test_2808	oracle_corrupt_trusted	pred='B'	gold='B'	complete=True	new_tokens=2	duration_s=9.24
CALL geometry3k_test_2809 raw
OK	geometry3k_test_2809	raw	pred='B'	gold='B'	complete=True	new_tokens=2	duration_s=6.50
CALL geometry3k_test_2809 oracle_full
OK	geometry3k_test_2809	oracle_full	pred='B'	gold='B'	complete=True	new_tokens=2	duration_s=7.48
CALL geometry3k_test_2809 oracle_topk3
OK	geometry3k_test_2809	oracle_topk3	pred='B'	gold='B'	complete=True	new_tokens=2	duration_s=6.76
CALL geometry3k_test_2809 oracle_topk6_cautious
OK	geometry3k_test_2809	oracle_topk6_cautious	pred='B'	gold='B'	complete=True	new_tokens=2	duration_s=6.80
CALL geometry3k_test_2809 oracle_topk3_trusted
OK	geometry3k_test_2809	oracle_topk3_trusted	pred='B'	gold='B'	complete=True	new_tokens=2	duration_s=6.80
CALL geometry3k_test_2809 oracle_topk6_trusted
OK	geometry3k_test_2809	oracle_topk6_trusted	pred='B'	gold='B'	complete=True	new_tokens=2	duration_s=6.78
CALL geometry3k_test_2809 oracle_corrupt_warned
OK	geometry3k_test_2809	oracle_corrupt_warned	pred='B'	gold='B'	complete=True	new_tokens=2	duration_s=6.78
CALL geometry3k_test_2809 oracle_corrupt_trusted
OK	geometry3k_test_2809	oracle_corrupt_trusted	pred='B'	gold='B'	complete=True	new_tokens=2	duration_s=6.80
CALL geometry3k_test_2810 raw
OK	geometry3k_test_2810	raw	pred='C'	gold='C'	complete=True	new_tokens=2	duration_s=8.83
CALL geometry3k_test_2810 oracle_full
OK	geometry3k_test_2810	oracle_full	pred='C'	gold='C'	complete=True	new_tokens=2	duration_s=11.57
CALL geometry3k_test_2810 oracle_topk3
OK	geometry3k_test_2810	oracle_topk3	pred='C'	gold='C'	complete=True	new_tokens=2	duration_s=9.23
CALL geometry3k_test_2810 oracle_topk6_cautious
OK	geometry3k_test_2810	oracle_topk6_cautious	pred='C'	gold='C'	complete=True	new_tokens=2	duration_s=9.54
CALL geometry3k_test_2810 oracle_topk3_trusted
OK	geometry3k_test_2810	oracle_topk3_trusted	pred='C'	gold='C'	complete=True	new_tokens=2	duration_s=9.20
CALL geometry3k_test_2810 oracle_topk6_trusted
OK	geometry3k_test_2810	oracle_topk6_trusted	pred='C'	gold='C'	complete=True	new_tokens=2	duration_s=9.55
CALL geometry3k_test_2810 oracle_corrupt_warned
OK	geometry3k_test_2810	oracle_corrupt_warned	pred='C'	gold='C'	complete=True	new_tokens=2	duration_s=9.56
CALL geometry3k_test_2810 oracle_corrupt_trusted
OK	geometry3k_test_2810	oracle_corrupt_trusted	pred='C'	gold='C'	complete=True	new_tokens=2	duration_s=9.54
CALL geometry3k_test_2811 raw
OK	geometry3k_test_2811	raw	pred='C'	gold='C'	complete=True	new_tokens=2	duration_s=3.98
CALL geometry3k_test_2811 oracle_full
OK	geometry3k_test_2811	oracle_full	pred='C'	gold='C'	complete=True	new_tokens=2	duration_s=5.29
CALL geometry3k_test_2811 oracle_topk3
OK	geometry3k_test_2811	oracle_topk3	pred='C'	gold='C'	complete=True	new_tokens=2	duration_s=4.30
CALL geometry3k_test_2811 oracle_topk6_cautious
OK	geometry3k_test_2811	oracle_topk6_cautious	pred='C'	gold='C'	complete=True	new_tokens=2	duration_s=4.30
CALL geometry3k_test_2811 oracle_topk3_trusted
OK	geometry3k_test_2811	oracle_topk3_trusted	pred='C'	gold='C'	complete=True	new_tokens=2	duration_s=4.27
CALL geometry3k_test_2811 oracle_topk6_trusted
OK	geometry3k_test_2811	oracle_topk6_trusted	pred='C'	gold='C'	complete=True	new_tokens=2	duration_s=4.36
CALL geometry3k_test_2811 oracle_corrupt_warned
OK	geometry3k_test_2811	oracle_corrupt_warned	pred='C'	gold='C'	complete=True	new_tokens=2	duration_s=4.31
CALL geometry3k_test_2811 oracle_corrupt_trusted
OK	geometry3k_test_2811	oracle_corrupt_trusted	pred='C'	gold='C'	complete=True	new_tokens=2	duration_s=4.31
CALL geometry3k_test_2812 raw
FAIL	geometry3k_test_2812	raw	pred='C'	gold='D'	complete=True	new_tokens=7	duration_s=12.50
CALL geometry3k_test_2812 oracle_full
FAIL	geometry3k_test_2812	oracle_full	pred='C'	gold='D'	complete=True	new_tokens=7	duration_s=14.56
CALL geometry3k_test_2812 oracle_topk3
FAIL	geometry3k_test_2812	oracle_topk3	pred='C'	gold='D'	complete=True	new_tokens=7	duration_s=12.90
CALL geometry3k_test_2812 oracle_topk6_cautious
FAIL	geometry3k_test_2812	oracle_topk6_cautious	pred='C'	gold='D'	complete=True	new_tokens=7	duration_s=13.18
CALL geometry3k_test_2812 oracle_topk3_trusted
FAIL	geometry3k_test_2812	oracle_topk3_trusted	pred='C'	gold='D'	complete=True	new_tokens=7	duration_s=12.86
CALL geometry3k_test_2812 oracle_topk6_trusted
FAIL	geometry3k_test_2812	oracle_topk6_trusted	pred='C'	gold='D'	complete=True	new_tokens=7	duration_s=13.17
CALL geometry3k_test_2812 oracle_corrupt_warned
FAIL	geometry3k_test_2812	oracle_corrupt_warned	pred='C'	gold='D'	complete=True	new_tokens=7	duration_s=13.21
CALL geometry3k_test_2812 oracle_corrupt_trusted
FAIL	geometry3k_test_2812	oracle_corrupt_trusted	pred='C'	gold='D'	complete=True	new_tokens=7	duration_s=13.23
CALL geometry3k_test_2813 raw
FAIL	geometry3k_test_2813	raw	pred='B'	gold='D'	complete=True	new_tokens=2	duration_s=7.44
CALL geometry3k_test_2813 oracle_full
FAIL	geometry3k_test_2813	oracle_full	pred='B'	gold='D'	complete=True	new_tokens=2	duration_s=9.13
CALL geometry3k_test_2813 oracle_topk3
FAIL	geometry3k_test_2813	oracle_topk3	pred='B'	gold='D'	complete=True	new_tokens=2	duration_s=7.79
CALL geometry3k_test_2813 oracle_topk6_cautious
FAIL	geometry3k_test_2813	oracle_topk6_cautious	pred='B'	gold='D'	complete=True	new_tokens=2	duration_s=8.09
CALL geometry3k_test_2813 oracle_topk3_trusted
FAIL	geometry3k_test_2813	oracle_topk3_trusted	pred='B'	gold='D'	complete=True	new_tokens=2	duration_s=7.81
CALL geometry3k_test_2813 oracle_topk6_trusted
FAIL	geometry3k_test_2813	oracle_topk6_trusted	pred='B'	gold='D'	complete=True	new_tokens=2	duration_s=8.10
CALL geometry3k_test_2813 oracle_corrupt_warned
FAIL	geometry3k_test_2813	oracle_corrupt_warned	pred='B'	gold='D'	complete=True	new_tokens=2	duration_s=8.11
CALL geometry3k_test_2813 oracle_corrupt_trusted
FAIL	geometry3k_test_2813	oracle_corrupt_trusted	pred='B'	gold='D'	complete=True	new_tokens=2	duration_s=8.08
CALL geometry3k_test_2814 raw
OK	geometry3k_test_2814	raw	pred='A'	gold='A'	complete=True	new_tokens=9	duration_s=4.82
CALL geometry3k_test_2814 oracle_full
OK	geometry3k_test_2814	oracle_full	pred='A'	gold='A'	complete=True	new_tokens=2	duration_s=6.53
CALL geometry3k_test_2814 oracle_topk3
OK	geometry3k_test_2814	oracle_topk3	pred='A'	gold='A'	complete=True	new_tokens=9	duration_s=5.15
CALL geometry3k_test_2814 oracle_topk6_cautious
OK	geometry3k_test_2814	oracle_topk6_cautious	pred='A'	gold='A'	complete=True	new_tokens=9	duration_s=5.41
CALL geometry3k_test_2814 oracle_topk3_trusted
OK	geometry3k_test_2814	oracle_topk3_trusted	pred='A'	gold='A'	complete=True	new_tokens=9	duration_s=5.18
CALL geometry3k_test_2814 oracle_topk6_trusted
OK	geometry3k_test_2814	oracle_topk6_trusted	pred='A'	gold='A'	complete=True	new_tokens=9	duration_s=5.45
CALL geometry3k_test_2814 oracle_corrupt_warned
OK	geometry3k_test_2814	oracle_corrupt_warned	pred='A'	gold='A'	complete=True	new_tokens=9	duration_s=5.46
CALL geometry3k_test_2814 oracle_corrupt_trusted
OK	geometry3k_test_2814	oracle_corrupt_trusted	pred='A'	gold='A'	complete=True	new_tokens=10	duration_s=5.53
CALL geometry3k_test_2815 raw
OK	geometry3k_test_2815	raw	pred='D'	gold='D'	complete=True	new_tokens=2	duration_s=5.49
CALL geometry3k_test_2815 oracle_full
OK	geometry3k_test_2815	oracle_full	pred='D'	gold='D'	complete=True	new_tokens=2	duration_s=6.49
CALL geometry3k_test_2815 oracle_topk3
OK	geometry3k_test_2815	oracle_topk3	pred='D'	gold='D'	complete=True	new_tokens=2	duration_s=5.79
CALL geometry3k_test_2815 oracle_topk6_cautious
OK	geometry3k_test_2815	oracle_topk6_cautious	pred='D'	gold='D'	complete=True	new_tokens=2	duration_s=5.79
CALL geometry3k_test_2815 oracle_topk3_trusted
OK	geometry3k_test_2815	oracle_topk3_trusted	pred='D'	gold='D'	complete=True	new_tokens=2	duration_s=5.78
CALL geometry3k_test_2815 oracle_topk6_trusted
OK	geometry3k_test_2815	oracle_topk6_trusted	pred='D'	gold='D'	complete=True	new_tokens=2	duration_s=5.80
CALL geometry3k_test_2815 oracle_corrupt_warned
OK	geometry3k_test_2815	oracle_corrupt_warned	pred='D'	gold='D'	complete=True	new_tokens=2	duration_s=5.82
CALL geometry3k_test_2815 oracle_corrupt_trusted
OK	geometry3k_test_2815	oracle_corrupt_trusted	pred='D'	gold='D'	complete=True	new_tokens=2	duration_s=5.82
CALL geometry3k_test_2816 raw
OK	geometry3k_test_2816	raw	pred='B'	gold='B'	complete=True	new_tokens=2	duration_s=4.24
CALL geometry3k_test_2816 oracle_full
OK	geometry3k_test_2816	oracle_full	pred='B'	gold='B'	complete=True	new_tokens=2	duration_s=6.89
CALL geometry3k_test_2816 oracle_topk3
OK	geometry3k_test_2816	oracle_topk3	pred='B'	gold='B'	complete=True	new_tokens=2	duration_s=4.80
CALL geometry3k_test_2816 oracle_topk6_cautious
OK	geometry3k_test_2816	oracle_topk6_cautious	pred='B'	gold='B'	complete=True	new_tokens=2	duration_s=4.85
CALL geometry3k_test_2816 oracle_topk3_trusted
OK	geometry3k_test_2816	oracle_topk3_trusted	pred='B'	gold='B'	complete=True	new_tokens=2	duration_s=4.80
CALL geometry3k_test_2816 oracle_topk6_trusted
OK	geometry3k_test_2816	oracle_topk6_trusted	pred='B'	gold='B'	complete=True	new_tokens=2	duration_s=4.86
CALL geometry3k_test_2816 oracle_corrupt_warned
OK	geometry3k_test_2816	oracle_corrupt_warned	pred='B'	gold='B'	complete=True	new_tokens=2	duration_s=4.83
CALL geometry3k_test_2816 oracle_corrupt_trusted
OK	geometry3k_test_2816	oracle_corrupt_trusted	pred='B'	gold='B'	complete=True	new_tokens=2	duration_s=4.83
CALL geometry3k_test_2817 raw
OK	geometry3k_test_2817	raw	pred='C'	gold='C'	complete=True	new_tokens=2	duration_s=4.22
CALL geometry3k_test_2817 oracle_full
OK	geometry3k_test_2817	oracle_full	pred='C'	gold='C'	complete=True	new_tokens=2	duration_s=5.53
CALL geometry3k_test_2817 oracle_topk3
OK	geometry3k_test_2817	oracle_topk3	pred='C'	gold='C'	complete=True	new_tokens=2	duration_s=4.53
CALL geometry3k_test_2817 oracle_topk6_cautious
OK	geometry3k_test_2817	oracle_topk6_cautious	pred='C'	gold='C'	complete=True	new_tokens=2	duration_s=4.82
CALL geometry3k_test_2817 oracle_topk3_trusted
OK	geometry3k_test_2817	oracle_topk3_trusted	pred='C'	gold='C'	complete=True	new_tokens=2	duration_s=4.54
CALL geometry3k_test_2817 oracle_topk6_trusted
OK	geometry3k_test_2817	oracle_topk6_trusted	pred='C'	gold='C'	complete=True	new_tokens=2	duration_s=4.80
CALL geometry3k_test_2817 oracle_corrupt_warned
OK	geometry3k_test_2817	oracle_corrupt_warned	pred='C'	gold='C'	complete=True	new_tokens=2	duration_s=4.79
CALL geometry3k_test_2817 oracle_corrupt_trusted
OK	geometry3k_test_2817	oracle_corrupt_trusted	pred='C'	gold='C'	complete=True	new_tokens=2	duration_s=4.80
CALL geometry3k_test_2818 raw
OK	geometry3k_test_2818	raw	pred='A'	gold='A'	complete=True	new_tokens=2	duration_s=4.11
CALL geometry3k_test_2818 oracle_full
OK	geometry3k_test_2818	oracle_full	pred='A'	gold='A'	complete=True	new_tokens=2	duration_s=5.76
CALL geometry3k_test_2818 oracle_topk3
OK	geometry3k_test_2818	oracle_topk3	pred='A'	gold='A'	complete=True	new_tokens=2	duration_s=4.43
CALL geometry3k_test_2818 oracle_topk6_cautious
OK	geometry3k_test_2818	oracle_topk6_cautious	pred='A'	gold='A'	complete=True	new_tokens=2	duration_s=4.70
CALL geometry3k_test_2818 oracle_topk3_trusted
OK	geometry3k_test_2818	oracle_topk3_trusted	pred='A'	gold='A'	complete=True	new_tokens=2	duration_s=4.46
CALL geometry3k_test_2818 oracle_topk6_trusted
OK	geometry3k_test_2818	oracle_topk6_trusted	pred='A'	gold='A'	complete=True	new_tokens=2	duration_s=4.73
CALL geometry3k_test_2818 oracle_corrupt_warned
OK	geometry3k_test_2818	oracle_corrupt_warned	pred='A'	gold='A'	complete=True	new_tokens=2	duration_s=4.73
CALL geometry3k_test_2818 oracle_corrupt_trusted
OK	geometry3k_test_2818	oracle_corrupt_trusted	pred='A'	gold='A'	complete=True	new_tokens=2	duration_s=4.73
CALL geometry3k_test_2819 raw
OK	geometry3k_test_2819	raw	pred='B'	gold='B'	complete=True	new_tokens=2	duration_s=4.12
CALL geometry3k_test_2819 oracle_full
OK	geometry3k_test_2819	oracle_full	pred='B'	gold='B'	complete=True	new_tokens=2	duration_s=5.81
CALL geometry3k_test_2819 oracle_topk3
OK	geometry3k_test_2819	oracle_topk3	pred='B'	gold='B'	complete=True	new_tokens=2	duration_s=4.47
CALL geometry3k_test_2819 oracle_topk6_cautious
OK	geometry3k_test_2819	oracle_topk6_cautious	pred='B'	gold='B'	complete=True	new_tokens=2	duration_s=4.74
CALL geometry3k_test_2819 oracle_topk3_trusted
OK	geometry3k_test_2819	oracle_topk3_trusted	pred='B'	gold='B'	complete=True	new_tokens=2	duration_s=4.46
CALL geometry3k_test_2819 oracle_topk6_trusted
OK	geometry3k_test_2819	oracle_topk6_trusted	pred='B'	gold='B'	complete=True	new_tokens=2	duration_s=4.72
CALL geometry3k_test_2819 oracle_corrupt_warned
OK	geometry3k_test_2819	oracle_corrupt_warned	pred='B'	gold='B'	complete=True	new_tokens=2	duration_s=4.73
CALL geometry3k_test_2819 oracle_corrupt_trusted
OK	geometry3k_test_2819	oracle_corrupt_trusted	pred='B'	gold='B'	complete=True	new_tokens=2	duration_s=4.73
CALL geometry3k_test_2820 raw
FAIL	geometry3k_test_2820	raw	pred='B'	gold='D'	complete=True	new_tokens=2	duration_s=4.21
CALL geometry3k_test_2820 oracle_full
FAIL	geometry3k_test_2820	oracle_full	pred='B'	gold='D'	complete=True	new_tokens=2	duration_s=5.18
CALL geometry3k_test_2820 oracle_topk3
FAIL	geometry3k_test_2820	oracle_topk3	pred='B'	gold='D'	complete=True	new_tokens=2	duration_s=4.55
CALL geometry3k_test_2820 oracle_topk6_cautious
FAIL	geometry3k_test_2820	oracle_topk6_cautious	pred='B'	gold='D'	complete=True	new_tokens=2	duration_s=4.58
CALL geometry3k_test_2820 oracle_topk3_trusted
FAIL	geometry3k_test_2820	oracle_topk3_trusted	pred='B'	gold='D'	complete=True	new_tokens=2	duration_s=4.53
CALL geometry3k_test_2820 oracle_topk6_trusted
FAIL	geometry3k_test_2820	oracle_topk6_trusted	pred='B'	gold='D'	complete=True	new_tokens=2	duration_s=4.56
CALL geometry3k_test_2820 oracle_corrupt_warned
FAIL	geometry3k_test_2820	oracle_corrupt_warned	pred='B'	gold='D'	complete=True	new_tokens=2	duration_s=4.57
CALL geometry3k_test_2820 oracle_corrupt_trusted
FAIL	geometry3k_test_2820	oracle_corrupt_trusted	pred='B'	gold='D'	complete=True	new_tokens=2	duration_s=4.56
CALL geometry3k_test_2821 raw
OK	geometry3k_test_2821	raw	pred='B'	gold='B'	complete=True	new_tokens=2	duration_s=4.25
CALL geometry3k_test_2821 oracle_full
OK	geometry3k_test_2821	oracle_full	pred='B'	gold='B'	complete=True	new_tokens=2	duration_s=6.51
CALL geometry3k_test_2821 oracle_topk3
OK	geometry3k_test_2821	oracle_topk3	pred='B'	gold='B'	complete=True	new_tokens=2	duration_s=4.57
CALL geometry3k_test_2821 oracle_topk6_cautious
OK	geometry3k_test_2821	oracle_topk6_cautious	pred='B'	gold='B'	complete=True	new_tokens=2	duration_s=4.81
CALL geometry3k_test_2821 oracle_topk3_trusted
OK	geometry3k_test_2821	oracle_topk3_trusted	pred='B'	gold='B'	complete=True	new_tokens=2	duration_s=4.56
CALL geometry3k_test_2821 oracle_topk6_trusted
OK	geometry3k_test_2821	oracle_topk6_trusted	pred='B'	gold='B'	complete=True	new_tokens=2	duration_s=4.82
CALL geometry3k_test_2821 oracle_corrupt_warned
OK	geometry3k_test_2821	oracle_corrupt_warned	pred='B'	gold='B'	complete=True	new_tokens=2	duration_s=4.81
CALL geometry3k_test_2821 oracle_corrupt_trusted
OK	geometry3k_test_2821	oracle_corrupt_trusted	pred='B'	gold='B'	complete=True	new_tokens=2	duration_s=4.78
CALL geometry3k_test_2822 raw
OK	geometry3k_test_2822	raw	pred='A'	gold='A'	complete=True	new_tokens=2	duration_s=4.24
CALL geometry3k_test_2822 oracle_full
OK	geometry3k_test_2822	oracle_full	pred='A'	gold='A'	complete=True	new_tokens=2	duration_s=6.89
CALL geometry3k_test_2822 oracle_topk3
OK	geometry3k_test_2822	oracle_topk3	pred='A'	gold='A'	complete=True	new_tokens=2	duration_s=4.82
CALL geometry3k_test_2822 oracle_topk6_cautious
OK	geometry3k_test_2822	oracle_topk6_cautious	pred='A'	gold='A'	complete=True	new_tokens=2	duration_s=4.84
CALL geometry3k_test_2822 oracle_topk3_trusted
OK	geometry3k_test_2822	oracle_topk3_trusted	pred='A'	gold='A'	complete=True	new_tokens=2	duration_s=4.80
CALL geometry3k_test_2822 oracle_topk6_trusted
OK	geometry3k_test_2822	oracle_topk6_trusted	pred='A'	gold='A'	complete=True	new_tokens=2	duration_s=4.83
CALL geometry3k_test_2822 oracle_corrupt_warned
OK	geometry3k_test_2822	oracle_corrupt_warned	pred='A'	gold='A'	complete=True	new_tokens=2	duration_s=4.83
CALL geometry3k_test_2822 oracle_corrupt_trusted
OK	geometry3k_test_2822	oracle_corrupt_trusted	pred='A'	gold='A'	complete=True	new_tokens=2	duration_s=4.83
CALL geometry3k_test_2823 raw
FAIL	geometry3k_test_2823	raw	pred='C'	gold='B'	complete=True	new_tokens=7	duration_s=8.74
CALL geometry3k_test_2823 oracle_full
FAIL	geometry3k_test_2823	oracle_full	pred='C'	gold='B'	complete=True	new_tokens=7	duration_s=10.41
CALL geometry3k_test_2823 oracle_topk3
FAIL	geometry3k_test_2823	oracle_topk3	pred='C'	gold='B'	complete=True	new_tokens=7	duration_s=9.08
CALL geometry3k_test_2823 oracle_topk6_cautious
FAIL	geometry3k_test_2823	oracle_topk6_cautious	pred='C'	gold='B'	complete=True	new_tokens=7	duration_s=9.09
CALL geometry3k_test_2823 oracle_topk3_trusted
FAIL	geometry3k_test_2823	oracle_topk3_trusted	pred='C'	gold='B'	complete=True	new_tokens=7	duration_s=9.05
CALL geometry3k_test_2823 oracle_topk6_trusted
FAIL	geometry3k_test_2823	oracle_topk6_trusted	pred='C'	gold='B'	complete=True	new_tokens=7	duration_s=9.08
CALL geometry3k_test_2823 oracle_corrupt_warned
FAIL	geometry3k_test_2823	oracle_corrupt_warned	pred='C'	gold='B'	complete=True	new_tokens=7	duration_s=9.06
CALL geometry3k_test_2823 oracle_corrupt_trusted
FAIL	geometry3k_test_2823	oracle_corrupt_trusted	pred='C'	gold='B'	complete=True	new_tokens=7	duration_s=9.06
CALL geometry3k_test_2824 raw
OK	geometry3k_test_2824	raw	pred='B'	gold='B'	complete=True	new_tokens=2	duration_s=15.08
CALL geometry3k_test_2824 oracle_full
OK	geometry3k_test_2824	oracle_full	pred='B'	gold='B'	complete=True	new_tokens=2	duration_s=18.25
CALL geometry3k_test_2824 oracle_topk3
OK	geometry3k_test_2824	oracle_topk3	pred='B'	gold='B'	complete=True	new_tokens=2	duration_s=15.45
CALL geometry3k_test_2824 oracle_topk6_cautious
OK	geometry3k_test_2824	oracle_topk6_cautious	pred='B'	gold='B'	complete=True	new_tokens=2	duration_s=15.75
CALL geometry3k_test_2824 oracle_topk3_trusted
OK	geometry3k_test_2824	oracle_topk3_trusted	pred='B'	gold='B'	complete=True	new_tokens=2	duration_s=15.43
CALL geometry3k_test_2824 oracle_topk6_trusted
OK	geometry3k_test_2824	oracle_topk6_trusted	pred='B'	gold='B'	complete=True	new_tokens=2	duration_s=15.41
CALL geometry3k_test_2824 oracle_corrupt_warned
OK	geometry3k_test_2824	oracle_corrupt_warned	pred='B'	gold='B'	complete=True	new_tokens=2	duration_s=15.47
CALL geometry3k_test_2824 oracle_corrupt_trusted
OK	geometry3k_test_2824	oracle_corrupt_trusted	pred='B'	gold='B'	complete=True	new_tokens=2	duration_s=15.43
CALL geometry3k_test_2825 raw
OK	geometry3k_test_2825	raw	pred='B'	gold='B'	complete=True	new_tokens=2	duration_s=9.96
CALL geometry3k_test_2825 oracle_full
OK	geometry3k_test_2825	oracle_full	pred='B'	gold='B'	complete=True	new_tokens=2	duration_s=12.67
CALL geometry3k_test_2825 oracle_topk3
OK	geometry3k_test_2825	oracle_topk3	pred='B'	gold='B'	complete=True	new_tokens=2	duration_s=10.29
CALL geometry3k_test_2825 oracle_topk6_cautious
OK	geometry3k_test_2825	oracle_topk6_cautious	pred='B'	gold='B'	complete=True	new_tokens=2	duration_s=10.59
CALL geometry3k_test_2825 oracle_topk3_trusted
OK	geometry3k_test_2825	oracle_topk3_trusted	pred='B'	gold='B'	complete=True	new_tokens=2	duration_s=10.27
CALL geometry3k_test_2825 oracle_topk6_trusted
OK	geometry3k_test_2825	oracle_topk6_trusted	pred='B'	gold='B'	complete=True	new_tokens=2	duration_s=10.58
CALL geometry3k_test_2825 oracle_corrupt_warned
OK	geometry3k_test_2825	oracle_corrupt_warned	pred='B'	gold='B'	complete=True	new_tokens=2	duration_s=10.60
CALL geometry3k_test_2825 oracle_corrupt_trusted
OK	geometry3k_test_2825	oracle_corrupt_trusted	pred='B'	gold='B'	complete=True	new_tokens=2	duration_s=10.60
CALL geometry3k_test_2826 raw
FAIL	geometry3k_test_2826	raw	pred='A'	gold='C'	complete=True	new_tokens=2	duration_s=6.34
CALL geometry3k_test_2826 oracle_full
FAIL	geometry3k_test_2826	oracle_full	pred='A'	gold='C'	complete=True	new_tokens=2	duration_s=9.41
CALL geometry3k_test_2826 oracle_topk3
FAIL	geometry3k_test_2826	oracle_topk3	pred='A'	gold='C'	complete=True	new_tokens=2	duration_s=6.67
CALL geometry3k_test_2826 oracle_topk6_cautious
FAIL	geometry3k_test_2826	oracle_topk6_cautious	pred='A'	gold='C'	complete=True	new_tokens=2	duration_s=7.03
CALL geometry3k_test_2826 oracle_topk3_trusted
FAIL	geometry3k_test_2826	oracle_topk3_trusted	pred='A'	gold='C'	complete=True	new_tokens=2	duration_s=6.67
CALL geometry3k_test_2826 oracle_topk6_trusted
FAIL	geometry3k_test_2826	oracle_topk6_trusted	pred='A'	gold='C'	complete=True	new_tokens=2	duration_s=7.02
CALL geometry3k_test_2826 oracle_corrupt_warned
FAIL	geometry3k_test_2826	oracle_corrupt_warned	pred='A'	gold='C'	complete=True	new_tokens=2	duration_s=7.03
CALL geometry3k_test_2826 oracle_corrupt_trusted
FAIL	geometry3k_test_2826	oracle_corrupt_trusted	pred='A'	gold='C'	complete=True	new_tokens=2	duration_s=7.03
CALL geometry3k_test_2827 raw
FAIL	geometry3k_test_2827	raw	pred='C'	gold='A'	complete=True	new_tokens=2	duration_s=4.16
CALL geometry3k_test_2827 oracle_full
FAIL	geometry3k_test_2827	oracle_full	pred='C'	gold='A'	complete=True	new_tokens=2	duration_s=6.40
CALL geometry3k_test_2827 oracle_topk3
FAIL	geometry3k_test_2827	oracle_topk3	pred='C'	gold='A'	complete=True	new_tokens=2	duration_s=4.73
CALL geometry3k_test_2827 oracle_topk6_cautious
FAIL	geometry3k_test_2827	oracle_topk6_cautious	pred='C'	gold='A'	complete=True	new_tokens=2	duration_s=4.76
CALL geometry3k_test_2827 oracle_topk3_trusted
FAIL	geometry3k_test_2827	oracle_topk3_trusted	pred='C'	gold='A'	complete=True	new_tokens=2	duration_s=4.70
CALL geometry3k_test_2827 oracle_topk6_trusted
FAIL	geometry3k_test_2827	oracle_topk6_trusted	pred='C'	gold='A'	complete=True	new_tokens=2	duration_s=4.74
CALL geometry3k_test_2827 oracle_corrupt_warned
FAIL	geometry3k_test_2827	oracle_corrupt_warned	pred='C'	gold='A'	complete=True	new_tokens=2	duration_s=4.76
CALL geometry3k_test_2827 oracle_corrupt_trusted
FAIL	geometry3k_test_2827	oracle_corrupt_trusted	pred='C'	gold='A'	complete=True	new_tokens=2	duration_s=4.77
CALL geometry3k_test_2828 raw
OK	geometry3k_test_2828	raw	pred='B'	gold='B'	complete=True	new_tokens=2	duration_s=21.85
CALL geometry3k_test_2828 oracle_full
OK	geometry3k_test_2828	oracle_full	pred='B'	gold='B'	complete=True	new_tokens=2	duration_s=23.79
CALL geometry3k_test_2828 oracle_topk3
OK	geometry3k_test_2828	oracle_topk3	pred='B'	gold='B'	complete=True	new_tokens=2	duration_s=22.15
CALL geometry3k_test_2828 oracle_topk6_cautious
OK	geometry3k_test_2828	oracle_topk6_cautious	pred='B'	gold='B'	complete=True	new_tokens=2	duration_s=22.48
CALL geometry3k_test_2828 oracle_topk3_trusted
OK	geometry3k_test_2828	oracle_topk3_trusted	pred='B'	gold='B'	complete=True	new_tokens=2	duration_s=22.11
CALL geometry3k_test_2828 oracle_topk6_trusted
OK	geometry3k_test_2828	oracle_topk6_trusted	pred='B'	gold='B'	complete=True	new_tokens=2	duration_s=22.46
CALL geometry3k_test_2828 oracle_corrupt_warned
OK	geometry3k_test_2828	oracle_corrupt_warned	pred='B'	gold='B'	complete=True	new_tokens=2	duration_s=22.48
CALL geometry3k_test_2828 oracle_corrupt_trusted
OK	geometry3k_test_2828	oracle_corrupt_trusted	pred='B'	gold='B'	complete=True	new_tokens=2	duration_s=22.40
CALL geometry3k_test_2829 raw
FAIL	geometry3k_test_2829	raw	pred='B'	gold='A'	complete=True	new_tokens=2	duration_s=4.24
CALL geometry3k_test_2829 oracle_full
FAIL	geometry3k_test_2829	oracle_full	pred='B'	gold='A'	complete=True	new_tokens=2	duration_s=7.58
CALL geometry3k_test_2829 oracle_topk3
FAIL	geometry3k_test_2829	oracle_topk3	pred='B'	gold='A'	complete=True	new_tokens=2	duration_s=4.75
CALL geometry3k_test_2829 oracle_topk6_cautious
FAIL	geometry3k_test_2829	oracle_topk6_cautious	pred='B'	gold='A'	complete=True	new_tokens=2	duration_s=4.81
CALL geometry3k_test_2829 oracle_topk3_trusted
FAIL	geometry3k_test_2829	oracle_topk3_trusted	pred='B'	gold='A'	complete=True	new_tokens=2	duration_s=4.54
CALL geometry3k_test_2829 oracle_topk6_trusted
FAIL	geometry3k_test_2829	oracle_topk6_trusted	pred='B'	gold='A'	complete=True	new_tokens=2	duration_s=4.81
CALL geometry3k_test_2829 oracle_corrupt_warned
FAIL	geometry3k_test_2829	oracle_corrupt_warned	pred='C'	gold='A'	complete=True	new_tokens=2	duration_s=4.82
CALL geometry3k_test_2829 oracle_corrupt_trusted
FAIL	geometry3k_test_2829	oracle_corrupt_trusted	pred='B'	gold='A'	complete=True	new_tokens=2	duration_s=4.81
CALL geometry3k_test_2830 raw
FAIL	geometry3k_test_2830	raw	pred='B'	gold='A'	complete=True	new_tokens=2	duration_s=11.80
CALL geometry3k_test_2830 oracle_full
FAIL	geometry3k_test_2830	oracle_full	pred='B'	gold='A'	complete=True	new_tokens=2	duration_s=18.45
CALL geometry3k_test_2830 oracle_topk3
FAIL	geometry3k_test_2830	oracle_topk3	pred='B'	gold='A'	complete=True	new_tokens=2	duration_s=12.17
CALL geometry3k_test_2830 oracle_topk6_cautious
FAIL	geometry3k_test_2830	oracle_topk6_cautious	pred='B'	gold='A'	complete=True	new_tokens=2	duration_s=12.22
CALL geometry3k_test_2830 oracle_topk3_trusted
FAIL	geometry3k_test_2830	oracle_topk3_trusted	pred='B'	gold='A'	complete=True	new_tokens=2	duration_s=12.12
CALL geometry3k_test_2830 oracle_topk6_trusted
FAIL	geometry3k_test_2830	oracle_topk6_trusted	pred='B'	gold='A'	complete=True	new_tokens=2	duration_s=12.17
CALL geometry3k_test_2830 oracle_corrupt_warned
FAIL	geometry3k_test_2830	oracle_corrupt_warned	pred='B'	gold='A'	complete=True	new_tokens=2	duration_s=12.17
CALL geometry3k_test_2830 oracle_corrupt_trusted
FAIL	geometry3k_test_2830	oracle_corrupt_trusted	pred='B'	gold='A'	complete=True	new_tokens=2	duration_s=12.19
CALL geometry3k_test_2831 raw
OK	geometry3k_test_2831	raw	pred='A'	gold='A'	complete=True	new_tokens=7	duration_s=4.63
CALL geometry3k_test_2831 oracle_full
OK	geometry3k_test_2831	oracle_full	pred='A'	gold='A'	complete=True	new_tokens=7	duration_s=6.83
CALL geometry3k_test_2831 oracle_topk3
OK	geometry3k_test_2831	oracle_topk3	pred='A'	gold='A'	complete=True	new_tokens=7	duration_s=4.91
CALL geometry3k_test_2831 oracle_topk6_cautious
OK	geometry3k_test_2831	oracle_topk6_cautious	pred='A'	gold='A'	complete=True	new_tokens=7	duration_s=5.17
CALL geometry3k_test_2831 oracle_topk3_trusted
OK	geometry3k_test_2831	oracle_topk3_trusted	pred='A'	gold='A'	complete=True	new_tokens=7	duration_s=4.89
CALL geometry3k_test_2831 oracle_topk6_trusted
OK	geometry3k_test_2831	oracle_topk6_trusted	pred='A'	gold='A'	complete=True	new_tokens=7	duration_s=5.16
CALL geometry3k_test_2831 oracle_corrupt_warned
OK	geometry3k_test_2831	oracle_corrupt_warned	pred='A'	gold='A'	complete=True	new_tokens=7	duration_s=5.16
CALL geometry3k_test_2831 oracle_corrupt_trusted
OK	geometry3k_test_2831	oracle_corrupt_trusted	pred='A'	gold='A'	complete=True	new_tokens=7	duration_s=5.16
CALL geometry3k_test_2832 raw
OK	geometry3k_test_2832	raw	pred='C'	gold='C'	complete=True	new_tokens=2	duration_s=7.13
CALL geometry3k_test_2832 oracle_full
OK	geometry3k_test_2832	oracle_full	pred='C'	gold='C'	complete=True	new_tokens=2	duration_s=9.50
CALL geometry3k_test_2832 oracle_topk3
OK	geometry3k_test_2832	oracle_topk3	pred='C'	gold='C'	complete=True	new_tokens=2	duration_s=7.47
CALL geometry3k_test_2832 oracle_topk6_cautious
OK	geometry3k_test_2832	oracle_topk6_cautious	pred='C'	gold='C'	complete=True	new_tokens=2	duration_s=7.79
CALL geometry3k_test_2832 oracle_topk3_trusted
OK	geometry3k_test_2832	oracle_topk3_trusted	pred='C'	gold='C'	complete=True	new_tokens=2	duration_s=7.49
CALL geometry3k_test_2832 oracle_topk6_trusted
OK	geometry3k_test_2832	oracle_topk6_trusted	pred='C'	gold='C'	complete=True	new_tokens=2	duration_s=7.80
CALL geometry3k_test_2832 oracle_corrupt_warned
OK	geometry3k_test_2832	oracle_corrupt_warned	pred='C'	gold='C'	complete=True	new_tokens=2	duration_s=7.82
CALL geometry3k_test_2832 oracle_corrupt_trusted
OK	geometry3k_test_2832	oracle_corrupt_trusted	pred='C'	gold='C'	complete=True	new_tokens=2	duration_s=7.82
CALL geometry3k_test_2833 raw
OK	geometry3k_test_2833	raw	pred='C'	gold='C'	complete=True	new_tokens=2	duration_s=12.03
CALL geometry3k_test_2833 oracle_full
OK	geometry3k_test_2833	oracle_full	pred='C'	gold='C'	complete=True	new_tokens=2	duration_s=15.91
CALL geometry3k_test_2833 oracle_topk3
OK	geometry3k_test_2833	oracle_topk3	pred='C'	gold='C'	complete=True	new_tokens=2	duration_s=12.33
CALL geometry3k_test_2833 oracle_topk6_cautious
OK	geometry3k_test_2833	oracle_topk6_cautious	pred='C'	gold='C'	complete=True	new_tokens=2	duration_s=12.30
CALL geometry3k_test_2833 oracle_topk3_trusted
OK	geometry3k_test_2833	oracle_topk3_trusted	pred='C'	gold='C'	complete=True	new_tokens=2	duration_s=12.28
CALL geometry3k_test_2833 oracle_topk6_trusted
OK	geometry3k_test_2833	oracle_topk6_trusted	pred='C'	gold='C'	complete=True	new_tokens=2	duration_s=12.35
CALL geometry3k_test_2833 oracle_corrupt_warned
OK	geometry3k_test_2833	oracle_corrupt_warned	pred='C'	gold='C'	complete=True	new_tokens=2	duration_s=12.35
CALL geometry3k_test_2833 oracle_corrupt_trusted
OK	geometry3k_test_2833	oracle_corrupt_trusted	pred='C'	gold='C'	complete=True	new_tokens=2	duration_s=12.35
CALL geometry3k_test_2834 raw
OK	geometry3k_test_2834	raw	pred='C'	gold='C'	complete=True	new_tokens=2	duration_s=5.99
CALL geometry3k_test_2834 oracle_full
FAIL	geometry3k_test_2834	oracle_full	pred='A'	gold='C'	complete=True	new_tokens=2	duration_s=7.60
CALL geometry3k_test_2834 oracle_topk3
FAIL	geometry3k_test_2834	oracle_topk3	pred='B'	gold='C'	complete=True	new_tokens=2	duration_s=6.26
CALL geometry3k_test_2834 oracle_topk6_cautious
FAIL	geometry3k_test_2834	oracle_topk6_cautious	pred='B'	gold='C'	complete=True	new_tokens=2	duration_s=6.31
CALL geometry3k_test_2834 oracle_topk3_trusted
FAIL	geometry3k_test_2834	oracle_topk3_trusted	pred='B'	gold='C'	complete=True	new_tokens=2	duration_s=6.10
CALL geometry3k_test_2834 oracle_topk6_trusted
FAIL	geometry3k_test_2834	oracle_topk6_trusted	pred='B'	gold='C'	complete=True	new_tokens=2	duration_s=6.33
CALL geometry3k_test_2834 oracle_corrupt_warned
FAIL	geometry3k_test_2834	oracle_corrupt_warned	pred='B'	gold='C'	complete=True	new_tokens=2	duration_s=6.31
CALL geometry3k_test_2834 oracle_corrupt_trusted
FAIL	geometry3k_test_2834	oracle_corrupt_trusted	pred='B'	gold='C'	complete=True	new_tokens=2	duration_s=6.33
CALL geometry3k_test_2835 raw
FAIL	geometry3k_test_2835	raw	pred='B'	gold='C'	complete=True	new_tokens=2	duration_s=4.23
CALL geometry3k_test_2835 oracle_full
FAIL	geometry3k_test_2835	oracle_full	pred='B'	gold='C'	complete=True	new_tokens=2	duration_s=6.21
CALL geometry3k_test_2835 oracle_topk3
FAIL	geometry3k_test_2835	oracle_topk3	pred='B'	gold='C'	complete=True	new_tokens=2	duration_s=4.81
CALL geometry3k_test_2835 oracle_topk6_cautious
FAIL	geometry3k_test_2835	oracle_topk6_cautious	pred='B'	gold='C'	complete=True	new_tokens=2	duration_s=4.85
CALL geometry3k_test_2835 oracle_topk3_trusted
FAIL	geometry3k_test_2835	oracle_topk3_trusted	pred='B'	gold='C'	complete=True	new_tokens=2	duration_s=4.80
CALL geometry3k_test_2835 oracle_topk6_trusted
FAIL	geometry3k_test_2835	oracle_topk6_trusted	pred='B'	gold='C'	complete=True	new_tokens=2	duration_s=4.85
CALL geometry3k_test_2835 oracle_corrupt_warned
FAIL	geometry3k_test_2835	oracle_corrupt_warned	pred='B'	gold='C'	complete=True	new_tokens=2	duration_s=4.87
CALL geometry3k_test_2835 oracle_corrupt_trusted
FAIL	geometry3k_test_2835	oracle_corrupt_trusted	pred='B'	gold='C'	complete=True	new_tokens=2	duration_s=4.84
CALL geometry3k_test_2836 raw
OK	geometry3k_test_2836	raw	pred='A'	gold='A'	complete=True	new_tokens=2	duration_s=5.25
CALL geometry3k_test_2836 oracle_full
OK	geometry3k_test_2836	oracle_full	pred='A'	gold='A'	complete=True	new_tokens=2	duration_s=9.49
CALL geometry3k_test_2836 oracle_topk3
OK	geometry3k_test_2836	oracle_topk3	pred='A'	gold='A'	complete=True	new_tokens=2	duration_s=5.58
CALL geometry3k_test_2836 oracle_topk6_cautious
OK	geometry3k_test_2836	oracle_topk6_cautious	pred='A'	gold='A'	complete=True	new_tokens=2	duration_s=5.56
CALL geometry3k_test_2836 oracle_topk3_trusted
OK	geometry3k_test_2836	oracle_topk3_trusted	pred='A'	gold='A'	complete=True	new_tokens=2	duration_s=5.55
CALL geometry3k_test_2836 oracle_topk6_trusted
OK	geometry3k_test_2836	oracle_topk6_trusted	pred='A'	gold='A'	complete=True	new_tokens=2	duration_s=5.59
CALL geometry3k_test_2836 oracle_corrupt_warned
OK	geometry3k_test_2836	oracle_corrupt_warned	pred='A'	gold='A'	complete=True	new_tokens=2	duration_s=5.56
CALL geometry3k_test_2836 oracle_corrupt_trusted
OK	geometry3k_test_2836	oracle_corrupt_trusted	pred='A'	gold='A'	complete=True	new_tokens=2	duration_s=5.58
CALL geometry3k_test_2837 raw
FAIL	geometry3k_test_2837	raw	pred='B'	gold='C'	complete=True	new_tokens=2	duration_s=8.58
CALL geometry3k_test_2837 oracle_full
FAIL	geometry3k_test_2837	oracle_full	pred='B'	gold='C'	complete=True	new_tokens=2	duration_s=10.51
CALL geometry3k_test_2837 oracle_topk3
FAIL	geometry3k_test_2837	oracle_topk3	pred='B'	gold='C'	complete=True	new_tokens=2	duration_s=8.84
CALL geometry3k_test_2837 oracle_topk6_cautious
FAIL	geometry3k_test_2837	oracle_topk6_cautious	pred='B'	gold='C'	complete=True	new_tokens=2	duration_s=9.16
CALL geometry3k_test_2837 oracle_topk3_trusted
FAIL	geometry3k_test_2837	oracle_topk3_trusted	pred='B'	gold='C'	complete=True	new_tokens=2	duration_s=8.82
CALL geometry3k_test_2837 oracle_topk6_trusted
FAIL	geometry3k_test_2837	oracle_topk6_trusted	pred='B'	gold='C'	complete=True	new_tokens=2	duration_s=9.19
CALL geometry3k_test_2837 oracle_corrupt_warned
FAIL	geometry3k_test_2837	oracle_corrupt_warned	pred='B'	gold='C'	complete=True	new_tokens=2	duration_s=9.14
CALL geometry3k_test_2837 oracle_corrupt_trusted
FAIL	geometry3k_test_2837	oracle_corrupt_trusted	pred='B'	gold='C'	complete=True	new_tokens=2	duration_s=9.13
CALL geometry3k_test_2838 raw
OK	geometry3k_test_2838	raw	pred='C'	gold='C'	complete=True	new_tokens=2	duration_s=11.09
CALL geometry3k_test_2838 oracle_full
OK	geometry3k_test_2838	oracle_full	pred='C'	gold='C'	complete=True	new_tokens=2	duration_s=14.95
CALL geometry3k_test_2838 oracle_topk3
OK	geometry3k_test_2838	oracle_topk3	pred='C'	gold='C'	complete=True	new_tokens=2	duration_s=11.45
CALL geometry3k_test_2838 oracle_topk6_cautious
OK	geometry3k_test_2838	oracle_topk6_cautious	pred='C'	gold='C'	complete=True	new_tokens=2	duration_s=11.46
CALL geometry3k_test_2838 oracle_topk3_trusted
OK	geometry3k_test_2838	oracle_topk3_trusted	pred='C'	gold='C'	complete=True	new_tokens=2	duration_s=11.44
CALL geometry3k_test_2838 oracle_topk6_trusted
OK	geometry3k_test_2838	oracle_topk6_trusted	pred='C'	gold='C'	complete=True	new_tokens=2	duration_s=11.43
CALL geometry3k_test_2838 oracle_corrupt_warned
OK	geometry3k_test_2838	oracle_corrupt_warned	pred='C'	gold='C'	complete=True	new_tokens=2	duration_s=11.47
CALL geometry3k_test_2838 oracle_corrupt_trusted
OK	geometry3k_test_2838	oracle_corrupt_trusted	pred='C'	gold='C'	complete=True	new_tokens=2	duration_s=11.46
CALL geometry3k_test_2839 raw
OK	geometry3k_test_2839	raw	pred='C'	gold='C'	complete=True	new_tokens=2	duration_s=4.60
CALL geometry3k_test_2839 oracle_full
OK	geometry3k_test_2839	oracle_full	pred='C'	gold='C'	complete=True	new_tokens=2	duration_s=6.22
CALL geometry3k_test_2839 oracle_topk3
OK	geometry3k_test_2839	oracle_topk3	pred='C'	gold='C'	complete=True	new_tokens=8	duration_s=5.73
CALL geometry3k_test_2839 oracle_topk6_cautious
OK	geometry3k_test_2839	oracle_topk6_cautious	pred='C'	gold='C'	complete=True	new_tokens=2	duration_s=5.20
CALL geometry3k_test_2839 oracle_topk3_trusted
OK	geometry3k_test_2839	oracle_topk3_trusted	pred='C'	gold='C'	complete=True	new_tokens=8	duration_s=5.47
CALL geometry3k_test_2839 oracle_topk6_trusted
OK	geometry3k_test_2839	oracle_topk6_trusted	pred='C'	gold='C'	complete=True	new_tokens=2	duration_s=5.20
CALL geometry3k_test_2839 oracle_corrupt_warned
OK	geometry3k_test_2839	oracle_corrupt_warned	pred='C'	gold='C'	complete=True	new_tokens=2	duration_s=5.20
CALL geometry3k_test_2839 oracle_corrupt_trusted
OK	geometry3k_test_2839	oracle_corrupt_trusted	pred='C'	gold='C'	complete=True	new_tokens=2	duration_s=5.20
CALL geometry3k_test_2840 raw
FAIL	geometry3k_test_2840	raw	pred='B'	gold='C'	complete=True	new_tokens=2	duration_s=4.11
CALL geometry3k_test_2840 oracle_full
FAIL	geometry3k_test_2840	oracle_full	pred='B'	gold='C'	complete=True	new_tokens=2	duration_s=5.44
CALL geometry3k_test_2840 oracle_topk3
FAIL	geometry3k_test_2840	oracle_topk3	pred='B'	gold='C'	complete=True	new_tokens=2	duration_s=4.48
CALL geometry3k_test_2840 oracle_topk6_cautious
FAIL	geometry3k_test_2840	oracle_topk6_cautious	pred='B'	gold='C'	complete=True	new_tokens=2	duration_s=4.72
CALL geometry3k_test_2840 oracle_topk3_trusted
FAIL	geometry3k_test_2840	oracle_topk3_trusted	pred='B'	gold='C'	complete=True	new_tokens=2	duration_s=4.47
CALL geometry3k_test_2840 oracle_topk6_trusted
FAIL	geometry3k_test_2840	oracle_topk6_trusted	pred='B'	gold='C'	complete=True	new_tokens=2	duration_s=4.74
CALL geometry3k_test_2840 oracle_corrupt_warned
FAIL	geometry3k_test_2840	oracle_corrupt_warned	pred='B'	gold='C'	complete=True	new_tokens=2	duration_s=4.73
CALL geometry3k_test_2840 oracle_corrupt_trusted
FAIL	geometry3k_test_2840	oracle_corrupt_trusted	pred='B'	gold='C'	complete=True	new_tokens=2	duration_s=4.72
CALL geometry3k_test_2841 raw
FAIL	geometry3k_test_2841	raw	pred='C'	gold='A'	complete=True	new_tokens=2	duration_s=4.13
CALL geometry3k_test_2841 oracle_full
FAIL	geometry3k_test_2841	oracle_full	pred='C'	gold='A'	complete=True	new_tokens=2	duration_s=5.47
CALL geometry3k_test_2841 oracle_topk3
FAIL	geometry3k_test_2841	oracle_topk3	pred='C'	gold='A'	complete=True	new_tokens=2	duration_s=4.50
CALL geometry3k_test_2841 oracle_topk6_cautious
FAIL	geometry3k_test_2841	oracle_topk6_cautious	pred='C'	gold='A'	complete=True	new_tokens=2	duration_s=4.73
CALL geometry3k_test_2841 oracle_topk3_trusted
FAIL	geometry3k_test_2841	oracle_topk3_trusted	pred='C'	gold='A'	complete=True	new_tokens=2	duration_s=4.49
CALL geometry3k_test_2841 oracle_topk6_trusted
FAIL	geometry3k_test_2841	oracle_topk6_trusted	pred='C'	gold='A'	complete=True	new_tokens=2	duration_s=4.73
CALL geometry3k_test_2841 oracle_corrupt_warned
FAIL	geometry3k_test_2841	oracle_corrupt_warned	pred='C'	gold='A'	complete=True	new_tokens=2	duration_s=4.80
CALL geometry3k_test_2841 oracle_corrupt_trusted
FAIL	geometry3k_test_2841	oracle_corrupt_trusted	pred='C'	gold='A'	complete=True	new_tokens=2	duration_s=4.73
CALL geometry3k_test_2842 raw
OK	geometry3k_test_2842	raw	pred='C'	gold='C'	complete=True	new_tokens=2	duration_s=12.04
CALL geometry3k_test_2842 oracle_full
OK	geometry3k_test_2842	oracle_full	pred='C'	gold='C'	complete=True	new_tokens=2	duration_s=14.10
CALL geometry3k_test_2842 oracle_topk3
OK	geometry3k_test_2842	oracle_topk3	pred='C'	gold='C'	complete=True	new_tokens=2	duration_s=12.35
CALL geometry3k_test_2842 oracle_topk6_cautious
OK	geometry3k_test_2842	oracle_topk6_cautious	pred='C'	gold='C'	complete=True	new_tokens=2	duration_s=12.65
CALL geometry3k_test_2842 oracle_topk3_trusted
OK	geometry3k_test_2842	oracle_topk3_trusted	pred='C'	gold='C'	complete=True	new_tokens=2	duration_s=12.35
CALL geometry3k_test_2842 oracle_topk6_trusted
OK	geometry3k_test_2842	oracle_topk6_trusted	pred='C'	gold='C'	complete=True	new_tokens=2	duration_s=12.65
CALL geometry3k_test_2842 oracle_corrupt_warned
OK	geometry3k_test_2842	oracle_corrupt_warned	pred='C'	gold='C'	complete=True	new_tokens=2	duration_s=12.64
CALL geometry3k_test_2842 oracle_corrupt_trusted
OK	geometry3k_test_2842	oracle_corrupt_trusted	pred='C'	gold='C'	complete=True	new_tokens=2	duration_s=12.37
CALL geometry3k_test_2843 raw
OK	geometry3k_test_2843	raw	pred='B'	gold='B'	complete=True	new_tokens=2	duration_s=12.50
CALL geometry3k_test_2843 oracle_full
OK	geometry3k_test_2843	oracle_full	pred='B'	gold='B'	complete=True	new_tokens=2	duration_s=14.25
CALL geometry3k_test_2843 oracle_topk3
OK	geometry3k_test_2843	oracle_topk3	pred='B'	gold='B'	complete=True	new_tokens=2	duration_s=12.84
CALL geometry3k_test_2843 oracle_topk6_cautious
OK	geometry3k_test_2843	oracle_topk6_cautious	pred='B'	gold='B'	complete=True	new_tokens=2	duration_s=13.19
CALL geometry3k_test_2843 oracle_topk3_trusted
OK	geometry3k_test_2843	oracle_topk3_trusted	pred='B'	gold='B'	complete=True	new_tokens=2	duration_s=12.81
CALL geometry3k_test_2843 oracle_topk6_trusted
OK	geometry3k_test_2843	oracle_topk6_trusted	pred='B'	gold='B'	complete=True	new_tokens=2	duration_s=13.15
CALL geometry3k_test_2843 oracle_corrupt_warned
OK	geometry3k_test_2843	oracle_corrupt_warned	pred='B'	gold='B'	complete=True	new_tokens=2	duration_s=13.17
CALL geometry3k_test_2843 oracle_corrupt_trusted
OK	geometry3k_test_2843	oracle_corrupt_trusted	pred='B'	gold='B'	complete=True	new_tokens=2	duration_s=13.13
CALL geometry3k_test_2844 raw
FAIL	geometry3k_test_2844	raw	pred='C'	gold='B'	complete=True	new_tokens=2	duration_s=4.52
CALL geometry3k_test_2844 oracle_full
FAIL	geometry3k_test_2844	oracle_full	pred='C'	gold='B'	complete=True	new_tokens=2	duration_s=6.13
CALL geometry3k_test_2844 oracle_topk3
FAIL	geometry3k_test_2844	oracle_topk3	pred='C'	gold='B'	complete=True	new_tokens=2	duration_s=5.02
CALL geometry3k_test_2844 oracle_topk6_cautious
FAIL	geometry3k_test_2844	oracle_topk6_cautious	pred='C'	gold='B'	complete=True	new_tokens=2	duration_s=5.06
CALL geometry3k_test_2844 oracle_topk3_trusted
FAIL	geometry3k_test_2844	oracle_topk3_trusted	pred='C'	gold='B'	complete=True	new_tokens=2	duration_s=4.78
CALL geometry3k_test_2844 oracle_topk6_trusted
FAIL	geometry3k_test_2844	oracle_topk6_trusted	pred='C'	gold='B'	complete=True	new_tokens=2	duration_s=5.06
CALL geometry3k_test_2844 oracle_corrupt_warned
FAIL	geometry3k_test_2844	oracle_corrupt_warned	pred='C'	gold='B'	complete=True	new_tokens=2	duration_s=5.06
CALL geometry3k_test_2844 oracle_corrupt_trusted
FAIL	geometry3k_test_2844	oracle_corrupt_trusted	pred='C'	gold='B'	complete=True	new_tokens=2	duration_s=5.05
CALL geometry3k_test_2845 raw
OK	geometry3k_test_2845	raw	pred='C'	gold='C'	complete=True	new_tokens=2	duration_s=4.89
CALL geometry3k_test_2845 oracle_full
OK	geometry3k_test_2845	oracle_full	pred='C'	gold='C'	complete=True	new_tokens=2	duration_s=7.91
CALL geometry3k_test_2845 oracle_topk3
OK	geometry3k_test_2845	oracle_topk3	pred='C'	gold='C'	complete=True	new_tokens=2	duration_s=5.18
CALL geometry3k_test_2845 oracle_topk6_cautious
OK	geometry3k_test_2845	oracle_topk6_cautious	pred='C'	gold='C'	complete=True	new_tokens=2	duration_s=5.52
CALL geometry3k_test_2845 oracle_topk3_trusted
OK	geometry3k_test_2845	oracle_topk3_trusted	pred='C'	gold='C'	complete=True	new_tokens=2	duration_s=5.19
CALL geometry3k_test_2845 oracle_topk6_trusted
OK	geometry3k_test_2845	oracle_topk6_trusted	pred='C'	gold='C'	complete=True	new_tokens=2	duration_s=5.21
CALL geometry3k_test_2845 oracle_corrupt_warned
OK	geometry3k_test_2845	oracle_corrupt_warned	pred='C'	gold='C'	complete=True	new_tokens=2	duration_s=5.29
CALL geometry3k_test_2845 oracle_corrupt_trusted
OK	geometry3k_test_2845	oracle_corrupt_trusted	pred='C'	gold='C'	complete=True	new_tokens=2	duration_s=5.25
CALL geometry3k_test_2846 raw
OK	geometry3k_test_2846	raw	pred='D'	gold='D'	complete=True	new_tokens=6	duration_s=4.82
CALL geometry3k_test_2846 oracle_full
OK	geometry3k_test_2846	oracle_full	pred='D'	gold='D'	complete=True	new_tokens=2	duration_s=6.06
CALL geometry3k_test_2846 oracle_topk3
OK	geometry3k_test_2846	oracle_topk3	pred='D'	gold='D'	complete=True	new_tokens=2	duration_s=4.76
CALL geometry3k_test_2846 oracle_topk6_cautious
OK	geometry3k_test_2846	oracle_topk6_cautious	pred='D'	gold='D'	complete=True	new_tokens=2	duration_s=5.01
CALL geometry3k_test_2846 oracle_topk3_trusted
OK	geometry3k_test_2846	oracle_topk3_trusted	pred='D'	gold='D'	complete=True	new_tokens=2	duration_s=4.74
CALL geometry3k_test_2846 oracle_topk6_trusted
OK	geometry3k_test_2846	oracle_topk6_trusted	pred='D'	gold='D'	complete=True	new_tokens=2	duration_s=5.02
CALL geometry3k_test_2846 oracle_corrupt_warned
OK	geometry3k_test_2846	oracle_corrupt_warned	pred='D'	gold='D'	complete=True	new_tokens=2	duration_s=5.02
CALL geometry3k_test_2846 oracle_corrupt_trusted
OK	geometry3k_test_2846	oracle_corrupt_trusted	pred='D'	gold='D'	complete=True	new_tokens=2	duration_s=5.03
CALL geometry3k_test_2847 raw
FAIL	geometry3k_test_2847	raw	pred='B'	gold='C'	complete=True	new_tokens=2	duration_s=11.14
CALL geometry3k_test_2847 oracle_full
FAIL	geometry3k_test_2847	oracle_full	pred='B'	gold='C'	complete=True	new_tokens=2	duration_s=13.14
CALL geometry3k_test_2847 oracle_topk3
FAIL	geometry3k_test_2847	oracle_topk3	pred='B'	gold='C'	complete=True	new_tokens=2	duration_s=11.74
CALL geometry3k_test_2847 oracle_topk6_cautious
FAIL	geometry3k_test_2847	oracle_topk6_cautious	pred='B'	gold='C'	complete=True	new_tokens=2	duration_s=11.82
CALL geometry3k_test_2847 oracle_topk3_trusted
FAIL	geometry3k_test_2847	oracle_topk3_trusted	pred='B'	gold='C'	complete=True	new_tokens=2	duration_s=11.75
CALL geometry3k_test_2847 oracle_topk6_trusted
FAIL	geometry3k_test_2847	oracle_topk6_trusted	pred='B'	gold='C'	complete=True	new_tokens=2	duration_s=11.79
CALL geometry3k_test_2847 oracle_corrupt_warned
FAIL	geometry3k_test_2847	oracle_corrupt_warned	pred='B'	gold='C'	complete=True	new_tokens=2	duration_s=11.83
CALL geometry3k_test_2847 oracle_corrupt_trusted
FAIL	geometry3k_test_2847	oracle_corrupt_trusted	pred='B'	gold='C'	complete=True	new_tokens=2	duration_s=11.79
CALL geometry3k_test_2848 raw
FAIL	geometry3k_test_2848	raw	pred='B'	gold='A'	complete=True	new_tokens=2	duration_s=13.21
CALL geometry3k_test_2848 oracle_full
FAIL	geometry3k_test_2848	oracle_full	pred='B'	gold='A'	complete=True	new_tokens=2	duration_s=20.15
CALL geometry3k_test_2848 oracle_topk3
FAIL	geometry3k_test_2848	oracle_topk3	pred='B'	gold='A'	complete=True	new_tokens=2	duration_s=13.52
CALL geometry3k_test_2848 oracle_topk6_cautious
FAIL	geometry3k_test_2848	oracle_topk6_cautious	pred='B'	gold='A'	complete=True	new_tokens=2	duration_s=13.90
CALL geometry3k_test_2848 oracle_topk3_trusted
FAIL	geometry3k_test_2848	oracle_topk3_trusted	pred='B'	gold='A'	complete=True	new_tokens=2	duration_s=13.58
CALL geometry3k_test_2848 oracle_topk6_trusted
FAIL	geometry3k_test_2848	oracle_topk6_trusted	pred='B'	gold='A'	complete=True	new_tokens=2	duration_s=13.84
CALL geometry3k_test_2848 oracle_corrupt_warned
FAIL	geometry3k_test_2848	oracle_corrupt_warned	pred='B'	gold='A'	complete=True	new_tokens=2	duration_s=13.86
CALL geometry3k_test_2848 oracle_corrupt_trusted
FAIL	geometry3k_test_2848	oracle_corrupt_trusted	pred='B'	gold='A'	complete=True	new_tokens=2	duration_s=13.86
CALL geometry3k_test_2849 raw
OK	geometry3k_test_2849	raw	pred='B'	gold='B'	complete=True	new_tokens=2	duration_s=5.47
CALL geometry3k_test_2849 oracle_full
OK	geometry3k_test_2849	oracle_full	pred='B'	gold='B'	complete=True	new_tokens=2	duration_s=8.96
CALL geometry3k_test_2849 oracle_topk3
OK	geometry3k_test_2849	oracle_topk3	pred='B'	gold='B'	complete=True	new_tokens=2	duration_s=5.77
CALL geometry3k_test_2849 oracle_topk6_cautious
OK	geometry3k_test_2849	oracle_topk6_cautious	pred='B'	gold='B'	complete=True	new_tokens=2	duration_s=6.14
CALL geometry3k_test_2849 oracle_topk3_trusted
OK	geometry3k_test_2849	oracle_topk3_trusted	pred='B'	gold='B'	complete=True	new_tokens=2	duration_s=5.78
CALL geometry3k_test_2849 oracle_topk6_trusted
OK	geometry3k_test_2849	oracle_topk6_trusted	pred='B'	gold='B'	complete=True	new_tokens=2	duration_s=6.15
CALL geometry3k_test_2849 oracle_corrupt_warned
OK	geometry3k_test_2849	oracle_corrupt_warned	pred='B'	gold='B'	complete=True	new_tokens=2	duration_s=6.14
CALL geometry3k_test_2849 oracle_corrupt_trusted
OK	geometry3k_test_2849	oracle_corrupt_trusted	pred='B'	gold='B'	complete=True	new_tokens=2	duration_s=6.13
CALL geometry3k_test_2850 raw
FAIL	geometry3k_test_2850	raw	pred='B'	gold='A'	complete=True	new_tokens=2	duration_s=8.52
CALL geometry3k_test_2850 oracle_full
FAIL	geometry3k_test_2850	oracle_full	pred='B'	gold='A'	complete=True	new_tokens=2	duration_s=10.56
CALL geometry3k_test_2850 oracle_topk3
FAIL	geometry3k_test_2850	oracle_topk3	pred='B'	gold='A'	complete=True	new_tokens=2	duration_s=8.87
CALL geometry3k_test_2850 oracle_topk6_cautious
FAIL	geometry3k_test_2850	oracle_topk6_cautious	pred='B'	gold='A'	complete=True	new_tokens=2	duration_s=8.89
CALL geometry3k_test_2850 oracle_topk3_trusted
FAIL	geometry3k_test_2850	oracle_topk3_trusted	pred='B'	gold='A'	complete=True	new_tokens=2	duration_s=8.86
CALL geometry3k_test_2850 oracle_topk6_trusted
FAIL	geometry3k_test_2850	oracle_topk6_trusted	pred='B'	gold='A'	complete=True	new_tokens=2	duration_s=8.88
CALL geometry3k_test_2850 oracle_corrupt_warned
FAIL	geometry3k_test_2850	oracle_corrupt_warned	pred='B'	gold='A'	complete=True	new_tokens=2	duration_s=8.92
CALL geometry3k_test_2850 oracle_corrupt_trusted
FAIL	geometry3k_test_2850	oracle_corrupt_trusted	pred='B'	gold='A'	complete=True	new_tokens=2	duration_s=8.92
CALL geometry3k_test_2851 raw
OK	geometry3k_test_2851	raw	pred='D'	gold='D'	complete=True	new_tokens=6	duration_s=4.30
CALL geometry3k_test_2851 oracle_full
OK	geometry3k_test_2851	oracle_full	pred='D'	gold='D'	complete=True	new_tokens=2	duration_s=5.33
CALL geometry3k_test_2851 oracle_topk3
OK	geometry3k_test_2851	oracle_topk3	pred='D'	gold='D'	complete=True	new_tokens=2	duration_s=4.31
CALL geometry3k_test_2851 oracle_topk6_cautious
OK	geometry3k_test_2851	oracle_topk6_cautious	pred='D'	gold='D'	complete=True	new_tokens=2	duration_s=4.30
CALL geometry3k_test_2851 oracle_topk3_trusted
OK	geometry3k_test_2851	oracle_topk3_trusted	pred='D'	gold='D'	complete=True	new_tokens=2	duration_s=4.29
CALL geometry3k_test_2851 oracle_topk6_trusted
OK	geometry3k_test_2851	oracle_topk6_trusted	pred='D'	gold='D'	complete=True	new_tokens=2	duration_s=4.29
CALL geometry3k_test_2851 oracle_corrupt_warned
OK	geometry3k_test_2851	oracle_corrupt_warned	pred='D'	gold='D'	complete=True	new_tokens=2	duration_s=4.29
CALL geometry3k_test_2851 oracle_corrupt_trusted
OK	geometry3k_test_2851	oracle_corrupt_trusted	pred='D'	gold='D'	complete=True	new_tokens=2	duration_s=4.31
CALL geometry3k_test_2852 raw
OK	geometry3k_test_2852	raw	pred='B'	gold='B'	complete=True	new_tokens=2	duration_s=10.96
CALL geometry3k_test_2852 oracle_full
OK	geometry3k_test_2852	oracle_full	pred='B'	gold='B'	complete=True	new_tokens=2	duration_s=13.36
CALL geometry3k_test_2852 oracle_topk3
OK	geometry3k_test_2852	oracle_topk3	pred='B'	gold='B'	complete=True	new_tokens=2	duration_s=11.33
CALL geometry3k_test_2852 oracle_topk6_cautious
OK	geometry3k_test_2852	oracle_topk6_cautious	pred='B'	gold='B'	complete=True	new_tokens=2	duration_s=11.65
CALL geometry3k_test_2852 oracle_topk3_trusted
OK	geometry3k_test_2852	oracle_topk3_trusted	pred='B'	gold='B'	complete=True	new_tokens=2	duration_s=11.32
CALL geometry3k_test_2852 oracle_topk6_trusted
OK	geometry3k_test_2852	oracle_topk6_trusted	pred='B'	gold='B'	complete=True	new_tokens=2	duration_s=11.65
CALL geometry3k_test_2852 oracle_corrupt_warned
OK	geometry3k_test_2852	oracle_corrupt_warned	pred='B'	gold='B'	complete=True	new_tokens=2	duration_s=11.66
CALL geometry3k_test_2852 oracle_corrupt_trusted
OK	geometry3k_test_2852	oracle_corrupt_trusted	pred='B'	gold='B'	complete=True	new_tokens=2	duration_s=11.63
CALL geometry3k_test_2853 raw
OK	geometry3k_test_2853	raw	pred='D'	gold='D'	complete=True	new_tokens=2	duration_s=4.15
CALL geometry3k_test_2853 oracle_full
OK	geometry3k_test_2853	oracle_full	pred='D'	gold='D'	complete=True	new_tokens=2	duration_s=5.76
CALL geometry3k_test_2853 oracle_topk3
OK	geometry3k_test_2853	oracle_topk3	pred='D'	gold='D'	complete=True	new_tokens=2	duration_s=4.47
CALL geometry3k_test_2853 oracle_topk6_cautious
OK	geometry3k_test_2853	oracle_topk6_cautious	pred='D'	gold='D'	complete=True	new_tokens=2	duration_s=4.71
CALL geometry3k_test_2853 oracle_topk3_trusted
OK	geometry3k_test_2853	oracle_topk3_trusted	pred='D'	gold='D'	complete=True	new_tokens=2	duration_s=4.48
CALL geometry3k_test_2853 oracle_topk6_trusted
OK	geometry3k_test_2853	oracle_topk6_trusted	pred='D'	gold='D'	complete=True	new_tokens=2	duration_s=4.72
CALL geometry3k_test_2853 oracle_corrupt_warned
OK	geometry3k_test_2853	oracle_corrupt_warned	pred='D'	gold='D'	complete=True	new_tokens=2	duration_s=4.71
CALL geometry3k_test_2853 oracle_corrupt_trusted
OK	geometry3k_test_2853	oracle_corrupt_trusted	pred='D'	gold='D'	complete=True	new_tokens=2	duration_s=4.74
CALL geometry3k_test_2854 raw
FAIL	geometry3k_test_2854	raw	pred='B'	gold='D'	complete=True	new_tokens=2	duration_s=4.42
CALL geometry3k_test_2854 oracle_full
FAIL	geometry3k_test_2854	oracle_full	pred='B'	gold='D'	complete=True	new_tokens=2	duration_s=5.73
CALL geometry3k_test_2854 oracle_topk3
FAIL	geometry3k_test_2854	oracle_topk3	pred='B'	gold='D'	complete=True	new_tokens=2	duration_s=4.74
CALL geometry3k_test_2854 oracle_topk6_cautious
FAIL	geometry3k_test_2854	oracle_topk6_cautious	pred='B'	gold='D'	complete=True	new_tokens=2	duration_s=5.02
CALL geometry3k_test_2854 oracle_topk3_trusted
FAIL	geometry3k_test_2854	oracle_topk3_trusted	pred='B'	gold='D'	complete=True	new_tokens=2	duration_s=4.71
CALL geometry3k_test_2854 oracle_topk6_trusted
FAIL	geometry3k_test_2854	oracle_topk6_trusted	pred='B'	gold='D'	complete=True	new_tokens=2	duration_s=5.02
CALL geometry3k_test_2854 oracle_corrupt_warned
FAIL	geometry3k_test_2854	oracle_corrupt_warned	pred='B'	gold='D'	complete=True	new_tokens=2	duration_s=5.00
CALL geometry3k_test_2854 oracle_corrupt_trusted
FAIL	geometry3k_test_2854	oracle_corrupt_trusted	pred='B'	gold='D'	complete=True	new_tokens=2	duration_s=5.00
CALL geometry3k_test_2855 raw
OK	geometry3k_test_2855	raw	pred='A'	gold='A'	complete=True	new_tokens=2	duration_s=4.53
CALL geometry3k_test_2855 oracle_full
OK	geometry3k_test_2855	oracle_full	pred='A'	gold='A'	complete=True	new_tokens=2	duration_s=6.48
CALL geometry3k_test_2855 oracle_topk3
OK	geometry3k_test_2855	oracle_topk3	pred='A'	gold='A'	complete=True	new_tokens=2	duration_s=4.87
CALL geometry3k_test_2855 oracle_topk6_cautious
OK	geometry3k_test_2855	oracle_topk6_cautious	pred='A'	gold='A'	complete=True	new_tokens=2	duration_s=5.12
CALL geometry3k_test_2855 oracle_topk3_trusted
OK	geometry3k_test_2855	oracle_topk3_trusted	pred='A'	gold='A'	complete=True	new_tokens=2	duration_s=4.84
CALL geometry3k_test_2855 oracle_topk6_trusted
OK	geometry3k_test_2855	oracle_topk6_trusted	pred='A'	gold='A'	complete=True	new_tokens=2	duration_s=5.11
CALL geometry3k_test_2855 oracle_corrupt_warned
OK	geometry3k_test_2855	oracle_corrupt_warned	pred='A'	gold='A'	complete=True	new_tokens=2	duration_s=5.13
CALL geometry3k_test_2855 oracle_corrupt_trusted
OK	geometry3k_test_2855	oracle_corrupt_trusted	pred='A'	gold='A'	complete=True	new_tokens=2	duration_s=5.10
CALL geometry3k_test_2856 raw
OK	geometry3k_test_2856	raw	pred='A'	gold='A'	complete=True	new_tokens=2	duration_s=10.72
CALL geometry3k_test_2856 oracle_full
OK	geometry3k_test_2856	oracle_full	pred='A'	gold='A'	complete=True	new_tokens=2	duration_s=12.50
CALL geometry3k_test_2856 oracle_topk3
OK	geometry3k_test_2856	oracle_topk3	pred='A'	gold='A'	complete=True	new_tokens=2	duration_s=11.16
CALL geometry3k_test_2856 oracle_topk6_cautious
OK	geometry3k_test_2856	oracle_topk6_cautious	pred='A'	gold='A'	complete=True	new_tokens=2	duration_s=11.40
CALL geometry3k_test_2856 oracle_topk3_trusted
OK	geometry3k_test_2856	oracle_topk3_trusted	pred='A'	gold='A'	complete=True	new_tokens=2	duration_s=11.13
CALL geometry3k_test_2856 oracle_topk6_trusted
OK	geometry3k_test_2856	oracle_topk6_trusted	pred='A'	gold='A'	complete=True	new_tokens=2	duration_s=11.40
CALL geometry3k_test_2856 oracle_corrupt_warned
OK	geometry3k_test_2856	oracle_corrupt_warned	pred='A'	gold='A'	complete=True	new_tokens=2	duration_s=11.41
CALL geometry3k_test_2856 oracle_corrupt_trusted
OK	geometry3k_test_2856	oracle_corrupt_trusted	pred='A'	gold='A'	complete=True	new_tokens=2	duration_s=11.42
CALL geometry3k_test_2857 raw
OK	geometry3k_test_2857	raw	pred='D'	gold='D'	complete=True	new_tokens=2	duration_s=8.72
CALL geometry3k_test_2857 oracle_full
OK	geometry3k_test_2857	oracle_full	pred='D'	gold='D'	complete=True	new_tokens=2	duration_s=10.40
CALL geometry3k_test_2857 oracle_topk3
OK	geometry3k_test_2857	oracle_topk3	pred='D'	gold='D'	complete=True	new_tokens=2	duration_s=9.07
CALL geometry3k_test_2857 oracle_topk6_cautious
OK	geometry3k_test_2857	oracle_topk6_cautious	pred='D'	gold='D'	complete=True	new_tokens=2	duration_s=9.13
CALL geometry3k_test_2857 oracle_topk3_trusted
OK	geometry3k_test_2857	oracle_topk3_trusted	pred='D'	gold='D'	complete=True	new_tokens=2	duration_s=9.09
CALL geometry3k_test_2857 oracle_topk6_trusted
OK	geometry3k_test_2857	oracle_topk6_trusted	pred='D'	gold='D'	complete=True	new_tokens=2	duration_s=9.13
CALL geometry3k_test_2857 oracle_corrupt_warned
OK	geometry3k_test_2857	oracle_corrupt_warned	pred='D'	gold='D'	complete=True	new_tokens=2	duration_s=9.09
CALL geometry3k_test_2857 oracle_corrupt_trusted
OK	geometry3k_test_2857	oracle_corrupt_trusted	pred='D'	gold='D'	complete=True	new_tokens=2	duration_s=9.10
CALL geometry3k_test_2858 raw
OK	geometry3k_test_2858	raw	pred='B'	gold='B'	complete=True	new_tokens=2	duration_s=4.43
CALL geometry3k_test_2858 oracle_full
OK	geometry3k_test_2858	oracle_full	pred='B'	gold='B'	complete=True	new_tokens=2	duration_s=6.38
CALL geometry3k_test_2858 oracle_topk3
OK	geometry3k_test_2858	oracle_topk3	pred='B'	gold='B'	complete=True	new_tokens=2	duration_s=4.81
CALL geometry3k_test_2858 oracle_topk6_cautious
OK	geometry3k_test_2858	oracle_topk6_cautious	pred='B'	gold='B'	complete=True	new_tokens=2	duration_s=5.06
CALL geometry3k_test_2858 oracle_topk3_trusted
OK	geometry3k_test_2858	oracle_topk3_trusted	pred='B'	gold='B'	complete=True	new_tokens=2	duration_s=4.80
CALL geometry3k_test_2858 oracle_topk6_trusted
OK	geometry3k_test_2858	oracle_topk6_trusted	pred='B'	gold='B'	complete=True	new_tokens=2	duration_s=5.05
CALL geometry3k_test_2858 oracle_corrupt_warned
OK	geometry3k_test_2858	oracle_corrupt_warned	pred='B'	gold='B'	complete=True	new_tokens=2	duration_s=5.06
CALL geometry3k_test_2858 oracle_corrupt_trusted
OK	geometry3k_test_2858	oracle_corrupt_trusted	pred='B'	gold='B'	complete=True	new_tokens=2	duration_s=5.05
CALL geometry3k_test_2859 raw
OK	geometry3k_test_2859	raw	pred='C'	gold='C'	complete=True	new_tokens=2	duration_s=4.42
CALL geometry3k_test_2859 oracle_full
OK	geometry3k_test_2859	oracle_full	pred='C'	gold='C'	complete=True	new_tokens=2	duration_s=5.74
CALL geometry3k_test_2859 oracle_topk3
OK	geometry3k_test_2859	oracle_topk3	pred='C'	gold='C'	complete=True	new_tokens=2	duration_s=4.75
CALL geometry3k_test_2859 oracle_topk6_cautious
OK	geometry3k_test_2859	oracle_topk6_cautious	pred='C'	gold='C'	complete=True	new_tokens=2	duration_s=5.02
CALL geometry3k_test_2859 oracle_topk3_trusted
OK	geometry3k_test_2859	oracle_topk3_trusted	pred='C'	gold='C'	complete=True	new_tokens=2	duration_s=4.76
CALL geometry3k_test_2859 oracle_topk6_trusted
OK	geometry3k_test_2859	oracle_topk6_trusted	pred='C'	gold='C'	complete=True	new_tokens=2	duration_s=4.98
CALL geometry3k_test_2859 oracle_corrupt_warned
OK	geometry3k_test_2859	oracle_corrupt_warned	pred='C'	gold='C'	complete=True	new_tokens=2	duration_s=5.00
CALL geometry3k_test_2859 oracle_corrupt_trusted
OK	geometry3k_test_2859	oracle_corrupt_trusted	pred='C'	gold='C'	complete=True	new_tokens=2	duration_s=5.00
CALL geometry3k_test_2860 raw
FAIL	geometry3k_test_2860	raw	pred='B'	gold='C'	complete=True	new_tokens=2	duration_s=4.21
CALL geometry3k_test_2860 oracle_full
FAIL	geometry3k_test_2860	oracle_full	pred='B'	gold='C'	complete=True	new_tokens=2	duration_s=6.24
CALL geometry3k_test_2860 oracle_topk3
FAIL	geometry3k_test_2860	oracle_topk3	pred='B'	gold='C'	complete=True	new_tokens=2	duration_s=4.56
CALL geometry3k_test_2860 oracle_topk6_cautious
FAIL	geometry3k_test_2860	oracle_topk6_cautious	pred='B'	gold='C'	complete=True	new_tokens=2	duration_s=4.78
CALL geometry3k_test_2860 oracle_topk3_trusted
FAIL	geometry3k_test_2860	oracle_topk3_trusted	pred='B'	gold='C'	complete=True	new_tokens=2	duration_s=4.52
CALL geometry3k_test_2860 oracle_topk6_trusted
FAIL	geometry3k_test_2860	oracle_topk6_trusted	pred='B'	gold='C'	complete=True	new_tokens=2	duration_s=4.57
CALL geometry3k_test_2860 oracle_corrupt_warned
FAIL	geometry3k_test_2860	oracle_corrupt_warned	pred='B'	gold='C'	complete=True	new_tokens=2	duration_s=4.55
CALL geometry3k_test_2860 oracle_corrupt_trusted
FAIL	geometry3k_test_2860	oracle_corrupt_trusted	pred='B'	gold='C'	complete=True	new_tokens=2	duration_s=4.57
CALL geometry3k_test_2861 raw
OK	geometry3k_test_2861	raw	pred='A'	gold='A'	complete=True	new_tokens=2	duration_s=6.06
CALL geometry3k_test_2861 oracle_full
OK	geometry3k_test_2861	oracle_full	pred='A'	gold='A'	complete=True	new_tokens=2	duration_s=9.83
CALL geometry3k_test_2861 oracle_topk3
OK	geometry3k_test_2861	oracle_topk3	pred='A'	gold='A'	complete=True	new_tokens=2	duration_s=6.67
CALL geometry3k_test_2861 oracle_topk6_cautious
OK	geometry3k_test_2861	oracle_topk6_cautious	pred='A'	gold='A'	complete=True	new_tokens=2	duration_s=7.01
CALL geometry3k_test_2861 oracle_topk3_trusted
OK	geometry3k_test_2861	oracle_topk3_trusted	pred='A'	gold='A'	complete=True	new_tokens=2	duration_s=6.68
CALL geometry3k_test_2861 oracle_topk6_trusted
OK	geometry3k_test_2861	oracle_topk6_trusted	pred='A'	gold='A'	complete=True	new_tokens=2	duration_s=6.99
CALL geometry3k_test_2861 oracle_corrupt_warned
OK	geometry3k_test_2861	oracle_corrupt_warned	pred='A'	gold='A'	complete=True	new_tokens=2	duration_s=7.03
CALL geometry3k_test_2861 oracle_corrupt_trusted
OK	geometry3k_test_2861	oracle_corrupt_trusted	pred='A'	gold='A'	complete=True	new_tokens=2	duration_s=6.96
CALL geometry3k_test_2862 raw
FAIL	geometry3k_test_2862	raw	pred='C'	gold='D'	complete=True	new_tokens=2	duration_s=7.92
CALL geometry3k_test_2862 oracle_full
FAIL	geometry3k_test_2862	oracle_full	pred='C'	gold='D'	complete=True	new_tokens=2	duration_s=9.63
CALL geometry3k_test_2862 oracle_topk3
FAIL	geometry3k_test_2862	oracle_topk3	pred='C'	gold='D'	complete=True	new_tokens=2	duration_s=8.19
CALL geometry3k_test_2862 oracle_topk6_cautious
FAIL	geometry3k_test_2862	oracle_topk6_cautious	pred='C'	gold='D'	complete=True	new_tokens=2	duration_s=8.55
CALL geometry3k_test_2862 oracle_topk3_trusted
FAIL	geometry3k_test_2862	oracle_topk3_trusted	pred='C'	gold='D'	complete=True	new_tokens=2	duration_s=8.17
CALL geometry3k_test_2862 oracle_topk6_trusted
FAIL	geometry3k_test_2862	oracle_topk6_trusted	pred='C'	gold='D'	complete=True	new_tokens=2	duration_s=8.53
CALL geometry3k_test_2862 oracle_corrupt_warned
FAIL	geometry3k_test_2862	oracle_corrupt_warned	pred='C'	gold='D'	complete=True	new_tokens=2	duration_s=8.51
CALL geometry3k_test_2862 oracle_corrupt_trusted
FAIL	geometry3k_test_2862	oracle_corrupt_trusted	pred='C'	gold='D'	complete=True	new_tokens=2	duration_s=8.55
CALL geometry3k_test_2863 raw
FAIL	geometry3k_test_2863	raw	pred='B'	gold='D'	complete=True	new_tokens=2	duration_s=9.22
CALL geometry3k_test_2863 oracle_full
FAIL	geometry3k_test_2863	oracle_full	pred='B'	gold='D'	complete=True	new_tokens=2	duration_s=12.70
CALL geometry3k_test_2863 oracle_topk3
FAIL	geometry3k_test_2863	oracle_topk3	pred='B'	gold='D'	complete=True	new_tokens=2	duration_s=9.62
CALL geometry3k_test_2863 oracle_topk6_cautious
FAIL	geometry3k_test_2863	oracle_topk6_cautious	pred='B'	gold='D'	complete=True	new_tokens=2	duration_s=9.98
CALL geometry3k_test_2863 oracle_topk3_trusted
FAIL	geometry3k_test_2863	oracle_topk3_trusted	pred='B'	gold='D'	complete=True	new_tokens=2	duration_s=9.63
CALL geometry3k_test_2863 oracle_topk6_trusted
FAIL	geometry3k_test_2863	oracle_topk6_trusted	pred='B'	gold='D'	complete=True	new_tokens=2	duration_s=9.96
CALL geometry3k_test_2863 oracle_corrupt_warned
FAIL	geometry3k_test_2863	oracle_corrupt_warned	pred='B'	gold='D'	complete=True	new_tokens=2	duration_s=9.92
CALL geometry3k_test_2863 oracle_corrupt_trusted
FAIL	geometry3k_test_2863	oracle_corrupt_trusted	pred='B'	gold='D'	complete=True	new_tokens=2	duration_s=9.94
CALL geometry3k_test_2864 raw
FAIL	geometry3k_test_2864	raw	pred='C'	gold='A'	complete=True	new_tokens=2	duration_s=4.44
CALL geometry3k_test_2864 oracle_full
FAIL	geometry3k_test_2864	oracle_full	pred='C'	gold='A'	complete=True	new_tokens=2	duration_s=6.05
CALL geometry3k_test_2864 oracle_topk3
FAIL	geometry3k_test_2864	oracle_topk3	pred='C'	gold='A'	complete=True	new_tokens=8	duration_s=5.30
CALL geometry3k_test_2864 oracle_topk6_cautious
FAIL	geometry3k_test_2864	oracle_topk6_cautious	pred='C'	gold='A'	complete=True	new_tokens=8	duration_s=5.52
CALL geometry3k_test_2864 oracle_topk3_trusted
FAIL	geometry3k_test_2864	oracle_topk3_trusted	pred='C'	gold='A'	complete=True	new_tokens=8	duration_s=5.26
CALL geometry3k_test_2864 oracle_topk6_trusted
FAIL	geometry3k_test_2864	oracle_topk6_trusted	pred='C'	gold='A'	complete=True	new_tokens=8	duration_s=5.54
CALL geometry3k_test_2864 oracle_corrupt_warned
FAIL	geometry3k_test_2864	oracle_corrupt_warned	pred='C'	gold='A'	complete=True	new_tokens=2	duration_s=5.01
CALL geometry3k_test_2864 oracle_corrupt_trusted
FAIL	geometry3k_test_2864	oracle_corrupt_trusted	pred='C'	gold='A'	complete=True	new_tokens=2	duration_s=5.01
CALL geometry3k_test_2865 raw
FAIL	geometry3k_test_2865	raw	pred='B'	gold='C'	complete=True	new_tokens=2	duration_s=6.35
CALL geometry3k_test_2865 oracle_full
FAIL	geometry3k_test_2865	oracle_full	pred='B'	gold='C'	complete=True	new_tokens=2	duration_s=7.68
CALL geometry3k_test_2865 oracle_topk3
FAIL	geometry3k_test_2865	oracle_topk3	pred='B'	gold='C'	complete=True	new_tokens=2	duration_s=6.62
CALL geometry3k_test_2865 oracle_topk6_cautious
FAIL	geometry3k_test_2865	oracle_topk6_cautious	pred='B'	gold='C'	complete=True	new_tokens=2	duration_s=6.67
CALL geometry3k_test_2865 oracle_topk3_trusted
FAIL	geometry3k_test_2865	oracle_topk3_trusted	pred='B'	gold='C'	complete=True	new_tokens=2	duration_s=6.62
CALL geometry3k_test_2865 oracle_topk6_trusted
FAIL	geometry3k_test_2865	oracle_topk6_trusted	pred='B'	gold='C'	complete=True	new_tokens=2	duration_s=6.65
CALL geometry3k_test_2865 oracle_corrupt_warned
FAIL	geometry3k_test_2865	oracle_corrupt_warned	pred='B'	gold='C'	complete=True	new_tokens=2	duration_s=6.65
CALL geometry3k_test_2865 oracle_corrupt_trusted
FAIL	geometry3k_test_2865	oracle_corrupt_trusted	pred='B'	gold='C'	complete=True	new_tokens=2	duration_s=6.63
CALL geometry3k_test_2866 raw
OK	geometry3k_test_2866	raw	pred='A'	gold='A'	complete=True	new_tokens=2	duration_s=8.65
CALL geometry3k_test_2866 oracle_full
FAIL	geometry3k_test_2866	oracle_full	pred='B'	gold='A'	complete=True	new_tokens=2	duration_s=15.16
CALL geometry3k_test_2866 oracle_topk3
OK	geometry3k_test_2866	oracle_topk3	pred='A'	gold='A'	complete=True	new_tokens=2	duration_s=9.00
CALL geometry3k_test_2866 oracle_topk6_cautious
FAIL	geometry3k_test_2866	oracle_topk6_cautious	pred='C'	gold='A'	complete=True	new_tokens=2	duration_s=9.37
CALL geometry3k_test_2866 oracle_topk3_trusted
OK	geometry3k_test_2866	oracle_topk3_trusted	pred='A'	gold='A'	complete=True	new_tokens=2	duration_s=8.95
CALL geometry3k_test_2866 oracle_topk6_trusted
OK	geometry3k_test_2866	oracle_topk6_trusted	pred='A'	gold='A'	complete=True	new_tokens=2	duration_s=9.33
CALL geometry3k_test_2866 oracle_corrupt_warned
OK	geometry3k_test_2866	oracle_corrupt_warned	pred='A'	gold='A'	complete=True	new_tokens=2	duration_s=9.31
CALL geometry3k_test_2866 oracle_corrupt_trusted
OK	geometry3k_test_2866	oracle_corrupt_trusted	pred='A'	gold='A'	complete=True	new_tokens=2	duration_s=9.28
CALL geometry3k_test_2867 raw
FAIL	geometry3k_test_2867	raw	pred='B'	gold='D'	complete=True	new_tokens=2	duration_s=12.73
CALL geometry3k_test_2867 oracle_full
FAIL	geometry3k_test_2867	oracle_full	pred='B'	gold='D'	complete=True	new_tokens=2	duration_s=15.49
CALL geometry3k_test_2867 oracle_topk3
FAIL	geometry3k_test_2867	oracle_topk3	pred='B'	gold='D'	complete=True	new_tokens=2	duration_s=13.10
CALL geometry3k_test_2867 oracle_topk6_cautious
FAIL	geometry3k_test_2867	oracle_topk6_cautious	pred='B'	gold='D'	complete=True	new_tokens=2	duration_s=13.44
CALL geometry3k_test_2867 oracle_topk3_trusted
FAIL	geometry3k_test_2867	oracle_topk3_trusted	pred='B'	gold='D'	complete=True	new_tokens=2	duration_s=13.09
CALL geometry3k_test_2867 oracle_topk6_trusted
FAIL	geometry3k_test_2867	oracle_topk6_trusted	pred='B'	gold='D'	complete=True	new_tokens=2	duration_s=13.46
CALL geometry3k_test_2867 oracle_corrupt_warned
FAIL	geometry3k_test_2867	oracle_corrupt_warned	pred='B'	gold='D'	complete=True	new_tokens=2	duration_s=13.42
CALL geometry3k_test_2867 oracle_corrupt_trusted
FAIL	geometry3k_test_2867	oracle_corrupt_trusted	pred='B'	gold='D'	complete=True	new_tokens=2	duration_s=13.37
CALL geometry3k_test_2868 raw
OK	geometry3k_test_2868	raw	pred='B'	gold='B'	complete=True	new_tokens=7	duration_s=9.68
CALL geometry3k_test_2868 oracle_full
OK	geometry3k_test_2868	oracle_full	pred='B'	gold='B'	complete=True	new_tokens=2	duration_s=10.96
CALL geometry3k_test_2868 oracle_topk3
OK	geometry3k_test_2868	oracle_topk3	pred='B'	gold='B'	complete=True	new_tokens=2	duration_s=9.63
CALL geometry3k_test_2868 oracle_topk6_cautious
OK	geometry3k_test_2868	oracle_topk6_cautious	pred='B'	gold='B'	complete=True	new_tokens=2	duration_s=9.66
CALL geometry3k_test_2868 oracle_topk3_trusted
OK	geometry3k_test_2868	oracle_topk3_trusted	pred='B'	gold='B'	complete=True	new_tokens=2	duration_s=9.63
CALL geometry3k_test_2868 oracle_topk6_trusted
OK	geometry3k_test_2868	oracle_topk6_trusted	pred='B'	gold='B'	complete=True	new_tokens=2	duration_s=9.66
CALL geometry3k_test_2868 oracle_corrupt_warned
OK	geometry3k_test_2868	oracle_corrupt_warned	pred='B'	gold='B'	complete=True	new_tokens=2	duration_s=9.62
CALL geometry3k_test_2868 oracle_corrupt_trusted
OK	geometry3k_test_2868	oracle_corrupt_trusted	pred='B'	gold='B'	complete=True	new_tokens=2	duration_s=9.61
CALL geometry3k_test_2869 raw
FAIL	geometry3k_test_2869	raw	pred='A'	gold='B'	complete=True	new_tokens=2	duration_s=5.03
CALL geometry3k_test_2869 oracle_full
FAIL	geometry3k_test_2869	oracle_full	pred='A'	gold='B'	complete=True	new_tokens=2	duration_s=6.67
CALL geometry3k_test_2869 oracle_topk3
FAIL	geometry3k_test_2869	oracle_topk3	pred='A'	gold='B'	complete=True	new_tokens=8	duration_s=6.13
CALL geometry3k_test_2869 oracle_topk6_cautious
FAIL	geometry3k_test_2869	oracle_topk6_cautious	pred='A'	gold='B'	complete=True	new_tokens=2	duration_s=5.59
CALL geometry3k_test_2869 oracle_topk3_trusted
FAIL	geometry3k_test_2869	oracle_topk3_trusted	pred='A'	gold='B'	complete=True	new_tokens=8	duration_s=5.87
CALL geometry3k_test_2869 oracle_topk6_trusted
FAIL	geometry3k_test_2869	oracle_topk6_trusted	pred='A'	gold='B'	complete=True	new_tokens=2	duration_s=5.59
CALL geometry3k_test_2869 oracle_corrupt_warned
FAIL	geometry3k_test_2869	oracle_corrupt_warned	pred='A'	gold='B'	complete=True	new_tokens=2	duration_s=5.60
CALL geometry3k_test_2869 oracle_corrupt_trusted
FAIL	geometry3k_test_2869	oracle_corrupt_trusted	pred='A'	gold='B'	complete=True	new_tokens=2	duration_s=5.61
CALL geometry3k_test_2870 raw
OK	geometry3k_test_2870	raw	pred='C'	gold='C'	complete=True	new_tokens=2	duration_s=7.86
CALL geometry3k_test_2870 oracle_full
OK	geometry3k_test_2870	oracle_full	pred='C'	gold='C'	complete=True	new_tokens=2	duration_s=10.16
CALL geometry3k_test_2870 oracle_topk3
OK	geometry3k_test_2870	oracle_topk3	pred='C'	gold='C'	complete=True	new_tokens=2	duration_s=8.44
CALL geometry3k_test_2870 oracle_topk6_cautious
OK	geometry3k_test_2870	oracle_topk6_cautious	pred='C'	gold='C'	complete=True	new_tokens=2	duration_s=8.49
CALL geometry3k_test_2870 oracle_topk3_trusted
OK	geometry3k_test_2870	oracle_topk3_trusted	pred='C'	gold='C'	complete=True	new_tokens=2	duration_s=8.14
CALL geometry3k_test_2870 oracle_topk6_trusted
OK	geometry3k_test_2870	oracle_topk6_trusted	pred='C'	gold='C'	complete=True	new_tokens=2	duration_s=8.50
CALL geometry3k_test_2870 oracle_corrupt_warned
OK	geometry3k_test_2870	oracle_corrupt_warned	pred='C'	gold='C'	complete=True	new_tokens=2	duration_s=8.49
CALL geometry3k_test_2870 oracle_corrupt_trusted
OK	geometry3k_test_2870	oracle_corrupt_trusted	pred='C'	gold='C'	complete=True	new_tokens=2	duration_s=8.48
CALL geometry3k_test_2871 raw
OK	geometry3k_test_2871	raw	pred='B'	gold='B'	complete=True	new_tokens=2	duration_s=3.85
CALL geometry3k_test_2871 oracle_full
OK	geometry3k_test_2871	oracle_full	pred='B'	gold='B'	complete=True	new_tokens=2	duration_s=5.14
CALL geometry3k_test_2871 oracle_topk3
OK	geometry3k_test_2871	oracle_topk3	pred='B'	gold='B'	complete=True	new_tokens=2	duration_s=4.20
CALL geometry3k_test_2871 oracle_topk6_cautious
OK	geometry3k_test_2871	oracle_topk6_cautious	pred='B'	gold='B'	complete=True	new_tokens=2	duration_s=4.23
CALL geometry3k_test_2871 oracle_topk3_trusted
OK	geometry3k_test_2871	oracle_topk3_trusted	pred='B'	gold='B'	complete=True	new_tokens=2	duration_s=4.20
CALL geometry3k_test_2871 oracle_topk6_trusted
OK	geometry3k_test_2871	oracle_topk6_trusted	pred='B'	gold='B'	complete=True	new_tokens=2	duration_s=4.20
CALL geometry3k_test_2871 oracle_corrupt_warned
OK	geometry3k_test_2871	oracle_corrupt_warned	pred='B'	gold='B'	complete=True	new_tokens=2	duration_s=4.19
CALL geometry3k_test_2871 oracle_corrupt_trusted
OK	geometry3k_test_2871	oracle_corrupt_trusted	pred='B'	gold='B'	complete=True	new_tokens=2	duration_s=4.19
CALL geometry3k_test_2872 raw
OK	geometry3k_test_2872	raw	pred='C'	gold='C'	complete=True	new_tokens=2	duration_s=4.58
CALL geometry3k_test_2872 oracle_full
OK	geometry3k_test_2872	oracle_full	pred='C'	gold='C'	complete=True	new_tokens=2	duration_s=6.23
CALL geometry3k_test_2872 oracle_topk3
OK	geometry3k_test_2872	oracle_topk3	pred='C'	gold='C'	complete=True	new_tokens=2	duration_s=4.95
CALL geometry3k_test_2872 oracle_topk6_cautious
OK	geometry3k_test_2872	oracle_topk6_cautious	pred='C'	gold='C'	complete=True	new_tokens=2	duration_s=5.22
CALL geometry3k_test_2872 oracle_topk3_trusted
OK	geometry3k_test_2872	oracle_topk3_trusted	pred='C'	gold='C'	complete=True	new_tokens=2	duration_s=4.94
CALL geometry3k_test_2872 oracle_topk6_trusted
OK	geometry3k_test_2872	oracle_topk6_trusted	pred='C'	gold='C'	complete=True	new_tokens=2	duration_s=5.21
CALL geometry3k_test_2872 oracle_corrupt_warned
OK	geometry3k_test_2872	oracle_corrupt_warned	pred='C'	gold='C'	complete=True	new_tokens=2	duration_s=5.22
CALL geometry3k_test_2872 oracle_corrupt_trusted
OK	geometry3k_test_2872	oracle_corrupt_trusted	pred='C'	gold='C'	complete=True	new_tokens=2	duration_s=5.22
CALL geometry3k_test_2873 raw
OK	geometry3k_test_2873	raw	pred='C'	gold='C'	complete=True	new_tokens=2	duration_s=4.21
CALL geometry3k_test_2873 oracle_full
FAIL	geometry3k_test_2873	oracle_full	pred='B'	gold='C'	complete=True	new_tokens=2	duration_s=5.86
CALL geometry3k_test_2873 oracle_topk3
OK	geometry3k_test_2873	oracle_topk3	pred='C'	gold='C'	complete=True	new_tokens=2	duration_s=4.54
CALL geometry3k_test_2873 oracle_topk6_cautious
FAIL	geometry3k_test_2873	oracle_topk6_cautious	pred='B'	gold='C'	complete=True	new_tokens=2	duration_s=4.82
CALL geometry3k_test_2873 oracle_topk3_trusted
OK	geometry3k_test_2873	oracle_topk3_trusted	pred='C'	gold='C'	complete=True	new_tokens=2	duration_s=4.57
CALL geometry3k_test_2873 oracle_topk6_trusted
FAIL	geometry3k_test_2873	oracle_topk6_trusted	pred='B'	gold='C'	complete=True	new_tokens=2	duration_s=4.78
CALL geometry3k_test_2873 oracle_corrupt_warned
FAIL	geometry3k_test_2873	oracle_corrupt_warned	pred='B'	gold='C'	complete=True	new_tokens=2	duration_s=4.57
CALL geometry3k_test_2873 oracle_corrupt_trusted
FAIL	geometry3k_test_2873	oracle_corrupt_trusted	pred='B'	gold='C'	complete=True	new_tokens=2	duration_s=4.59
CALL geometry3k_test_2874 raw
OK	geometry3k_test_2874	raw	pred='B'	gold='B'	complete=True	new_tokens=2	duration_s=11.12
CALL geometry3k_test_2874 oracle_full
OK	geometry3k_test_2874	oracle_full	pred='B'	gold='B'	complete=True	new_tokens=2	duration_s=14.65
CALL geometry3k_test_2874 oracle_topk3
OK	geometry3k_test_2874	oracle_topk3	pred='B'	gold='B'	complete=True	new_tokens=2	duration_s=11.44
CALL geometry3k_test_2874 oracle_topk6_cautious
OK	geometry3k_test_2874	oracle_topk6_cautious	pred='B'	gold='B'	complete=True	new_tokens=2	duration_s=11.48
CALL geometry3k_test_2874 oracle_topk3_trusted
OK	geometry3k_test_2874	oracle_topk3_trusted	pred='B'	gold='B'	complete=True	new_tokens=2	duration_s=11.46
CALL geometry3k_test_2874 oracle_topk6_trusted
OK	geometry3k_test_2874	oracle_topk6_trusted	pred='B'	gold='B'	complete=True	new_tokens=2	duration_s=11.48
CALL geometry3k_test_2874 oracle_corrupt_warned
OK	geometry3k_test_2874	oracle_corrupt_warned	pred='B'	gold='B'	complete=True	new_tokens=2	duration_s=11.49
CALL geometry3k_test_2874 oracle_corrupt_trusted
OK	geometry3k_test_2874	oracle_corrupt_trusted	pred='B'	gold='B'	complete=True	new_tokens=2	duration_s=11.45
CALL geometry3k_test_2875 raw
OK	geometry3k_test_2875	raw	pred='B'	gold='B'	complete=True	new_tokens=2	duration_s=10.24
CALL geometry3k_test_2875 oracle_full
OK	geometry3k_test_2875	oracle_full	pred='B'	gold='B'	complete=True	new_tokens=2	duration_s=12.61
CALL geometry3k_test_2875 oracle_topk3
OK	geometry3k_test_2875	oracle_topk3	pred='B'	gold='B'	complete=True	new_tokens=2	duration_s=10.61
CALL geometry3k_test_2875 oracle_topk6_cautious
FAIL	geometry3k_test_2875	oracle_topk6_cautious	pred='A'	gold='B'	complete=True	new_tokens=2	duration_s=10.92
CALL geometry3k_test_2875 oracle_topk3_trusted
OK	geometry3k_test_2875	oracle_topk3_trusted	pred='B'	gold='B'	complete=True	new_tokens=2	duration_s=10.62
CALL geometry3k_test_2875 oracle_topk6_trusted
OK	geometry3k_test_2875	oracle_topk6_trusted	pred='B'	gold='B'	complete=True	new_tokens=2	duration_s=10.95
CALL geometry3k_test_2875 oracle_corrupt_warned
OK	geometry3k_test_2875	oracle_corrupt_warned	pred='B'	gold='B'	complete=True	new_tokens=2	duration_s=10.92
CALL geometry3k_test_2875 oracle_corrupt_trusted
OK	geometry3k_test_2875	oracle_corrupt_trusted	pred='B'	gold='B'	complete=True	new_tokens=2	duration_s=10.67
CALL geometry3k_test_2876 raw
FAIL	geometry3k_test_2876	raw	pred='B'	gold='A'	complete=True	new_tokens=2	duration_s=5.27
CALL geometry3k_test_2876 oracle_full
OK	geometry3k_test_2876	oracle_full	pred='A'	gold='A'	complete=True	new_tokens=2	duration_s=8.34
CALL geometry3k_test_2876 oracle_topk3
OK	geometry3k_test_2876	oracle_topk3	pred='A'	gold='A'	complete=True	new_tokens=2	duration_s=5.63
CALL geometry3k_test_2876 oracle_topk6_cautious
FAIL	geometry3k_test_2876	oracle_topk6_cautious	pred='B'	gold='A'	complete=True	new_tokens=2	duration_s=5.93
CALL geometry3k_test_2876 oracle_topk3_trusted
OK	geometry3k_test_2876	oracle_topk3_trusted	pred='A'	gold='A'	complete=True	new_tokens=2	duration_s=5.59
CALL geometry3k_test_2876 oracle_topk6_trusted
FAIL	geometry3k_test_2876	oracle_topk6_trusted	pred='B'	gold='A'	complete=True	new_tokens=2	duration_s=5.93
CALL geometry3k_test_2876 oracle_corrupt_warned
FAIL	geometry3k_test_2876	oracle_corrupt_warned	pred='B'	gold='A'	complete=True	new_tokens=2	duration_s=5.92
CALL geometry3k_test_2876 oracle_corrupt_trusted
FAIL	geometry3k_test_2876	oracle_corrupt_trusted	pred='B'	gold='A'	complete=True	new_tokens=2	duration_s=5.92
CALL geometry3k_test_2877 raw
OK	geometry3k_test_2877	raw	pred='C'	gold='C'	complete=True	new_tokens=2	duration_s=4.19
CALL geometry3k_test_2877 oracle_full
OK	geometry3k_test_2877	oracle_full	pred='C'	gold='C'	complete=True	new_tokens=2	duration_s=5.83
CALL geometry3k_test_2877 oracle_topk3
OK	geometry3k_test_2877	oracle_topk3	pred='C'	gold='C'	complete=True	new_tokens=2	duration_s=4.54
CALL geometry3k_test_2877 oracle_topk6_cautious
OK	geometry3k_test_2877	oracle_topk6_cautious	pred='C'	gold='C'	complete=True	new_tokens=2	duration_s=4.56
CALL geometry3k_test_2877 oracle_topk3_trusted
OK	geometry3k_test_2877	oracle_topk3_trusted	pred='C'	gold='C'	complete=True	new_tokens=2	duration_s=4.53
CALL geometry3k_test_2877 oracle_topk6_trusted
OK	geometry3k_test_2877	oracle_topk6_trusted	pred='C'	gold='C'	complete=True	new_tokens=2	duration_s=4.55
CALL geometry3k_test_2877 oracle_corrupt_warned
OK	geometry3k_test_2877	oracle_corrupt_warned	pred='C'	gold='C'	complete=True	new_tokens=2	duration_s=4.53
CALL geometry3k_test_2877 oracle_corrupt_trusted
OK	geometry3k_test_2877	oracle_corrupt_trusted	pred='C'	gold='C'	complete=True	new_tokens=2	duration_s=4.56
CALL geometry3k_test_2878 raw
OK	geometry3k_test_2878	raw	pred='B'	gold='B'	complete=True	new_tokens=2	duration_s=4.24
CALL geometry3k_test_2878 oracle_full
OK	geometry3k_test_2878	oracle_full	pred='B'	gold='B'	complete=True	new_tokens=2	duration_s=6.21
CALL geometry3k_test_2878 oracle_topk3
OK	geometry3k_test_2878	oracle_topk3	pred='B'	gold='B'	complete=True	new_tokens=2	duration_s=4.81
CALL geometry3k_test_2878 oracle_topk6_cautious
OK	geometry3k_test_2878	oracle_topk6_cautious	pred='B'	gold='B'	complete=True	new_tokens=2	duration_s=4.85
CALL geometry3k_test_2878 oracle_topk3_trusted
OK	geometry3k_test_2878	oracle_topk3_trusted	pred='B'	gold='B'	complete=True	new_tokens=2	duration_s=4.79
CALL geometry3k_test_2878 oracle_topk6_trusted
OK	geometry3k_test_2878	oracle_topk6_trusted	pred='B'	gold='B'	complete=True	new_tokens=2	duration_s=4.83
CALL geometry3k_test_2878 oracle_corrupt_warned
OK	geometry3k_test_2878	oracle_corrupt_warned	pred='B'	gold='B'	complete=True	new_tokens=2	duration_s=4.85
CALL geometry3k_test_2878 oracle_corrupt_trusted
OK	geometry3k_test_2878	oracle_corrupt_trusted	pred='B'	gold='B'	complete=True	new_tokens=2	duration_s=4.83
CALL geometry3k_test_2879 raw
OK	geometry3k_test_2879	raw	pred='C'	gold='C'	complete=True	new_tokens=2	duration_s=4.13
CALL geometry3k_test_2879 oracle_full
FAIL	geometry3k_test_2879	oracle_full	pred='B'	gold='C'	complete=True	new_tokens=2	duration_s=5.46
CALL geometry3k_test_2879 oracle_topk3
FAIL	geometry3k_test_2879	oracle_topk3	pred='B'	gold='C'	complete=True	new_tokens=2	duration_s=4.48
CALL geometry3k_test_2879 oracle_topk6_cautious
FAIL	geometry3k_test_2879	oracle_topk6_cautious	pred='B'	gold='C'	complete=True	new_tokens=2	duration_s=4.74
CALL geometry3k_test_2879 oracle_topk3_trusted
FAIL	geometry3k_test_2879	oracle_topk3_trusted	pred='B'	gold='C'	complete=True	new_tokens=2	duration_s=4.45
CALL geometry3k_test_2879 oracle_topk6_trusted
OK	geometry3k_test_2879	oracle_topk6_trusted	pred='C'	gold='C'	complete=True	new_tokens=2	duration_s=4.48
CALL geometry3k_test_2879 oracle_corrupt_warned
FAIL	geometry3k_test_2879	oracle_corrupt_warned	pred='B'	gold='C'	complete=True	new_tokens=2	duration_s=4.49
CALL geometry3k_test_2879 oracle_corrupt_trusted
FAIL	geometry3k_test_2879	oracle_corrupt_trusted	pred='B'	gold='C'	complete=True	new_tokens=2	duration_s=4.47
CALL geometry3k_test_2880 raw
OK	geometry3k_test_2880	raw	pred='D'	gold='D'	complete=True	new_tokens=7	duration_s=5.32
CALL geometry3k_test_2880 oracle_full
OK	geometry3k_test_2880	oracle_full	pred='D'	gold='D'	complete=True	new_tokens=7	duration_s=7.76
CALL geometry3k_test_2880 oracle_topk3
OK	geometry3k_test_2880	oracle_topk3	pred='D'	gold='D'	complete=True	new_tokens=7	duration_s=5.64
CALL geometry3k_test_2880 oracle_topk6_cautious
OK	geometry3k_test_2880	oracle_topk6_cautious	pred='D'	gold='D'	complete=True	new_tokens=7	duration_s=5.66
CALL geometry3k_test_2880 oracle_topk3_trusted
OK	geometry3k_test_2880	oracle_topk3_trusted	pred='D'	gold='D'	complete=True	new_tokens=7	duration_s=5.61
CALL geometry3k_test_2880 oracle_topk6_trusted
OK	geometry3k_test_2880	oracle_topk6_trusted	pred='D'	gold='D'	complete=True	new_tokens=7	duration_s=5.66
CALL geometry3k_test_2880 oracle_corrupt_warned
OK	geometry3k_test_2880	oracle_corrupt_warned	pred='D'	gold='D'	complete=True	new_tokens=7	duration_s=5.68
CALL geometry3k_test_2880 oracle_corrupt_trusted
OK	geometry3k_test_2880	oracle_corrupt_trusted	pred='D'	gold='D'	complete=True	new_tokens=7	duration_s=5.68
CALL geometry3k_test_2881 raw
OK	geometry3k_test_2881	raw	pred='B'	gold='B'	complete=True	new_tokens=2	duration_s=13.16
CALL geometry3k_test_2881 oracle_full
OK	geometry3k_test_2881	oracle_full	pred='B'	gold='B'	complete=True	new_tokens=2	duration_s=15.55
CALL geometry3k_test_2881 oracle_topk3
OK	geometry3k_test_2881	oracle_topk3	pred='B'	gold='B'	complete=True	new_tokens=2	duration_s=13.48
CALL geometry3k_test_2881 oracle_topk6_cautious
OK	geometry3k_test_2881	oracle_topk6_cautious	pred='B'	gold='B'	complete=True	new_tokens=2	duration_s=13.82
CALL geometry3k_test_2881 oracle_topk3_trusted
OK	geometry3k_test_2881	oracle_topk3_trusted	pred='B'	gold='B'	complete=True	new_tokens=2	duration_s=13.51
CALL geometry3k_test_2881 oracle_topk6_trusted
OK	geometry3k_test_2881	oracle_topk6_trusted	pred='B'	gold='B'	complete=True	new_tokens=2	duration_s=13.78
CALL geometry3k_test_2881 oracle_corrupt_warned
OK	geometry3k_test_2881	oracle_corrupt_warned	pred='B'	gold='B'	complete=True	new_tokens=2	duration_s=13.75
CALL geometry3k_test_2881 oracle_corrupt_trusted
OK	geometry3k_test_2881	oracle_corrupt_trusted	pred='B'	gold='B'	complete=True	new_tokens=2	duration_s=13.78
CALL geometry3k_test_2882 raw
OK	geometry3k_test_2882	raw	pred='C'	gold='C'	complete=True	new_tokens=2	duration_s=13.21
CALL geometry3k_test_2882 oracle_full
OK	geometry3k_test_2882	oracle_full	pred='C'	gold='C'	complete=True	new_tokens=2	duration_s=15.54
CALL geometry3k_test_2882 oracle_topk3
OK	geometry3k_test_2882	oracle_topk3	pred='C'	gold='C'	complete=True	new_tokens=2	duration_s=13.61
CALL geometry3k_test_2882 oracle_topk6_cautious
OK	geometry3k_test_2882	oracle_topk6_cautious	pred='C'	gold='C'	complete=True	new_tokens=2	duration_s=13.84
CALL geometry3k_test_2882 oracle_topk3_trusted
OK	geometry3k_test_2882	oracle_topk3_trusted	pred='C'	gold='C'	complete=True	new_tokens=2	duration_s=13.57
CALL geometry3k_test_2882 oracle_topk6_trusted
OK	geometry3k_test_2882	oracle_topk6_trusted	pred='C'	gold='C'	complete=True	new_tokens=2	duration_s=13.89
CALL geometry3k_test_2882 oracle_corrupt_warned
OK	geometry3k_test_2882	oracle_corrupt_warned	pred='C'	gold='C'	complete=True	new_tokens=2	duration_s=13.86
CALL geometry3k_test_2882 oracle_corrupt_trusted
OK	geometry3k_test_2882	oracle_corrupt_trusted	pred='C'	gold='C'	complete=True	new_tokens=2	duration_s=13.88
CALL geometry3k_test_2883 raw
OK	geometry3k_test_2883	raw	pred='B'	gold='B'	complete=True	new_tokens=2	duration_s=12.40
CALL geometry3k_test_2883 oracle_full
OK	geometry3k_test_2883	oracle_full	pred='B'	gold='B'	complete=True	new_tokens=2	duration_s=14.74
CALL geometry3k_test_2883 oracle_topk3
OK	geometry3k_test_2883	oracle_topk3	pred='B'	gold='B'	complete=True	new_tokens=2	duration_s=12.75
CALL geometry3k_test_2883 oracle_topk6_cautious
OK	geometry3k_test_2883	oracle_topk6_cautious	pred='B'	gold='B'	complete=True	new_tokens=2	duration_s=13.03
CALL geometry3k_test_2883 oracle_topk3_trusted
OK	geometry3k_test_2883	oracle_topk3_trusted	pred='B'	gold='B'	complete=True	new_tokens=2	duration_s=12.78
CALL geometry3k_test_2883 oracle_topk6_trusted
OK	geometry3k_test_2883	oracle_topk6_trusted	pred='B'	gold='B'	complete=True	new_tokens=2	duration_s=13.01
CALL geometry3k_test_2883 oracle_corrupt_warned
OK	geometry3k_test_2883	oracle_corrupt_warned	pred='B'	gold='B'	complete=True	new_tokens=2	duration_s=13.05
CALL geometry3k_test_2883 oracle_corrupt_trusted
OK	geometry3k_test_2883	oracle_corrupt_trusted	pred='B'	gold='B'	complete=True	new_tokens=2	duration_s=13.05
CALL geometry3k_test_2884 raw
OK	geometry3k_test_2884	raw	pred='B'	gold='B'	complete=True	new_tokens=2	duration_s=5.18
CALL geometry3k_test_2884 oracle_full
OK	geometry3k_test_2884	oracle_full	pred='B'	gold='B'	complete=True	new_tokens=2	duration_s=7.86
CALL geometry3k_test_2884 oracle_topk3
OK	geometry3k_test_2884	oracle_topk3	pred='B'	gold='B'	complete=True	new_tokens=2	duration_s=5.47
CALL geometry3k_test_2884 oracle_topk6_cautious
OK	geometry3k_test_2884	oracle_topk6_cautious	pred='B'	gold='B'	complete=True	new_tokens=2	duration_s=5.84
CALL geometry3k_test_2884 oracle_topk3_trusted
OK	geometry3k_test_2884	oracle_topk3_trusted	pred='B'	gold='B'	complete=True	new_tokens=2	duration_s=5.49
CALL geometry3k_test_2884 oracle_topk6_trusted
OK	geometry3k_test_2884	oracle_topk6_trusted	pred='B'	gold='B'	complete=True	new_tokens=2	duration_s=5.82
CALL geometry3k_test_2884 oracle_corrupt_warned
OK	geometry3k_test_2884	oracle_corrupt_warned	pred='B'	gold='B'	complete=True	new_tokens=2	duration_s=5.83
CALL geometry3k_test_2884 oracle_corrupt_trusted
OK	geometry3k_test_2884	oracle_corrupt_trusted	pred='B'	gold='B'	complete=True	new_tokens=2	duration_s=5.83
CALL geometry3k_test_2885 raw
OK	geometry3k_test_2885	raw	pred='B'	gold='B'	complete=True	new_tokens=2	duration_s=5.88
CALL geometry3k_test_2885 oracle_full
OK	geometry3k_test_2885	oracle_full	pred='B'	gold='B'	complete=True	new_tokens=2	duration_s=8.26
CALL geometry3k_test_2885 oracle_topk3
OK	geometry3k_test_2885	oracle_topk3	pred='B'	gold='B'	complete=True	new_tokens=2	duration_s=6.20
CALL geometry3k_test_2885 oracle_topk6_cautious
OK	geometry3k_test_2885	oracle_topk6_cautious	pred='B'	gold='B'	complete=True	new_tokens=2	duration_s=6.53
CALL geometry3k_test_2885 oracle_topk3_trusted
OK	geometry3k_test_2885	oracle_topk3_trusted	pred='B'	gold='B'	complete=True	new_tokens=2	duration_s=6.18
CALL geometry3k_test_2885 oracle_topk6_trusted
OK	geometry3k_test_2885	oracle_topk6_trusted	pred='B'	gold='B'	complete=True	new_tokens=2	duration_s=6.51
CALL geometry3k_test_2885 oracle_corrupt_warned
OK	geometry3k_test_2885	oracle_corrupt_warned	pred='B'	gold='B'	complete=True	new_tokens=2	duration_s=6.48
CALL geometry3k_test_2885 oracle_corrupt_trusted
OK	geometry3k_test_2885	oracle_corrupt_trusted	pred='B'	gold='B'	complete=True	new_tokens=2	duration_s=6.46
CALL geometry3k_test_2886 raw
FAIL	geometry3k_test_2886	raw	pred='B'	gold='C'	complete=True	new_tokens=2	duration_s=15.50
CALL geometry3k_test_2886 oracle_full
FAIL	geometry3k_test_2886	oracle_full	pred='B'	gold='C'	complete=True	new_tokens=2	duration_s=17.60
CALL geometry3k_test_2886 oracle_topk3
FAIL	geometry3k_test_2886	oracle_topk3	pred='B'	gold='C'	complete=True	new_tokens=2	duration_s=15.86
CALL geometry3k_test_2886 oracle_topk6_cautious
OK	geometry3k_test_2886	oracle_topk6_cautious	pred='C'	gold='C'	complete=True	new_tokens=2	duration_s=16.20
CALL geometry3k_test_2886 oracle_topk3_trusted
FAIL	geometry3k_test_2886	oracle_topk3_trusted	pred='B'	gold='C'	complete=True	new_tokens=2	duration_s=15.90
CALL geometry3k_test_2886 oracle_topk6_trusted
OK	geometry3k_test_2886	oracle_topk6_trusted	pred='C'	gold='C'	complete=True	new_tokens=2	duration_s=16.22
CALL geometry3k_test_2886 oracle_corrupt_warned
OK	geometry3k_test_2886	oracle_corrupt_warned	pred='C'	gold='C'	complete=True	new_tokens=2	duration_s=16.23
CALL geometry3k_test_2886 oracle_corrupt_trusted
OK	geometry3k_test_2886	oracle_corrupt_trusted	pred='C'	gold='C'	complete=True	new_tokens=2	duration_s=16.19
CALL geometry3k_test_2887 raw
FAIL	geometry3k_test_2887	raw	pred='A'	gold='D'	complete=True	new_tokens=2	duration_s=4.21
CALL geometry3k_test_2887 oracle_full
FAIL	geometry3k_test_2887	oracle_full	pred='A'	gold='D'	complete=True	new_tokens=2	duration_s=8.21
CALL geometry3k_test_2887 oracle_topk3
FAIL	geometry3k_test_2887	oracle_topk3	pred='A'	gold='D'	complete=True	new_tokens=2	duration_s=4.58
CALL geometry3k_test_2887 oracle_topk6_cautious
OK	geometry3k_test_2887	oracle_topk6_cautious	pred='D'	gold='D'	complete=True	new_tokens=5	duration_s=5.06
CALL geometry3k_test_2887 oracle_topk3_trusted
FAIL	geometry3k_test_2887	oracle_topk3_trusted	pred='B'	gold='D'	complete=True	new_tokens=2	duration_s=4.54
CALL geometry3k_test_2887 oracle_topk6_trusted
FAIL	geometry3k_test_2887	oracle_topk6_trusted	pred='B'	gold='D'	complete=True	new_tokens=2	duration_s=4.79
CALL geometry3k_test_2887 oracle_corrupt_warned
FAIL	geometry3k_test_2887	oracle_corrupt_warned	pred='A'	gold='D'	complete=True	new_tokens=2	duration_s=4.84
CALL geometry3k_test_2887 oracle_corrupt_trusted
FAIL	geometry3k_test_2887	oracle_corrupt_trusted	pred='A'	gold='D'	complete=True	new_tokens=2	duration_s=4.82
CALL geometry3k_test_2888 raw
OK	geometry3k_test_2888	raw	pred='B'	gold='B'	complete=True	new_tokens=2	duration_s=14.12
CALL geometry3k_test_2888 oracle_full
OK	geometry3k_test_2888	oracle_full	pred='B'	gold='B'	complete=True	new_tokens=2	duration_s=16.90
CALL geometry3k_test_2888 oracle_topk3
OK	geometry3k_test_2888	oracle_topk3	pred='B'	gold='B'	complete=True	new_tokens=2	duration_s=14.53
CALL geometry3k_test_2888 oracle_topk6_cautious
OK	geometry3k_test_2888	oracle_topk6_cautious	pred='B'	gold='B'	complete=True	new_tokens=2	duration_s=14.81
CALL geometry3k_test_2888 oracle_topk3_trusted
OK	geometry3k_test_2888	oracle_topk3_trusted	pred='B'	gold='B'	complete=True	new_tokens=2	duration_s=14.45
CALL geometry3k_test_2888 oracle_topk6_trusted
OK	geometry3k_test_2888	oracle_topk6_trusted	pred='B'	gold='B'	complete=True	new_tokens=2	duration_s=14.76
CALL geometry3k_test_2888 oracle_corrupt_warned
OK	geometry3k_test_2888	oracle_corrupt_warned	pred='B'	gold='B'	complete=True	new_tokens=2	duration_s=14.77
CALL geometry3k_test_2888 oracle_corrupt_trusted
OK	geometry3k_test_2888	oracle_corrupt_trusted	pred='B'	gold='B'	complete=True	new_tokens=2	duration_s=14.77
CALL geometry3k_test_2889 raw
FAIL	geometry3k_test_2889	raw	pred='A'	gold='B'	complete=True	new_tokens=2	duration_s=3.97
CALL geometry3k_test_2889 oracle_full
OK	geometry3k_test_2889	oracle_full	pred='B'	gold='B'	complete=True	new_tokens=2	duration_s=5.60
CALL geometry3k_test_2889 oracle_topk3
OK	geometry3k_test_2889	oracle_topk3	pred='B'	gold='B'	complete=True	new_tokens=8	duration_s=4.87
CALL geometry3k_test_2889 oracle_topk6_cautious
OK	geometry3k_test_2889	oracle_topk6_cautious	pred='B'	gold='B'	complete=True	new_tokens=8	duration_s=5.11
CALL geometry3k_test_2889 oracle_topk3_trusted
OK	geometry3k_test_2889	oracle_topk3_trusted	pred='B'	gold='B'	complete=True	new_tokens=8	duration_s=4.83
CALL geometry3k_test_2889 oracle_topk6_trusted
OK	geometry3k_test_2889	oracle_topk6_trusted	pred='B'	gold='B'	complete=True	new_tokens=2	duration_s=4.32
CALL geometry3k_test_2889 oracle_corrupt_warned
FAIL	geometry3k_test_2889	oracle_corrupt_warned	pred='A'	gold='B'	complete=True	new_tokens=2	duration_s=4.57
CALL geometry3k_test_2889 oracle_corrupt_trusted
FAIL	geometry3k_test_2889	oracle_corrupt_trusted	pred='A'	gold='B'	complete=True	new_tokens=8	duration_s=4.85
CALL geometry3k_test_2890 raw
OK	geometry3k_test_2890	raw	pred='B'	gold='B'	complete=True	new_tokens=2	duration_s=4.26
CALL geometry3k_test_2890 oracle_full
OK	geometry3k_test_2890	oracle_full	pred='B'	gold='B'	complete=True	new_tokens=2	duration_s=6.18
CALL geometry3k_test_2890 oracle_topk3
OK	geometry3k_test_2890	oracle_topk3	pred='B'	gold='B'	complete=True	new_tokens=2	duration_s=4.53
CALL geometry3k_test_2890 oracle_topk6_cautious
OK	geometry3k_test_2890	oracle_topk6_cautious	pred='B'	gold='B'	complete=True	new_tokens=2	duration_s=4.82
CALL geometry3k_test_2890 oracle_topk3_trusted
OK	geometry3k_test_2890	oracle_topk3_trusted	pred='B'	gold='B'	complete=True	new_tokens=2	duration_s=4.54
CALL geometry3k_test_2890 oracle_topk6_trusted
OK	geometry3k_test_2890	oracle_topk6_trusted	pred='B'	gold='B'	complete=True	new_tokens=2	duration_s=4.78
CALL geometry3k_test_2890 oracle_corrupt_warned
OK	geometry3k_test_2890	oracle_corrupt_warned	pred='B'	gold='B'	complete=True	new_tokens=2	duration_s=4.80
CALL geometry3k_test_2890 oracle_corrupt_trusted
OK	geometry3k_test_2890	oracle_corrupt_trusted	pred='B'	gold='B'	complete=True	new_tokens=2	duration_s=4.81
CALL geometry3k_test_2891 raw
OK	geometry3k_test_2891	raw	pred='B'	gold='B'	complete=True	new_tokens=2	duration_s=12.11
CALL geometry3k_test_2891 oracle_full
OK	geometry3k_test_2891	oracle_full	pred='B'	gold='B'	complete=True	new_tokens=2	duration_s=14.87
CALL geometry3k_test_2891 oracle_topk3
OK	geometry3k_test_2891	oracle_topk3	pred='B'	gold='B'	complete=True	new_tokens=2	duration_s=12.44
CALL geometry3k_test_2891 oracle_topk6_cautious
OK	geometry3k_test_2891	oracle_topk6_cautious	pred='B'	gold='B'	complete=True	new_tokens=2	duration_s=12.76
CALL geometry3k_test_2891 oracle_topk3_trusted
OK	geometry3k_test_2891	oracle_topk3_trusted	pred='B'	gold='B'	complete=True	new_tokens=2	duration_s=12.42
CALL geometry3k_test_2891 oracle_topk6_trusted
OK	geometry3k_test_2891	oracle_topk6_trusted	pred='B'	gold='B'	complete=True	new_tokens=2	duration_s=12.75
CALL geometry3k_test_2891 oracle_corrupt_warned
OK	geometry3k_test_2891	oracle_corrupt_warned	pred='B'	gold='B'	complete=True	new_tokens=2	duration_s=12.75
CALL geometry3k_test_2891 oracle_corrupt_trusted
OK	geometry3k_test_2891	oracle_corrupt_trusted	pred='B'	gold='B'	complete=True	new_tokens=2	duration_s=12.76
CALL geometry3k_test_2892 raw
FAIL	geometry3k_test_2892	raw	pred='B'	gold='C'	complete=True	new_tokens=2	duration_s=13.52
CALL geometry3k_test_2892 oracle_full
FAIL	geometry3k_test_2892	oracle_full	pred='B'	gold='C'	complete=True	new_tokens=2	duration_s=16.56
CALL geometry3k_test_2892 oracle_topk3
FAIL	geometry3k_test_2892	oracle_topk3	pred='B'	gold='C'	complete=True	new_tokens=2	duration_s=13.84
CALL geometry3k_test_2892 oracle_topk6_cautious
FAIL	geometry3k_test_2892	oracle_topk6_cautious	pred='B'	gold='C'	complete=True	new_tokens=2	duration_s=14.16
CALL geometry3k_test_2892 oracle_topk3_trusted
FAIL	geometry3k_test_2892	oracle_topk3_trusted	pred='B'	gold='C'	complete=True	new_tokens=2	duration_s=13.88
CALL geometry3k_test_2892 oracle_topk6_trusted
FAIL	geometry3k_test_2892	oracle_topk6_trusted	pred='B'	gold='C'	complete=True	new_tokens=2	duration_s=14.09
CALL geometry3k_test_2892 oracle_corrupt_warned
FAIL	geometry3k_test_2892	oracle_corrupt_warned	pred='B'	gold='C'	complete=True	new_tokens=2	duration_s=14.18
CALL geometry3k_test_2892 oracle_corrupt_trusted
FAIL	geometry3k_test_2892	oracle_corrupt_trusted	pred='B'	gold='C'	complete=True	new_tokens=2	duration_s=14.15
CALL geometry3k_test_2893 raw
FAIL	geometry3k_test_2893	raw	pred='C'	gold='A'	complete=True	new_tokens=2	duration_s=5.80
CALL geometry3k_test_2893 oracle_full
FAIL	geometry3k_test_2893	oracle_full	pred='C'	gold='A'	complete=True	new_tokens=2	duration_s=7.17
CALL geometry3k_test_2893 oracle_topk3
FAIL	geometry3k_test_2893	oracle_topk3	pred='C'	gold='A'	complete=True	new_tokens=8	duration_s=6.68
CALL geometry3k_test_2893 oracle_topk6_cautious
FAIL	geometry3k_test_2893	oracle_topk6_cautious	pred='C'	gold='A'	complete=True	new_tokens=8	duration_s=6.69
CALL geometry3k_test_2893 oracle_topk3_trusted
FAIL	geometry3k_test_2893	oracle_topk3_trusted	pred='C'	gold='A'	complete=True	new_tokens=8	duration_s=6.66
CALL geometry3k_test_2893 oracle_topk6_trusted
FAIL	geometry3k_test_2893	oracle_topk6_trusted	pred='C'	gold='A'	complete=True	new_tokens=8	duration_s=6.67
CALL geometry3k_test_2893 oracle_corrupt_warned
FAIL	geometry3k_test_2893	oracle_corrupt_warned	pred='C'	gold='A'	complete=True	new_tokens=2	duration_s=6.12
CALL geometry3k_test_2893 oracle_corrupt_trusted
FAIL	geometry3k_test_2893	oracle_corrupt_trusted	pred='C'	gold='A'	complete=True	new_tokens=2	duration_s=6.18
CALL geometry3k_test_2894 raw
OK	geometry3k_test_2894	raw	pred='D'	gold='D'	complete=True	new_tokens=2	duration_s=3.97
CALL geometry3k_test_2894 oracle_full
OK	geometry3k_test_2894	oracle_full	pred='D'	gold='D'	complete=True	new_tokens=2	duration_s=5.62
CALL geometry3k_test_2894 oracle_topk3
OK	geometry3k_test_2894	oracle_topk3	pred='D'	gold='D'	complete=True	new_tokens=2	duration_s=4.29
CALL geometry3k_test_2894 oracle_topk6_cautious
OK	geometry3k_test_2894	oracle_topk6_cautious	pred='D'	gold='D'	complete=True	new_tokens=2	duration_s=4.57
CALL geometry3k_test_2894 oracle_topk3_trusted
OK	geometry3k_test_2894	oracle_topk3_trusted	pred='D'	gold='D'	complete=True	new_tokens=2	duration_s=4.32
CALL geometry3k_test_2894 oracle_topk6_trusted
OK	geometry3k_test_2894	oracle_topk6_trusted	pred='D'	gold='D'	complete=True	new_tokens=2	duration_s=4.57
CALL geometry3k_test_2894 oracle_corrupt_warned
OK	geometry3k_test_2894	oracle_corrupt_warned	pred='D'	gold='D'	complete=True	new_tokens=2	duration_s=4.58
CALL geometry3k_test_2894 oracle_corrupt_trusted
OK	geometry3k_test_2894	oracle_corrupt_trusted	pred='D'	gold='D'	complete=True	new_tokens=2	duration_s=4.57
CALL geometry3k_test_2895 raw
OK	geometry3k_test_2895	raw	pred='D'	gold='D'	complete=True	new_tokens=11	duration_s=5.22
CALL geometry3k_test_2895 oracle_full
OK	geometry3k_test_2895	oracle_full	pred='D'	gold='D'	complete=True	new_tokens=2	duration_s=6.05
CALL geometry3k_test_2895 oracle_topk3
OK	geometry3k_test_2895	oracle_topk3	pred='D'	gold='D'	complete=True	new_tokens=2	duration_s=4.73
CALL geometry3k_test_2895 oracle_topk6_cautious
OK	geometry3k_test_2895	oracle_topk6_cautious	pred='D'	gold='D'	complete=True	new_tokens=2	duration_s=5.02
CALL geometry3k_test_2895 oracle_topk3_trusted
OK	geometry3k_test_2895	oracle_topk3_trusted	pred='D'	gold='D'	complete=True	new_tokens=2	duration_s=4.72
CALL geometry3k_test_2895 oracle_topk6_trusted
OK	geometry3k_test_2895	oracle_topk6_trusted	pred='D'	gold='D'	complete=True	new_tokens=2	duration_s=4.99
CALL geometry3k_test_2895 oracle_corrupt_warned
OK	geometry3k_test_2895	oracle_corrupt_warned	pred='D'	gold='D'	complete=True	new_tokens=2	duration_s=5.01
CALL geometry3k_test_2895 oracle_corrupt_trusted
OK	geometry3k_test_2895	oracle_corrupt_trusted	pred='D'	gold='D'	complete=True	new_tokens=2	duration_s=5.00
CALL geometry3k_test_2896 raw
FAIL	geometry3k_test_2896	raw	pred='B'	gold='C'	complete=True	new_tokens=2	duration_s=7.78
CALL geometry3k_test_2896 oracle_full
FAIL	geometry3k_test_2896	oracle_full	pred='B'	gold='C'	complete=True	new_tokens=2	duration_s=9.39
CALL geometry3k_test_2896 oracle_topk3
FAIL	geometry3k_test_2896	oracle_topk3	pred='B'	gold='C'	complete=True	new_tokens=2	duration_s=8.37
CALL geometry3k_test_2896 oracle_topk6_cautious
FAIL	geometry3k_test_2896	oracle_topk6_cautious	pred='B'	gold='C'	complete=True	new_tokens=2	duration_s=8.38
CALL geometry3k_test_2896 oracle_topk3_trusted
FAIL	geometry3k_test_2896	oracle_topk3_trusted	pred='B'	gold='C'	complete=True	new_tokens=2	duration_s=8.04
CALL geometry3k_test_2896 oracle_topk6_trusted
FAIL	geometry3k_test_2896	oracle_topk6_trusted	pred='B'	gold='C'	complete=True	new_tokens=2	duration_s=8.34
CALL geometry3k_test_2896 oracle_corrupt_warned
FAIL	geometry3k_test_2896	oracle_corrupt_warned	pred='B'	gold='C'	complete=True	new_tokens=2	duration_s=8.36
CALL geometry3k_test_2896 oracle_corrupt_trusted
FAIL	geometry3k_test_2896	oracle_corrupt_trusted	pred='B'	gold='C'	complete=True	new_tokens=2	duration_s=8.33
CALL geometry3k_test_2897 raw
FAIL	geometry3k_test_2897	raw	pred='C'	gold='A'	complete=True	new_tokens=2	duration_s=9.06
CALL geometry3k_test_2897 oracle_full
FAIL	geometry3k_test_2897	oracle_full	pred='C'	gold='A'	complete=True	new_tokens=2	duration_s=10.44
CALL geometry3k_test_2897 oracle_topk3
FAIL	geometry3k_test_2897	oracle_topk3	pred='C'	gold='A'	complete=True	new_tokens=2	duration_s=9.42
CALL geometry3k_test_2897 oracle_topk6_cautious
FAIL	geometry3k_test_2897	oracle_topk6_cautious	pred='C'	gold='A'	complete=True	new_tokens=2	duration_s=9.45
CALL geometry3k_test_2897 oracle_topk3_trusted
FAIL	geometry3k_test_2897	oracle_topk3_trusted	pred='C'	gold='A'	complete=True	new_tokens=2	duration_s=9.44
CALL geometry3k_test_2897 oracle_topk6_trusted
FAIL	geometry3k_test_2897	oracle_topk6_trusted	pred='C'	gold='A'	complete=True	new_tokens=2	duration_s=9.39
CALL geometry3k_test_2897 oracle_corrupt_warned
FAIL	geometry3k_test_2897	oracle_corrupt_warned	pred='C'	gold='A'	complete=True	new_tokens=2	duration_s=9.39
CALL geometry3k_test_2897 oracle_corrupt_trusted
FAIL	geometry3k_test_2897	oracle_corrupt_trusted	pred='C'	gold='A'	complete=True	new_tokens=2	duration_s=9.45
CALL geometry3k_test_2898 raw
FAIL	geometry3k_test_2898	raw	pred='C'	gold='B'	complete=True	new_tokens=2	duration_s=3.92
CALL geometry3k_test_2898 oracle_full
FAIL	geometry3k_test_2898	oracle_full	pred='C'	gold='B'	complete=True	new_tokens=2	duration_s=6.26
CALL geometry3k_test_2898 oracle_topk3
FAIL	geometry3k_test_2898	oracle_topk3	pred='C'	gold='B'	complete=True	new_tokens=2	duration_s=4.26
CALL geometry3k_test_2898 oracle_topk6_cautious
FAIL	geometry3k_test_2898	oracle_topk6_cautious	pred='C'	gold='B'	complete=True	new_tokens=2	duration_s=4.54
CALL geometry3k_test_2898 oracle_topk3_trusted
FAIL	geometry3k_test_2898	oracle_topk3_trusted	pred='C'	gold='B'	complete=True	new_tokens=2	duration_s=4.25
CALL geometry3k_test_2898 oracle_topk6_trusted
FAIL	geometry3k_test_2898	oracle_topk6_trusted	pred='C'	gold='B'	complete=True	new_tokens=2	duration_s=4.53
CALL geometry3k_test_2898 oracle_corrupt_warned
FAIL	geometry3k_test_2898	oracle_corrupt_warned	pred='C'	gold='B'	complete=True	new_tokens=2	duration_s=4.54
CALL geometry3k_test_2898 oracle_corrupt_trusted
FAIL	geometry3k_test_2898	oracle_corrupt_trusted	pred='C'	gold='B'	complete=True	new_tokens=2	duration_s=4.55
CALL geometry3k_test_2899 raw
OK	geometry3k_test_2899	raw	pred='A'	gold='A'	complete=True	new_tokens=2	duration_s=10.54
CALL geometry3k_test_2899 oracle_full
OK	geometry3k_test_2899	oracle_full	pred='A'	gold='A'	complete=True	new_tokens=2	duration_s=13.27
CALL geometry3k_test_2899 oracle_topk3
OK	geometry3k_test_2899	oracle_topk3	pred='A'	gold='A'	complete=True	new_tokens=2	duration_s=10.85
CALL geometry3k_test_2899 oracle_topk6_cautious
OK	geometry3k_test_2899	oracle_topk6_cautious	pred='A'	gold='A'	complete=True	new_tokens=2	duration_s=11.21
CALL geometry3k_test_2899 oracle_topk3_trusted
OK	geometry3k_test_2899	oracle_topk3_trusted	pred='A'	gold='A'	complete=True	new_tokens=2	duration_s=10.89
CALL geometry3k_test_2899 oracle_topk6_trusted
OK	geometry3k_test_2899	oracle_topk6_trusted	pred='A'	gold='A'	complete=True	new_tokens=2	duration_s=11.18
CALL geometry3k_test_2899 oracle_corrupt_warned
OK	geometry3k_test_2899	oracle_corrupt_warned	pred='A'	gold='A'	complete=True	new_tokens=2	duration_s=11.16
CALL geometry3k_test_2899 oracle_corrupt_trusted
OK	geometry3k_test_2899	oracle_corrupt_trusted	pred='A'	gold='A'	complete=True	new_tokens=2	duration_s=11.17
CALL geometry3k_test_2900 raw
FAIL	geometry3k_test_2900	raw	pred='C'	gold='B'	complete=True	new_tokens=2	duration_s=4.54
CALL geometry3k_test_2900 oracle_full
OK	geometry3k_test_2900	oracle_full	pred='B'	gold='B'	complete=True	new_tokens=2	duration_s=5.84
CALL geometry3k_test_2900 oracle_topk3
OK	geometry3k_test_2900	oracle_topk3	pred='B'	gold='B'	complete=True	new_tokens=2	duration_s=4.86
CALL geometry3k_test_2900 oracle_topk6_cautious
OK	geometry3k_test_2900	oracle_topk6_cautious	pred='B'	gold='B'	complete=True	new_tokens=2	duration_s=5.11
CALL geometry3k_test_2900 oracle_topk3_trusted
FAIL	geometry3k_test_2900	oracle_topk3_trusted	pred='C'	gold='B'	complete=True	new_tokens=2	duration_s=4.86
CALL geometry3k_test_2900 oracle_topk6_trusted
OK	geometry3k_test_2900	oracle_topk6_trusted	pred='B'	gold='B'	complete=True	new_tokens=2	duration_s=5.10
CALL geometry3k_test_2900 oracle_corrupt_warned
FAIL	geometry3k_test_2900	oracle_corrupt_warned	pred='C'	gold='B'	complete=True	new_tokens=2	duration_s=5.11
CALL geometry3k_test_2900 oracle_corrupt_trusted
FAIL	geometry3k_test_2900	oracle_corrupt_trusted	pred='C'	gold='B'	complete=True	new_tokens=2	duration_s=5.12
CALL geometry3k_test_2901 raw
OK	geometry3k_test_2901	raw	pred='B'	gold='B'	complete=True	new_tokens=2	duration_s=14.89
CALL geometry3k_test_2901 oracle_full
OK	geometry3k_test_2901	oracle_full	pred='B'	gold='B'	complete=True	new_tokens=2	duration_s=16.68
CALL geometry3k_test_2901 oracle_topk3
OK	geometry3k_test_2901	oracle_topk3	pred='B'	gold='B'	complete=True	new_tokens=2	duration_s=15.32
CALL geometry3k_test_2901 oracle_topk6_cautious
OK	geometry3k_test_2901	oracle_topk6_cautious	pred='B'	gold='B'	complete=True	new_tokens=2	duration_s=15.58
CALL geometry3k_test_2901 oracle_topk3_trusted
OK	geometry3k_test_2901	oracle_topk3_trusted	pred='B'	gold='B'	complete=True	new_tokens=2	duration_s=15.25
CALL geometry3k_test_2901 oracle_topk6_trusted
OK	geometry3k_test_2901	oracle_topk6_trusted	pred='B'	gold='B'	complete=True	new_tokens=2	duration_s=15.57
CALL geometry3k_test_2901 oracle_corrupt_warned
OK	geometry3k_test_2901	oracle_corrupt_warned	pred='B'	gold='B'	complete=True	new_tokens=2	duration_s=15.31
CALL geometry3k_test_2901 oracle_corrupt_trusted
OK	geometry3k_test_2901	oracle_corrupt_trusted	pred='B'	gold='B'	complete=True	new_tokens=2	duration_s=15.25
CALL geometry3k_test_2902 raw
OK	geometry3k_test_2902	raw	pred='B'	gold='B'	complete=True	new_tokens=2	duration_s=5.38
CALL geometry3k_test_2902 oracle_full
OK	geometry3k_test_2902	oracle_full	pred='B'	gold='B'	complete=True	new_tokens=2	duration_s=7.02
CALL geometry3k_test_2902 oracle_topk3
OK	geometry3k_test_2902	oracle_topk3	pred='B'	gold='B'	complete=True	new_tokens=2	duration_s=5.96
CALL geometry3k_test_2902 oracle_topk6_cautious
OK	geometry3k_test_2902	oracle_topk6_cautious	pred='B'	gold='B'	complete=True	new_tokens=2	duration_s=5.98
CALL geometry3k_test_2902 oracle_topk3_trusted
OK	geometry3k_test_2902	oracle_topk3_trusted	pred='B'	gold='B'	complete=True	new_tokens=2	duration_s=5.93
CALL geometry3k_test_2902 oracle_topk6_trusted
OK	geometry3k_test_2902	oracle_topk6_trusted	pred='B'	gold='B'	complete=True	new_tokens=2	duration_s=5.99
CALL geometry3k_test_2902 oracle_corrupt_warned
OK	geometry3k_test_2902	oracle_corrupt_warned	pred='B'	gold='B'	complete=True	new_tokens=2	duration_s=5.97
CALL geometry3k_test_2902 oracle_corrupt_trusted
OK	geometry3k_test_2902	oracle_corrupt_trusted	pred='B'	gold='B'	complete=True	new_tokens=2	duration_s=5.98
CALL geometry3k_test_2903 raw
FAIL	geometry3k_test_2903	raw	pred='B'	gold='C'	complete=True	new_tokens=2	duration_s=4.41
CALL geometry3k_test_2903 oracle_full
FAIL	geometry3k_test_2903	oracle_full	pred='B'	gold='C'	complete=True	new_tokens=2	duration_s=6.03
CALL geometry3k_test_2903 oracle_topk3
FAIL	geometry3k_test_2903	oracle_topk3	pred='B'	gold='C'	complete=True	new_tokens=2	duration_s=4.74
CALL geometry3k_test_2903 oracle_topk6_cautious
FAIL	geometry3k_test_2903	oracle_topk6_cautious	pred='B'	gold='C'	complete=True	new_tokens=2	duration_s=4.97
CALL geometry3k_test_2903 oracle_topk3_trusted
FAIL	geometry3k_test_2903	oracle_topk3_trusted	pred='B'	gold='C'	complete=True	new_tokens=2	duration_s=4.72
CALL geometry3k_test_2903 oracle_topk6_trusted
FAIL	geometry3k_test_2903	oracle_topk6_trusted	pred='B'	gold='C'	complete=True	new_tokens=2	duration_s=5.02
CALL geometry3k_test_2903 oracle_corrupt_warned
FAIL	geometry3k_test_2903	oracle_corrupt_warned	pred='B'	gold='C'	complete=True	new_tokens=2	duration_s=5.02
CALL geometry3k_test_2903 oracle_corrupt_trusted
FAIL	geometry3k_test_2903	oracle_corrupt_trusted	pred='B'	gold='C'	complete=True	new_tokens=2	duration_s=4.99
CALL geometry3k_test_2904 raw
OK	geometry3k_test_2904	raw	pred='D'	gold='D'	complete=True	new_tokens=2	duration_s=4.20
CALL geometry3k_test_2904 oracle_full
OK	geometry3k_test_2904	oracle_full	pred='D'	gold='D'	complete=True	new_tokens=2	duration_s=5.53
CALL geometry3k_test_2904 oracle_topk3
OK	geometry3k_test_2904	oracle_topk3	pred='D'	gold='D'	complete=True	new_tokens=2	duration_s=4.79
CALL geometry3k_test_2904 oracle_topk6_cautious
OK	geometry3k_test_2904	oracle_topk6_cautious	pred='D'	gold='D'	complete=True	new_tokens=2	duration_s=4.82
CALL geometry3k_test_2904 oracle_topk3_trusted
OK	geometry3k_test_2904	oracle_topk3_trusted	pred='D'	gold='D'	complete=True	new_tokens=2	duration_s=4.52
CALL geometry3k_test_2904 oracle_topk6_trusted
OK	geometry3k_test_2904	oracle_topk6_trusted	pred='D'	gold='D'	complete=True	new_tokens=2	duration_s=4.84
CALL geometry3k_test_2904 oracle_corrupt_warned
OK	geometry3k_test_2904	oracle_corrupt_warned	pred='D'	gold='D'	complete=True	new_tokens=2	duration_s=4.83
CALL geometry3k_test_2904 oracle_corrupt_trusted
OK	geometry3k_test_2904	oracle_corrupt_trusted	pred='D'	gold='D'	complete=True	new_tokens=2	duration_s=4.84
CALL geometry3k_test_2905 raw
OK	geometry3k_test_2905	raw	pred='C'	gold='C'	complete=True	new_tokens=2	duration_s=4.88
CALL geometry3k_test_2905 oracle_full
OK	geometry3k_test_2905	oracle_full	pred='C'	gold='C'	complete=True	new_tokens=2	duration_s=6.80
CALL geometry3k_test_2905 oracle_topk3
OK	geometry3k_test_2905	oracle_topk3	pred='C'	gold='C'	complete=True	new_tokens=2	duration_s=5.21
CALL geometry3k_test_2905 oracle_topk6_cautious
OK	geometry3k_test_2905	oracle_topk6_cautious	pred='C'	gold='C'	complete=True	new_tokens=2	duration_s=5.49
CALL geometry3k_test_2905 oracle_topk3_trusted
OK	geometry3k_test_2905	oracle_topk3_trusted	pred='C'	gold='C'	complete=True	new_tokens=2	duration_s=5.19
CALL geometry3k_test_2905 oracle_topk6_trusted
OK	geometry3k_test_2905	oracle_topk6_trusted	pred='C'	gold='C'	complete=True	new_tokens=2	duration_s=5.47
CALL geometry3k_test_2905 oracle_corrupt_warned
OK	geometry3k_test_2905	oracle_corrupt_warned	pred='C'	gold='C'	complete=True	new_tokens=2	duration_s=5.46
CALL geometry3k_test_2905 oracle_corrupt_trusted
OK	geometry3k_test_2905	oracle_corrupt_trusted	pred='C'	gold='C'	complete=True	new_tokens=2	duration_s=5.46
CALL geometry3k_test_2906 raw
OK	geometry3k_test_2906	raw	pred='B'	gold='B'	complete=True	new_tokens=2	duration_s=5.29
CALL geometry3k_test_2906 oracle_full
OK	geometry3k_test_2906	oracle_full	pred='B'	gold='B'	complete=True	new_tokens=2	duration_s=7.33
CALL geometry3k_test_2906 oracle_topk3
OK	geometry3k_test_2906	oracle_topk3	pred='B'	gold='B'	complete=True	new_tokens=2	duration_s=5.89
CALL geometry3k_test_2906 oracle_topk6_cautious
OK	geometry3k_test_2906	oracle_topk6_cautious	pred='B'	gold='B'	complete=True	new_tokens=2	duration_s=5.92
CALL geometry3k_test_2906 oracle_topk3_trusted
OK	geometry3k_test_2906	oracle_topk3_trusted	pred='B'	gold='B'	complete=True	new_tokens=2	duration_s=5.91
CALL geometry3k_test_2906 oracle_topk6_trusted
OK	geometry3k_test_2906	oracle_topk6_trusted	pred='B'	gold='B'	complete=True	new_tokens=2	duration_s=5.93
CALL geometry3k_test_2906 oracle_corrupt_warned
OK	geometry3k_test_2906	oracle_corrupt_warned	pred='B'	gold='B'	complete=True	new_tokens=2	duration_s=5.97
CALL geometry3k_test_2906 oracle_corrupt_trusted
OK	geometry3k_test_2906	oracle_corrupt_trusted	pred='B'	gold='B'	complete=True	new_tokens=2	duration_s=5.92
CALL geometry3k_test_2907 raw
FAIL	geometry3k_test_2907	raw	pred='C'	gold='B'	complete=True	new_tokens=2	duration_s=9.31
CALL geometry3k_test_2907 oracle_full
FAIL	geometry3k_test_2907	oracle_full	pred='C'	gold='B'	complete=True	new_tokens=2	duration_s=11.43
CALL geometry3k_test_2907 oracle_topk3
FAIL	geometry3k_test_2907	oracle_topk3	pred='C'	gold='B'	complete=True	new_tokens=2	duration_s=9.69
CALL geometry3k_test_2907 oracle_topk6_cautious
FAIL	geometry3k_test_2907	oracle_topk6_cautious	pred='C'	gold='B'	complete=True	new_tokens=2	duration_s=9.98
CALL geometry3k_test_2907 oracle_topk3_trusted
FAIL	geometry3k_test_2907	oracle_topk3_trusted	pred='C'	gold='B'	complete=True	new_tokens=2	duration_s=9.67
CALL geometry3k_test_2907 oracle_topk6_trusted
FAIL	geometry3k_test_2907	oracle_topk6_trusted	pred='C'	gold='B'	complete=True	new_tokens=2	duration_s=9.73
CALL geometry3k_test_2907 oracle_corrupt_warned
FAIL	geometry3k_test_2907	oracle_corrupt_warned	pred='C'	gold='B'	complete=True	new_tokens=2	duration_s=9.70
CALL geometry3k_test_2907 oracle_corrupt_trusted
FAIL	geometry3k_test_2907	oracle_corrupt_trusted	pred='C'	gold='B'	complete=True	new_tokens=2	duration_s=9.69
CALL geometry3k_test_2908 raw
FAIL	geometry3k_test_2908	raw	pred='C'	gold='D'	complete=True	new_tokens=2	duration_s=6.13
CALL geometry3k_test_2908 oracle_full
FAIL	geometry3k_test_2908	oracle_full	pred='C'	gold='D'	complete=True	new_tokens=2	duration_s=7.84
CALL geometry3k_test_2908 oracle_topk3
FAIL	geometry3k_test_2908	oracle_topk3	pred='C'	gold='D'	complete=True	new_tokens=2	duration_s=6.45
CALL geometry3k_test_2908 oracle_topk6_cautious
FAIL	geometry3k_test_2908	oracle_topk6_cautious	pred='C'	gold='D'	complete=True	new_tokens=2	duration_s=6.49
CALL geometry3k_test_2908 oracle_topk3_trusted
FAIL	geometry3k_test_2908	oracle_topk3_trusted	pred='C'	gold='D'	complete=True	new_tokens=2	duration_s=6.45
CALL geometry3k_test_2908 oracle_topk6_trusted
FAIL	geometry3k_test_2908	oracle_topk6_trusted	pred='C'	gold='D'	complete=True	new_tokens=2	duration_s=6.49
CALL geometry3k_test_2908 oracle_corrupt_warned
FAIL	geometry3k_test_2908	oracle_corrupt_warned	pred='C'	gold='D'	complete=True	new_tokens=2	duration_s=6.46
CALL geometry3k_test_2908 oracle_corrupt_trusted
FAIL	geometry3k_test_2908	oracle_corrupt_trusted	pred='C'	gold='D'	complete=True	new_tokens=2	duration_s=6.46
CALL geometry3k_test_2909 raw
FAIL	geometry3k_test_2909	raw	pred='C'	gold='A'	complete=True	new_tokens=2	duration_s=18.36
CALL geometry3k_test_2909 oracle_full
FAIL	geometry3k_test_2909	oracle_full	pred='C'	gold='A'	complete=True	new_tokens=2	duration_s=20.12
CALL geometry3k_test_2909 oracle_topk3
FAIL	geometry3k_test_2909	oracle_topk3	pred='C'	gold='A'	complete=True	new_tokens=2	duration_s=18.65
CALL geometry3k_test_2909 oracle_topk6_cautious
FAIL	geometry3k_test_2909	oracle_topk6_cautious	pred='C'	gold='A'	complete=True	new_tokens=2	duration_s=18.97
CALL geometry3k_test_2909 oracle_topk3_trusted
FAIL	geometry3k_test_2909	oracle_topk3_trusted	pred='C'	gold='A'	complete=True	new_tokens=2	duration_s=18.64
CALL geometry3k_test_2909 oracle_topk6_trusted
FAIL	geometry3k_test_2909	oracle_topk6_trusted	pred='C'	gold='A'	complete=True	new_tokens=2	duration_s=19.00
CALL geometry3k_test_2909 oracle_corrupt_warned
FAIL	geometry3k_test_2909	oracle_corrupt_warned	pred='C'	gold='A'	complete=True	new_tokens=2	duration_s=19.01
CALL geometry3k_test_2909 oracle_corrupt_trusted
FAIL	geometry3k_test_2909	oracle_corrupt_trusted	pred='C'	gold='A'	complete=True	new_tokens=2	duration_s=19.00
CALL geometry3k_test_2910 raw
FAIL	geometry3k_test_2910	raw	pred='C'	gold='D'	complete=True	new_tokens=6	duration_s=4.30
CALL geometry3k_test_2910 oracle_full
FAIL	geometry3k_test_2910	oracle_full	pred='C'	gold='D'	complete=True	new_tokens=2	duration_s=5.98
CALL geometry3k_test_2910 oracle_topk3
FAIL	geometry3k_test_2910	oracle_topk3	pred='C'	gold='D'	complete=True	new_tokens=2	duration_s=4.27
CALL geometry3k_test_2910 oracle_topk6_cautious
FAIL	geometry3k_test_2910	oracle_topk6_cautious	pred='C'	gold='D'	complete=True	new_tokens=2	duration_s=4.56
CALL geometry3k_test_2910 oracle_topk3_trusted
FAIL	geometry3k_test_2910	oracle_topk3_trusted	pred='C'	gold='D'	complete=True	new_tokens=2	duration_s=4.28
CALL geometry3k_test_2910 oracle_topk6_trusted
FAIL	geometry3k_test_2910	oracle_topk6_trusted	pred='C'	gold='D'	complete=True	new_tokens=2	duration_s=4.33
CALL geometry3k_test_2910 oracle_corrupt_warned
FAIL	geometry3k_test_2910	oracle_corrupt_warned	pred='C'	gold='D'	complete=True	new_tokens=2	duration_s=4.32
CALL geometry3k_test_2910 oracle_corrupt_trusted
FAIL	geometry3k_test_2910	oracle_corrupt_trusted	pred='C'	gold='D'	complete=True	new_tokens=2	duration_s=4.33
CALL geometry3k_test_2911 raw
OK	geometry3k_test_2911	raw	pred='D'	gold='D'	complete=True	new_tokens=2	duration_s=4.44
CALL geometry3k_test_2911 oracle_full
OK	geometry3k_test_2911	oracle_full	pred='D'	gold='D'	complete=True	new_tokens=2	duration_s=6.37
CALL geometry3k_test_2911 oracle_topk3
OK	geometry3k_test_2911	oracle_topk3	pred='D'	gold='D'	complete=True	new_tokens=2	duration_s=4.77
CALL geometry3k_test_2911 oracle_topk6_cautious
OK	geometry3k_test_2911	oracle_topk6_cautious	pred='D'	gold='D'	complete=True	new_tokens=2	duration_s=5.01
CALL geometry3k_test_2911 oracle_topk3_trusted
OK	geometry3k_test_2911	oracle_topk3_trusted	pred='D'	gold='D'	complete=True	new_tokens=2	duration_s=4.73
CALL geometry3k_test_2911 oracle_topk6_trusted
OK	geometry3k_test_2911	oracle_topk6_trusted	pred='D'	gold='D'	complete=True	new_tokens=2	duration_s=5.03
CALL geometry3k_test_2911 oracle_corrupt_warned
OK	geometry3k_test_2911	oracle_corrupt_warned	pred='D'	gold='D'	complete=True	new_tokens=2	duration_s=5.04
CALL geometry3k_test_2911 oracle_corrupt_trusted
OK	geometry3k_test_2911	oracle_corrupt_trusted	pred='D'	gold='D'	complete=True	new_tokens=2	duration_s=5.02
CALL geometry3k_test_2912 raw
OK	geometry3k_test_2912	raw	pred='B'	gold='B'	complete=True	new_tokens=2	duration_s=8.52
CALL geometry3k_test_2912 oracle_full
OK	geometry3k_test_2912	oracle_full	pred='B'	gold='B'	complete=True	new_tokens=2	duration_s=15.95
CALL geometry3k_test_2912 oracle_topk3
OK	geometry3k_test_2912	oracle_topk3	pred='B'	gold='B'	complete=True	new_tokens=2	duration_s=8.90
CALL geometry3k_test_2912 oracle_topk6_cautious
OK	geometry3k_test_2912	oracle_topk6_cautious	pred='B'	gold='B'	complete=True	new_tokens=2	duration_s=9.23
CALL geometry3k_test_2912 oracle_topk3_trusted
OK	geometry3k_test_2912	oracle_topk3_trusted	pred='B'	gold='B'	complete=True	new_tokens=2	duration_s=8.88
CALL geometry3k_test_2912 oracle_topk6_trusted
OK	geometry3k_test_2912	oracle_topk6_trusted	pred='B'	gold='B'	complete=True	new_tokens=2	duration_s=9.19
CALL geometry3k_test_2912 oracle_corrupt_warned
OK	geometry3k_test_2912	oracle_corrupt_warned	pred='B'	gold='B'	complete=True	new_tokens=2	duration_s=9.19
CALL geometry3k_test_2912 oracle_corrupt_trusted
OK	geometry3k_test_2912	oracle_corrupt_trusted	pred='B'	gold='B'	complete=True	new_tokens=2	duration_s=9.21
CALL geometry3k_test_2913 raw
OK	geometry3k_test_2913	raw	pred='D'	gold='D'	complete=True	new_tokens=11	duration_s=5.07
CALL geometry3k_test_2913 oracle_full
OK	geometry3k_test_2913	oracle_full	pred='D'	gold='D'	complete=True	new_tokens=2	duration_s=5.55
CALL geometry3k_test_2913 oracle_topk3
OK	geometry3k_test_2913	oracle_topk3	pred='D'	gold='D'	complete=True	new_tokens=11	duration_s=5.34
CALL geometry3k_test_2913 oracle_topk6_cautious
OK	geometry3k_test_2913	oracle_topk6_cautious	pred='D'	gold='D'	complete=True	new_tokens=11	duration_s=5.40
CALL geometry3k_test_2913 oracle_topk3_trusted
OK	geometry3k_test_2913	oracle_topk3_trusted	pred='D'	gold='D'	complete=True	new_tokens=11	duration_s=5.38
CALL geometry3k_test_2913 oracle_topk6_trusted
OK	geometry3k_test_2913	oracle_topk6_trusted	pred='D'	gold='D'	complete=True	new_tokens=11	duration_s=5.36
CALL geometry3k_test_2913 oracle_corrupt_warned
OK	geometry3k_test_2913	oracle_corrupt_warned	pred='D'	gold='D'	complete=True	new_tokens=2	duration_s=4.56
CALL geometry3k_test_2913 oracle_corrupt_trusted
OK	geometry3k_test_2913	oracle_corrupt_trusted	pred='D'	gold='D'	complete=True	new_tokens=2	duration_s=4.58
CALL geometry3k_test_2914 raw
OK	geometry3k_test_2914	raw	pred='B'	gold='B'	complete=True	new_tokens=2	duration_s=4.15
CALL geometry3k_test_2914 oracle_full
OK	geometry3k_test_2914	oracle_full	pred='B'	gold='B'	complete=True	new_tokens=2	duration_s=5.79
CALL geometry3k_test_2914 oracle_topk3
OK	geometry3k_test_2914	oracle_topk3	pred='B'	gold='B'	complete=True	new_tokens=2	duration_s=4.48
CALL geometry3k_test_2914 oracle_topk6_cautious
OK	geometry3k_test_2914	oracle_topk6_cautious	pred='B'	gold='B'	complete=True	new_tokens=2	duration_s=4.74
CALL geometry3k_test_2914 oracle_topk3_trusted
OK	geometry3k_test_2914	oracle_topk3_trusted	pred='B'	gold='B'	complete=True	new_tokens=2	duration_s=4.48
CALL geometry3k_test_2914 oracle_topk6_trusted
OK	geometry3k_test_2914	oracle_topk6_trusted	pred='B'	gold='B'	complete=True	new_tokens=2	duration_s=4.74
CALL geometry3k_test_2914 oracle_corrupt_warned
OK	geometry3k_test_2914	oracle_corrupt_warned	pred='B'	gold='B'	complete=True	new_tokens=2	duration_s=4.76
CALL geometry3k_test_2914 oracle_corrupt_trusted
OK	geometry3k_test_2914	oracle_corrupt_trusted	pred='B'	gold='B'	complete=True	new_tokens=2	duration_s=4.75
CALL geometry3k_test_2915 raw
OK	geometry3k_test_2915	raw	pred='B'	gold='B'	complete=True	new_tokens=2	duration_s=4.85
CALL geometry3k_test_2915 oracle_full
OK	geometry3k_test_2915	oracle_full	pred='B'	gold='B'	complete=True	new_tokens=2	duration_s=7.98
CALL geometry3k_test_2915 oracle_topk3
OK	geometry3k_test_2915	oracle_topk3	pred='B'	gold='B'	complete=True	new_tokens=2	duration_s=5.20
CALL geometry3k_test_2915 oracle_topk6_cautious
OK	geometry3k_test_2915	oracle_topk6_cautious	pred='B'	gold='B'	complete=True	new_tokens=2	duration_s=5.52
CALL geometry3k_test_2915 oracle_topk3_trusted
OK	geometry3k_test_2915	oracle_topk3_trusted	pred='B'	gold='B'	complete=True	new_tokens=2	duration_s=5.18
CALL geometry3k_test_2915 oracle_topk6_trusted
OK	geometry3k_test_2915	oracle_topk6_trusted	pred='B'	gold='B'	complete=True	new_tokens=2	duration_s=5.48
CALL geometry3k_test_2915 oracle_corrupt_warned
OK	geometry3k_test_2915	oracle_corrupt_warned	pred='B'	gold='B'	complete=True	new_tokens=2	duration_s=5.19
CALL geometry3k_test_2915 oracle_corrupt_trusted
OK	geometry3k_test_2915	oracle_corrupt_trusted	pred='B'	gold='B'	complete=True	new_tokens=2	duration_s=5.19
CALL geometry3k_test_2916 raw
OK	geometry3k_test_2916	raw	pred='C'	gold='C'	complete=True	new_tokens=2	duration_s=10.53
CALL geometry3k_test_2916 oracle_full
OK	geometry3k_test_2916	oracle_full	pred='C'	gold='C'	complete=True	new_tokens=2	duration_s=11.90
CALL geometry3k_test_2916 oracle_topk3
OK	geometry3k_test_2916	oracle_topk3	pred='C'	gold='C'	complete=True	new_tokens=2	duration_s=10.88
CALL geometry3k_test_2916 oracle_topk6_cautious
OK	geometry3k_test_2916	oracle_topk6_cautious	pred='C'	gold='C'	complete=True	new_tokens=2	duration_s=11.22
CALL geometry3k_test_2916 oracle_topk3_trusted
OK	geometry3k_test_2916	oracle_topk3_trusted	pred='C'	gold='C'	complete=True	new_tokens=2	duration_s=10.83
CALL geometry3k_test_2916 oracle_topk6_trusted
OK	geometry3k_test_2916	oracle_topk6_trusted	pred='C'	gold='C'	complete=True	new_tokens=2	duration_s=11.20
CALL geometry3k_test_2916 oracle_corrupt_warned
OK	geometry3k_test_2916	oracle_corrupt_warned	pred='C'	gold='C'	complete=True	new_tokens=2	duration_s=11.22
CALL geometry3k_test_2916 oracle_corrupt_trusted
OK	geometry3k_test_2916	oracle_corrupt_trusted	pred='C'	gold='C'	complete=True	new_tokens=2	duration_s=11.16
CALL geometry3k_test_2917 raw
OK	geometry3k_test_2917	raw	pred='C'	gold='C'	complete=True	new_tokens=2	duration_s=13.18
CALL geometry3k_test_2917 oracle_full
OK	geometry3k_test_2917	oracle_full	pred='C'	gold='C'	complete=True	new_tokens=2	duration_s=15.29
CALL geometry3k_test_2917 oracle_topk3
OK	geometry3k_test_2917	oracle_topk3	pred='C'	gold='C'	complete=True	new_tokens=2	duration_s=13.57
CALL geometry3k_test_2917 oracle_topk6_cautious
OK	geometry3k_test_2917	oracle_topk6_cautious	pred='C'	gold='C'	complete=True	new_tokens=2	duration_s=13.82
CALL geometry3k_test_2917 oracle_topk3_trusted
OK	geometry3k_test_2917	oracle_topk3_trusted	pred='C'	gold='C'	complete=True	new_tokens=2	duration_s=13.49
CALL geometry3k_test_2917 oracle_topk6_trusted
OK	geometry3k_test_2917	oracle_topk6_trusted	pred='C'	gold='C'	complete=True	new_tokens=2	duration_s=13.85
CALL geometry3k_test_2917 oracle_corrupt_warned
OK	geometry3k_test_2917	oracle_corrupt_warned	pred='C'	gold='C'	complete=True	new_tokens=2	duration_s=13.89
CALL geometry3k_test_2917 oracle_corrupt_trusted
OK	geometry3k_test_2917	oracle_corrupt_trusted	pred='C'	gold='C'	complete=True	new_tokens=2	duration_s=13.77
CALL geometry3k_test_2918 raw
FAIL	geometry3k_test_2918	raw	pred='B'	gold='C'	complete=True	new_tokens=2	duration_s=4.82
CALL geometry3k_test_2918 oracle_full
FAIL	geometry3k_test_2918	oracle_full	pred='B'	gold='C'	complete=True	new_tokens=8	duration_s=7.78
CALL geometry3k_test_2918 oracle_topk3
FAIL	geometry3k_test_2918	oracle_topk3	pred='B'	gold='C'	complete=True	new_tokens=8	duration_s=5.65
CALL geometry3k_test_2918 oracle_topk6_cautious
FAIL	geometry3k_test_2918	oracle_topk6_cautious	pred='B'	gold='C'	complete=True	new_tokens=8	duration_s=5.98
CALL geometry3k_test_2918 oracle_topk3_trusted
FAIL	geometry3k_test_2918	oracle_topk3_trusted	pred='B'	gold='C'	complete=True	new_tokens=8	duration_s=5.66
CALL geometry3k_test_2918 oracle_topk6_trusted
FAIL	geometry3k_test_2918	oracle_topk6_trusted	pred='B'	gold='C'	complete=True	new_tokens=8	duration_s=5.70
CALL geometry3k_test_2918 oracle_corrupt_warned
FAIL	geometry3k_test_2918	oracle_corrupt_warned	pred='B'	gold='C'	complete=True	new_tokens=8	duration_s=5.67
CALL geometry3k_test_2918 oracle_corrupt_trusted
FAIL	geometry3k_test_2918	oracle_corrupt_trusted	pred='B'	gold='C'	complete=True	new_tokens=8	duration_s=5.70
CALL geometry3k_test_2919 raw
FAIL	geometry3k_test_2919	raw	pred='B'	gold='C'	complete=True	new_tokens=2	duration_s=4.69
CALL geometry3k_test_2919 oracle_full
FAIL	geometry3k_test_2919	oracle_full	pred='B'	gold='C'	complete=True	new_tokens=2	duration_s=6.00
CALL geometry3k_test_2919 oracle_topk3
FAIL	geometry3k_test_2919	oracle_topk3	pred='B'	gold='C'	complete=True	new_tokens=2	duration_s=4.99
CALL geometry3k_test_2919 oracle_topk6_cautious
FAIL	geometry3k_test_2919	oracle_topk6_cautious	pred='B'	gold='C'	complete=True	new_tokens=2	duration_s=5.03
CALL geometry3k_test_2919 oracle_topk3_trusted
FAIL	geometry3k_test_2919	oracle_topk3_trusted	pred='B'	gold='C'	complete=True	new_tokens=2	duration_s=5.01
CALL geometry3k_test_2919 oracle_topk6_trusted
FAIL	geometry3k_test_2919	oracle_topk6_trusted	pred='B'	gold='C'	complete=True	new_tokens=2	duration_s=5.02
CALL geometry3k_test_2919 oracle_corrupt_warned
FAIL	geometry3k_test_2919	oracle_corrupt_warned	pred='B'	gold='C'	complete=True	new_tokens=2	duration_s=5.03
CALL geometry3k_test_2919 oracle_corrupt_trusted
FAIL	geometry3k_test_2919	oracle_corrupt_trusted	pred='B'	gold='C'	complete=True	new_tokens=2	duration_s=5.03
CALL geometry3k_test_2920 raw
OK	geometry3k_test_2920	raw	pred='C'	gold='C'	complete=True	new_tokens=2	duration_s=6.02
CALL geometry3k_test_2920 oracle_full
OK	geometry3k_test_2920	oracle_full	pred='C'	gold='C'	complete=True	new_tokens=2	duration_s=8.41
CALL geometry3k_test_2920 oracle_topk3
OK	geometry3k_test_2920	oracle_topk3	pred='C'	gold='C'	complete=True	new_tokens=2	duration_s=6.36
CALL geometry3k_test_2920 oracle_topk6_cautious
OK	geometry3k_test_2920	oracle_topk6_cautious	pred='C'	gold='C'	complete=True	new_tokens=2	duration_s=6.64
CALL geometry3k_test_2920 oracle_topk3_trusted
OK	geometry3k_test_2920	oracle_topk3_trusted	pred='C'	gold='C'	complete=True	new_tokens=2	duration_s=6.38
CALL geometry3k_test_2920 oracle_topk6_trusted
OK	geometry3k_test_2920	oracle_topk6_trusted	pred='C'	gold='C'	complete=True	new_tokens=2	duration_s=6.66
CALL geometry3k_test_2920 oracle_corrupt_warned
OK	geometry3k_test_2920	oracle_corrupt_warned	pred='C'	gold='C'	complete=True	new_tokens=2	duration_s=6.65
CALL geometry3k_test_2920 oracle_corrupt_trusted
OK	geometry3k_test_2920	oracle_corrupt_trusted	pred='C'	gold='C'	complete=True	new_tokens=2	duration_s=6.66
CALL geometry3k_test_2921 raw
FAIL	geometry3k_test_2921	raw	pred='C'	gold='A'	complete=True	new_tokens=2	duration_s=4.71
CALL geometry3k_test_2921 oracle_full
FAIL	geometry3k_test_2921	oracle_full	pred='C'	gold='A'	complete=True	new_tokens=2	duration_s=6.38
CALL geometry3k_test_2921 oracle_topk3
FAIL	geometry3k_test_2921	oracle_topk3	pred='C'	gold='A'	complete=True	new_tokens=2	duration_s=5.26
CALL geometry3k_test_2921 oracle_topk6_cautious
FAIL	geometry3k_test_2921	oracle_topk6_cautious	pred='C'	gold='A'	complete=True	new_tokens=2	duration_s=5.30
CALL geometry3k_test_2921 oracle_topk3_trusted
FAIL	geometry3k_test_2921	oracle_topk3_trusted	pred='C'	gold='A'	complete=True	new_tokens=2	duration_s=5.05
CALL geometry3k_test_2921 oracle_topk6_trusted
FAIL	geometry3k_test_2921	oracle_topk6_trusted	pred='C'	gold='A'	complete=True	new_tokens=2	duration_s=5.31
CALL geometry3k_test_2921 oracle_corrupt_warned
FAIL	geometry3k_test_2921	oracle_corrupt_warned	pred='C'	gold='A'	complete=True	new_tokens=2	duration_s=5.29
CALL geometry3k_test_2921 oracle_corrupt_trusted
FAIL	geometry3k_test_2921	oracle_corrupt_trusted	pred='C'	gold='A'	complete=True	new_tokens=2	duration_s=5.30
CALL geometry3k_test_2922 raw
FAIL	geometry3k_test_2922	raw	pred='C'	gold='B'	complete=True	new_tokens=2	duration_s=4.14
CALL geometry3k_test_2922 oracle_full
FAIL	geometry3k_test_2922	oracle_full	pred='C'	gold='B'	complete=True	new_tokens=2	duration_s=6.43
CALL geometry3k_test_2922 oracle_topk3
FAIL	geometry3k_test_2922	oracle_topk3	pred='C'	gold='B'	complete=True	new_tokens=2	duration_s=4.48
CALL geometry3k_test_2922 oracle_topk6_cautious
FAIL	geometry3k_test_2922	oracle_topk6_cautious	pred='C'	gold='B'	complete=True	new_tokens=2	duration_s=4.73
CALL geometry3k_test_2922 oracle_topk3_trusted
FAIL	geometry3k_test_2922	oracle_topk3_trusted	pred='C'	gold='B'	complete=True	new_tokens=2	duration_s=4.45
CALL geometry3k_test_2922 oracle_topk6_trusted
FAIL	geometry3k_test_2922	oracle_topk6_trusted	pred='C'	gold='B'	complete=True	new_tokens=2	duration_s=4.70
CALL geometry3k_test_2922 oracle_corrupt_warned
FAIL	geometry3k_test_2922	oracle_corrupt_warned	pred='C'	gold='B'	complete=True	new_tokens=2	duration_s=4.74
CALL geometry3k_test_2922 oracle_corrupt_trusted
FAIL	geometry3k_test_2922	oracle_corrupt_trusted	pred='C'	gold='B'	complete=True	new_tokens=2	duration_s=4.72
CALL geometry3k_test_2923 raw
FAIL	geometry3k_test_2923	raw	pred='B'	gold='C'	complete=True	new_tokens=10	duration_s=4.86
CALL geometry3k_test_2923 oracle_full
FAIL	geometry3k_test_2923	oracle_full	pred='B'	gold='C'	complete=True	new_tokens=2	duration_s=5.77
CALL geometry3k_test_2923 oracle_topk3
FAIL	geometry3k_test_2923	oracle_topk3	pred='D'	gold='C'	complete=True	new_tokens=10	duration_s=5.20
CALL geometry3k_test_2923 oracle_topk6_cautious
FAIL	geometry3k_test_2923	oracle_topk6_cautious	pred='B'	gold='C'	complete=True	new_tokens=2	duration_s=4.47
CALL geometry3k_test_2923 oracle_topk3_trusted
FAIL	geometry3k_test_2923	oracle_topk3_trusted	pred='D'	gold='C'	complete=True	new_tokens=2	duration_s=4.47
CALL geometry3k_test_2923 oracle_topk6_trusted
FAIL	geometry3k_test_2923	oracle_topk6_trusted	pred='B'	gold='C'	complete=True	new_tokens=2	duration_s=4.50
CALL geometry3k_test_2923 oracle_corrupt_warned
FAIL	geometry3k_test_2923	oracle_corrupt_warned	pred='B'	gold='C'	complete=True	new_tokens=2	duration_s=4.49
CALL geometry3k_test_2923 oracle_corrupt_trusted
FAIL	geometry3k_test_2923	oracle_corrupt_trusted	pred='B'	gold='C'	complete=True	new_tokens=2	duration_s=4.47
CALL geometry3k_test_2924 raw
FAIL	geometry3k_test_2924	raw	pred='A'	gold='C'	complete=True	new_tokens=2	duration_s=7.99
CALL geometry3k_test_2924 oracle_full
FAIL	geometry3k_test_2924	oracle_full	pred='A'	gold='C'	complete=True	new_tokens=2	duration_s=9.42
CALL geometry3k_test_2924 oracle_topk3
FAIL	geometry3k_test_2924	oracle_topk3	pred='A'	gold='C'	complete=True	new_tokens=2	duration_s=8.37
CALL geometry3k_test_2924 oracle_topk6_cautious
FAIL	geometry3k_test_2924	oracle_topk6_cautious	pred='A'	gold='C'	complete=True	new_tokens=2	duration_s=8.37
CALL geometry3k_test_2924 oracle_topk3_trusted
FAIL	geometry3k_test_2924	oracle_topk3_trusted	pred='A'	gold='C'	complete=True	new_tokens=2	duration_s=8.34
CALL geometry3k_test_2924 oracle_topk6_trusted
FAIL	geometry3k_test_2924	oracle_topk6_trusted	pred='A'	gold='C'	complete=True	new_tokens=2	duration_s=8.36
CALL geometry3k_test_2924 oracle_corrupt_warned
FAIL	geometry3k_test_2924	oracle_corrupt_warned	pred='A'	gold='C'	complete=True	new_tokens=2	duration_s=8.36
CALL geometry3k_test_2924 oracle_corrupt_trusted
FAIL	geometry3k_test_2924	oracle_corrupt_trusted	pred='A'	gold='C'	complete=True	new_tokens=2	duration_s=8.39
CALL geometry3k_test_2925 raw
OK	geometry3k_test_2925	raw	pred='D'	gold='D'	complete=True	new_tokens=2	duration_s=4.21
CALL geometry3k_test_2925 oracle_full
OK	geometry3k_test_2925	oracle_full	pred='D'	gold='D'	complete=True	new_tokens=2	duration_s=5.84
CALL geometry3k_test_2925 oracle_topk3
OK	geometry3k_test_2925	oracle_topk3	pred='D'	gold='D'	complete=True	new_tokens=2	duration_s=4.54
CALL geometry3k_test_2925 oracle_topk6_cautious
OK	geometry3k_test_2925	oracle_topk6_cautious	pred='D'	gold='D'	complete=True	new_tokens=2	duration_s=4.79
CALL geometry3k_test_2925 oracle_topk3_trusted
OK	geometry3k_test_2925	oracle_topk3_trusted	pred='D'	gold='D'	complete=True	new_tokens=2	duration_s=4.51
CALL geometry3k_test_2925 oracle_topk6_trusted
OK	geometry3k_test_2925	oracle_topk6_trusted	pred='D'	gold='D'	complete=True	new_tokens=2	duration_s=4.81
CALL geometry3k_test_2925 oracle_corrupt_warned
OK	geometry3k_test_2925	oracle_corrupt_warned	pred='D'	gold='D'	complete=True	new_tokens=2	duration_s=4.80
CALL geometry3k_test_2925 oracle_corrupt_trusted
OK	geometry3k_test_2925	oracle_corrupt_trusted	pred='D'	gold='D'	complete=True	new_tokens=2	duration_s=4.78
CALL geometry3k_test_2926 raw
OK	geometry3k_test_2926	raw	pred='C'	gold='C'	complete=True	new_tokens=2	duration_s=4.40
CALL geometry3k_test_2926 oracle_full
OK	geometry3k_test_2926	oracle_full	pred='C'	gold='C'	complete=True	new_tokens=2	duration_s=6.03
CALL geometry3k_test_2926 oracle_topk3
OK	geometry3k_test_2926	oracle_topk3	pred='C'	gold='C'	complete=True	new_tokens=2	duration_s=4.75
CALL geometry3k_test_2926 oracle_topk6_cautious
OK	geometry3k_test_2926	oracle_topk6_cautious	pred='C'	gold='C'	complete=True	new_tokens=2	duration_s=5.00
CALL geometry3k_test_2926 oracle_topk3_trusted
OK	geometry3k_test_2926	oracle_topk3_trusted	pred='C'	gold='C'	complete=True	new_tokens=2	duration_s=4.72
CALL geometry3k_test_2926 oracle_topk6_trusted
OK	geometry3k_test_2926	oracle_topk6_trusted	pred='C'	gold='C'	complete=True	new_tokens=2	duration_s=5.03
CALL geometry3k_test_2926 oracle_corrupt_warned
OK	geometry3k_test_2926	oracle_corrupt_warned	pred='C'	gold='C'	complete=True	new_tokens=2	duration_s=5.02
CALL geometry3k_test_2926 oracle_corrupt_trusted
OK	geometry3k_test_2926	oracle_corrupt_trusted	pred='C'	gold='C'	complete=True	new_tokens=2	duration_s=5.03
CALL geometry3k_test_2927 raw
OK	geometry3k_test_2927	raw	pred='B'	gold='B'	complete=True	new_tokens=2	duration_s=7.00
CALL geometry3k_test_2927 oracle_full
OK	geometry3k_test_2927	oracle_full	pred='B'	gold='B'	complete=True	new_tokens=2	duration_s=8.73
CALL geometry3k_test_2927 oracle_topk3
OK	geometry3k_test_2927	oracle_topk3	pred='B'	gold='B'	complete=True	new_tokens=2	duration_s=7.37
CALL geometry3k_test_2927 oracle_topk6_cautious
OK	geometry3k_test_2927	oracle_topk6_cautious	pred='B'	gold='B'	complete=True	new_tokens=2	duration_s=7.68
CALL geometry3k_test_2927 oracle_topk3_trusted
OK	geometry3k_test_2927	oracle_topk3_trusted	pred='B'	gold='B'	complete=True	new_tokens=2	duration_s=7.38
CALL geometry3k_test_2927 oracle_topk6_trusted
OK	geometry3k_test_2927	oracle_topk6_trusted	pred='B'	gold='B'	complete=True	new_tokens=2	duration_s=7.69
CALL geometry3k_test_2927 oracle_corrupt_warned
OK	geometry3k_test_2927	oracle_corrupt_warned	pred='B'	gold='B'	complete=True	new_tokens=2	duration_s=7.42
CALL geometry3k_test_2927 oracle_corrupt_trusted
OK	geometry3k_test_2927	oracle_corrupt_trusted	pred='B'	gold='B'	complete=True	new_tokens=2	duration_s=7.41
CALL geometry3k_test_2928 raw
FAIL	geometry3k_test_2928	raw	pred='B'	gold='C'	complete=True	new_tokens=2	duration_s=4.99
CALL geometry3k_test_2928 oracle_full
FAIL	geometry3k_test_2928	oracle_full	pred='B'	gold='C'	complete=True	new_tokens=2	duration_s=7.74
CALL geometry3k_test_2928 oracle_topk3
FAIL	geometry3k_test_2928	oracle_topk3	pred='B'	gold='C'	complete=True	new_tokens=2	duration_s=5.34
CALL geometry3k_test_2928 oracle_topk6_cautious
FAIL	geometry3k_test_2928	oracle_topk6_cautious	pred='B'	gold='C'	complete=True	new_tokens=2	duration_s=5.64
CALL geometry3k_test_2928 oracle_topk3_trusted
FAIL	geometry3k_test_2928	oracle_topk3_trusted	pred='B'	gold='C'	complete=True	new_tokens=2	duration_s=5.30
CALL geometry3k_test_2928 oracle_topk6_trusted
FAIL	geometry3k_test_2928	oracle_topk6_trusted	pred='B'	gold='C'	complete=True	new_tokens=2	duration_s=5.65
CALL geometry3k_test_2928 oracle_corrupt_warned
FAIL	geometry3k_test_2928	oracle_corrupt_warned	pred='B'	gold='C'	complete=True	new_tokens=2	duration_s=5.64
CALL geometry3k_test_2928 oracle_corrupt_trusted
FAIL	geometry3k_test_2928	oracle_corrupt_trusted	pred='B'	gold='C'	complete=True	new_tokens=2	duration_s=5.34
CALL geometry3k_test_2929 raw
FAIL	geometry3k_test_2929	raw	pred='B'	gold='C'	complete=True	new_tokens=2	duration_s=13.99
CALL geometry3k_test_2929 oracle_full
FAIL	geometry3k_test_2929	oracle_full	pred='B'	gold='C'	complete=True	new_tokens=2	duration_s=17.86
CALL geometry3k_test_2929 oracle_topk3
FAIL	geometry3k_test_2929	oracle_topk3	pred='B'	gold='C'	complete=True	new_tokens=2	duration_s=14.30
CALL geometry3k_test_2929 oracle_topk6_cautious
FAIL	geometry3k_test_2929	oracle_topk6_cautious	pred='B'	gold='C'	complete=True	new_tokens=2	duration_s=14.61
CALL geometry3k_test_2929 oracle_topk3_trusted
FAIL	geometry3k_test_2929	oracle_topk3_trusted	pred='B'	gold='C'	complete=True	new_tokens=2	duration_s=14.32
CALL geometry3k_test_2929 oracle_topk6_trusted
FAIL	geometry3k_test_2929	oracle_topk6_trusted	pred='B'	gold='C'	complete=True	new_tokens=2	duration_s=14.63
CALL geometry3k_test_2929 oracle_corrupt_warned
FAIL	geometry3k_test_2929	oracle_corrupt_warned	pred='B'	gold='C'	complete=True	new_tokens=2	duration_s=14.54
CALL geometry3k_test_2929 oracle_corrupt_trusted
FAIL	geometry3k_test_2929	oracle_corrupt_trusted	pred='B'	gold='C'	complete=True	new_tokens=2	duration_s=14.58
CALL geometry3k_test_2930 raw
OK	geometry3k_test_2930	raw	pred='B'	gold='B'	complete=True	new_tokens=2	duration_s=4.41
CALL geometry3k_test_2930 oracle_full
OK	geometry3k_test_2930	oracle_full	pred='B'	gold='B'	complete=True	new_tokens=2	duration_s=6.02
CALL geometry3k_test_2930 oracle_topk3
FAIL	geometry3k_test_2930	oracle_topk3	pred='D'	gold='B'	complete=True	new_tokens=2	duration_s=4.72
CALL geometry3k_test_2930 oracle_topk6_cautious
FAIL	geometry3k_test_2930	oracle_topk6_cautious	pred='D'	gold='B'	complete=True	new_tokens=2	duration_s=4.75
CALL geometry3k_test_2930 oracle_topk3_trusted
OK	geometry3k_test_2930	oracle_topk3_trusted	pred='B'	gold='B'	complete=True	new_tokens=2	duration_s=4.72
CALL geometry3k_test_2930 oracle_topk6_trusted
OK	geometry3k_test_2930	oracle_topk6_trusted	pred='B'	gold='B'	complete=True	new_tokens=2	duration_s=4.75
CALL geometry3k_test_2930 oracle_corrupt_warned
OK	geometry3k_test_2930	oracle_corrupt_warned	pred='B'	gold='B'	complete=True	new_tokens=2	duration_s=4.74
CALL geometry3k_test_2930 oracle_corrupt_trusted
FAIL	geometry3k_test_2930	oracle_corrupt_trusted	pred='D'	gold='B'	complete=True	new_tokens=2	duration_s=4.75
CALL geometry3k_test_2931 raw
FAIL	geometry3k_test_2931	raw	pred='B'	gold='C'	complete=True	new_tokens=2	duration_s=9.73
CALL geometry3k_test_2931 oracle_full
FAIL	geometry3k_test_2931	oracle_full	pred='B'	gold='C'	complete=True	new_tokens=2	duration_s=11.74
CALL geometry3k_test_2931 oracle_topk3
FAIL	geometry3k_test_2931	oracle_topk3	pred='B'	gold='C'	complete=True	new_tokens=2	duration_s=10.11
CALL geometry3k_test_2931 oracle_topk6_cautious
FAIL	geometry3k_test_2931	oracle_topk6_cautious	pred='B'	gold='C'	complete=True	new_tokens=2	duration_s=10.42
CALL geometry3k_test_2931 oracle_topk3_trusted
FAIL	geometry3k_test_2931	oracle_topk3_trusted	pred='B'	gold='C'	complete=True	new_tokens=2	duration_s=10.16
CALL geometry3k_test_2931 oracle_topk6_trusted
FAIL	geometry3k_test_2931	oracle_topk6_trusted	pred='B'	gold='C'	complete=True	new_tokens=2	duration_s=10.46
CALL geometry3k_test_2931 oracle_corrupt_warned
FAIL	geometry3k_test_2931	oracle_corrupt_warned	pred='B'	gold='C'	complete=True	new_tokens=2	duration_s=10.50
CALL geometry3k_test_2931 oracle_corrupt_trusted
FAIL	geometry3k_test_2931	oracle_corrupt_trusted	pred='B'	gold='C'	complete=True	new_tokens=2	duration_s=10.18
CALL geometry3k_test_2932 raw
OK	geometry3k_test_2932	raw	pred='B'	gold='B'	complete=True	new_tokens=2	duration_s=10.90
CALL geometry3k_test_2932 oracle_full
OK	geometry3k_test_2932	oracle_full	pred='B'	gold='B'	complete=True	new_tokens=2	duration_s=14.36
CALL geometry3k_test_2932 oracle_topk3
OK	geometry3k_test_2932	oracle_topk3	pred='B'	gold='B'	complete=True	new_tokens=2	duration_s=11.23
CALL geometry3k_test_2932 oracle_topk6_cautious
OK	geometry3k_test_2932	oracle_topk6_cautious	pred='B'	gold='B'	complete=True	new_tokens=2	duration_s=11.52
CALL geometry3k_test_2932 oracle_topk3_trusted
OK	geometry3k_test_2932	oracle_topk3_trusted	pred='B'	gold='B'	complete=True	new_tokens=2	duration_s=11.17
CALL geometry3k_test_2932 oracle_topk6_trusted
OK	geometry3k_test_2932	oracle_topk6_trusted	pred='B'	gold='B'	complete=True	new_tokens=2	duration_s=11.18
CALL geometry3k_test_2932 oracle_corrupt_warned
OK	geometry3k_test_2932	oracle_corrupt_warned	pred='B'	gold='B'	complete=True	new_tokens=2	duration_s=11.22
CALL geometry3k_test_2932 oracle_corrupt_trusted
OK	geometry3k_test_2932	oracle_corrupt_trusted	pred='B'	gold='B'	complete=True	new_tokens=2	duration_s=11.20
CALL geometry3k_test_2933 raw
OK	geometry3k_test_2933	raw	pred='C'	gold='C'	complete=True	new_tokens=2	duration_s=4.90
CALL geometry3k_test_2933 oracle_full
OK	geometry3k_test_2933	oracle_full	pred='C'	gold='C'	complete=True	new_tokens=2	duration_s=7.13
CALL geometry3k_test_2933 oracle_topk3
OK	geometry3k_test_2933	oracle_topk3	pred='C'	gold='C'	complete=True	new_tokens=2	duration_s=5.23
CALL geometry3k_test_2933 oracle_topk6_cautious
OK	geometry3k_test_2933	oracle_topk6_cautious	pred='C'	gold='C'	complete=True	new_tokens=2	duration_s=5.53
CALL geometry3k_test_2933 oracle_topk3_trusted
OK	geometry3k_test_2933	oracle_topk3_trusted	pred='C'	gold='C'	complete=True	new_tokens=2	duration_s=5.23
CALL geometry3k_test_2933 oracle_topk6_trusted
OK	geometry3k_test_2933	oracle_topk6_trusted	pred='C'	gold='C'	complete=True	new_tokens=2	duration_s=5.50
CALL geometry3k_test_2933 oracle_corrupt_warned
OK	geometry3k_test_2933	oracle_corrupt_warned	pred='C'	gold='C'	complete=True	new_tokens=2	duration_s=5.52
CALL geometry3k_test_2933 oracle_corrupt_trusted
OK	geometry3k_test_2933	oracle_corrupt_trusted	pred='C'	gold='C'	complete=True	new_tokens=2	duration_s=5.49
CALL geometry3k_test_2934 raw
OK	geometry3k_test_2934	raw	pred='C'	gold='C'	complete=True	new_tokens=2	duration_s=4.24
CALL geometry3k_test_2934 oracle_full
OK	geometry3k_test_2934	oracle_full	pred='C'	gold='C'	complete=True	new_tokens=2	duration_s=5.85
CALL geometry3k_test_2934 oracle_topk3
OK	geometry3k_test_2934	oracle_topk3	pred='C'	gold='C'	complete=True	new_tokens=2	duration_s=4.56
CALL geometry3k_test_2934 oracle_topk6_cautious
OK	geometry3k_test_2934	oracle_topk6_cautious	pred='C'	gold='C'	complete=True	new_tokens=2	duration_s=4.86
CALL geometry3k_test_2934 oracle_topk3_trusted
OK	geometry3k_test_2934	oracle_topk3_trusted	pred='C'	gold='C'	complete=True	new_tokens=2	duration_s=4.56
CALL geometry3k_test_2934 oracle_topk6_trusted
OK	geometry3k_test_2934	oracle_topk6_trusted	pred='C'	gold='C'	complete=True	new_tokens=2	duration_s=4.80
CALL geometry3k_test_2934 oracle_corrupt_warned
OK	geometry3k_test_2934	oracle_corrupt_warned	pred='C'	gold='C'	complete=True	new_tokens=2	duration_s=4.82
CALL geometry3k_test_2934 oracle_corrupt_trusted
OK	geometry3k_test_2934	oracle_corrupt_trusted	pred='C'	gold='C'	complete=True	new_tokens=2	duration_s=4.84
CALL geometry3k_test_2935 raw
OK	geometry3k_test_2935	raw	pred='A'	gold='A'	complete=True	new_tokens=2	duration_s=4.58
CALL geometry3k_test_2935 oracle_full
OK	geometry3k_test_2935	oracle_full	pred='A'	gold='A'	complete=True	new_tokens=2	duration_s=6.16
CALL geometry3k_test_2935 oracle_topk3
OK	geometry3k_test_2935	oracle_topk3	pred='A'	gold='A'	complete=True	new_tokens=2	duration_s=4.87
CALL geometry3k_test_2935 oracle_topk6_cautious
OK	geometry3k_test_2935	oracle_topk6_cautious	pred='A'	gold='A'	complete=True	new_tokens=2	duration_s=5.14
CALL geometry3k_test_2935 oracle_topk3_trusted
OK	geometry3k_test_2935	oracle_topk3_trusted	pred='A'	gold='A'	complete=True	new_tokens=2	duration_s=4.89
CALL geometry3k_test_2935 oracle_topk6_trusted
OK	geometry3k_test_2935	oracle_topk6_trusted	pred='A'	gold='A'	complete=True	new_tokens=2	duration_s=5.14
CALL geometry3k_test_2935 oracle_corrupt_warned
OK	geometry3k_test_2935	oracle_corrupt_warned	pred='A'	gold='A'	complete=True	new_tokens=2	duration_s=5.16
CALL geometry3k_test_2935 oracle_corrupt_trusted
OK	geometry3k_test_2935	oracle_corrupt_trusted	pred='A'	gold='A'	complete=True	new_tokens=2	duration_s=5.14
CALL geometry3k_test_2936 raw
FAIL	geometry3k_test_2936	raw	pred='A'	gold='B'	complete=True	new_tokens=2	duration_s=4.42
CALL geometry3k_test_2936 oracle_full
OK	geometry3k_test_2936	oracle_full	pred='B'	gold='B'	complete=True	new_tokens=2	duration_s=6.04
CALL geometry3k_test_2936 oracle_topk3
FAIL	geometry3k_test_2936	oracle_topk3	pred='A'	gold='B'	complete=True	new_tokens=2	duration_s=4.76
CALL geometry3k_test_2936 oracle_topk6_cautious
FAIL	geometry3k_test_2936	oracle_topk6_cautious	pred='A'	gold='B'	complete=True	new_tokens=2	duration_s=5.03
CALL geometry3k_test_2936 oracle_topk3_trusted
OK	geometry3k_test_2936	oracle_topk3_trusted	pred='B'	gold='B'	complete=True	new_tokens=2	duration_s=4.78
CALL geometry3k_test_2936 oracle_topk6_trusted
OK	geometry3k_test_2936	oracle_topk6_trusted	pred='B'	gold='B'	complete=True	new_tokens=2	duration_s=5.01
CALL geometry3k_test_2936 oracle_corrupt_warned
FAIL	geometry3k_test_2936	oracle_corrupt_warned	pred='A'	gold='B'	complete=True	new_tokens=2	duration_s=5.02
CALL geometry3k_test_2936 oracle_corrupt_trusted
OK	geometry3k_test_2936	oracle_corrupt_trusted	pred='B'	gold='B'	complete=True	new_tokens=2	duration_s=5.00
CALL geometry3k_test_2937 raw
OK	geometry3k_test_2937	raw	pred='C'	gold='C'	complete=True	new_tokens=2	duration_s=4.20
CALL geometry3k_test_2937 oracle_full
OK	geometry3k_test_2937	oracle_full	pred='C'	gold='C'	complete=True	new_tokens=2	duration_s=5.56
CALL geometry3k_test_2937 oracle_topk3
OK	geometry3k_test_2937	oracle_topk3	pred='C'	gold='C'	complete=True	new_tokens=2	duration_s=4.55
CALL geometry3k_test_2937 oracle_topk6_cautious
OK	geometry3k_test_2937	oracle_topk6_cautious	pred='C'	gold='C'	complete=True	new_tokens=2	duration_s=4.55
CALL geometry3k_test_2937 oracle_topk3_trusted
OK	geometry3k_test_2937	oracle_topk3_trusted	pred='C'	gold='C'	complete=True	new_tokens=2	duration_s=4.53
CALL geometry3k_test_2937 oracle_topk6_trusted
OK	geometry3k_test_2937	oracle_topk6_trusted	pred='C'	gold='C'	complete=True	new_tokens=2	duration_s=4.54
CALL geometry3k_test_2937 oracle_corrupt_warned
OK	geometry3k_test_2937	oracle_corrupt_warned	pred='C'	gold='C'	complete=True	new_tokens=2	duration_s=4.55
CALL geometry3k_test_2937 oracle_corrupt_trusted
OK	geometry3k_test_2937	oracle_corrupt_trusted	pred='C'	gold='C'	complete=True	new_tokens=2	duration_s=4.54
CALL geometry3k_test_2938 raw
OK	geometry3k_test_2938	raw	pred='C'	gold='C'	complete=True	new_tokens=2	duration_s=12.40
CALL geometry3k_test_2938 oracle_full
OK	geometry3k_test_2938	oracle_full	pred='C'	gold='C'	complete=True	new_tokens=2	duration_s=16.37
CALL geometry3k_test_2938 oracle_topk3
OK	geometry3k_test_2938	oracle_topk3	pred='C'	gold='C'	complete=True	new_tokens=6	duration_s=13.13
CALL geometry3k_test_2938 oracle_topk6_cautious
OK	geometry3k_test_2938	oracle_topk6_cautious	pred='C'	gold='C'	complete=True	new_tokens=2	duration_s=13.11
CALL geometry3k_test_2938 oracle_topk3_trusted
OK	geometry3k_test_2938	oracle_topk3_trusted	pred='C'	gold='C'	complete=True	new_tokens=6	duration_s=13.12
CALL geometry3k_test_2938 oracle_topk6_trusted
OK	geometry3k_test_2938	oracle_topk6_trusted	pred='C'	gold='C'	complete=True	new_tokens=2	duration_s=13.04
CALL geometry3k_test_2938 oracle_corrupt_warned
OK	geometry3k_test_2938	oracle_corrupt_warned	pred='C'	gold='C'	complete=True	new_tokens=2	duration_s=13.05
CALL geometry3k_test_2938 oracle_corrupt_trusted
OK	geometry3k_test_2938	oracle_corrupt_trusted	pred='C'	gold='C'	complete=True	new_tokens=2	duration_s=13.05
CALL geometry3k_test_2939 raw
FAIL	geometry3k_test_2939	raw	pred='B'	gold='A'	complete=True	new_tokens=2	duration_s=4.41
CALL geometry3k_test_2939 oracle_full
FAIL	geometry3k_test_2939	oracle_full	pred='B'	gold='A'	complete=True	new_tokens=2	duration_s=5.99
CALL geometry3k_test_2939 oracle_topk3
FAIL	geometry3k_test_2939	oracle_topk3	pred='B'	gold='A'	complete=True	new_tokens=2	duration_s=4.73
CALL geometry3k_test_2939 oracle_topk6_cautious
FAIL	geometry3k_test_2939	oracle_topk6_cautious	pred='B'	gold='A'	complete=True	new_tokens=2	duration_s=5.07
CALL geometry3k_test_2939 oracle_topk3_trusted
FAIL	geometry3k_test_2939	oracle_topk3_trusted	pred='B'	gold='A'	complete=True	new_tokens=2	duration_s=4.76
CALL geometry3k_test_2939 oracle_topk6_trusted
FAIL	geometry3k_test_2939	oracle_topk6_trusted	pred='B'	gold='A'	complete=True	new_tokens=2	duration_s=4.98
CALL geometry3k_test_2939 oracle_corrupt_warned
FAIL	geometry3k_test_2939	oracle_corrupt_warned	pred='B'	gold='A'	complete=True	new_tokens=2	duration_s=4.99
CALL geometry3k_test_2939 oracle_corrupt_trusted
FAIL	geometry3k_test_2939	oracle_corrupt_trusted	pred='B'	gold='A'	complete=True	new_tokens=2	duration_s=5.00
CALL geometry3k_test_2940 raw
FAIL	geometry3k_test_2940	raw	pred='C'	gold='D'	complete=True	new_tokens=2	duration_s=3.90
CALL geometry3k_test_2940 oracle_full
FAIL	geometry3k_test_2940	oracle_full	pred='C'	gold='D'	complete=True	new_tokens=2	duration_s=7.27
CALL geometry3k_test_2940 oracle_topk3
FAIL	geometry3k_test_2940	oracle_topk3	pred='C'	gold='D'	complete=True	new_tokens=2	duration_s=4.21
CALL geometry3k_test_2940 oracle_topk6_cautious
FAIL	geometry3k_test_2940	oracle_topk6_cautious	pred='C'	gold='D'	complete=True	new_tokens=2	duration_s=4.51
CALL geometry3k_test_2940 oracle_topk3_trusted
FAIL	geometry3k_test_2940	oracle_topk3_trusted	pred='C'	gold='D'	complete=True	new_tokens=2	duration_s=4.22
CALL geometry3k_test_2940 oracle_topk6_trusted
FAIL	geometry3k_test_2940	oracle_topk6_trusted	pred='C'	gold='D'	complete=True	new_tokens=2	duration_s=4.50
CALL geometry3k_test_2940 oracle_corrupt_warned
FAIL	geometry3k_test_2940	oracle_corrupt_warned	pred='C'	gold='D'	complete=True	new_tokens=2	duration_s=4.50
CALL geometry3k_test_2940 oracle_corrupt_trusted
FAIL	geometry3k_test_2940	oracle_corrupt_trusted	pred='C'	gold='D'	complete=True	new_tokens=2	duration_s=4.50
CALL geometry3k_test_2941 raw
OK	geometry3k_test_2941	raw	pred='C'	gold='C'	complete=True	new_tokens=2	duration_s=4.61
CALL geometry3k_test_2941 oracle_full
OK	geometry3k_test_2941	oracle_full	pred='C'	gold='C'	complete=True	new_tokens=2	duration_s=6.92
CALL geometry3k_test_2941 oracle_topk3
OK	geometry3k_test_2941	oracle_topk3	pred='C'	gold='C'	complete=True	new_tokens=2	duration_s=4.91
CALL geometry3k_test_2941 oracle_topk6_cautious
OK	geometry3k_test_2941	oracle_topk6_cautious	pred='C'	gold='C'	complete=True	new_tokens=2	duration_s=5.24
CALL geometry3k_test_2941 oracle_topk3_trusted
OK	geometry3k_test_2941	oracle_topk3_trusted	pred='C'	gold='C'	complete=True	new_tokens=2	duration_s=4.96
CALL geometry3k_test_2941 oracle_topk6_trusted
OK	geometry3k_test_2941	oracle_topk6_trusted	pred='C'	gold='C'	complete=True	new_tokens=2	duration_s=5.19
CALL geometry3k_test_2941 oracle_corrupt_warned
OK	geometry3k_test_2941	oracle_corrupt_warned	pred='C'	gold='C'	complete=True	new_tokens=2	duration_s=5.21
CALL geometry3k_test_2941 oracle_corrupt_trusted
OK	geometry3k_test_2941	oracle_corrupt_trusted	pred='C'	gold='C'	complete=True	new_tokens=2	duration_s=5.21
CALL geometry3k_test_2942 raw
OK	geometry3k_test_2942	raw	pred='B'	gold='B'	complete=True	new_tokens=2	duration_s=7.98
CALL geometry3k_test_2942 oracle_full
OK	geometry3k_test_2942	oracle_full	pred='B'	gold='B'	complete=True	new_tokens=2	duration_s=9.62
CALL geometry3k_test_2942 oracle_topk3
OK	geometry3k_test_2942	oracle_topk3	pred='B'	gold='B'	complete=True	new_tokens=2	duration_s=8.27
CALL geometry3k_test_2942 oracle_topk6_cautious
OK	geometry3k_test_2942	oracle_topk6_cautious	pred='B'	gold='B'	complete=True	new_tokens=2	duration_s=8.58
CALL geometry3k_test_2942 oracle_topk3_trusted
OK	geometry3k_test_2942	oracle_topk3_trusted	pred='B'	gold='B'	complete=True	new_tokens=2	duration_s=8.28
CALL geometry3k_test_2942 oracle_topk6_trusted
OK	geometry3k_test_2942	oracle_topk6_trusted	pred='B'	gold='B'	complete=True	new_tokens=2	duration_s=8.29
CALL geometry3k_test_2942 oracle_corrupt_warned
OK	geometry3k_test_2942	oracle_corrupt_warned	pred='B'	gold='B'	complete=True	new_tokens=2	duration_s=8.27
CALL geometry3k_test_2942 oracle_corrupt_trusted
OK	geometry3k_test_2942	oracle_corrupt_trusted	pred='B'	gold='B'	complete=True	new_tokens=2	duration_s=8.26
CALL geometry3k_test_2943 raw
OK	geometry3k_test_2943	raw	pred='D'	gold='D'	complete=True	new_tokens=2	duration_s=4.87
CALL geometry3k_test_2943 oracle_full
OK	geometry3k_test_2943	oracle_full	pred='D'	gold='D'	complete=True	new_tokens=2	duration_s=7.86
CALL geometry3k_test_2943 oracle_topk3
OK	geometry3k_test_2943	oracle_topk3	pred='D'	gold='D'	complete=True	new_tokens=2	duration_s=5.24
CALL geometry3k_test_2943 oracle_topk6_cautious
OK	geometry3k_test_2943	oracle_topk6_cautious	pred='D'	gold='D'	complete=True	new_tokens=2	duration_s=5.48
CALL geometry3k_test_2943 oracle_topk3_trusted
OK	geometry3k_test_2943	oracle_topk3_trusted	pred='D'	gold='D'	complete=True	new_tokens=2	duration_s=5.19
CALL geometry3k_test_2943 oracle_topk6_trusted
OK	geometry3k_test_2943	oracle_topk6_trusted	pred='D'	gold='D'	complete=True	new_tokens=2	duration_s=5.47
CALL geometry3k_test_2943 oracle_corrupt_warned
OK	geometry3k_test_2943	oracle_corrupt_warned	pred='D'	gold='D'	complete=True	new_tokens=2	duration_s=5.51
CALL geometry3k_test_2943 oracle_corrupt_trusted
OK	geometry3k_test_2943	oracle_corrupt_trusted	pred='D'	gold='D'	complete=True	new_tokens=2	duration_s=5.48
CALL geometry3k_test_2944 raw
FAIL	geometry3k_test_2944	raw	pred='A'	gold='B'	complete=True	new_tokens=2	duration_s=6.36
CALL geometry3k_test_2944 oracle_full
FAIL	geometry3k_test_2944	oracle_full	pred='A'	gold='B'	complete=True	new_tokens=2	duration_s=9.44
CALL geometry3k_test_2944 oracle_topk3
FAIL	geometry3k_test_2944	oracle_topk3	pred='A'	gold='B'	complete=True	new_tokens=2	duration_s=6.67
CALL geometry3k_test_2944 oracle_topk6_cautious
FAIL	geometry3k_test_2944	oracle_topk6_cautious	pred='A'	gold='B'	complete=True	new_tokens=2	duration_s=7.05
CALL geometry3k_test_2944 oracle_topk3_trusted
FAIL	geometry3k_test_2944	oracle_topk3_trusted	pred='A'	gold='B'	complete=True	new_tokens=2	duration_s=6.68
CALL geometry3k_test_2944 oracle_topk6_trusted
FAIL	geometry3k_test_2944	oracle_topk6_trusted	pred='A'	gold='B'	complete=True	new_tokens=2	duration_s=7.04
CALL geometry3k_test_2944 oracle_corrupt_warned
FAIL	geometry3k_test_2944	oracle_corrupt_warned	pred='A'	gold='B'	complete=True	new_tokens=2	duration_s=7.05
CALL geometry3k_test_2944 oracle_corrupt_trusted
OK	geometry3k_test_2944	oracle_corrupt_trusted	pred='B'	gold='B'	complete=True	new_tokens=2	duration_s=7.04
CALL geometry3k_test_2945 raw
OK	geometry3k_test_2945	raw	pred='B'	gold='B'	complete=True	new_tokens=2	duration_s=13.79
CALL geometry3k_test_2945 oracle_full
OK	geometry3k_test_2945	oracle_full	pred='B'	gold='B'	complete=True	new_tokens=2	duration_s=16.83
CALL geometry3k_test_2945 oracle_topk3
OK	geometry3k_test_2945	oracle_topk3	pred='B'	gold='B'	complete=True	new_tokens=2	duration_s=14.12
CALL geometry3k_test_2945 oracle_topk6_cautious
OK	geometry3k_test_2945	oracle_topk6_cautious	pred='B'	gold='B'	complete=True	new_tokens=2	duration_s=14.40
CALL geometry3k_test_2945 oracle_topk3_trusted
OK	geometry3k_test_2945	oracle_topk3_trusted	pred='B'	gold='B'	complete=True	new_tokens=2	duration_s=14.09
CALL geometry3k_test_2945 oracle_topk6_trusted
OK	geometry3k_test_2945	oracle_topk6_trusted	pred='B'	gold='B'	complete=True	new_tokens=2	duration_s=14.42
CALL geometry3k_test_2945 oracle_corrupt_warned
OK	geometry3k_test_2945	oracle_corrupt_warned	pred='B'	gold='B'	complete=True	new_tokens=2	duration_s=14.40
CALL geometry3k_test_2945 oracle_corrupt_trusted
OK	geometry3k_test_2945	oracle_corrupt_trusted	pred='B'	gold='B'	complete=True	new_tokens=2	duration_s=14.35
CALL geometry3k_test_2946 raw
OK	geometry3k_test_2946	raw	pred='B'	gold='B'	complete=True	new_tokens=2	duration_s=5.59
CALL geometry3k_test_2946 oracle_full
OK	geometry3k_test_2946	oracle_full	pred='B'	gold='B'	complete=True	new_tokens=2	duration_s=7.62
CALL geometry3k_test_2946 oracle_topk3
OK	geometry3k_test_2946	oracle_topk3	pred='B'	gold='B'	complete=True	new_tokens=2	duration_s=5.93
CALL geometry3k_test_2946 oracle_topk6_cautious
OK	geometry3k_test_2946	oracle_topk6_cautious	pred='B'	gold='B'	complete=True	new_tokens=2	duration_s=5.96
CALL geometry3k_test_2946 oracle_topk3_trusted
OK	geometry3k_test_2946	oracle_topk3_trusted	pred='B'	gold='B'	complete=True	new_tokens=2	duration_s=5.93
CALL geometry3k_test_2946 oracle_topk6_trusted
OK	geometry3k_test_2946	oracle_topk6_trusted	pred='B'	gold='B'	complete=True	new_tokens=2	duration_s=5.98
CALL geometry3k_test_2946 oracle_corrupt_warned
OK	geometry3k_test_2946	oracle_corrupt_warned	pred='B'	gold='B'	complete=True	new_tokens=2	duration_s=5.96
CALL geometry3k_test_2946 oracle_corrupt_trusted
OK	geometry3k_test_2946	oracle_corrupt_trusted	pred='B'	gold='B'	complete=True	new_tokens=2	duration_s=6.00
CALL geometry3k_test_2947 raw
OK	geometry3k_test_2947	raw	pred='B'	gold='B'	complete=True	new_tokens=12	duration_s=5.48
CALL geometry3k_test_2947 oracle_full
OK	geometry3k_test_2947	oracle_full	pred='B'	gold='B'	complete=True	new_tokens=2	duration_s=6.20
CALL geometry3k_test_2947 oracle_topk3
OK	geometry3k_test_2947	oracle_topk3	pred='B'	gold='B'	complete=True	new_tokens=2	duration_s=4.88
CALL geometry3k_test_2947 oracle_topk6_cautious
OK	geometry3k_test_2947	oracle_topk6_cautious	pred='B'	gold='B'	complete=True	new_tokens=2	duration_s=5.15
CALL geometry3k_test_2947 oracle_topk3_trusted
OK	geometry3k_test_2947	oracle_topk3_trusted	pred='B'	gold='B'	complete=True	new_tokens=2	duration_s=4.86
CALL geometry3k_test_2947 oracle_topk6_trusted
OK	geometry3k_test_2947	oracle_topk6_trusted	pred='B'	gold='B'	complete=True	new_tokens=2	duration_s=5.13
CALL geometry3k_test_2947 oracle_corrupt_warned
OK	geometry3k_test_2947	oracle_corrupt_warned	pred='B'	gold='B'	complete=True	new_tokens=2	duration_s=5.14
CALL geometry3k_test_2947 oracle_corrupt_trusted
OK	geometry3k_test_2947	oracle_corrupt_trusted	pred='B'	gold='B'	complete=True	new_tokens=2	duration_s=5.13
CALL geometry3k_test_2948 raw
FAIL	geometry3k_test_2948	raw	pred='B'	gold='C'	complete=True	new_tokens=2	duration_s=6.81
CALL geometry3k_test_2948 oracle_full
FAIL	geometry3k_test_2948	oracle_full	pred='B'	gold='C'	complete=True	new_tokens=2	duration_s=8.78
CALL geometry3k_test_2948 oracle_topk3
FAIL	geometry3k_test_2948	oracle_topk3	pred='B'	gold='C'	complete=True	new_tokens=2	duration_s=7.12
CALL geometry3k_test_2948 oracle_topk6_cautious
FAIL	geometry3k_test_2948	oracle_topk6_cautious	pred='B'	gold='C'	complete=True	new_tokens=2	duration_s=7.44
CALL geometry3k_test_2948 oracle_topk3_trusted
FAIL	geometry3k_test_2948	oracle_topk3_trusted	pred='B'	gold='C'	complete=True	new_tokens=2	duration_s=7.10
CALL geometry3k_test_2948 oracle_topk6_trusted
FAIL	geometry3k_test_2948	oracle_topk6_trusted	pred='B'	gold='C'	complete=True	new_tokens=2	duration_s=7.45
CALL geometry3k_test_2948 oracle_corrupt_warned
FAIL	geometry3k_test_2948	oracle_corrupt_warned	pred='B'	gold='C'	complete=True	new_tokens=2	duration_s=7.47
CALL geometry3k_test_2948 oracle_corrupt_trusted
FAIL	geometry3k_test_2948	oracle_corrupt_trusted	pred='B'	gold='C'	complete=True	new_tokens=2	duration_s=7.43
CALL geometry3k_test_2949 raw
OK	geometry3k_test_2949	raw	pred='C'	gold='C'	complete=True	new_tokens=2	duration_s=4.94
CALL geometry3k_test_2949 oracle_full
OK	geometry3k_test_2949	oracle_full	pred='C'	gold='C'	complete=True	new_tokens=2	duration_s=6.60
CALL geometry3k_test_2949 oracle_topk3
OK	geometry3k_test_2949	oracle_topk3	pred='C'	gold='C'	complete=True	new_tokens=2	duration_s=5.31
CALL geometry3k_test_2949 oracle_topk6_cautious
OK	geometry3k_test_2949	oracle_topk6_cautious	pred='C'	gold='C'	complete=True	new_tokens=2	duration_s=5.58
CALL geometry3k_test_2949 oracle_topk3_trusted
OK	geometry3k_test_2949	oracle_topk3_trusted	pred='C'	gold='C'	complete=True	new_tokens=2	duration_s=5.29
CALL geometry3k_test_2949 oracle_topk6_trusted
OK	geometry3k_test_2949	oracle_topk6_trusted	pred='C'	gold='C'	complete=True	new_tokens=2	duration_s=5.56
CALL geometry3k_test_2949 oracle_corrupt_warned
OK	geometry3k_test_2949	oracle_corrupt_warned	pred='C'	gold='C'	complete=True	new_tokens=2	duration_s=5.57
CALL geometry3k_test_2949 oracle_corrupt_trusted
OK	geometry3k_test_2949	oracle_corrupt_trusted	pred='C'	gold='C'	complete=True	new_tokens=2	duration_s=5.53
CALL geometry3k_test_2950 raw
FAIL	geometry3k_test_2950	raw	pred='C'	gold='D'	complete=True	new_tokens=2	duration_s=4.14
CALL geometry3k_test_2950 oracle_full
FAIL	geometry3k_test_2950	oracle_full	pred='C'	gold='D'	complete=True	new_tokens=2	duration_s=9.79
CALL geometry3k_test_2950 oracle_topk3
FAIL	geometry3k_test_2950	oracle_topk3	pred='C'	gold='D'	complete=True	new_tokens=2	duration_s=4.46
CALL geometry3k_test_2950 oracle_topk6_cautious
FAIL	geometry3k_test_2950	oracle_topk6_cautious	pred='C'	gold='D'	complete=True	new_tokens=2	duration_s=4.72
CALL geometry3k_test_2950 oracle_topk3_trusted
FAIL	geometry3k_test_2950	oracle_topk3_trusted	pred='C'	gold='D'	complete=True	new_tokens=2	duration_s=4.45
CALL geometry3k_test_2950 oracle_topk6_trusted
FAIL	geometry3k_test_2950	oracle_topk6_trusted	pred='C'	gold='D'	complete=True	new_tokens=2	duration_s=4.74
CALL geometry3k_test_2950 oracle_corrupt_warned
FAIL	geometry3k_test_2950	oracle_corrupt_warned	pred='C'	gold='D'	complete=True	new_tokens=2	duration_s=4.72
CALL geometry3k_test_2950 oracle_corrupt_trusted
FAIL	geometry3k_test_2950	oracle_corrupt_trusted	pred='C'	gold='D'	complete=True	new_tokens=2	duration_s=4.73
CALL geometry3k_test_2951 raw
FAIL	geometry3k_test_2951	raw	pred='D'	gold='B'	complete=True	new_tokens=2	duration_s=4.58
CALL geometry3k_test_2951 oracle_full
FAIL	geometry3k_test_2951	oracle_full	pred='D'	gold='B'	complete=True	new_tokens=2	duration_s=6.22
CALL geometry3k_test_2951 oracle_topk3
FAIL	geometry3k_test_2951	oracle_topk3	pred='D'	gold='B'	complete=True	new_tokens=2	duration_s=4.93
CALL geometry3k_test_2951 oracle_topk6_cautious
FAIL	geometry3k_test_2951	oracle_topk6_cautious	pred='D'	gold='B'	complete=True	new_tokens=2	duration_s=5.17
CALL geometry3k_test_2951 oracle_topk3_trusted
FAIL	geometry3k_test_2951	oracle_topk3_trusted	pred='D'	gold='B'	complete=True	new_tokens=2	duration_s=4.91
CALL geometry3k_test_2951 oracle_topk6_trusted
FAIL	geometry3k_test_2951	oracle_topk6_trusted	pred='D'	gold='B'	complete=True	new_tokens=2	duration_s=5.18
CALL geometry3k_test_2951 oracle_corrupt_warned
FAIL	geometry3k_test_2951	oracle_corrupt_warned	pred='D'	gold='B'	complete=True	new_tokens=2	duration_s=5.18
CALL geometry3k_test_2951 oracle_corrupt_trusted
OK	geometry3k_test_2951	oracle_corrupt_trusted	pred='B'	gold='B'	complete=True	new_tokens=2	duration_s=5.19
CALL geometry3k_test_2952 raw
OK	geometry3k_test_2952	raw	pred='D'	gold='D'	complete=True	new_tokens=2	duration_s=4.24
CALL geometry3k_test_2952 oracle_full
OK	geometry3k_test_2952	oracle_full	pred='D'	gold='D'	complete=True	new_tokens=2	duration_s=6.89
CALL geometry3k_test_2952 oracle_topk3
OK	geometry3k_test_2952	oracle_topk3	pred='D'	gold='D'	complete=True	new_tokens=2	duration_s=4.81
CALL geometry3k_test_2952 oracle_topk6_cautious
OK	geometry3k_test_2952	oracle_topk6_cautious	pred='D'	gold='D'	complete=True	new_tokens=2	duration_s=4.86
CALL geometry3k_test_2952 oracle_topk3_trusted
OK	geometry3k_test_2952	oracle_topk3_trusted	pred='D'	gold='D'	complete=True	new_tokens=2	duration_s=4.81
CALL geometry3k_test_2952 oracle_topk6_trusted
OK	geometry3k_test_2952	oracle_topk6_trusted	pred='D'	gold='D'	complete=True	new_tokens=2	duration_s=4.86
CALL geometry3k_test_2952 oracle_corrupt_warned
OK	geometry3k_test_2952	oracle_corrupt_warned	pred='D'	gold='D'	complete=True	new_tokens=2	duration_s=4.84
CALL geometry3k_test_2952 oracle_corrupt_trusted
OK	geometry3k_test_2952	oracle_corrupt_trusted	pred='D'	gold='D'	complete=True	new_tokens=2	duration_s=4.84
CALL geometry3k_test_2953 raw
OK	geometry3k_test_2953	raw	pred='C'	gold='C'	complete=True	new_tokens=2	duration_s=4.73
CALL geometry3k_test_2953 oracle_full
OK	geometry3k_test_2953	oracle_full	pred='C'	gold='C'	complete=True	new_tokens=2	duration_s=6.39
CALL geometry3k_test_2953 oracle_topk3
OK	geometry3k_test_2953	oracle_topk3	pred='C'	gold='C'	complete=True	new_tokens=2	duration_s=5.07
CALL geometry3k_test_2953 oracle_topk6_cautious
OK	geometry3k_test_2953	oracle_topk6_cautious	pred='C'	gold='C'	complete=True	new_tokens=2	duration_s=5.35
CALL geometry3k_test_2953 oracle_topk3_trusted
OK	geometry3k_test_2953	oracle_topk3_trusted	pred='C'	gold='C'	complete=True	new_tokens=2	duration_s=5.06
CALL geometry3k_test_2953 oracle_topk6_trusted
OK	geometry3k_test_2953	oracle_topk6_trusted	pred='C'	gold='C'	complete=True	new_tokens=2	duration_s=5.37
CALL geometry3k_test_2953 oracle_corrupt_warned
OK	geometry3k_test_2953	oracle_corrupt_warned	pred='C'	gold='C'	complete=True	new_tokens=2	duration_s=5.32
CALL geometry3k_test_2953 oracle_corrupt_trusted
OK	geometry3k_test_2953	oracle_corrupt_trusted	pred='C'	gold='C'	complete=True	new_tokens=2	duration_s=5.35
CALL geometry3k_test_2954 raw
OK	geometry3k_test_2954	raw	pred='D'	gold='D'	complete=True	new_tokens=2	duration_s=4.21
CALL geometry3k_test_2954 oracle_full
OK	geometry3k_test_2954	oracle_full	pred='D'	gold='D'	complete=True	new_tokens=2	duration_s=5.86
CALL geometry3k_test_2954 oracle_topk3
OK	geometry3k_test_2954	oracle_topk3	pred='D'	gold='D'	complete=True	new_tokens=2	duration_s=4.55
CALL geometry3k_test_2954 oracle_topk6_cautious
OK	geometry3k_test_2954	oracle_topk6_cautious	pred='D'	gold='D'	complete=True	new_tokens=2	duration_s=4.85
CALL geometry3k_test_2954 oracle_topk3_trusted
OK	geometry3k_test_2954	oracle_topk3_trusted	pred='D'	gold='D'	complete=True	new_tokens=2	duration_s=4.56
CALL geometry3k_test_2954 oracle_topk6_trusted
OK	geometry3k_test_2954	oracle_topk6_trusted	pred='D'	gold='D'	complete=True	new_tokens=2	duration_s=4.82
CALL geometry3k_test_2954 oracle_corrupt_warned
OK	geometry3k_test_2954	oracle_corrupt_warned	pred='D'	gold='D'	complete=True	new_tokens=2	duration_s=4.82
CALL geometry3k_test_2954 oracle_corrupt_trusted
OK	geometry3k_test_2954	oracle_corrupt_trusted	pred='D'	gold='D'	complete=True	new_tokens=2	duration_s=4.82
CALL geometry3k_test_2955 raw
FAIL	geometry3k_test_2955	raw	pred='C'	gold='D'	complete=True	new_tokens=2	duration_s=4.44
CALL geometry3k_test_2955 oracle_full
FAIL	geometry3k_test_2955	oracle_full	pred='C'	gold='D'	complete=True	new_tokens=2	duration_s=6.45
CALL geometry3k_test_2955 oracle_topk3
FAIL	geometry3k_test_2955	oracle_topk3	pred='C'	gold='D'	complete=True	new_tokens=2	duration_s=5.03
CALL geometry3k_test_2955 oracle_topk6_cautious
FAIL	geometry3k_test_2955	oracle_topk6_cautious	pred='C'	gold='D'	complete=True	new_tokens=2	duration_s=5.37
CALL geometry3k_test_2955 oracle_topk3_trusted
FAIL	geometry3k_test_2955	oracle_topk3_trusted	pred='C'	gold='D'	complete=True	new_tokens=2	duration_s=5.05
CALL geometry3k_test_2955 oracle_topk6_trusted
FAIL	geometry3k_test_2955	oracle_topk6_trusted	pred='C'	gold='D'	complete=True	new_tokens=2	duration_s=5.38
CALL geometry3k_test_2955 oracle_corrupt_warned
FAIL	geometry3k_test_2955	oracle_corrupt_warned	pred='C'	gold='D'	complete=True	new_tokens=2	duration_s=5.38
CALL geometry3k_test_2955 oracle_corrupt_trusted
FAIL	geometry3k_test_2955	oracle_corrupt_trusted	pred='C'	gold='D'	complete=True	new_tokens=2	duration_s=5.06
CALL geometry3k_test_2956 raw
OK	geometry3k_test_2956	raw	pred='C'	gold='C'	complete=True	new_tokens=2	duration_s=11.30
CALL geometry3k_test_2956 oracle_full
OK	geometry3k_test_2956	oracle_full	pred='C'	gold='C'	complete=True	new_tokens=2	duration_s=14.44
CALL geometry3k_test_2956 oracle_topk3
OK	geometry3k_test_2956	oracle_topk3	pred='C'	gold='C'	complete=True	new_tokens=2	duration_s=11.63
CALL geometry3k_test_2956 oracle_topk6_cautious
OK	geometry3k_test_2956	oracle_topk6_cautious	pred='C'	gold='C'	complete=True	new_tokens=2	duration_s=12.00
CALL geometry3k_test_2956 oracle_topk3_trusted
OK	geometry3k_test_2956	oracle_topk3_trusted	pred='C'	gold='C'	complete=True	new_tokens=2	duration_s=11.68
CALL geometry3k_test_2956 oracle_topk6_trusted
OK	geometry3k_test_2956	oracle_topk6_trusted	pred='C'	gold='C'	complete=True	new_tokens=2	duration_s=12.01
CALL geometry3k_test_2956 oracle_corrupt_warned
OK	geometry3k_test_2956	oracle_corrupt_warned	pred='C'	gold='C'	complete=True	new_tokens=2	duration_s=11.98
CALL geometry3k_test_2956 oracle_corrupt_trusted
OK	geometry3k_test_2956	oracle_corrupt_trusted	pred='C'	gold='C'	complete=True	new_tokens=2	duration_s=11.99
CALL geometry3k_test_2957 raw
OK	geometry3k_test_2957	raw	pred='C'	gold='C'	complete=True	new_tokens=8	duration_s=7.45
CALL geometry3k_test_2957 oracle_full
OK	geometry3k_test_2957	oracle_full	pred='C'	gold='C'	complete=True	new_tokens=8	duration_s=9.13
CALL geometry3k_test_2957 oracle_topk3
OK	geometry3k_test_2957	oracle_topk3	pred='C'	gold='C'	complete=True	new_tokens=8	duration_s=7.77
CALL geometry3k_test_2957 oracle_topk6_cautious
OK	geometry3k_test_2957	oracle_topk6_cautious	pred='C'	gold='C'	complete=True	new_tokens=8	duration_s=7.78
CALL geometry3k_test_2957 oracle_topk3_trusted
OK	geometry3k_test_2957	oracle_topk3_trusted	pred='C'	gold='C'	complete=True	new_tokens=8	duration_s=7.75
CALL geometry3k_test_2957 oracle_topk6_trusted
OK	geometry3k_test_2957	oracle_topk6_trusted	pred='C'	gold='C'	complete=True	new_tokens=8	duration_s=7.77
CALL geometry3k_test_2957 oracle_corrupt_warned
OK	geometry3k_test_2957	oracle_corrupt_warned	pred='C'	gold='C'	complete=True	new_tokens=8	duration_s=7.78
CALL geometry3k_test_2957 oracle_corrupt_trusted
OK	geometry3k_test_2957	oracle_corrupt_trusted	pred='C'	gold='C'	complete=True	new_tokens=8	duration_s=7.75
CALL geometry3k_test_2958 raw
FAIL	geometry3k_test_2958	raw	pred='D'	gold='B'	complete=True	new_tokens=13	duration_s=5.00
CALL geometry3k_test_2958 oracle_full
FAIL	geometry3k_test_2958	oracle_full	pred='D'	gold='B'	complete=True	new_tokens=2	duration_s=5.63
CALL geometry3k_test_2958 oracle_topk3
FAIL	geometry3k_test_2958	oracle_topk3	pred='D'	gold='B'	complete=True	new_tokens=2	duration_s=4.30
CALL geometry3k_test_2958 oracle_topk6_cautious
OK	geometry3k_test_2958	oracle_topk6_cautious	pred='B'	gold='B'	complete=True	new_tokens=2	duration_s=4.59
CALL geometry3k_test_2958 oracle_topk3_trusted
FAIL	geometry3k_test_2958	oracle_topk3_trusted	pred='D'	gold='B'	complete=True	new_tokens=2	duration_s=4.30
CALL geometry3k_test_2958 oracle_topk6_trusted
FAIL	geometry3k_test_2958	oracle_topk6_trusted	pred='D'	gold='B'	complete=True	new_tokens=2	duration_s=4.59
CALL geometry3k_test_2958 oracle_corrupt_warned
FAIL	geometry3k_test_2958	oracle_corrupt_warned	pred='D'	gold='B'	complete=True	new_tokens=2	duration_s=4.59
CALL geometry3k_test_2958 oracle_corrupt_trusted
FAIL	geometry3k_test_2958	oracle_corrupt_trusted	pred='D'	gold='B'	complete=True	new_tokens=2	duration_s=4.55
CALL geometry3k_test_2959 raw
FAIL	geometry3k_test_2959	raw	pred='A'	gold='B'	complete=True	new_tokens=2	duration_s=4.41
CALL geometry3k_test_2959 oracle_full
FAIL	geometry3k_test_2959	oracle_full	pred='A'	gold='B'	complete=True	new_tokens=2	duration_s=6.38
CALL geometry3k_test_2959 oracle_topk3
FAIL	geometry3k_test_2959	oracle_topk3	pred='A'	gold='B'	complete=True	new_tokens=2	duration_s=4.77
CALL geometry3k_test_2959 oracle_topk6_cautious
FAIL	geometry3k_test_2959	oracle_topk6_cautious	pred='A'	gold='B'	complete=True	new_tokens=2	duration_s=5.01
CALL geometry3k_test_2959 oracle_topk3_trusted
FAIL	geometry3k_test_2959	oracle_topk3_trusted	pred='A'	gold='B'	complete=True	new_tokens=2	duration_s=4.73
CALL geometry3k_test_2959 oracle_topk6_trusted
FAIL	geometry3k_test_2959	oracle_topk6_trusted	pred='A'	gold='B'	complete=True	new_tokens=2	duration_s=5.03
CALL geometry3k_test_2959 oracle_corrupt_warned
FAIL	geometry3k_test_2959	oracle_corrupt_warned	pred='A'	gold='B'	complete=True	new_tokens=2	duration_s=5.03
CALL geometry3k_test_2959 oracle_corrupt_trusted
FAIL	geometry3k_test_2959	oracle_corrupt_trusted	pred='A'	gold='B'	complete=True	new_tokens=2	duration_s=5.03
CALL geometry3k_test_2960 raw
OK	geometry3k_test_2960	raw	pred='C'	gold='C'	complete=True	new_tokens=2	duration_s=4.45
CALL geometry3k_test_2960 oracle_full
OK	geometry3k_test_2960	oracle_full	pred='C'	gold='C'	complete=True	new_tokens=2	duration_s=6.06
CALL geometry3k_test_2960 oracle_topk3
OK	geometry3k_test_2960	oracle_topk3	pred='C'	gold='C'	complete=True	new_tokens=2	duration_s=4.75
CALL geometry3k_test_2960 oracle_topk6_cautious
OK	geometry3k_test_2960	oracle_topk6_cautious	pred='C'	gold='C'	complete=True	new_tokens=2	duration_s=4.98
CALL geometry3k_test_2960 oracle_topk3_trusted
OK	geometry3k_test_2960	oracle_topk3_trusted	pred='C'	gold='C'	complete=True	new_tokens=2	duration_s=4.73
CALL geometry3k_test_2960 oracle_topk6_trusted
OK	geometry3k_test_2960	oracle_topk6_trusted	pred='C'	gold='C'	complete=True	new_tokens=2	duration_s=4.79
CALL geometry3k_test_2960 oracle_corrupt_warned
OK	geometry3k_test_2960	oracle_corrupt_warned	pred='C'	gold='C'	complete=True	new_tokens=2	duration_s=5.00
CALL geometry3k_test_2960 oracle_corrupt_trusted
OK	geometry3k_test_2960	oracle_corrupt_trusted	pred='C'	gold='C'	complete=True	new_tokens=2	duration_s=4.77
CALL geometry3k_test_2961 raw
OK	geometry3k_test_2961	raw	pred='D'	gold='D'	complete=True	new_tokens=2	duration_s=9.06
CALL geometry3k_test_2961 oracle_full
OK	geometry3k_test_2961	oracle_full	pred='D'	gold='D'	complete=True	new_tokens=2	duration_s=10.75
CALL geometry3k_test_2961 oracle_topk3
OK	geometry3k_test_2961	oracle_topk3	pred='D'	gold='D'	complete=True	new_tokens=2	duration_s=9.42
CALL geometry3k_test_2961 oracle_topk6_cautious
OK	geometry3k_test_2961	oracle_topk6_cautious	pred='D'	gold='D'	complete=True	new_tokens=2	duration_s=9.45
CALL geometry3k_test_2961 oracle_topk3_trusted
OK	geometry3k_test_2961	oracle_topk3_trusted	pred='D'	gold='D'	complete=True	new_tokens=2	duration_s=9.44
CALL geometry3k_test_2961 oracle_topk6_trusted
OK	geometry3k_test_2961	oracle_topk6_trusted	pred='D'	gold='D'	complete=True	new_tokens=2	duration_s=9.50
CALL geometry3k_test_2961 oracle_corrupt_warned
OK	geometry3k_test_2961	oracle_corrupt_warned	pred='D'	gold='D'	complete=True	new_tokens=2	duration_s=9.48
CALL geometry3k_test_2961 oracle_corrupt_trusted
OK	geometry3k_test_2961	oracle_corrupt_trusted	pred='D'	gold='D'	complete=True	new_tokens=2	duration_s=9.44
CALL geometry3k_test_2962 raw
FAIL	geometry3k_test_2962	raw	pred='B'	gold='C'	complete=True	new_tokens=2	duration_s=4.55
CALL geometry3k_test_2962 oracle_full
FAIL	geometry3k_test_2962	oracle_full	pred='B'	gold='C'	complete=True	new_tokens=2	duration_s=5.89
CALL geometry3k_test_2962 oracle_topk3
FAIL	geometry3k_test_2962	oracle_topk3	pred='B'	gold='C'	complete=True	new_tokens=2	duration_s=5.10
CALL geometry3k_test_2962 oracle_topk6_cautious
FAIL	geometry3k_test_2962	oracle_topk6_cautious	pred='B'	gold='C'	complete=True	new_tokens=2	duration_s=5.15
CALL geometry3k_test_2962 oracle_topk3_trusted
FAIL	geometry3k_test_2962	oracle_topk3_trusted	pred='B'	gold='C'	complete=True	new_tokens=2	duration_s=4.88
CALL geometry3k_test_2962 oracle_topk6_trusted
FAIL	geometry3k_test_2962	oracle_topk6_trusted	pred='B'	gold='C'	complete=True	new_tokens=2	duration_s=5.16
CALL geometry3k_test_2962 oracle_corrupt_warned
FAIL	geometry3k_test_2962	oracle_corrupt_warned	pred='B'	gold='C'	complete=True	new_tokens=2	duration_s=5.17
CALL geometry3k_test_2962 oracle_corrupt_trusted
FAIL	geometry3k_test_2962	oracle_corrupt_trusted	pred='B'	gold='C'	complete=True	new_tokens=2	duration_s=5.14
CALL geometry3k_test_2963 raw
FAIL	geometry3k_test_2963	raw	pred='C'	gold='D'	complete=True	new_tokens=2	duration_s=5.20
CALL geometry3k_test_2963 oracle_full
FAIL	geometry3k_test_2963	oracle_full	pred='B'	gold='D'	complete=True	new_tokens=2	duration_s=8.59
CALL geometry3k_test_2963 oracle_topk3
FAIL	geometry3k_test_2963	oracle_topk3	pred='C'	gold='D'	complete=True	new_tokens=2	duration_s=5.53
CALL geometry3k_test_2963 oracle_topk6_cautious
FAIL	geometry3k_test_2963	oracle_topk6_cautious	pred='C'	gold='D'	complete=True	new_tokens=2	duration_s=5.84
CALL geometry3k_test_2963 oracle_topk3_trusted
FAIL	geometry3k_test_2963	oracle_topk3_trusted	pred='C'	gold='D'	complete=True	new_tokens=2	duration_s=5.48
CALL geometry3k_test_2963 oracle_topk6_trusted
FAIL	geometry3k_test_2963	oracle_topk6_trusted	pred='C'	gold='D'	complete=True	new_tokens=2	duration_s=5.85
CALL geometry3k_test_2963 oracle_corrupt_warned
FAIL	geometry3k_test_2963	oracle_corrupt_warned	pred='C'	gold='D'	complete=True	new_tokens=2	duration_s=5.86
CALL geometry3k_test_2963 oracle_corrupt_trusted
FAIL	geometry3k_test_2963	oracle_corrupt_trusted	pred='C'	gold='D'	complete=True	new_tokens=2	duration_s=5.84
CALL geometry3k_test_2964 raw
OK	geometry3k_test_2964	raw	pred='A'	gold='A'	complete=True	new_tokens=2	duration_s=7.50
CALL geometry3k_test_2964 oracle_full
OK	geometry3k_test_2964	oracle_full	pred='A'	gold='A'	complete=True	new_tokens=2	duration_s=9.90
CALL geometry3k_test_2964 oracle_topk3
OK	geometry3k_test_2964	oracle_topk3	pred='A'	gold='A'	complete=True	new_tokens=2	duration_s=7.78
CALL geometry3k_test_2964 oracle_topk6_cautious
OK	geometry3k_test_2964	oracle_topk6_cautious	pred='A'	gold='A'	complete=True	new_tokens=2	duration_s=8.13
CALL geometry3k_test_2964 oracle_topk3_trusted
OK	geometry3k_test_2964	oracle_topk3_trusted	pred='A'	gold='A'	complete=True	new_tokens=2	duration_s=7.77
CALL geometry3k_test_2964 oracle_topk6_trusted
OK	geometry3k_test_2964	oracle_topk6_trusted	pred='A'	gold='A'	complete=True	new_tokens=2	duration_s=8.13
CALL geometry3k_test_2964 oracle_corrupt_warned
OK	geometry3k_test_2964	oracle_corrupt_warned	pred='A'	gold='A'	complete=True	new_tokens=2	duration_s=8.08
CALL geometry3k_test_2964 oracle_corrupt_trusted
OK	geometry3k_test_2964	oracle_corrupt_trusted	pred='A'	gold='A'	complete=True	new_tokens=2	duration_s=8.11
CALL geometry3k_test_2965 raw
FAIL	geometry3k_test_2965	raw	pred='B'	gold='A'	complete=True	new_tokens=2	duration_s=5.80
CALL geometry3k_test_2965 oracle_full
FAIL	geometry3k_test_2965	oracle_full	pred='B'	gold='A'	complete=True	new_tokens=2	duration_s=7.11
CALL geometry3k_test_2965 oracle_topk3
FAIL	geometry3k_test_2965	oracle_topk3	pred='B'	gold='A'	complete=True	new_tokens=2	duration_s=6.35
CALL geometry3k_test_2965 oracle_topk6_cautious
FAIL	geometry3k_test_2965	oracle_topk6_cautious	pred='B'	gold='A'	complete=True	new_tokens=2	duration_s=6.42
CALL geometry3k_test_2965 oracle_topk3_trusted
FAIL	geometry3k_test_2965	oracle_topk3_trusted	pred='B'	gold='A'	complete=True	new_tokens=2	duration_s=6.13
CALL geometry3k_test_2965 oracle_topk6_trusted
FAIL	geometry3k_test_2965	oracle_topk6_trusted	pred='B'	gold='A'	complete=True	new_tokens=2	duration_s=6.39
CALL geometry3k_test_2965 oracle_corrupt_warned
FAIL	geometry3k_test_2965	oracle_corrupt_warned	pred='B'	gold='A'	complete=True	new_tokens=2	duration_s=6.39
CALL geometry3k_test_2965 oracle_corrupt_trusted
FAIL	geometry3k_test_2965	oracle_corrupt_trusted	pred='B'	gold='A'	complete=True	new_tokens=2	duration_s=6.40
CALL geometry3k_test_2966 raw
FAIL	geometry3k_test_2966	raw	pred='C'	gold='B'	complete=True	new_tokens=2	duration_s=7.86
CALL geometry3k_test_2966 oracle_full
FAIL	geometry3k_test_2966	oracle_full	pred='C'	gold='B'	complete=True	new_tokens=2	duration_s=9.83
CALL geometry3k_test_2966 oracle_topk3
FAIL	geometry3k_test_2966	oracle_topk3	pred='C'	gold='B'	complete=True	new_tokens=2	duration_s=8.17
CALL geometry3k_test_2966 oracle_topk6_cautious
FAIL	geometry3k_test_2966	oracle_topk6_cautious	pred='C'	gold='B'	complete=True	new_tokens=2	duration_s=8.46
CALL geometry3k_test_2966 oracle_topk3_trusted
FAIL	geometry3k_test_2966	oracle_topk3_trusted	pred='C'	gold='B'	complete=True	new_tokens=2	duration_s=8.13
CALL geometry3k_test_2966 oracle_topk6_trusted
FAIL	geometry3k_test_2966	oracle_topk6_trusted	pred='C'	gold='B'	complete=True	new_tokens=2	duration_s=8.49
CALL geometry3k_test_2966 oracle_corrupt_warned
FAIL	geometry3k_test_2966	oracle_corrupt_warned	pred='C'	gold='B'	complete=True	new_tokens=2	duration_s=8.47
CALL geometry3k_test_2966 oracle_corrupt_trusted
FAIL	geometry3k_test_2966	oracle_corrupt_trusted	pred='C'	gold='B'	complete=True	new_tokens=2	duration_s=8.45
CALL geometry3k_test_2967 raw
FAIL	geometry3k_test_2967	raw	pred='C'	gold='A'	complete=True	new_tokens=2	duration_s=10.44
CALL geometry3k_test_2967 oracle_full
FAIL	geometry3k_test_2967	oracle_full	pred='C'	gold='A'	complete=True	new_tokens=2	duration_s=12.81
CALL geometry3k_test_2967 oracle_topk3
FAIL	geometry3k_test_2967	oracle_topk3	pred='C'	gold='A'	complete=True	new_tokens=2	duration_s=11.05
CALL geometry3k_test_2967 oracle_topk6_cautious
FAIL	geometry3k_test_2967	oracle_topk6_cautious	pred='C'	gold='A'	complete=True	new_tokens=2	duration_s=11.07
CALL geometry3k_test_2967 oracle_topk3_trusted
FAIL	geometry3k_test_2967	oracle_topk3_trusted	pred='C'	gold='A'	complete=True	new_tokens=2	duration_s=10.76
CALL geometry3k_test_2967 oracle_topk6_trusted
FAIL	geometry3k_test_2967	oracle_topk6_trusted	pred='C'	gold='A'	complete=True	new_tokens=2	duration_s=11.08
CALL geometry3k_test_2967 oracle_corrupt_warned
FAIL	geometry3k_test_2967	oracle_corrupt_warned	pred='C'	gold='A'	complete=True	new_tokens=2	duration_s=11.09
CALL geometry3k_test_2967 oracle_corrupt_trusted
FAIL	geometry3k_test_2967	oracle_corrupt_trusted	pred='C'	gold='A'	complete=True	new_tokens=2	duration_s=11.08
CALL geometry3k_test_2968 raw
OK	geometry3k_test_2968	raw	pred='A'	gold='A'	complete=True	new_tokens=2	duration_s=4.38
CALL geometry3k_test_2968 oracle_full
OK	geometry3k_test_2968	oracle_full	pred='A'	gold='A'	complete=True	new_tokens=2	duration_s=6.31
CALL geometry3k_test_2968 oracle_topk3
OK	geometry3k_test_2968	oracle_topk3	pred='A'	gold='A'	complete=True	new_tokens=2	duration_s=4.71
CALL geometry3k_test_2968 oracle_topk6_cautious
OK	geometry3k_test_2968	oracle_topk6_cautious	pred='A'	gold='A'	complete=True	new_tokens=2	duration_s=4.99
CALL geometry3k_test_2968 oracle_topk3_trusted
OK	geometry3k_test_2968	oracle_topk3_trusted	pred='A'	gold='A'	complete=True	new_tokens=2	duration_s=4.74
CALL geometry3k_test_2968 oracle_topk6_trusted
OK	geometry3k_test_2968	oracle_topk6_trusted	pred='A'	gold='A'	complete=True	new_tokens=2	duration_s=4.98
CALL geometry3k_test_2968 oracle_corrupt_warned
OK	geometry3k_test_2968	oracle_corrupt_warned	pred='A'	gold='A'	complete=True	new_tokens=2	duration_s=4.99
CALL geometry3k_test_2968 oracle_corrupt_trusted
FAIL	geometry3k_test_2968	oracle_corrupt_trusted	pred='B'	gold='A'	complete=True	new_tokens=2	duration_s=5.00
CALL geometry3k_test_2969 raw
OK	geometry3k_test_2969	raw	pred='C'	gold='C'	complete=True	new_tokens=2	duration_s=6.17
CALL geometry3k_test_2969 oracle_full
OK	geometry3k_test_2969	oracle_full	pred='C'	gold='C'	complete=True	new_tokens=2	duration_s=8.17
CALL geometry3k_test_2969 oracle_topk3
OK	geometry3k_test_2969	oracle_topk3	pred='C'	gold='C'	complete=True	new_tokens=2	duration_s=6.49
CALL geometry3k_test_2969 oracle_topk6_cautious
OK	geometry3k_test_2969	oracle_topk6_cautious	pred='C'	gold='C'	complete=True	new_tokens=2	duration_s=6.80
CALL geometry3k_test_2969 oracle_topk3_trusted
OK	geometry3k_test_2969	oracle_topk3_trusted	pred='C'	gold='C'	complete=True	new_tokens=2	duration_s=6.49
CALL geometry3k_test_2969 oracle_topk6_trusted
OK	geometry3k_test_2969	oracle_topk6_trusted	pred='C'	gold='C'	complete=True	new_tokens=2	duration_s=6.79
CALL geometry3k_test_2969 oracle_corrupt_warned
OK	geometry3k_test_2969	oracle_corrupt_warned	pred='C'	gold='C'	complete=True	new_tokens=2	duration_s=6.84
CALL geometry3k_test_2969 oracle_corrupt_trusted
OK	geometry3k_test_2969	oracle_corrupt_trusted	pred='C'	gold='C'	complete=True	new_tokens=2	duration_s=6.84
CALL geometry3k_test_2970 raw
OK	geometry3k_test_2970	raw	pred='C'	gold='C'	complete=True	new_tokens=2	duration_s=9.22
CALL geometry3k_test_2970 oracle_full
OK	geometry3k_test_2970	oracle_full	pred='C'	gold='C'	complete=True	new_tokens=2	duration_s=11.66
CALL geometry3k_test_2970 oracle_topk3
FAIL	geometry3k_test_2970	oracle_topk3	pred='D'	gold='C'	complete=True	new_tokens=2	duration_s=9.61
CALL geometry3k_test_2970 oracle_topk6_cautious
FAIL	geometry3k_test_2970	oracle_topk6_cautious	pred='D'	gold='C'	complete=True	new_tokens=2	duration_s=9.65
CALL geometry3k_test_2970 oracle_topk3_trusted
OK	geometry3k_test_2970	oracle_topk3_trusted	pred='C'	gold='C'	complete=True	new_tokens=2	duration_s=9.54
CALL geometry3k_test_2970 oracle_topk6_trusted
OK	geometry3k_test_2970	oracle_topk6_trusted	pred='C'	gold='C'	complete=True	new_tokens=2	duration_s=9.61
CALL geometry3k_test_2970 oracle_corrupt_warned
OK	geometry3k_test_2970	oracle_corrupt_warned	pred='C'	gold='C'	complete=True	new_tokens=2	duration_s=9.62
CALL geometry3k_test_2970 oracle_corrupt_trusted
OK	geometry3k_test_2970	oracle_corrupt_trusted	pred='C'	gold='C'	complete=True	new_tokens=2	duration_s=9.67
CALL geometry3k_test_2971 raw
FAIL	geometry3k_test_2971	raw	pred='A'	gold='B'	complete=True	new_tokens=2	duration_s=13.34
CALL geometry3k_test_2971 oracle_full
OK	geometry3k_test_2971	oracle_full	pred='B'	gold='B'	complete=True	new_tokens=2	duration_s=14.73
CALL geometry3k_test_2971 oracle_topk3
OK	geometry3k_test_2971	oracle_topk3	pred='B'	gold='B'	complete=True	new_tokens=2	duration_s=13.71
CALL geometry3k_test_2971 oracle_topk6_cautious
OK	geometry3k_test_2971	oracle_topk6_cautious	pred='B'	gold='B'	complete=True	new_tokens=2	duration_s=13.99
CALL geometry3k_test_2971 oracle_topk3_trusted
OK	geometry3k_test_2971	oracle_topk3_trusted	pred='B'	gold='B'	complete=True	new_tokens=2	duration_s=13.68
CALL geometry3k_test_2971 oracle_topk6_trusted
OK	geometry3k_test_2971	oracle_topk6_trusted	pred='B'	gold='B'	complete=True	new_tokens=2	duration_s=13.98
CALL geometry3k_test_2971 oracle_corrupt_warned
OK	geometry3k_test_2971	oracle_corrupt_warned	pred='B'	gold='B'	complete=True	new_tokens=2	duration_s=13.95
CALL geometry3k_test_2971 oracle_corrupt_trusted
OK	geometry3k_test_2971	oracle_corrupt_trusted	pred='B'	gold='B'	complete=True	new_tokens=2	duration_s=13.99
CALL geometry3k_test_2972 raw
OK	geometry3k_test_2972	raw	pred='B'	gold='B'	complete=True	new_tokens=2	duration_s=21.92
CALL geometry3k_test_2972 oracle_full
OK	geometry3k_test_2972	oracle_full	pred='B'	gold='B'	complete=True	new_tokens=2	duration_s=25.17
CALL geometry3k_test_2972 oracle_topk3
OK	geometry3k_test_2972	oracle_topk3	pred='B'	gold='B'	complete=True	new_tokens=2	duration_s=22.19
CALL geometry3k_test_2972 oracle_topk6_cautious
OK	geometry3k_test_2972	oracle_topk6_cautious	pred='B'	gold='B'	complete=True	new_tokens=2	duration_s=22.53
CALL geometry3k_test_2972 oracle_topk3_trusted
OK	geometry3k_test_2972	oracle_topk3_trusted	pred='B'	gold='B'	complete=True	new_tokens=2	duration_s=22.17
CALL geometry3k_test_2972 oracle_topk6_trusted
OK	geometry3k_test_2972	oracle_topk6_trusted	pred='B'	gold='B'	complete=True	new_tokens=2	duration_s=22.58
CALL geometry3k_test_2972 oracle_corrupt_warned
OK	geometry3k_test_2972	oracle_corrupt_warned	pred='B'	gold='B'	complete=True	new_tokens=2	duration_s=22.69
CALL geometry3k_test_2972 oracle_corrupt_trusted
OK	geometry3k_test_2972	oracle_corrupt_trusted	pred='B'	gold='B'	complete=True	new_tokens=2	duration_s=22.51
CALL geometry3k_test_2973 raw
FAIL	geometry3k_test_2973	raw	pred='C'	gold='D'	complete=True	new_tokens=2	duration_s=5.17
CALL geometry3k_test_2973 oracle_full
FAIL	geometry3k_test_2973	oracle_full	pred='C'	gold='D'	complete=True	new_tokens=2	duration_s=6.79
CALL geometry3k_test_2973 oracle_topk3
FAIL	geometry3k_test_2973	oracle_topk3	pred='C'	gold='D'	complete=True	new_tokens=2	duration_s=5.53
CALL geometry3k_test_2973 oracle_topk6_cautious
FAIL	geometry3k_test_2973	oracle_topk6_cautious	pred='C'	gold='D'	complete=True	new_tokens=2	duration_s=5.80
CALL geometry3k_test_2973 oracle_topk3_trusted
FAIL	geometry3k_test_2973	oracle_topk3_trusted	pred='C'	gold='D'	complete=True	new_tokens=2	duration_s=5.53
CALL geometry3k_test_2973 oracle_topk6_trusted
FAIL	geometry3k_test_2973	oracle_topk6_trusted	pred='C'	gold='D'	complete=True	new_tokens=2	duration_s=5.86
CALL geometry3k_test_2973 oracle_corrupt_warned
FAIL	geometry3k_test_2973	oracle_corrupt_warned	pred='C'	gold='D'	complete=True	new_tokens=2	duration_s=5.88
CALL geometry3k_test_2973 oracle_corrupt_trusted
FAIL	geometry3k_test_2973	oracle_corrupt_trusted	pred='C'	gold='D'	complete=True	new_tokens=2	duration_s=5.85
CALL geometry3k_test_2974 raw
OK	geometry3k_test_2974	raw	pred='D'	gold='D'	complete=True	new_tokens=2	duration_s=4.22
CALL geometry3k_test_2974 oracle_full
FAIL	geometry3k_test_2974	oracle_full	pred='C'	gold='D'	complete=True	new_tokens=2	duration_s=6.22
CALL geometry3k_test_2974 oracle_topk3
OK	geometry3k_test_2974	oracle_topk3	pred='D'	gold='D'	complete=True	new_tokens=2	duration_s=4.58
CALL geometry3k_test_2974 oracle_topk6_cautious
FAIL	geometry3k_test_2974	oracle_topk6_cautious	pred='C'	gold='D'	complete=True	new_tokens=2	duration_s=4.84
CALL geometry3k_test_2974 oracle_topk3_trusted
OK	geometry3k_test_2974	oracle_topk3_trusted	pred='D'	gold='D'	complete=True	new_tokens=2	duration_s=4.59
CALL geometry3k_test_2974 oracle_topk6_trusted
FAIL	geometry3k_test_2974	oracle_topk6_trusted	pred='C'	gold='D'	complete=True	new_tokens=2	duration_s=4.87
CALL geometry3k_test_2974 oracle_corrupt_warned
FAIL	geometry3k_test_2974	oracle_corrupt_warned	pred='C'	gold='D'	complete=True	new_tokens=2	duration_s=4.84
CALL geometry3k_test_2974 oracle_corrupt_trusted
FAIL	geometry3k_test_2974	oracle_corrupt_trusted	pred='C'	gold='D'	complete=True	new_tokens=2	duration_s=4.85
CALL geometry3k_test_2975 raw
OK	geometry3k_test_2975	raw	pred='C'	gold='C'	complete=True	new_tokens=2	duration_s=4.25
CALL geometry3k_test_2975 oracle_full
OK	geometry3k_test_2975	oracle_full	pred='C'	gold='C'	complete=True	new_tokens=2	duration_s=6.24
CALL geometry3k_test_2975 oracle_topk3
OK	geometry3k_test_2975	oracle_topk3	pred='C'	gold='C'	complete=True	new_tokens=2	duration_s=4.59
CALL geometry3k_test_2975 oracle_topk6_cautious
OK	geometry3k_test_2975	oracle_topk6_cautious	pred='C'	gold='C'	complete=True	new_tokens=2	duration_s=4.85
CALL geometry3k_test_2975 oracle_topk3_trusted
OK	geometry3k_test_2975	oracle_topk3_trusted	pred='C'	gold='C'	complete=True	new_tokens=2	duration_s=4.58
CALL geometry3k_test_2975 oracle_topk6_trusted
OK	geometry3k_test_2975	oracle_topk6_trusted	pred='C'	gold='C'	complete=True	new_tokens=2	duration_s=4.84
CALL geometry3k_test_2975 oracle_corrupt_warned
OK	geometry3k_test_2975	oracle_corrupt_warned	pred='C'	gold='C'	complete=True	new_tokens=2	duration_s=4.84
CALL geometry3k_test_2975 oracle_corrupt_trusted
OK	geometry3k_test_2975	oracle_corrupt_trusted	pred='C'	gold='C'	complete=True	new_tokens=2	duration_s=4.83
CALL geometry3k_test_2976 raw
OK	geometry3k_test_2976	raw	pred='B'	gold='B'	complete=True	new_tokens=2	duration_s=4.73
CALL geometry3k_test_2976 oracle_full
OK	geometry3k_test_2976	oracle_full	pred='B'	gold='B'	complete=True	new_tokens=2	duration_s=7.40
CALL geometry3k_test_2976 oracle_topk3
OK	geometry3k_test_2976	oracle_topk3	pred='B'	gold='B'	complete=True	new_tokens=2	duration_s=5.07
CALL geometry3k_test_2976 oracle_topk6_cautious
OK	geometry3k_test_2976	oracle_topk6_cautious	pred='B'	gold='B'	complete=True	new_tokens=2	duration_s=5.32
CALL geometry3k_test_2976 oracle_topk3_trusted
OK	geometry3k_test_2976	oracle_topk3_trusted	pred='B'	gold='B'	complete=True	new_tokens=2	duration_s=5.09
CALL geometry3k_test_2976 oracle_topk6_trusted
OK	geometry3k_test_2976	oracle_topk6_trusted	pred='B'	gold='B'	complete=True	new_tokens=2	duration_s=5.33
CALL geometry3k_test_2976 oracle_corrupt_warned
OK	geometry3k_test_2976	oracle_corrupt_warned	pred='B'	gold='B'	complete=True	new_tokens=2	duration_s=5.34
CALL geometry3k_test_2976 oracle_corrupt_trusted
OK	geometry3k_test_2976	oracle_corrupt_trusted	pred='B'	gold='B'	complete=True	new_tokens=2	duration_s=5.33
CALL geometry3k_test_2977 raw
FAIL	geometry3k_test_2977	raw	pred='B'	gold='C'	complete=True	new_tokens=2	duration_s=19.19
CALL geometry3k_test_2977 oracle_full
FAIL	geometry3k_test_2977	oracle_full	pred='B'	gold='C'	complete=True	new_tokens=2	duration_s=20.93
CALL geometry3k_test_2977 oracle_topk3
FAIL	geometry3k_test_2977	oracle_topk3	pred='B'	gold='C'	complete=True	new_tokens=2	duration_s=19.48
CALL geometry3k_test_2977 oracle_topk6_cautious
FAIL	geometry3k_test_2977	oracle_topk6_cautious	pred='B'	gold='C'	complete=True	new_tokens=2	duration_s=19.77
CALL geometry3k_test_2977 oracle_topk3_trusted
FAIL	geometry3k_test_2977	oracle_topk3_trusted	pred='B'	gold='C'	complete=True	new_tokens=2	duration_s=19.48
CALL geometry3k_test_2977 oracle_topk6_trusted
FAIL	geometry3k_test_2977	oracle_topk6_trusted	pred='B'	gold='C'	complete=True	new_tokens=2	duration_s=19.77
CALL geometry3k_test_2977 oracle_corrupt_warned
FAIL	geometry3k_test_2977	oracle_corrupt_warned	pred='B'	gold='C'	complete=True	new_tokens=2	duration_s=19.80
CALL geometry3k_test_2977 oracle_corrupt_trusted
FAIL	geometry3k_test_2977	oracle_corrupt_trusted	pred='B'	gold='C'	complete=True	new_tokens=2	duration_s=19.82
CALL geometry3k_test_2978 raw
OK	geometry3k_test_2978	raw	pred='A'	gold='A'	complete=True	new_tokens=2	duration_s=4.85
CALL geometry3k_test_2978 oracle_full
FAIL	geometry3k_test_2978	oracle_full	pred='C'	gold='A'	complete=True	new_tokens=2	duration_s=7.22
CALL geometry3k_test_2978 oracle_topk3
OK	geometry3k_test_2978	oracle_topk3	pred='A'	gold='A'	complete=True	new_tokens=2	duration_s=5.16
CALL geometry3k_test_2978 oracle_topk6_cautious
OK	geometry3k_test_2978	oracle_topk6_cautious	pred='A'	gold='A'	complete=True	new_tokens=2	duration_s=5.22
CALL geometry3k_test_2978 oracle_topk3_trusted
OK	geometry3k_test_2978	oracle_topk3_trusted	pred='A'	gold='A'	complete=True	new_tokens=2	duration_s=5.17
CALL geometry3k_test_2978 oracle_topk6_trusted
OK	geometry3k_test_2978	oracle_topk6_trusted	pred='A'	gold='A'	complete=True	new_tokens=2	duration_s=5.19
CALL geometry3k_test_2978 oracle_corrupt_warned
FAIL	geometry3k_test_2978	oracle_corrupt_warned	pred='C'	gold='A'	complete=True	new_tokens=2	duration_s=5.19
CALL geometry3k_test_2978 oracle_corrupt_trusted
FAIL	geometry3k_test_2978	oracle_corrupt_trusted	pred='C'	gold='A'	complete=True	new_tokens=2	duration_s=5.21
CALL geometry3k_test_2979 raw
OK	geometry3k_test_2979	raw	pred='C'	gold='C'	complete=True	new_tokens=2	duration_s=4.98
CALL geometry3k_test_2979 oracle_full
OK	geometry3k_test_2979	oracle_full	pred='C'	gold='C'	complete=True	new_tokens=2	duration_s=6.95
CALL geometry3k_test_2979 oracle_topk3
OK	geometry3k_test_2979	oracle_topk3	pred='C'	gold='C'	complete=True	new_tokens=2	duration_s=5.53
CALL geometry3k_test_2979 oracle_topk6_cautious
OK	geometry3k_test_2979	oracle_topk6_cautious	pred='C'	gold='C'	complete=True	new_tokens=2	duration_s=5.55
CALL geometry3k_test_2979 oracle_topk3_trusted
OK	geometry3k_test_2979	oracle_topk3_trusted	pred='C'	gold='C'	complete=True	new_tokens=2	duration_s=5.54
CALL geometry3k_test_2979 oracle_topk6_trusted
OK	geometry3k_test_2979	oracle_topk6_trusted	pred='C'	gold='C'	complete=True	new_tokens=2	duration_s=5.59
CALL geometry3k_test_2979 oracle_corrupt_warned
OK	geometry3k_test_2979	oracle_corrupt_warned	pred='C'	gold='C'	complete=True	new_tokens=2	duration_s=5.57
CALL geometry3k_test_2979 oracle_corrupt_trusted
OK	geometry3k_test_2979	oracle_corrupt_trusted	pred='C'	gold='C'	complete=True	new_tokens=2	duration_s=5.57
CALL geometry3k_test_2980 raw
OK	geometry3k_test_2980	raw	pred='C'	gold='C'	complete=True	new_tokens=2	duration_s=9.97
CALL geometry3k_test_2980 oracle_full
OK	geometry3k_test_2980	oracle_full	pred='C'	gold='C'	complete=True	new_tokens=2	duration_s=11.33
CALL geometry3k_test_2980 oracle_topk3
OK	geometry3k_test_2980	oracle_topk3	pred='C'	gold='C'	complete=True	new_tokens=2	duration_s=10.35
CALL geometry3k_test_2980 oracle_topk6_cautious
OK	geometry3k_test_2980	oracle_topk6_cautious	pred='C'	gold='C'	complete=True	new_tokens=2	duration_s=10.64
CALL geometry3k_test_2980 oracle_topk3_trusted
OK	geometry3k_test_2980	oracle_topk3_trusted	pred='C'	gold='C'	complete=True	new_tokens=2	duration_s=10.32
CALL geometry3k_test_2980 oracle_topk6_trusted
OK	geometry3k_test_2980	oracle_topk6_trusted	pred='C'	gold='C'	complete=True	new_tokens=2	duration_s=10.62
CALL geometry3k_test_2980 oracle_corrupt_warned
OK	geometry3k_test_2980	oracle_corrupt_warned	pred='C'	gold='C'	complete=True	new_tokens=2	duration_s=10.63
CALL geometry3k_test_2980 oracle_corrupt_trusted
OK	geometry3k_test_2980	oracle_corrupt_trusted	pred='C'	gold='C'	complete=True	new_tokens=2	duration_s=10.62
CALL geometry3k_test_2981 raw
OK	geometry3k_test_2981	raw	pred='C'	gold='C'	complete=True	new_tokens=2	duration_s=4.42
CALL geometry3k_test_2981 oracle_full
OK	geometry3k_test_2981	oracle_full	pred='C'	gold='C'	complete=True	new_tokens=2	duration_s=5.72
CALL geometry3k_test_2981 oracle_topk3
OK	geometry3k_test_2981	oracle_topk3	pred='C'	gold='C'	complete=True	new_tokens=2	duration_s=4.73
CALL geometry3k_test_2981 oracle_topk6_cautious
OK	geometry3k_test_2981	oracle_topk6_cautious	pred='C'	gold='C'	complete=True	new_tokens=2	duration_s=4.78
CALL geometry3k_test_2981 oracle_topk3_trusted
OK	geometry3k_test_2981	oracle_topk3_trusted	pred='C'	gold='C'	complete=True	new_tokens=2	duration_s=4.73
CALL geometry3k_test_2981 oracle_topk6_trusted
OK	geometry3k_test_2981	oracle_topk6_trusted	pred='C'	gold='C'	complete=True	new_tokens=2	duration_s=4.75
CALL geometry3k_test_2981 oracle_corrupt_warned
OK	geometry3k_test_2981	oracle_corrupt_warned	pred='C'	gold='C'	complete=True	new_tokens=2	duration_s=4.77
CALL geometry3k_test_2981 oracle_corrupt_trusted
OK	geometry3k_test_2981	oracle_corrupt_trusted	pred='C'	gold='C'	complete=True	new_tokens=2	duration_s=4.74
CALL geometry3k_test_2982 raw
FAIL	geometry3k_test_2982	raw	pred='A'	gold='D'	complete=True	new_tokens=2	duration_s=10.29
CALL geometry3k_test_2982 oracle_full
FAIL	geometry3k_test_2982	oracle_full	pred='C'	gold='D'	complete=True	new_tokens=2	duration_s=14.53
CALL geometry3k_test_2982 oracle_topk3
FAIL	geometry3k_test_2982	oracle_topk3	pred='A'	gold='D'	complete=True	new_tokens=2	duration_s=10.66
CALL geometry3k_test_2982 oracle_topk6_cautious
FAIL	geometry3k_test_2982	oracle_topk6_cautious	pred='A'	gold='D'	complete=True	new_tokens=2	duration_s=10.96
CALL geometry3k_test_2982 oracle_topk3_trusted
FAIL	geometry3k_test_2982	oracle_topk3_trusted	pred='A'	gold='D'	complete=True	new_tokens=2	duration_s=10.65
CALL geometry3k_test_2982 oracle_topk6_trusted
FAIL	geometry3k_test_2982	oracle_topk6_trusted	pred='A'	gold='D'	complete=True	new_tokens=2	duration_s=10.99
CALL geometry3k_test_2982 oracle_corrupt_warned
FAIL	geometry3k_test_2982	oracle_corrupt_warned	pred='A'	gold='D'	complete=True	new_tokens=2	duration_s=10.95
CALL geometry3k_test_2982 oracle_corrupt_trusted
FAIL	geometry3k_test_2982	oracle_corrupt_trusted	pred='C'	gold='D'	complete=True	new_tokens=2	duration_s=11.00
CALL geometry3k_test_2983 raw
FAIL	geometry3k_test_2983	raw	pred='C'	gold='B'	complete=True	new_tokens=2	duration_s=19.52
CALL geometry3k_test_2983 oracle_full
OK	geometry3k_test_2983	oracle_full	pred='B'	gold='B'	complete=True	new_tokens=5	duration_s=25.19
CALL geometry3k_test_2983 oracle_topk3
FAIL	geometry3k_test_2983	oracle_topk3	pred=''	gold='B'	complete=False	new_tokens=32	duration_s=22.78
CALL geometry3k_test_2983 oracle_topk6_cautious
FAIL	geometry3k_test_2983	oracle_topk6_cautious	pred='A'	gold='B'	complete=True	new_tokens=2	duration_s=20.18
CALL geometry3k_test_2983 oracle_topk3_trusted
FAIL	geometry3k_test_2983	oracle_topk3_trusted	pred='C'	gold='B'	complete=True	new_tokens=2	duration_s=20.08
CALL geometry3k_test_2983 oracle_topk6_trusted
FAIL	geometry3k_test_2983	oracle_topk6_trusted	pred='A'	gold='B'	complete=True	new_tokens=2	duration_s=20.10
CALL geometry3k_test_2983 oracle_corrupt_warned
FAIL	geometry3k_test_2983	oracle_corrupt_warned	pred='A'	gold='B'	complete=True	new_tokens=2	duration_s=20.09
CALL geometry3k_test_2983 oracle_corrupt_trusted
FAIL	geometry3k_test_2983	oracle_corrupt_trusted	pred='A'	gold='B'	complete=True	new_tokens=2	duration_s=20.12
CALL geometry3k_test_2984 raw
FAIL	geometry3k_test_2984	raw	pred='B'	gold='A'	complete=True	new_tokens=2	duration_s=4.55
CALL geometry3k_test_2984 oracle_full
FAIL	geometry3k_test_2984	oracle_full	pred='B'	gold='A'	complete=True	new_tokens=2	duration_s=6.09
CALL geometry3k_test_2984 oracle_topk3
FAIL	geometry3k_test_2984	oracle_topk3	pred='B'	gold='A'	complete=True	new_tokens=2	duration_s=4.86
CALL geometry3k_test_2984 oracle_topk6_cautious
FAIL	geometry3k_test_2984	oracle_topk6_cautious	pred='B'	gold='A'	complete=True	new_tokens=2	duration_s=5.14
CALL geometry3k_test_2984 oracle_topk3_trusted
FAIL	geometry3k_test_2984	oracle_topk3_trusted	pred='B'	gold='A'	complete=True	new_tokens=2	duration_s=4.84
CALL geometry3k_test_2984 oracle_topk6_trusted
FAIL	geometry3k_test_2984	oracle_topk6_trusted	pred='B'	gold='A'	complete=True	new_tokens=2	duration_s=5.10
CALL geometry3k_test_2984 oracle_corrupt_warned
FAIL	geometry3k_test_2984	oracle_corrupt_warned	pred='B'	gold='A'	complete=True	new_tokens=2	duration_s=5.13
CALL geometry3k_test_2984 oracle_corrupt_trusted
FAIL	geometry3k_test_2984	oracle_corrupt_trusted	pred='B'	gold='A'	complete=True	new_tokens=2	duration_s=5.11
CALL geometry3k_test_2985 raw
FAIL	geometry3k_test_2985	raw	pred='A'	gold='B'	complete=True	new_tokens=2	duration_s=6.17
CALL geometry3k_test_2985 oracle_full
FAIL	geometry3k_test_2985	oracle_full	pred='A'	gold='B'	complete=True	new_tokens=2	duration_s=8.14
CALL geometry3k_test_2985 oracle_topk3
FAIL	geometry3k_test_2985	oracle_topk3	pred='A'	gold='B'	complete=True	new_tokens=2	duration_s=6.44
CALL geometry3k_test_2985 oracle_topk6_cautious
FAIL	geometry3k_test_2985	oracle_topk6_cautious	pred='A'	gold='B'	complete=True	new_tokens=2	duration_s=6.49
CALL geometry3k_test_2985 oracle_topk3_trusted
FAIL	geometry3k_test_2985	oracle_topk3_trusted	pred='A'	gold='B'	complete=True	new_tokens=2	duration_s=6.43
CALL geometry3k_test_2985 oracle_topk6_trusted
FAIL	geometry3k_test_2985	oracle_topk6_trusted	pred='A'	gold='B'	complete=True	new_tokens=2	duration_s=6.48
CALL geometry3k_test_2985 oracle_corrupt_warned
FAIL	geometry3k_test_2985	oracle_corrupt_warned	pred='A'	gold='B'	complete=True	new_tokens=2	duration_s=6.46
CALL geometry3k_test_2985 oracle_corrupt_trusted
FAIL	geometry3k_test_2985	oracle_corrupt_trusted	pred='A'	gold='B'	complete=True	new_tokens=2	duration_s=6.50
CALL geometry3k_test_2986 raw
FAIL	geometry3k_test_2986	raw	pred='B'	gold='C'	complete=True	new_tokens=8	duration_s=4.98
CALL geometry3k_test_2986 oracle_full
FAIL	geometry3k_test_2986	oracle_full	pred='B'	gold='C'	complete=True	new_tokens=8	duration_s=6.93
CALL geometry3k_test_2986 oracle_topk3
FAIL	geometry3k_test_2986	oracle_topk3	pred='B'	gold='C'	complete=True	new_tokens=8	duration_s=5.30
CALL geometry3k_test_2986 oracle_topk6_cautious
FAIL	geometry3k_test_2986	oracle_topk6_cautious	pred='B'	gold='C'	complete=True	new_tokens=8	duration_s=5.53
CALL geometry3k_test_2986 oracle_topk3_trusted
FAIL	geometry3k_test_2986	oracle_topk3_trusted	pred='B'	gold='C'	complete=True	new_tokens=8	duration_s=5.31
CALL geometry3k_test_2986 oracle_topk6_trusted
FAIL	geometry3k_test_2986	oracle_topk6_trusted	pred='B'	gold='C'	complete=True	new_tokens=8	duration_s=5.53
CALL geometry3k_test_2986 oracle_corrupt_warned
FAIL	geometry3k_test_2986	oracle_corrupt_warned	pred='B'	gold='C'	complete=True	new_tokens=8	duration_s=5.53
CALL geometry3k_test_2986 oracle_corrupt_trusted
FAIL	geometry3k_test_2986	oracle_corrupt_trusted	pred='B'	gold='C'	complete=True	new_tokens=8	duration_s=5.55
CALL geometry3k_test_2987 raw
OK	geometry3k_test_2987	raw	pred='A'	gold='A'	complete=True	new_tokens=2	duration_s=4.22
CALL geometry3k_test_2987 oracle_full
OK	geometry3k_test_2987	oracle_full	pred='A'	gold='A'	complete=True	new_tokens=2	duration_s=5.89
CALL geometry3k_test_2987 oracle_topk3
OK	geometry3k_test_2987	oracle_topk3	pred='A'	gold='A'	complete=True	new_tokens=2	duration_s=4.53
CALL geometry3k_test_2987 oracle_topk6_cautious
OK	geometry3k_test_2987	oracle_topk6_cautious	pred='A'	gold='A'	complete=True	new_tokens=2	duration_s=4.79
CALL geometry3k_test_2987 oracle_topk3_trusted
OK	geometry3k_test_2987	oracle_topk3_trusted	pred='A'	gold='A'	complete=True	new_tokens=2	duration_s=4.52
CALL geometry3k_test_2987 oracle_topk6_trusted
OK	geometry3k_test_2987	oracle_topk6_trusted	pred='A'	gold='A'	complete=True	new_tokens=2	duration_s=4.79
CALL geometry3k_test_2987 oracle_corrupt_warned
OK	geometry3k_test_2987	oracle_corrupt_warned	pred='A'	gold='A'	complete=True	new_tokens=2	duration_s=4.79
CALL geometry3k_test_2987 oracle_corrupt_trusted
OK	geometry3k_test_2987	oracle_corrupt_trusted	pred='A'	gold='A'	complete=True	new_tokens=2	duration_s=4.56
CALL geometry3k_test_2988 raw
FAIL	geometry3k_test_2988	raw	pred='C'	gold='D'	complete=True	new_tokens=2	duration_s=4.22
CALL geometry3k_test_2988 oracle_full
FAIL	geometry3k_test_2988	oracle_full	pred='C'	gold='D'	complete=True	new_tokens=2	duration_s=5.87
CALL geometry3k_test_2988 oracle_topk3
FAIL	geometry3k_test_2988	oracle_topk3	pred='C'	gold='D'	complete=True	new_tokens=2	duration_s=4.54
CALL geometry3k_test_2988 oracle_topk6_cautious
FAIL	geometry3k_test_2988	oracle_topk6_cautious	pred='C'	gold='D'	complete=True	new_tokens=2	duration_s=4.78
CALL geometry3k_test_2988 oracle_topk3_trusted
FAIL	geometry3k_test_2988	oracle_topk3_trusted	pred='C'	gold='D'	complete=True	new_tokens=2	duration_s=4.52
CALL geometry3k_test_2988 oracle_topk6_trusted
FAIL	geometry3k_test_2988	oracle_topk6_trusted	pred='C'	gold='D'	complete=True	new_tokens=2	duration_s=4.56
CALL geometry3k_test_2988 oracle_corrupt_warned
FAIL	geometry3k_test_2988	oracle_corrupt_warned	pred='C'	gold='D'	complete=True	new_tokens=2	duration_s=4.78
CALL geometry3k_test_2988 oracle_corrupt_trusted
FAIL	geometry3k_test_2988	oracle_corrupt_trusted	pred='C'	gold='D'	complete=True	new_tokens=2	duration_s=4.55
CALL geometry3k_test_2989 raw
OK	geometry3k_test_2989	raw	pred='B'	gold='B'	complete=True	new_tokens=2	duration_s=5.84
CALL geometry3k_test_2989 oracle_full
OK	geometry3k_test_2989	oracle_full	pred='B'	gold='B'	complete=True	new_tokens=2	duration_s=7.50
CALL geometry3k_test_2989 oracle_topk3
OK	geometry3k_test_2989	oracle_topk3	pred='B'	gold='B'	complete=True	new_tokens=2	duration_s=6.13
CALL geometry3k_test_2989 oracle_topk6_cautious
OK	geometry3k_test_2989	oracle_topk6_cautious	pred='B'	gold='B'	complete=True	new_tokens=2	duration_s=6.19
CALL geometry3k_test_2989 oracle_topk3_trusted
OK	geometry3k_test_2989	oracle_topk3_trusted	pred='B'	gold='B'	complete=True	new_tokens=2	duration_s=6.13
CALL geometry3k_test_2989 oracle_topk6_trusted
OK	geometry3k_test_2989	oracle_topk6_trusted	pred='B'	gold='B'	complete=True	new_tokens=2	duration_s=6.18
CALL geometry3k_test_2989 oracle_corrupt_warned
OK	geometry3k_test_2989	oracle_corrupt_warned	pred='B'	gold='B'	complete=True	new_tokens=2	duration_s=6.21
CALL geometry3k_test_2989 oracle_corrupt_trusted
OK	geometry3k_test_2989	oracle_corrupt_trusted	pred='B'	gold='B'	complete=True	new_tokens=2	duration_s=6.19
CALL geometry3k_test_2990 raw
FAIL	geometry3k_test_2990	raw	pred='B'	gold='C'	complete=True	new_tokens=2	duration_s=6.83
CALL geometry3k_test_2990 oracle_full
FAIL	geometry3k_test_2990	oracle_full	pred='B'	gold='C'	complete=True	new_tokens=2	duration_s=24.12
CALL geometry3k_test_2990 oracle_topk3
FAIL	geometry3k_test_2990	oracle_topk3	pred='B'	gold='C'	complete=True	new_tokens=2	duration_s=7.11
CALL geometry3k_test_2990 oracle_topk6_cautious
FAIL	geometry3k_test_2990	oracle_topk6_cautious	pred='B'	gold='C'	complete=True	new_tokens=2	duration_s=7.51
CALL geometry3k_test_2990 oracle_topk3_trusted
FAIL	geometry3k_test_2990	oracle_topk3_trusted	pred='B'	gold='C'	complete=True	new_tokens=2	duration_s=7.14
CALL geometry3k_test_2990 oracle_topk6_trusted
FAIL	geometry3k_test_2990	oracle_topk6_trusted	pred='B'	gold='C'	complete=True	new_tokens=2	duration_s=7.47
CALL geometry3k_test_2990 oracle_corrupt_warned
FAIL	geometry3k_test_2990	oracle_corrupt_warned	pred='B'	gold='C'	complete=True	new_tokens=2	duration_s=7.50
CALL geometry3k_test_2990 oracle_corrupt_trusted
FAIL	geometry3k_test_2990	oracle_corrupt_trusted	pred='B'	gold='C'	complete=True	new_tokens=2	duration_s=7.47
CALL geometry3k_test_2991 raw
FAIL	geometry3k_test_2991	raw	pred='B'	gold='C'	complete=True	new_tokens=2	duration_s=11.39
CALL geometry3k_test_2991 oracle_full
FAIL	geometry3k_test_2991	oracle_full	pred='B'	gold='C'	complete=True	new_tokens=2	duration_s=14.24
CALL geometry3k_test_2991 oracle_topk3
FAIL	geometry3k_test_2991	oracle_topk3	pred='B'	gold='C'	complete=True	new_tokens=2	duration_s=11.73
CALL geometry3k_test_2991 oracle_topk6_cautious
FAIL	geometry3k_test_2991	oracle_topk6_cautious	pred='B'	gold='C'	complete=True	new_tokens=2	duration_s=11.82
CALL geometry3k_test_2991 oracle_topk3_trusted
FAIL	geometry3k_test_2991	oracle_topk3_trusted	pred='B'	gold='C'	complete=True	new_tokens=2	duration_s=11.73
CALL geometry3k_test_2991 oracle_topk6_trusted
FAIL	geometry3k_test_2991	oracle_topk6_trusted	pred='B'	gold='C'	complete=True	new_tokens=2	duration_s=11.78
CALL geometry3k_test_2991 oracle_corrupt_warned
FAIL	geometry3k_test_2991	oracle_corrupt_warned	pred='D'	gold='C'	complete=True	new_tokens=2	duration_s=11.73
CALL geometry3k_test_2991 oracle_corrupt_trusted
FAIL	geometry3k_test_2991	oracle_corrupt_trusted	pred='D'	gold='C'	complete=True	new_tokens=2	duration_s=11.73
CALL geometry3k_test_2992 raw
OK	geometry3k_test_2992	raw	pred='B'	gold='B'	complete=True	new_tokens=2	duration_s=4.19
CALL geometry3k_test_2992 oracle_full
OK	geometry3k_test_2992	oracle_full	pred='B'	gold='B'	complete=True	new_tokens=2	duration_s=8.71
CALL geometry3k_test_2992 oracle_topk3
OK	geometry3k_test_2992	oracle_topk3	pred='B'	gold='B'	complete=True	new_tokens=2	duration_s=4.56
CALL geometry3k_test_2992 oracle_topk6_cautious
OK	geometry3k_test_2992	oracle_topk6_cautious	pred='B'	gold='B'	complete=True	new_tokens=2	duration_s=4.84
CALL geometry3k_test_2992 oracle_topk3_trusted
OK	geometry3k_test_2992	oracle_topk3_trusted	pred='B'	gold='B'	complete=True	new_tokens=2	duration_s=4.57
CALL geometry3k_test_2992 oracle_topk6_trusted
OK	geometry3k_test_2992	oracle_topk6_trusted	pred='B'	gold='B'	complete=True	new_tokens=2	duration_s=4.84
CALL geometry3k_test_2992 oracle_corrupt_warned
OK	geometry3k_test_2992	oracle_corrupt_warned	pred='B'	gold='B'	complete=True	new_tokens=2	duration_s=4.85
CALL geometry3k_test_2992 oracle_corrupt_trusted
OK	geometry3k_test_2992	oracle_corrupt_trusted	pred='B'	gold='B'	complete=True	new_tokens=2	duration_s=4.85
CALL geometry3k_test_2993 raw
OK	geometry3k_test_2993	raw	pred='B'	gold='B'	complete=True	new_tokens=2	duration_s=4.82
CALL geometry3k_test_2993 oracle_full
OK	geometry3k_test_2993	oracle_full	pred='B'	gold='B'	complete=True	new_tokens=2	duration_s=7.93
CALL geometry3k_test_2993 oracle_topk3
OK	geometry3k_test_2993	oracle_topk3	pred='B'	gold='B'	complete=True	new_tokens=2	duration_s=5.17
CALL geometry3k_test_2993 oracle_topk6_cautious
OK	geometry3k_test_2993	oracle_topk6_cautious	pred='B'	gold='B'	complete=True	new_tokens=2	duration_s=5.46
CALL geometry3k_test_2993 oracle_topk3_trusted
OK	geometry3k_test_2993	oracle_topk3_trusted	pred='B'	gold='B'	complete=True	new_tokens=2	duration_s=5.11
CALL geometry3k_test_2993 oracle_topk6_trusted
OK	geometry3k_test_2993	oracle_topk6_trusted	pred='B'	gold='B'	complete=True	new_tokens=2	duration_s=5.18
CALL geometry3k_test_2993 oracle_corrupt_warned
OK	geometry3k_test_2993	oracle_corrupt_warned	pred='B'	gold='B'	complete=True	new_tokens=2	duration_s=5.14
CALL geometry3k_test_2993 oracle_corrupt_trusted
OK	geometry3k_test_2993	oracle_corrupt_trusted	pred='B'	gold='B'	complete=True	new_tokens=2	duration_s=5.16
CALL geometry3k_test_2994 raw
FAIL	geometry3k_test_2994	raw	pred='B'	gold='A'	complete=True	new_tokens=2	duration_s=7.48
CALL geometry3k_test_2994 oracle_full
FAIL	geometry3k_test_2994	oracle_full	pred='B'	gold='A'	complete=True	new_tokens=2	duration_s=9.85
CALL geometry3k_test_2994 oracle_topk3
FAIL	geometry3k_test_2994	oracle_topk3	pred='B'	gold='A'	complete=True	new_tokens=2	duration_s=8.09
CALL geometry3k_test_2994 oracle_topk6_cautious
FAIL	geometry3k_test_2994	oracle_topk6_cautious	pred='B'	gold='A'	complete=True	new_tokens=2	duration_s=8.12
CALL geometry3k_test_2994 oracle_topk3_trusted
FAIL	geometry3k_test_2994	oracle_topk3_trusted	pred='B'	gold='A'	complete=True	new_tokens=2	duration_s=7.82
CALL geometry3k_test_2994 oracle_topk6_trusted
FAIL	geometry3k_test_2994	oracle_topk6_trusted	pred='B'	gold='A'	complete=True	new_tokens=2	duration_s=8.14
CALL geometry3k_test_2994 oracle_corrupt_warned
FAIL	geometry3k_test_2994	oracle_corrupt_warned	pred='B'	gold='A'	complete=True	new_tokens=2	duration_s=8.12
CALL geometry3k_test_2994 oracle_corrupt_trusted
FAIL	geometry3k_test_2994	oracle_corrupt_trusted	pred='B'	gold='A'	complete=True	new_tokens=2	duration_s=8.13
CALL geometry3k_test_2995 raw
OK	geometry3k_test_2995	raw	pred='B'	gold='B'	complete=True	new_tokens=2	duration_s=14.80
CALL geometry3k_test_2995 oracle_full
OK	geometry3k_test_2995	oracle_full	pred='B'	gold='B'	complete=True	new_tokens=2	duration_s=16.58
CALL geometry3k_test_2995 oracle_topk3
OK	geometry3k_test_2995	oracle_topk3	pred='B'	gold='B'	complete=True	new_tokens=2	duration_s=15.15
CALL geometry3k_test_2995 oracle_topk6_cautious
OK	geometry3k_test_2995	oracle_topk6_cautious	pred='B'	gold='B'	complete=True	new_tokens=2	duration_s=15.43
CALL geometry3k_test_2995 oracle_topk3_trusted
OK	geometry3k_test_2995	oracle_topk3_trusted	pred='B'	gold='B'	complete=True	new_tokens=2	duration_s=15.14
CALL geometry3k_test_2995 oracle_topk6_trusted
OK	geometry3k_test_2995	oracle_topk6_trusted	pred='B'	gold='B'	complete=True	new_tokens=2	duration_s=15.45
CALL geometry3k_test_2995 oracle_corrupt_warned
OK	geometry3k_test_2995	oracle_corrupt_warned	pred='B'	gold='B'	complete=True	new_tokens=2	duration_s=15.45
CALL geometry3k_test_2995 oracle_corrupt_trusted
OK	geometry3k_test_2995	oracle_corrupt_trusted	pred='B'	gold='B'	complete=True	new_tokens=2	duration_s=15.47
CALL geometry3k_test_2996 raw
OK	geometry3k_test_2996	raw	pred='B'	gold='B'	complete=True	new_tokens=2	duration_s=6.17
CALL geometry3k_test_2996 oracle_full
OK	geometry3k_test_2996	oracle_full	pred='B'	gold='B'	complete=True	new_tokens=2	duration_s=7.44
CALL geometry3k_test_2996 oracle_topk3
FAIL	geometry3k_test_2996	oracle_topk3	pred='A'	gold='B'	complete=True	new_tokens=2	duration_s=6.41
CALL geometry3k_test_2996 oracle_topk6_cautious
OK	geometry3k_test_2996	oracle_topk6_cautious	pred='B'	gold='B'	complete=True	new_tokens=2	duration_s=6.47
CALL geometry3k_test_2996 oracle_topk3_trusted
OK	geometry3k_test_2996	oracle_topk3_trusted	pred='B'	gold='B'	complete=True	new_tokens=2	duration_s=6.41
CALL geometry3k_test_2996 oracle_topk6_trusted
OK	geometry3k_test_2996	oracle_topk6_trusted	pred='B'	gold='B'	complete=True	new_tokens=2	duration_s=6.45
CALL geometry3k_test_2996 oracle_corrupt_warned
OK	geometry3k_test_2996	oracle_corrupt_warned	pred='B'	gold='B'	complete=True	new_tokens=2	duration_s=6.44
CALL geometry3k_test_2996 oracle_corrupt_trusted
OK	geometry3k_test_2996	oracle_corrupt_trusted	pred='B'	gold='B'	complete=True	new_tokens=2	duration_s=6.44
CALL geometry3k_test_2997 raw
FAIL	geometry3k_test_2997	raw	pred='B'	gold='C'	complete=True	new_tokens=2	duration_s=9.82
CALL geometry3k_test_2997 oracle_full
FAIL	geometry3k_test_2997	oracle_full	pred='B'	gold='C'	complete=True	new_tokens=2	duration_s=11.57
CALL geometry3k_test_2997 oracle_topk3
FAIL	geometry3k_test_2997	oracle_topk3	pred='B'	gold='C'	complete=True	new_tokens=2	duration_s=10.24
CALL geometry3k_test_2997 oracle_topk6_cautious
FAIL	geometry3k_test_2997	oracle_topk6_cautious	pred='B'	gold='C'	complete=True	new_tokens=2	duration_s=10.57
CALL geometry3k_test_2997 oracle_topk3_trusted
FAIL	geometry3k_test_2997	oracle_topk3_trusted	pred='B'	gold='C'	complete=True	new_tokens=2	duration_s=10.19
CALL geometry3k_test_2997 oracle_topk6_trusted
FAIL	geometry3k_test_2997	oracle_topk6_trusted	pred='B'	gold='C'	complete=True	new_tokens=2	duration_s=10.54
CALL geometry3k_test_2997 oracle_corrupt_warned
FAIL	geometry3k_test_2997	oracle_corrupt_warned	pred='B'	gold='C'	complete=True	new_tokens=2	duration_s=10.52
CALL geometry3k_test_2997 oracle_corrupt_trusted
FAIL	geometry3k_test_2997	oracle_corrupt_trusted	pred='B'	gold='C'	complete=True	new_tokens=2	duration_s=10.54
CALL geometry3k_test_2998 raw
OK	geometry3k_test_2998	raw	pred='B'	gold='B'	complete=True	new_tokens=2	duration_s=4.13
CALL geometry3k_test_2998 oracle_full
OK	geometry3k_test_2998	oracle_full	pred='B'	gold='B'	complete=True	new_tokens=2	duration_s=5.73
CALL geometry3k_test_2998 oracle_topk3
OK	geometry3k_test_2998	oracle_topk3	pred='B'	gold='B'	complete=True	new_tokens=2	duration_s=4.45
CALL geometry3k_test_2998 oracle_topk6_cautious
OK	geometry3k_test_2998	oracle_topk6_cautious	pred='B'	gold='B'	complete=True	new_tokens=2	duration_s=4.72
CALL geometry3k_test_2998 oracle_topk3_trusted
OK	geometry3k_test_2998	oracle_topk3_trusted	pred='B'	gold='B'	complete=True	new_tokens=2	duration_s=4.46
CALL geometry3k_test_2998 oracle_topk6_trusted
OK	geometry3k_test_2998	oracle_topk6_trusted	pred='B'	gold='B'	complete=True	new_tokens=2	duration_s=4.72
CALL geometry3k_test_2998 oracle_corrupt_warned
OK	geometry3k_test_2998	oracle_corrupt_warned	pred='B'	gold='B'	complete=True	new_tokens=2	duration_s=4.70
CALL geometry3k_test_2998 oracle_corrupt_trusted
OK	geometry3k_test_2998	oracle_corrupt_trusted	pred='B'	gold='B'	complete=True	new_tokens=2	duration_s=4.73
CALL geometry3k_test_2999 raw
OK	geometry3k_test_2999	raw	pred='B'	gold='B'	complete=True	new_tokens=2	duration_s=12.76
CALL geometry3k_test_2999 oracle_full
OK	geometry3k_test_2999	oracle_full	pred='B'	gold='B'	complete=True	new_tokens=2	duration_s=15.84
CALL geometry3k_test_2999 oracle_topk3
OK	geometry3k_test_2999	oracle_topk3	pred='B'	gold='B'	complete=True	new_tokens=2	duration_s=13.08
CALL geometry3k_test_2999 oracle_topk6_cautious
OK	geometry3k_test_2999	oracle_topk6_cautious	pred='B'	gold='B'	complete=True	new_tokens=2	duration_s=13.42
CALL geometry3k_test_2999 oracle_topk3_trusted
OK	geometry3k_test_2999	oracle_topk3_trusted	pred='B'	gold='B'	complete=True	new_tokens=2	duration_s=13.10
CALL geometry3k_test_2999 oracle_topk6_trusted
OK	geometry3k_test_2999	oracle_topk6_trusted	pred='B'	gold='B'	complete=True	new_tokens=2	duration_s=13.39
CALL geometry3k_test_2999 oracle_corrupt_warned
OK	geometry3k_test_2999	oracle_corrupt_warned	pred='B'	gold='B'	complete=True	new_tokens=2	duration_s=13.42
CALL geometry3k_test_2999 oracle_corrupt_trusted
OK	geometry3k_test_2999	oracle_corrupt_trusted	pred='B'	gold='B'	complete=True	new_tokens=2	duration_s=13.34
CALL geometry3k_test_3000 raw
OK	geometry3k_test_3000	raw	pred='A'	gold='A'	complete=True	new_tokens=2	duration_s=4.39
CALL geometry3k_test_3000 oracle_full
OK	geometry3k_test_3000	oracle_full	pred='A'	gold='A'	complete=True	new_tokens=2	duration_s=7.10
CALL geometry3k_test_3000 oracle_topk3
OK	geometry3k_test_3000	oracle_topk3	pred='A'	gold='A'	complete=True	new_tokens=2	duration_s=4.71
CALL geometry3k_test_3000 oracle_topk6_cautious
FAIL	geometry3k_test_3000	oracle_topk6_cautious	pred='B'	gold='A'	complete=True	new_tokens=2	duration_s=4.76
CALL geometry3k_test_3000 oracle_topk3_trusted
OK	geometry3k_test_3000	oracle_topk3_trusted	pred='A'	gold='A'	complete=True	new_tokens=2	duration_s=4.70
CALL geometry3k_test_3000 oracle_topk6_trusted
FAIL	geometry3k_test_3000	oracle_topk6_trusted	pred='B'	gold='A'	complete=True	new_tokens=2	duration_s=4.77
CALL geometry3k_test_3000 oracle_corrupt_warned
FAIL	geometry3k_test_3000	oracle_corrupt_warned	pred='B'	gold='A'	complete=True	new_tokens=2	duration_s=4.73
CALL geometry3k_test_3000 oracle_corrupt_trusted
FAIL	geometry3k_test_3000	oracle_corrupt_trusted	pred='B'	gold='A'	complete=True	new_tokens=2	duration_s=4.75
CALL geometry3k_test_3001 raw
FAIL	geometry3k_test_3001	raw	pred='D'	gold='C'	complete=True	new_tokens=2	duration_s=8.76
CALL geometry3k_test_3001 oracle_full
FAIL	geometry3k_test_3001	oracle_full	pred='D'	gold='C'	complete=True	new_tokens=2	duration_s=10.10
CALL geometry3k_test_3001 oracle_topk3
FAIL	geometry3k_test_3001	oracle_topk3	pred='D'	gold='C'	complete=True	new_tokens=2	duration_s=9.13
CALL geometry3k_test_3001 oracle_topk6_cautious
FAIL	geometry3k_test_3001	oracle_topk6_cautious	pred='D'	gold='C'	complete=True	new_tokens=2	duration_s=9.14
CALL geometry3k_test_3001 oracle_topk3_trusted
FAIL	geometry3k_test_3001	oracle_topk3_trusted	pred='D'	gold='C'	complete=True	new_tokens=2	duration_s=9.09
CALL geometry3k_test_3001 oracle_topk6_trusted
FAIL	geometry3k_test_3001	oracle_topk6_trusted	pred='D'	gold='C'	complete=True	new_tokens=2	duration_s=9.19
CALL geometry3k_test_3001 oracle_corrupt_warned
FAIL	geometry3k_test_3001	oracle_corrupt_warned	pred='D'	gold='C'	complete=True	new_tokens=2	duration_s=9.15
CALL geometry3k_test_3001 oracle_corrupt_trusted
FAIL	geometry3k_test_3001	oracle_corrupt_trusted	pred='D'	gold='C'	complete=True	new_tokens=2	duration_s=9.17
{
  "variants": {
    "raw": {
      "n": 601,
      "complete": 601,
      "correct": 325,
      "accuracy_on_complete": 0.540765391014975,
      "all_sample_accuracy": 0.540765391014975,
      "errors": 0,
      "truncated": 0,
      "missing_answer_line": 0
    },
    "oracle_full": {
      "n": 601,
      "complete": 598,
      "correct": 318,
      "accuracy_on_complete": 0.5317725752508361,
      "all_sample_accuracy": 0.5291181364392679,
      "errors": 0,
      "truncated": 0,
      "missing_answer_line": 3
    },
    "oracle_topk3": {
      "n": 601,
      "complete": 598,
      "correct": 317,
      "accuracy_on_complete": 0.5301003344481605,
      "all_sample_accuracy": 0.5274542429284526,
      "errors": 0,
      "truncated": 3,
      "missing_answer_line": 3
    },
    "oracle_topk6_cautious": {
      "n": 601,
      "complete": 599,
      "correct": 325,
      "accuracy_on_complete": 0.5425709515859767,
      "all_sample_accuracy": 0.540765391014975,
      "errors": 0,
      "truncated": 2,
      "missing_answer_line": 2
    },
    "oracle_topk3_trusted": {
      "n": 601,
      "complete": 599,
      "correct": 324,
      "accuracy_on_complete": 0.5409015025041736,
      "all_sample_accuracy": 0.5391014975041597,
      "errors": 0,
      "truncated": 2,
      "missing_answer_line": 2
    },
    "oracle_topk6_trusted": {
      "n": 601,
      "complete": 601,
      "correct": 323,
      "accuracy_on_complete": 0.5374376039933444,
      "all_sample_accuracy": 0.5374376039933444,
      "errors": 0,
      "truncated": 0,
      "missing_answer_line": 0
    },
    "oracle_corrupt_warned": {
      "n": 601,
      "complete": 601,
      "correct": 320,
      "accuracy_on_complete": 0.5324459234608985,
      "all_sample_accuracy": 0.5324459234608985,
      "errors": 0,
      "truncated": 0,
      "missing_answer_line": 0
    },
    "oracle_corrupt_trusted": {
      "n": 601,
      "complete": 601,
      "correct": 314,
      "accuracy_on_complete": 0.5224625623960066,
      "all_sample_accuracy": 0.5224625623960066,
      "errors": 0,
      "truncated": 0,
      "missing_answer_line": 0
    }
  },
  "pairwise_vs_raw": {
    "oracle_full": {
      "variant_win": 14,
      "variant_loss": 19,
      "both_correct": 304,
      "both_wrong": 261,
      "incomplete_pair": 3,
      "examples": {
        "variant_win": [
          "geometry3k_test_2421",
          "geometry3k_test_2452",
          "geometry3k_test_2527",
          "geometry3k_test_2604",
          "geometry3k_test_2653"
        ],
        "variant_loss": [
          "geometry3k_test_2448",
          "geometry3k_test_2539",
          "geometry3k_test_2561",
          "geometry3k_test_2568",
          "geometry3k_test_2578"
        ]
      }
    },
    "oracle_topk3": {
      "variant_win": 11,
      "variant_loss": 19,
      "both_correct": 306,
      "both_wrong": 262,
      "incomplete_pair": 3,
      "examples": {
        "variant_win": [
          "geometry3k_test_2418",
          "geometry3k_test_2601",
          "geometry3k_test_2604",
          "geometry3k_test_2625",
          "geometry3k_test_2635"
        ],
        "variant_loss": [
          "geometry3k_test_2486",
          "geometry3k_test_2493",
          "geometry3k_test_2539",
          "geometry3k_test_2561",
          "geometry3k_test_2568"
        ]
      }
    },
    "oracle_topk6_cautious": {
      "variant_win": 14,
      "variant_loss": 14,
      "both_correct": 311,
      "both_wrong": 260,
      "incomplete_pair": 2,
      "examples": {
        "variant_win": [
          "geometry3k_test_2407",
          "geometry3k_test_2463",
          "geometry3k_test_2558",
          "geometry3k_test_2635",
          "geometry3k_test_2645"
        ],
        "variant_loss": [
          "geometry3k_test_2539",
          "geometry3k_test_2568",
          "geometry3k_test_2646",
          "geometry3k_test_2694",
          "geometry3k_test_2775"
        ]
      }
    },
    "oracle_topk3_trusted": {
      "variant_win": 15,
      "variant_loss": 16,
      "both_correct": 309,
      "both_wrong": 259,
      "incomplete_pair": 2,
      "examples": {
        "variant_win": [
          "geometry3k_test_2418",
          "geometry3k_test_2463",
          "geometry3k_test_2552",
          "geometry3k_test_2567",
          "geometry3k_test_2601"
        ],
        "variant_loss": [
          "geometry3k_test_2440",
          "geometry3k_test_2486",
          "geometry3k_test_2493",
          "geometry3k_test_2561",
          "geometry3k_test_2568"
        ]
      }
    },
    "oracle_topk6_trusted": {
      "variant_win": 15,
      "variant_loss": 17,
      "both_correct": 308,
      "both_wrong": 261,
      "incomplete_pair": 0,
      "examples": {
        "variant_win": [
          "geometry3k_test_2463",
          "geometry3k_test_2549",
          "geometry3k_test_2558",
          "geometry3k_test_2604",
          "geometry3k_test_2635"
        ],
        "variant_loss": [
          "geometry3k_test_2440",
          "geometry3k_test_2539",
          "geometry3k_test_2568",
          "geometry3k_test_2578",
          "geometry3k_test_2612"
        ]
      }
    },
    "oracle_corrupt_warned": {
      "variant_win": 11,
      "variant_loss": 16,
      "both_correct": 309,
      "both_wrong": 265,
      "incomplete_pair": 0,
      "examples": {
        "variant_win": [
          "geometry3k_test_2418",
          "geometry3k_test_2463",
          "geometry3k_test_2558",
          "geometry3k_test_2604",
          "geometry3k_test_2635"
        ],
        "variant_loss": [
          "geometry3k_test_2539",
          "geometry3k_test_2565",
          "geometry3k_test_2568",
          "geometry3k_test_2570",
          "geometry3k_test_2640"
        ]
      }
    },
    "oracle_corrupt_trusted": {
      "variant_win": 12,
      "variant_loss": 23,
      "both_correct": 302,
      "both_wrong": 264,
      "incomplete_pair": 0,
      "examples": {
        "variant_win": [
          "geometry3k_test_2463",
          "geometry3k_test_2527",
          "geometry3k_test_2558",
          "geometry3k_test_2604",
          "geometry3k_test_2635"
        ],
        "variant_loss": [
          "geometry3k_test_2448",
          "geometry3k_test_2539",
          "geometry3k_test_2543",
          "geometry3k_test_2556",
          "geometry3k_test_2565"
        ]
      }
    }
  },
  "n_unique_ids": 601
}
