`torch_dtype` is deprecated! Use `dtype` instead!
Loading checkpoint shards:   0%|          | 0/4 [00:00<?, ?it/s]Loading checkpoint shards:  25%|██▌       | 1/4 [00:05<00:16,  5.53s/it]Loading checkpoint shards:  50%|█████     | 2/4 [00:12<00:12,  6.37s/it]Loading checkpoint shards:  75%|███████▌  | 3/4 [00:19<00:06,  6.70s/it]Loading checkpoint shards: 100%|██████████| 4/4 [00:21<00:00,  5.01s/it]Loading checkpoint shards: 100%|██████████| 4/4 [00:21<00:00,  5.50s/it]
CALL Geometry3K-300 geometry3k_test_2992 raw
The following generation flags are not valid and may be ignored: ['temperature', 'top_p', 'top_k']. Set `TRANSFORMERS_VERBOSITY=info` for more details.
OK	Geometry3K-300	geometry3k_test_2992	raw	pred='B'	gold='B'	complete=True	duration_s=5.03
CALL Geometry3K-300 geometry3k_test_2992 structured_facts
OK	Geometry3K-300	geometry3k_test_2992	structured_facts	pred='B'	gold='B'	complete=True	duration_s=5.09
CALL Geometry3K-300 geometry3k_test_2992 perception_graph
OK	Geometry3K-300	geometry3k_test_2992	perception_graph	pred='B'	gold='B'	complete=True	duration_s=5.44
CALL Geometry3K-300 geometry3k_test_2992 construction_plan
OK	Geometry3K-300	geometry3k_test_2992	construction_plan	pred='B'	gold='B'	complete=True	duration_s=5.78
CALL Geometry3K-300 geometry3k_test_2992 geoguide_solver
OK	Geometry3K-300	geometry3k_test_2992	geoguide_solver	pred='B'	gold='B'	complete=True	duration_s=5.46
CALL Geometry3K-300 geometry3k_test_2992 geoguide_cautious
OK	Geometry3K-300	geometry3k_test_2992	geoguide_cautious	pred='B'	gold='B'	complete=True	duration_s=6.06
CALL Geometry3K-300 geometry3k_test_2768 raw
OK	Geometry3K-300	geometry3k_test_2768	raw	pred='B'	gold='B'	complete=True	duration_s=6.79
CALL Geometry3K-300 geometry3k_test_2768 structured_facts
OK	Geometry3K-300	geometry3k_test_2768	structured_facts	pred='B'	gold='B'	complete=True	duration_s=7.70
CALL Geometry3K-300 geometry3k_test_2768 perception_graph
OK	Geometry3K-300	geometry3k_test_2768	perception_graph	pred='B'	gold='B'	complete=True	duration_s=7.98
CALL Geometry3K-300 geometry3k_test_2768 construction_plan
OK	Geometry3K-300	geometry3k_test_2768	construction_plan	pred='B'	gold='B'	complete=True	duration_s=8.38
CALL Geometry3K-300 geometry3k_test_2768 geoguide_solver
OK	Geometry3K-300	geometry3k_test_2768	geoguide_solver	pred='B'	gold='B'	complete=True	duration_s=8.10
CALL Geometry3K-300 geometry3k_test_2768 geoguide_cautious
FAIL	Geometry3K-300	geometry3k_test_2768	geoguide_cautious	pred='D'	gold='B'	complete=True	duration_s=8.68
CALL Geometry3K-300 geometry3k_test_2637 raw
FAIL	Geometry3K-300	geometry3k_test_2637	raw	pred='C'	gold='A'	complete=True	duration_s=6.63
CALL Geometry3K-300 geometry3k_test_2637 structured_facts
FAIL	Geometry3K-300	geometry3k_test_2637	structured_facts	pred='C'	gold='A'	complete=True	duration_s=6.76
CALL Geometry3K-300 geometry3k_test_2637 perception_graph
FAIL	Geometry3K-300	geometry3k_test_2637	perception_graph	pred='C'	gold='A'	complete=True	duration_s=7.14
CALL Geometry3K-300 geometry3k_test_2637 construction_plan
FAIL	Geometry3K-300	geometry3k_test_2637	construction_plan	pred='C'	gold='A'	complete=True	duration_s=7.72
CALL Geometry3K-300 geometry3k_test_2637 geoguide_solver
FAIL	Geometry3K-300	geometry3k_test_2637	geoguide_solver	pred='C'	gold='A'	complete=True	duration_s=7.46
CALL Geometry3K-300 geometry3k_test_2637 geoguide_cautious
FAIL	Geometry3K-300	geometry3k_test_2637	geoguide_cautious	pred='C'	gold='A'	complete=True	duration_s=7.77
CALL Geometry3K-300 geometry3k_test_2961 raw
OK	Geometry3K-300	geometry3k_test_2961	raw	pred='D'	gold='D'	complete=True	duration_s=9.03
CALL Geometry3K-300 geometry3k_test_2961 structured_facts
OK	Geometry3K-300	geometry3k_test_2961	structured_facts	pred='D'	gold='D'	complete=True	duration_s=9.36
CALL Geometry3K-300 geometry3k_test_2961 perception_graph
OK	Geometry3K-300	geometry3k_test_2961	perception_graph	pred='D'	gold='D'	complete=True	duration_s=9.70
CALL Geometry3K-300 geometry3k_test_2961 construction_plan
OK	Geometry3K-300	geometry3k_test_2961	construction_plan	pred='D'	gold='D'	complete=True	duration_s=10.03
CALL Geometry3K-300 geometry3k_test_2961 geoguide_solver
OK	Geometry3K-300	geometry3k_test_2961	geoguide_solver	pred='D'	gold='D'	complete=True	duration_s=9.75
CALL Geometry3K-300 geometry3k_test_2961 geoguide_cautious
OK	Geometry3K-300	geometry3k_test_2961	geoguide_cautious	pred='D'	gold='D'	complete=True	duration_s=10.02
CALL Geometry3K-300 geometry3k_test_2964 raw
OK	Geometry3K-300	geometry3k_test_2964	raw	pred='A'	gold='A'	complete=True	duration_s=7.44
CALL Geometry3K-300 geometry3k_test_2964 structured_facts
FAIL	Geometry3K-300	geometry3k_test_2964	structured_facts	pred='C'	gold='A'	complete=True	duration_s=8.08
CALL Geometry3K-300 geometry3k_test_2964 perception_graph
OK	Geometry3K-300	geometry3k_test_2964	perception_graph	pred='A'	gold='A'	complete=True	duration_s=8.42
CALL Geometry3K-300 geometry3k_test_2964 construction_plan
OK	Geometry3K-300	geometry3k_test_2964	construction_plan	pred='A'	gold='A'	complete=True	duration_s=9.07
CALL Geometry3K-300 geometry3k_test_2964 geoguide_solver
OK	Geometry3K-300	geometry3k_test_2964	geoguide_solver	pred='A'	gold='A'	complete=True	duration_s=8.74
CALL Geometry3K-300 geometry3k_test_2964 geoguide_cautious
OK	Geometry3K-300	geometry3k_test_2964	geoguide_cautious	pred='A'	gold='A'	complete=True	duration_s=9.09
CALL Geometry3K-300 geometry3k_test_2587 raw
OK	Geometry3K-300	geometry3k_test_2587	raw	pred='D'	gold='D'	complete=True	duration_s=5.34
CALL Geometry3K-300 geometry3k_test_2587 structured_facts
OK	Geometry3K-300	geometry3k_test_2587	structured_facts	pred='D'	gold='D'	complete=True	duration_s=5.92
CALL Geometry3K-300 geometry3k_test_2587 perception_graph
OK	Geometry3K-300	geometry3k_test_2587	perception_graph	pred='D'	gold='D'	complete=True	duration_s=6.30
CALL Geometry3K-300 geometry3k_test_2587 construction_plan
OK	Geometry3K-300	geometry3k_test_2587	construction_plan	pred='D'	gold='D'	complete=True	duration_s=6.89
CALL Geometry3K-300 geometry3k_test_2587 geoguide_solver
OK	Geometry3K-300	geometry3k_test_2587	geoguide_solver	pred='D'	gold='D'	complete=True	duration_s=6.84
CALL Geometry3K-300 geometry3k_test_2587 geoguide_cautious
OK	Geometry3K-300	geometry3k_test_2587	geoguide_cautious	pred='D'	gold='D'	complete=True	duration_s=6.93
CALL Geometry3K-300 geometry3k_test_2873 raw
OK	Geometry3K-300	geometry3k_test_2873	raw	pred='C'	gold='C'	complete=True	duration_s=4.16
CALL Geometry3K-300 geometry3k_test_2873 structured_facts
OK	Geometry3K-300	geometry3k_test_2873	structured_facts	pred='C'	gold='C'	complete=True	duration_s=4.51
CALL Geometry3K-300 geometry3k_test_2873 perception_graph
FAIL	Geometry3K-300	geometry3k_test_2873	perception_graph	pred='B'	gold='C'	complete=True	duration_s=4.86
CALL Geometry3K-300 geometry3k_test_2873 construction_plan
OK	Geometry3K-300	geometry3k_test_2873	construction_plan	pred='C'	gold='C'	complete=True	duration_s=5.20
CALL Geometry3K-300 geometry3k_test_2873 geoguide_solver
OK	Geometry3K-300	geometry3k_test_2873	geoguide_solver	pred='C'	gold='C'	complete=True	duration_s=4.82
CALL Geometry3K-300 geometry3k_test_2873 geoguide_cautious
OK	Geometry3K-300	geometry3k_test_2873	geoguide_cautious	pred='C'	gold='C'	complete=True	duration_s=5.17
CALL Geometry3K-300 geometry3k_test_2607 raw
OK	Geometry3K-300	geometry3k_test_2607	raw	pred='B'	gold='B'	complete=True	duration_s=4.98
CALL Geometry3K-300 geometry3k_test_2607 structured_facts
OK	Geometry3K-300	geometry3k_test_2607	structured_facts	pred='B'	gold='B'	complete=True	duration_s=5.57
CALL Geometry3K-300 geometry3k_test_2607 perception_graph
OK	Geometry3K-300	geometry3k_test_2607	perception_graph	pred='B'	gold='B'	complete=True	duration_s=5.92
CALL Geometry3K-300 geometry3k_test_2607 construction_plan
OK	Geometry3K-300	geometry3k_test_2607	construction_plan	pred='B'	gold='B'	complete=True	duration_s=6.25
CALL Geometry3K-300 geometry3k_test_2607 geoguide_solver
OK	Geometry3K-300	geometry3k_test_2607	geoguide_solver	pred='B'	gold='B'	complete=True	duration_s=5.94
CALL Geometry3K-300 geometry3k_test_2607 geoguide_cautious
OK	Geometry3K-300	geometry3k_test_2607	geoguide_cautious	pred='B'	gold='B'	complete=True	duration_s=6.51
CALL Geometry3K-300 geometry3k_test_2721 raw
FAIL	Geometry3K-300	geometry3k_test_2721	raw	pred='C'	gold='D'	complete=True	duration_s=11.04
CALL Geometry3K-300 geometry3k_test_2721 structured_facts
FAIL	Geometry3K-300	geometry3k_test_2721	structured_facts	pred='C'	gold='D'	complete=True	duration_s=11.44
CALL Geometry3K-300 geometry3k_test_2721 perception_graph
FAIL	Geometry3K-300	geometry3k_test_2721	perception_graph	pred='C'	gold='D'	complete=True	duration_s=12.04
CALL Geometry3K-300 geometry3k_test_2721 construction_plan
FAIL	Geometry3K-300	geometry3k_test_2721	construction_plan	pred='C'	gold='D'	complete=True	duration_s=12.46
CALL Geometry3K-300 geometry3k_test_2721 geoguide_solver
FAIL	Geometry3K-300	geometry3k_test_2721	geoguide_solver	pred='C'	gold='D'	complete=True	duration_s=12.12
CALL Geometry3K-300 geometry3k_test_2721 geoguide_cautious
OK	Geometry3K-300	geometry3k_test_2721	geoguide_cautious	pred='D'	gold='D'	complete=True	duration_s=12.68
CALL Geometry3K-300 geometry3k_test_2670 raw
OK	Geometry3K-300	geometry3k_test_2670	raw	pred='B'	gold='B'	complete=True	duration_s=4.72
CALL Geometry3K-300 geometry3k_test_2670 structured_facts
OK	Geometry3K-300	geometry3k_test_2670	structured_facts	pred='B'	gold='B'	complete=True	duration_s=5.63
CALL Geometry3K-300 geometry3k_test_2670 perception_graph
OK	Geometry3K-300	geometry3k_test_2670	perception_graph	pred='B'	gold='B'	complete=True	duration_s=5.95
CALL Geometry3K-300 geometry3k_test_2670 construction_plan
OK	Geometry3K-300	geometry3k_test_2670	construction_plan	pred='B'	gold='B'	complete=True	duration_s=6.65
CALL Geometry3K-300 geometry3k_test_2670 geoguide_solver
OK	Geometry3K-300	geometry3k_test_2670	geoguide_solver	pred='B'	gold='B'	complete=True	duration_s=6.03
CALL Geometry3K-300 geometry3k_test_2670 geoguide_cautious
FAIL	Geometry3K-300	geometry3k_test_2670	geoguide_cautious	pred='C'	gold='B'	complete=True	duration_s=6.37
CALL Geometry3K-300 geometry3k_test_2489 raw
FAIL	Geometry3K-300	geometry3k_test_2489	raw	pred='B'	gold='A'	complete=True	duration_s=9.72
CALL Geometry3K-300 geometry3k_test_2489 structured_facts
FAIL	Geometry3K-300	geometry3k_test_2489	structured_facts	pred='B'	gold='A'	complete=True	duration_s=10.08
CALL Geometry3K-300 geometry3k_test_2489 perception_graph
FAIL	Geometry3K-300	geometry3k_test_2489	perception_graph	pred='B'	gold='A'	complete=True	duration_s=10.40
CALL Geometry3K-300 geometry3k_test_2489 construction_plan
FAIL	Geometry3K-300	geometry3k_test_2489	construction_plan	pred='B'	gold='A'	complete=True	duration_s=11.02
CALL Geometry3K-300 geometry3k_test_2489 geoguide_solver
FAIL	Geometry3K-300	geometry3k_test_2489	geoguide_solver	pred='B'	gold='A'	complete=True	duration_s=10.74
CALL Geometry3K-300 geometry3k_test_2489 geoguide_cautious
FAIL	Geometry3K-300	geometry3k_test_2489	geoguide_cautious	pred='B'	gold='A'	complete=True	duration_s=10.99
CALL Geometry3K-300 geometry3k_test_2428 raw
OK	Geometry3K-300	geometry3k_test_2428	raw	pred='B'	gold='B'	complete=True	duration_s=4.61
CALL Geometry3K-300 geometry3k_test_2428 structured_facts
OK	Geometry3K-300	geometry3k_test_2428	structured_facts	pred='B'	gold='B'	complete=True	duration_s=5.54
CALL Geometry3K-300 geometry3k_test_2428 perception_graph
OK	Geometry3K-300	geometry3k_test_2428	perception_graph	pred='B'	gold='B'	complete=True	duration_s=5.89
CALL Geometry3K-300 geometry3k_test_2428 construction_plan
OK	Geometry3K-300	geometry3k_test_2428	construction_plan	pred='B'	gold='B'	complete=True	duration_s=6.57
CALL Geometry3K-300 geometry3k_test_2428 geoguide_solver
OK	Geometry3K-300	geometry3k_test_2428	geoguide_solver	pred='B'	gold='B'	complete=True	duration_s=6.23
CALL Geometry3K-300 geometry3k_test_2428 geoguide_cautious
OK	Geometry3K-300	geometry3k_test_2428	geoguide_cautious	pred='B'	gold='B'	complete=True	duration_s=6.84
CALL Geometry3K-300 geometry3k_test_2485 raw
OK	Geometry3K-300	geometry3k_test_2485	raw	pred='C'	gold='C'	complete=True	duration_s=4.25
CALL Geometry3K-300 geometry3k_test_2485 structured_facts
OK	Geometry3K-300	geometry3k_test_2485	structured_facts	pred='C'	gold='C'	complete=True	duration_s=4.55
CALL Geometry3K-300 geometry3k_test_2485 perception_graph
OK	Geometry3K-300	geometry3k_test_2485	perception_graph	pred='C'	gold='C'	complete=True	duration_s=4.83
CALL Geometry3K-300 geometry3k_test_2485 construction_plan
OK	Geometry3K-300	geometry3k_test_2485	construction_plan	pred='C'	gold='C'	complete=True	duration_s=5.49
CALL Geometry3K-300 geometry3k_test_2485 geoguide_solver
OK	Geometry3K-300	geometry3k_test_2485	geoguide_solver	pred='C'	gold='C'	complete=True	duration_s=5.17
CALL Geometry3K-300 geometry3k_test_2485 geoguide_cautious
OK	Geometry3K-300	geometry3k_test_2485	geoguide_cautious	pred='C'	gold='C'	complete=True	duration_s=5.46
CALL Geometry3K-300 geometry3k_test_2626 raw
OK	Geometry3K-300	geometry3k_test_2626	raw	pred='C'	gold='C'	complete=True	duration_s=4.42
CALL Geometry3K-300 geometry3k_test_2626 structured_facts
OK	Geometry3K-300	geometry3k_test_2626	structured_facts	pred='C'	gold='C'	complete=True	duration_s=4.74
CALL Geometry3K-300 geometry3k_test_2626 perception_graph
OK	Geometry3K-300	geometry3k_test_2626	perception_graph	pred='C'	gold='C'	complete=True	duration_s=5.02
CALL Geometry3K-300 geometry3k_test_2626 construction_plan
FAIL	Geometry3K-300	geometry3k_test_2626	construction_plan	pred='D'	gold='C'	complete=True	duration_s=5.98
CALL Geometry3K-300 geometry3k_test_2626 geoguide_solver
OK	Geometry3K-300	geometry3k_test_2626	geoguide_solver	pred='C'	gold='C'	complete=True	duration_s=5.38
CALL Geometry3K-300 geometry3k_test_2626 geoguide_cautious
FAIL	Geometry3K-300	geometry3k_test_2626	geoguide_cautious	pred='D'	gold='C'	complete=True	duration_s=5.96
CALL Geometry3K-300 geometry3k_test_2910 raw
FAIL	Geometry3K-300	geometry3k_test_2910	raw	pred='C'	gold='D'	complete=True	duration_s=4.33
CALL Geometry3K-300 geometry3k_test_2910 structured_facts
FAIL	Geometry3K-300	geometry3k_test_2910	structured_facts	pred='C'	gold='D'	complete=True	duration_s=4.31
CALL Geometry3K-300 geometry3k_test_2910 perception_graph
FAIL	Geometry3K-300	geometry3k_test_2910	perception_graph	pred='C'	gold='D'	complete=True	duration_s=4.99
CALL Geometry3K-300 geometry3k_test_2910 construction_plan
FAIL	Geometry3K-300	geometry3k_test_2910	construction_plan	pred='C'	gold='D'	complete=True	duration_s=5.63
CALL Geometry3K-300 geometry3k_test_2910 geoguide_solver
FAIL	Geometry3K-300	geometry3k_test_2910	geoguide_solver	pred='C'	gold='D'	complete=True	duration_s=4.94
CALL Geometry3K-300 geometry3k_test_2910 geoguide_cautious
FAIL	Geometry3K-300	geometry3k_test_2910	geoguide_cautious	pred='C'	gold='D'	complete=True	duration_s=5.62
CALL Geometry3K-300 geometry3k_test_2473 raw
FAIL	Geometry3K-300	geometry3k_test_2473	raw	pred='B'	gold='A'	complete=True	duration_s=10.42
CALL Geometry3K-300 geometry3k_test_2473 structured_facts
FAIL	Geometry3K-300	geometry3k_test_2473	structured_facts	pred='B'	gold='A'	complete=True	duration_s=10.75
CALL Geometry3K-300 geometry3k_test_2473 perception_graph
FAIL	Geometry3K-300	geometry3k_test_2473	perception_graph	pred='B'	gold='A'	complete=True	duration_s=11.10
CALL Geometry3K-300 geometry3k_test_2473 construction_plan
FAIL	Geometry3K-300	geometry3k_test_2473	construction_plan	pred='B'	gold='A'	complete=True	duration_s=11.40
CALL Geometry3K-300 geometry3k_test_2473 geoguide_solver
FAIL	Geometry3K-300	geometry3k_test_2473	geoguide_solver	pred='B'	gold='A'	complete=True	duration_s=11.40
CALL Geometry3K-300 geometry3k_test_2473 geoguide_cautious
FAIL	Geometry3K-300	geometry3k_test_2473	geoguide_cautious	pred='B'	gold='A'	complete=True	duration_s=11.74
CALL Geometry3K-300 geometry3k_test_2444 raw
FAIL	Geometry3K-300	geometry3k_test_2444	raw	pred='C'	gold='A'	complete=True	duration_s=6.01
CALL Geometry3K-300 geometry3k_test_2444 structured_facts
FAIL	Geometry3K-300	geometry3k_test_2444	structured_facts	pred='C'	gold='A'	complete=True	duration_s=5.80
CALL Geometry3K-300 geometry3k_test_2444 perception_graph
FAIL	Geometry3K-300	geometry3k_test_2444	perception_graph	pred='C'	gold='A'	complete=True	duration_s=6.68
CALL Geometry3K-300 geometry3k_test_2444 construction_plan
FAIL	Geometry3K-300	geometry3k_test_2444	construction_plan	pred='C'	gold='A'	complete=True	duration_s=7.07
CALL Geometry3K-300 geometry3k_test_2444 geoguide_solver
FAIL	Geometry3K-300	geometry3k_test_2444	geoguide_solver	pred='C'	gold='A'	complete=True	duration_s=6.73
CALL Geometry3K-300 geometry3k_test_2444 geoguide_cautious
FAIL	Geometry3K-300	geometry3k_test_2444	geoguide_cautious	pred='C'	gold='A'	complete=True	duration_s=7.21
CALL Geometry3K-300 geometry3k_test_2594 raw
OK	Geometry3K-300	geometry3k_test_2594	raw	pred='B'	gold='B'	complete=True	duration_s=4.14
CALL Geometry3K-300 geometry3k_test_2594 structured_facts
OK	Geometry3K-300	geometry3k_test_2594	structured_facts	pred='B'	gold='B'	complete=True	duration_s=4.74
CALL Geometry3K-300 geometry3k_test_2594 perception_graph
OK	Geometry3K-300	geometry3k_test_2594	perception_graph	pred='B'	gold='B'	complete=True	duration_s=5.07
CALL Geometry3K-300 geometry3k_test_2594 construction_plan
OK	Geometry3K-300	geometry3k_test_2594	construction_plan	pred='B'	gold='B'	complete=True	duration_s=5.47
CALL Geometry3K-300 geometry3k_test_2594 geoguide_solver
OK	Geometry3K-300	geometry3k_test_2594	geoguide_solver	pred='B'	gold='B'	complete=True	duration_s=5.10
CALL Geometry3K-300 geometry3k_test_2594 geoguide_cautious
OK	Geometry3K-300	geometry3k_test_2594	geoguide_cautious	pred='B'	gold='B'	complete=True	duration_s=5.70
CALL Geometry3K-300 geometry3k_test_2614 raw
OK	Geometry3K-300	geometry3k_test_2614	raw	pred='B'	gold='B'	complete=True	duration_s=5.68
CALL Geometry3K-300 geometry3k_test_2614 structured_facts
OK	Geometry3K-300	geometry3k_test_2614	structured_facts	pred='B'	gold='B'	complete=True	duration_s=5.99
CALL Geometry3K-300 geometry3k_test_2614 perception_graph
OK	Geometry3K-300	geometry3k_test_2614	perception_graph	pred='B'	gold='B'	complete=True	duration_s=6.36
CALL Geometry3K-300 geometry3k_test_2614 construction_plan
OK	Geometry3K-300	geometry3k_test_2614	construction_plan	pred='B'	gold='B'	complete=True	duration_s=6.72
CALL Geometry3K-300 geometry3k_test_2614 geoguide_solver
OK	Geometry3K-300	geometry3k_test_2614	geoguide_solver	pred='B'	gold='B'	complete=True	duration_s=6.67
CALL Geometry3K-300 geometry3k_test_2614 geoguide_cautious
OK	Geometry3K-300	geometry3k_test_2614	geoguide_cautious	pred='B'	gold='B'	complete=True	duration_s=6.95
CALL Geometry3K-300 geometry3k_test_2762 raw
OK	Geometry3K-300	geometry3k_test_2762	raw	pred='B'	gold='B'	complete=True	duration_s=26.37
CALL Geometry3K-300 geometry3k_test_2762 structured_facts
OK	Geometry3K-300	geometry3k_test_2762	structured_facts	pred='B'	gold='B'	complete=True	duration_s=26.89
CALL Geometry3K-300 geometry3k_test_2762 perception_graph
OK	Geometry3K-300	geometry3k_test_2762	perception_graph	pred='B'	gold='B'	complete=True	duration_s=27.14
CALL Geometry3K-300 geometry3k_test_2762 construction_plan
OK	Geometry3K-300	geometry3k_test_2762	construction_plan	pred='B'	gold='B'	complete=True	duration_s=27.87
CALL Geometry3K-300 geometry3k_test_2762 geoguide_solver
OK	Geometry3K-300	geometry3k_test_2762	geoguide_solver	pred='B'	gold='B'	complete=True	duration_s=27.43
CALL Geometry3K-300 geometry3k_test_2762 geoguide_cautious
OK	Geometry3K-300	geometry3k_test_2762	geoguide_cautious	pred='B'	gold='B'	complete=True	duration_s=27.54
CALL Geometry3K-300 geometry3k_test_2785 raw
OK	Geometry3K-300	geometry3k_test_2785	raw	pred='D'	gold='D'	complete=True	duration_s=9.86
CALL Geometry3K-300 geometry3k_test_2785 structured_facts
OK	Geometry3K-300	geometry3k_test_2785	structured_facts	pred='D'	gold='D'	complete=True	duration_s=10.53
CALL Geometry3K-300 geometry3k_test_2785 perception_graph
OK	Geometry3K-300	geometry3k_test_2785	perception_graph	pred='D'	gold='D'	complete=True	duration_s=11.37
CALL Geometry3K-300 geometry3k_test_2785 construction_plan
OK	Geometry3K-300	geometry3k_test_2785	construction_plan	pred='D'	gold='D'	complete=True	duration_s=11.98
CALL Geometry3K-300 geometry3k_test_2785 geoguide_solver
OK	Geometry3K-300	geometry3k_test_2785	geoguide_solver	pred='D'	gold='D'	complete=True	duration_s=11.67
CALL Geometry3K-300 geometry3k_test_2785 geoguide_cautious
OK	Geometry3K-300	geometry3k_test_2785	geoguide_cautious	pred='D'	gold='D'	complete=True	duration_s=11.57
CALL Geometry3K-300 geometry3k_test_2413 raw
FAIL	Geometry3K-300	geometry3k_test_2413	raw	pred='C'	gold='B'	complete=True	duration_s=4.16
CALL Geometry3K-300 geometry3k_test_2413 structured_facts
FAIL	Geometry3K-300	geometry3k_test_2413	structured_facts	pred='C'	gold='B'	complete=True	duration_s=4.71
CALL Geometry3K-300 geometry3k_test_2413 perception_graph
FAIL	Geometry3K-300	geometry3k_test_2413	perception_graph	pred='C'	gold='B'	complete=True	duration_s=5.06
CALL Geometry3K-300 geometry3k_test_2413 construction_plan
FAIL	Geometry3K-300	geometry3k_test_2413	construction_plan	pred='C'	gold='B'	complete=True	duration_s=5.42
CALL Geometry3K-300 geometry3k_test_2413 geoguide_solver
FAIL	Geometry3K-300	geometry3k_test_2413	geoguide_solver	pred='C'	gold='B'	complete=True	duration_s=5.10
CALL Geometry3K-300 geometry3k_test_2413 geoguide_cautious
FAIL	Geometry3K-300	geometry3k_test_2413	geoguide_cautious	pred='C'	gold='B'	complete=True	duration_s=5.41
CALL Geometry3K-300 geometry3k_test_2729 raw
OK	Geometry3K-300	geometry3k_test_2729	raw	pred='A'	gold='A'	complete=True	duration_s=4.86
CALL Geometry3K-300 geometry3k_test_2729 structured_facts
OK	Geometry3K-300	geometry3k_test_2729	structured_facts	pred='A'	gold='A'	complete=True	duration_s=5.81
CALL Geometry3K-300 geometry3k_test_2729 perception_graph
OK	Geometry3K-300	geometry3k_test_2729	perception_graph	pred='A'	gold='A'	complete=True	duration_s=5.87
CALL Geometry3K-300 geometry3k_test_2729 construction_plan
OK	Geometry3K-300	geometry3k_test_2729	construction_plan	pred='A'	gold='A'	complete=True	duration_s=6.49
CALL Geometry3K-300 geometry3k_test_2729 geoguide_solver
OK	Geometry3K-300	geometry3k_test_2729	geoguide_solver	pred='A'	gold='A'	complete=True	duration_s=6.17
CALL Geometry3K-300 geometry3k_test_2729 geoguide_cautious
OK	Geometry3K-300	geometry3k_test_2729	geoguide_cautious	pred='A'	gold='A'	complete=True	duration_s=6.78
CALL Geometry3K-300 geometry3k_test_2648 raw
OK	Geometry3K-300	geometry3k_test_2648	raw	pred='A'	gold='A'	complete=True	duration_s=5.43
CALL Geometry3K-300 geometry3k_test_2648 structured_facts
OK	Geometry3K-300	geometry3k_test_2648	structured_facts	pred='A'	gold='A'	complete=True	duration_s=6.32
CALL Geometry3K-300 geometry3k_test_2648 perception_graph
OK	Geometry3K-300	geometry3k_test_2648	perception_graph	pred='A'	gold='A'	complete=True	duration_s=6.68
CALL Geometry3K-300 geometry3k_test_2648 construction_plan
OK	Geometry3K-300	geometry3k_test_2648	construction_plan	pred='A'	gold='A'	complete=True	duration_s=7.35
CALL Geometry3K-300 geometry3k_test_2648 geoguide_solver
OK	Geometry3K-300	geometry3k_test_2648	geoguide_solver	pred='A'	gold='A'	complete=True	duration_s=6.71
CALL Geometry3K-300 geometry3k_test_2648 geoguide_cautious
OK	Geometry3K-300	geometry3k_test_2648	geoguide_cautious	pred='A'	gold='A'	complete=True	duration_s=7.31
CALL Geometry3K-300 geometry3k_test_2435 raw
OK	Geometry3K-300	geometry3k_test_2435	raw	pred='D'	gold='D'	complete=True	duration_s=4.42
CALL Geometry3K-300 geometry3k_test_2435 structured_facts
OK	Geometry3K-300	geometry3k_test_2435	structured_facts	pred='D'	gold='D'	complete=True	duration_s=4.27
CALL Geometry3K-300 geometry3k_test_2435 perception_graph
OK	Geometry3K-300	geometry3k_test_2435	perception_graph	pred='D'	gold='D'	complete=True	duration_s=5.03
CALL Geometry3K-300 geometry3k_test_2435 construction_plan
OK	Geometry3K-300	geometry3k_test_2435	construction_plan	pred='D'	gold='D'	complete=True	duration_s=4.95
CALL Geometry3K-300 geometry3k_test_2435 geoguide_solver
OK	Geometry3K-300	geometry3k_test_2435	geoguide_solver	pred='D'	gold='D'	complete=True	duration_s=4.60
CALL Geometry3K-300 geometry3k_test_2435 geoguide_cautious
OK	Geometry3K-300	geometry3k_test_2435	geoguide_cautious	pred='D'	gold='D'	complete=True	duration_s=4.93
CALL Geometry3K-300 geometry3k_test_2827 raw
FAIL	Geometry3K-300	geometry3k_test_2827	raw	pred='C'	gold='A'	complete=True	duration_s=4.17
CALL Geometry3K-300 geometry3k_test_2827 structured_facts
FAIL	Geometry3K-300	geometry3k_test_2827	structured_facts	pred='C'	gold='A'	complete=True	duration_s=4.74
CALL Geometry3K-300 geometry3k_test_2827 perception_graph
FAIL	Geometry3K-300	geometry3k_test_2827	perception_graph	pred='C'	gold='A'	complete=True	duration_s=5.35
CALL Geometry3K-300 geometry3k_test_2827 construction_plan
FAIL	Geometry3K-300	geometry3k_test_2827	construction_plan	pred='C'	gold='A'	complete=True	duration_s=5.72
CALL Geometry3K-300 geometry3k_test_2827 geoguide_solver
FAIL	Geometry3K-300	geometry3k_test_2827	geoguide_solver	pred='C'	gold='A'	complete=True	duration_s=5.10
CALL Geometry3K-300 geometry3k_test_2827 geoguide_cautious
FAIL	Geometry3K-300	geometry3k_test_2827	geoguide_cautious	pred='C'	gold='A'	complete=True	duration_s=5.72
CALL Geometry3K-300 geometry3k_test_2509 raw
OK	Geometry3K-300	geometry3k_test_2509	raw	pred='B'	gold='B'	complete=True	duration_s=6.11
CALL Geometry3K-300 geometry3k_test_2509 structured_facts
OK	Geometry3K-300	geometry3k_test_2509	structured_facts	pred='B'	gold='B'	complete=True	duration_s=7.06
CALL Geometry3K-300 geometry3k_test_2509 perception_graph
OK	Geometry3K-300	geometry3k_test_2509	perception_graph	pred='B'	gold='B'	complete=True	duration_s=7.06
CALL Geometry3K-300 geometry3k_test_2509 construction_plan
OK	Geometry3K-300	geometry3k_test_2509	construction_plan	pred='B'	gold='B'	complete=True	duration_s=7.72
CALL Geometry3K-300 geometry3k_test_2509 geoguide_solver
OK	Geometry3K-300	geometry3k_test_2509	geoguide_solver	pred='B'	gold='B'	complete=True	duration_s=7.72
CALL Geometry3K-300 geometry3k_test_2509 geoguide_cautious
OK	Geometry3K-300	geometry3k_test_2509	geoguide_cautious	pred='B'	gold='B'	complete=True	duration_s=8.02
CALL Geometry3K-300 geometry3k_test_2969 raw
OK	Geometry3K-300	geometry3k_test_2969	raw	pred='C'	gold='C'	complete=True	duration_s=6.17
CALL Geometry3K-300 geometry3k_test_2969 structured_facts
OK	Geometry3K-300	geometry3k_test_2969	structured_facts	pred='C'	gold='C'	complete=True	duration_s=6.85
CALL Geometry3K-300 geometry3k_test_2969 perception_graph
OK	Geometry3K-300	geometry3k_test_2969	perception_graph	pred='C'	gold='C'	complete=True	duration_s=7.19
CALL Geometry3K-300 geometry3k_test_2969 construction_plan
OK	Geometry3K-300	geometry3k_test_2969	construction_plan	pred='C'	gold='C'	complete=True	duration_s=7.84
CALL Geometry3K-300 geometry3k_test_2969 geoguide_solver
OK	Geometry3K-300	geometry3k_test_2969	geoguide_solver	pred='C'	gold='C'	complete=True	duration_s=7.47
CALL Geometry3K-300 geometry3k_test_2969 geoguide_cautious
OK	Geometry3K-300	geometry3k_test_2969	geoguide_cautious	pred='C'	gold='C'	complete=True	duration_s=7.49
CALL Geometry3K-300 geometry3k_test_2490 raw
OK	Geometry3K-300	geometry3k_test_2490	raw	pred='B'	gold='B'	complete=True	duration_s=6.80
CALL Geometry3K-300 geometry3k_test_2490 structured_facts
OK	Geometry3K-300	geometry3k_test_2490	structured_facts	pred='B'	gold='B'	complete=True	duration_s=7.46
CALL Geometry3K-300 geometry3k_test_2490 perception_graph
OK	Geometry3K-300	geometry3k_test_2490	perception_graph	pred='B'	gold='B'	complete=True	duration_s=7.80
CALL Geometry3K-300 geometry3k_test_2490 construction_plan
OK	Geometry3K-300	geometry3k_test_2490	construction_plan	pred='B'	gold='B'	complete=True	duration_s=8.11
CALL Geometry3K-300 geometry3k_test_2490 geoguide_solver
OK	Geometry3K-300	geometry3k_test_2490	geoguide_solver	pred='B'	gold='B'	complete=True	duration_s=7.83
CALL Geometry3K-300 geometry3k_test_2490 geoguide_cautious
OK	Geometry3K-300	geometry3k_test_2490	geoguide_cautious	pred='B'	gold='B'	complete=True	duration_s=8.16
CALL Geometry3K-300 geometry3k_test_2643 raw
FAIL	Geometry3K-300	geometry3k_test_2643	raw	pred='B'	gold='D'	complete=True	duration_s=4.96
CALL Geometry3K-300 geometry3k_test_2643 structured_facts
FAIL	Geometry3K-300	geometry3k_test_2643	structured_facts	pred='B'	gold='D'	complete=True	duration_s=5.56
CALL Geometry3K-300 geometry3k_test_2643 perception_graph
FAIL	Geometry3K-300	geometry3k_test_2643	perception_graph	pred='B'	gold='D'	complete=True	duration_s=5.92
CALL Geometry3K-300 geometry3k_test_2643 construction_plan
FAIL	Geometry3K-300	geometry3k_test_2643	construction_plan	pred='B'	gold='D'	complete=True	duration_s=6.25
CALL Geometry3K-300 geometry3k_test_2643 geoguide_solver
FAIL	Geometry3K-300	geometry3k_test_2643	geoguide_solver	pred='B'	gold='D'	complete=True	duration_s=6.21
CALL Geometry3K-300 geometry3k_test_2643 geoguide_cautious
FAIL	Geometry3K-300	geometry3k_test_2643	geoguide_cautious	pred='B'	gold='D'	complete=True	duration_s=6.55
CALL Geometry3K-300 geometry3k_test_2533 raw
OK	Geometry3K-300	geometry3k_test_2533	raw	pred='B'	gold='B'	complete=True	duration_s=12.49
CALL Geometry3K-300 geometry3k_test_2533 structured_facts
OK	Geometry3K-300	geometry3k_test_2533	structured_facts	pred='B'	gold='B'	complete=True	duration_s=12.51
CALL Geometry3K-300 geometry3k_test_2533 perception_graph
OK	Geometry3K-300	geometry3k_test_2533	perception_graph	pred='B'	gold='B'	complete=True	duration_s=13.44
CALL Geometry3K-300 geometry3k_test_2533 construction_plan
OK	Geometry3K-300	geometry3k_test_2533	construction_plan	pred='B'	gold='B'	complete=True	duration_s=13.44
CALL Geometry3K-300 geometry3k_test_2533 geoguide_solver
OK	Geometry3K-300	geometry3k_test_2533	geoguide_solver	pred='B'	gold='B'	complete=True	duration_s=13.50
CALL Geometry3K-300 geometry3k_test_2533 geoguide_cautious
OK	Geometry3K-300	geometry3k_test_2533	geoguide_cautious	pred='B'	gold='B'	complete=True	duration_s=13.42
CALL Geometry3K-300 geometry3k_test_2834 raw
FAIL	Geometry3K-300	geometry3k_test_2834	raw	pred='A'	gold='C'	complete=True	duration_s=5.98
CALL Geometry3K-300 geometry3k_test_2834 structured_facts
OK	Geometry3K-300	geometry3k_test_2834	structured_facts	pred='C'	gold='C'	complete=True	duration_s=6.30
CALL Geometry3K-300 geometry3k_test_2834 perception_graph
FAIL	Geometry3K-300	geometry3k_test_2834	perception_graph	pred='B'	gold='C'	complete=True	duration_s=6.64
CALL Geometry3K-300 geometry3k_test_2834 construction_plan
FAIL	Geometry3K-300	geometry3k_test_2834	construction_plan	pred='A'	gold='C'	complete=True	duration_s=6.99
CALL Geometry3K-300 geometry3k_test_2834 geoguide_solver
FAIL	Geometry3K-300	geometry3k_test_2834	geoguide_solver	pred='A'	gold='C'	complete=True	duration_s=7.24
CALL Geometry3K-300 geometry3k_test_2834 geoguide_cautious
FAIL	Geometry3K-300	geometry3k_test_2834	geoguide_cautious	pred='A'	gold='C'	complete=True	duration_s=7.30
CALL Geometry3K-300 geometry3k_test_2857 raw
OK	Geometry3K-300	geometry3k_test_2857	raw	pred='D'	gold='D'	complete=True	duration_s=8.70
CALL Geometry3K-300 geometry3k_test_2857 structured_facts
OK	Geometry3K-300	geometry3k_test_2857	structured_facts	pred='D'	gold='D'	complete=True	duration_s=9.08
CALL Geometry3K-300 geometry3k_test_2857 perception_graph
OK	Geometry3K-300	geometry3k_test_2857	perception_graph	pred='D'	gold='D'	complete=True	duration_s=9.40
CALL Geometry3K-300 geometry3k_test_2857 construction_plan
OK	Geometry3K-300	geometry3k_test_2857	construction_plan	pred='D'	gold='D'	complete=True	duration_s=9.97
CALL Geometry3K-300 geometry3k_test_2857 geoguide_solver
OK	Geometry3K-300	geometry3k_test_2857	geoguide_solver	pred='D'	gold='D'	complete=True	duration_s=9.68
CALL Geometry3K-300 geometry3k_test_2857 geoguide_cautious
OK	Geometry3K-300	geometry3k_test_2857	geoguide_cautious	pred='D'	gold='D'	complete=True	duration_s=9.99
CALL Geometry3K-300 geometry3k_test_3001 raw
FAIL	Geometry3K-300	geometry3k_test_3001	raw	pred='D'	gold='C'	complete=True	duration_s=8.73
CALL Geometry3K-300 geometry3k_test_3001 structured_facts
FAIL	Geometry3K-300	geometry3k_test_3001	structured_facts	pred='D'	gold='C'	complete=True	duration_s=9.06
CALL Geometry3K-300 geometry3k_test_3001 perception_graph
FAIL	Geometry3K-300	geometry3k_test_3001	perception_graph	pred='D'	gold='C'	complete=True	duration_s=9.95
CALL Geometry3K-300 geometry3k_test_3001 construction_plan
FAIL	Geometry3K-300	geometry3k_test_3001	construction_plan	pred='D'	gold='C'	complete=True	duration_s=9.82
CALL Geometry3K-300 geometry3k_test_3001 geoguide_solver
FAIL	Geometry3K-300	geometry3k_test_3001	geoguide_solver	pred='D'	gold='C'	complete=True	duration_s=9.46
CALL Geometry3K-300 geometry3k_test_3001 geoguide_cautious
FAIL	Geometry3K-300	geometry3k_test_3001	geoguide_cautious	pred='D'	gold='C'	complete=True	duration_s=10.06
CALL Geometry3K-300 geometry3k_test_2691 raw
FAIL	Geometry3K-300	geometry3k_test_2691	raw	pred='B'	gold='D'	complete=True	duration_s=9.23
CALL Geometry3K-300 geometry3k_test_2691 structured_facts
FAIL	Geometry3K-300	geometry3k_test_2691	structured_facts	pred='B'	gold='D'	complete=True	duration_s=9.61
CALL Geometry3K-300 geometry3k_test_2691 perception_graph
FAIL	Geometry3K-300	geometry3k_test_2691	perception_graph	pred='B'	gold='D'	complete=True	duration_s=10.30
CALL Geometry3K-300 geometry3k_test_2691 construction_plan
FAIL	Geometry3K-300	geometry3k_test_2691	construction_plan	pred='B'	gold='D'	complete=True	duration_s=10.24
CALL Geometry3K-300 geometry3k_test_2691 geoguide_solver
FAIL	Geometry3K-300	geometry3k_test_2691	geoguide_solver	pred='B'	gold='D'	complete=True	duration_s=9.94
CALL Geometry3K-300 geometry3k_test_2691 geoguide_cautious
FAIL	Geometry3K-300	geometry3k_test_2691	geoguide_cautious	pred='B'	gold='D'	complete=True	duration_s=10.52
CALL Geometry3K-300 geometry3k_test_2767 raw
OK	Geometry3K-300	geometry3k_test_2767	raw	pred='C'	gold='C'	complete=True	duration_s=3.87
CALL Geometry3K-300 geometry3k_test_2767 structured_facts
OK	Geometry3K-300	geometry3k_test_2767	structured_facts	pred='C'	gold='C'	complete=True	duration_s=4.44
CALL Geometry3K-300 geometry3k_test_2767 perception_graph
OK	Geometry3K-300	geometry3k_test_2767	perception_graph	pred='C'	gold='C'	complete=True	duration_s=4.79
CALL Geometry3K-300 geometry3k_test_2767 construction_plan
OK	Geometry3K-300	geometry3k_test_2767	construction_plan	pred='C'	gold='C'	complete=True	duration_s=5.17
CALL Geometry3K-300 geometry3k_test_2767 geoguide_solver
OK	Geometry3K-300	geometry3k_test_2767	geoguide_solver	pred='C'	gold='C'	complete=True	duration_s=4.80
CALL Geometry3K-300 geometry3k_test_2767 geoguide_cautious
OK	Geometry3K-300	geometry3k_test_2767	geoguide_cautious	pred='C'	gold='C'	complete=True	duration_s=5.40
CALL Geometry3K-300 geometry3k_test_2565 raw
OK	Geometry3K-300	geometry3k_test_2565	raw	pred='A'	gold='A'	complete=True	duration_s=4.22
CALL Geometry3K-300 geometry3k_test_2565 structured_facts
FAIL	Geometry3K-300	geometry3k_test_2565	structured_facts	pred='D'	gold='A'	complete=True	duration_s=4.50
CALL Geometry3K-300 geometry3k_test_2565 perception_graph
FAIL	Geometry3K-300	geometry3k_test_2565	perception_graph	pred='D'	gold='A'	complete=True	duration_s=4.83
CALL Geometry3K-300 geometry3k_test_2565 construction_plan
FAIL	Geometry3K-300	geometry3k_test_2565	construction_plan	pred='D'	gold='A'	complete=True	duration_s=5.18
CALL Geometry3K-300 geometry3k_test_2565 geoguide_solver
FAIL	Geometry3K-300	geometry3k_test_2565	geoguide_solver	pred='D'	gold='A'	complete=True	duration_s=4.83
CALL Geometry3K-300 geometry3k_test_2565 geoguide_cautious
FAIL	Geometry3K-300	geometry3k_test_2565	geoguide_cautious	pred='D'	gold='A'	complete=True	duration_s=5.18
CALL Geometry3K-300 geometry3k_test_2412 raw
OK	Geometry3K-300	geometry3k_test_2412	raw	pred='A'	gold='A'	complete=True	duration_s=4.51
CALL Geometry3K-300 geometry3k_test_2412 structured_facts
OK	Geometry3K-300	geometry3k_test_2412	structured_facts	pred='A'	gold='A'	complete=True	duration_s=4.84
CALL Geometry3K-300 geometry3k_test_2412 perception_graph
OK	Geometry3K-300	geometry3k_test_2412	perception_graph	pred='A'	gold='A'	complete=True	duration_s=5.16
CALL Geometry3K-300 geometry3k_test_2412 construction_plan
OK	Geometry3K-300	geometry3k_test_2412	construction_plan	pred='A'	gold='A'	complete=True	duration_s=5.49
CALL Geometry3K-300 geometry3k_test_2412 geoguide_solver
OK	Geometry3K-300	geometry3k_test_2412	geoguide_solver	pred='A'	gold='A'	complete=True	duration_s=5.44
CALL Geometry3K-300 geometry3k_test_2412 geoguide_cautious
OK	Geometry3K-300	geometry3k_test_2412	geoguide_cautious	pred='A'	gold='A'	complete=True	duration_s=5.77
CALL Geometry3K-300 geometry3k_test_2707 raw
FAIL	Geometry3K-300	geometry3k_test_2707	raw	pred='A'	gold='B'	complete=True	duration_s=4.16
CALL Geometry3K-300 geometry3k_test_2707 structured_facts
FAIL	Geometry3K-300	geometry3k_test_2707	structured_facts	pred='C'	gold='B'	complete=True	duration_s=4.70
CALL Geometry3K-300 geometry3k_test_2707 perception_graph
FAIL	Geometry3K-300	geometry3k_test_2707	perception_graph	pred='A'	gold='B'	complete=True	duration_s=5.34
CALL Geometry3K-300 geometry3k_test_2707 construction_plan
FAIL	Geometry3K-300	geometry3k_test_2707	construction_plan	pred='A'	gold='B'	complete=True	duration_s=5.75
CALL Geometry3K-300 geometry3k_test_2707 geoguide_solver
FAIL	Geometry3K-300	geometry3k_test_2707	geoguide_solver	pred='A'	gold='B'	complete=True	duration_s=5.41
CALL Geometry3K-300 geometry3k_test_2707 geoguide_cautious
FAIL	Geometry3K-300	geometry3k_test_2707	geoguide_cautious	pred='A'	gold='B'	complete=True	duration_s=5.72
CALL Geometry3K-300 geometry3k_test_2979 raw
OK	Geometry3K-300	geometry3k_test_2979	raw	pred='C'	gold='C'	complete=True	duration_s=4.98
CALL Geometry3K-300 geometry3k_test_2979 structured_facts
OK	Geometry3K-300	geometry3k_test_2979	structured_facts	pred='C'	gold='C'	complete=True	duration_s=5.55
CALL Geometry3K-300 geometry3k_test_2979 perception_graph
OK	Geometry3K-300	geometry3k_test_2979	perception_graph	pred='C'	gold='C'	complete=True	duration_s=5.88
CALL Geometry3K-300 geometry3k_test_2979 construction_plan
OK	Geometry3K-300	geometry3k_test_2979	construction_plan	pred='C'	gold='C'	complete=True	duration_s=6.24
CALL Geometry3K-300 geometry3k_test_2979 geoguide_solver
OK	Geometry3K-300	geometry3k_test_2979	geoguide_solver	pred='C'	gold='C'	complete=True	duration_s=5.92
CALL Geometry3K-300 geometry3k_test_2979 geoguide_cautious
OK	Geometry3K-300	geometry3k_test_2979	geoguide_cautious	pred='C'	gold='C'	complete=True	duration_s=6.26
CALL Geometry3K-300 geometry3k_test_2681 raw
OK	Geometry3K-300	geometry3k_test_2681	raw	pred='C'	gold='C'	complete=True	duration_s=4.55
CALL Geometry3K-300 geometry3k_test_2681 structured_facts
OK	Geometry3K-300	geometry3k_test_2681	structured_facts	pred='C'	gold='C'	complete=True	duration_s=5.09
CALL Geometry3K-300 geometry3k_test_2681 perception_graph
OK	Geometry3K-300	geometry3k_test_2681	perception_graph	pred='C'	gold='C'	complete=True	duration_s=5.49
CALL Geometry3K-300 geometry3k_test_2681 construction_plan
OK	Geometry3K-300	geometry3k_test_2681	construction_plan	pred='C'	gold='C'	complete=True	duration_s=5.81
CALL Geometry3K-300 geometry3k_test_2681 geoguide_solver
OK	Geometry3K-300	geometry3k_test_2681	geoguide_solver	pred='C'	gold='C'	complete=True	duration_s=5.51
CALL Geometry3K-300 geometry3k_test_2681 geoguide_cautious
OK	Geometry3K-300	geometry3k_test_2681	geoguide_cautious	pred='C'	gold='C'	complete=True	duration_s=6.12
CALL Geometry3K-300 geometry3k_test_2783 raw
FAIL	Geometry3K-300	geometry3k_test_2783	raw	pred='C'	gold='B'	complete=True	duration_s=9.35
CALL Geometry3K-300 geometry3k_test_2783 structured_facts
FAIL	Geometry3K-300	geometry3k_test_2783	structured_facts	pred='C'	gold='B'	complete=True	duration_s=10.00
CALL Geometry3K-300 geometry3k_test_2783 perception_graph
OK	Geometry3K-300	geometry3k_test_2783	perception_graph	pred='B'	gold='B'	complete=True	duration_s=10.33
CALL Geometry3K-300 geometry3k_test_2783 construction_plan
OK	Geometry3K-300	geometry3k_test_2783	construction_plan	pred='B'	gold='B'	complete=True	duration_s=10.99
CALL Geometry3K-300 geometry3k_test_2783 geoguide_solver
OK	Geometry3K-300	geometry3k_test_2783	geoguide_solver	pred='B'	gold='B'	complete=True	duration_s=10.65
CALL Geometry3K-300 geometry3k_test_2783 geoguide_cautious
OK	Geometry3K-300	geometry3k_test_2783	geoguide_cautious	pred='B'	gold='B'	complete=True	duration_s=10.93
CALL Geometry3K-300 geometry3k_test_2508 raw
OK	Geometry3K-300	geometry3k_test_2508	raw	pred='B'	gold='B'	complete=True	duration_s=6.98
CALL Geometry3K-300 geometry3k_test_2508 structured_facts
OK	Geometry3K-300	geometry3k_test_2508	structured_facts	pred='B'	gold='B'	complete=True	duration_s=7.27
CALL Geometry3K-300 geometry3k_test_2508 perception_graph
OK	Geometry3K-300	geometry3k_test_2508	perception_graph	pred='B'	gold='B'	complete=True	duration_s=7.64
CALL Geometry3K-300 geometry3k_test_2508 construction_plan
OK	Geometry3K-300	geometry3k_test_2508	construction_plan	pred='B'	gold='B'	complete=True	duration_s=7.98
CALL Geometry3K-300 geometry3k_test_2508 geoguide_solver
OK	Geometry3K-300	geometry3k_test_2508	geoguide_solver	pred='B'	gold='B'	complete=True	duration_s=7.63
CALL Geometry3K-300 geometry3k_test_2508 geoguide_cautious
OK	Geometry3K-300	geometry3k_test_2508	geoguide_cautious	pred='B'	gold='B'	complete=True	duration_s=8.21
CALL Geometry3K-300 geometry3k_test_2828 raw
OK	Geometry3K-300	geometry3k_test_2828	raw	pred='B'	gold='B'	complete=True	duration_s=21.79
CALL Geometry3K-300 geometry3k_test_2828 structured_facts
OK	Geometry3K-300	geometry3k_test_2828	structured_facts	pred='B'	gold='B'	complete=True	duration_s=22.09
CALL Geometry3K-300 geometry3k_test_2828 perception_graph
OK	Geometry3K-300	geometry3k_test_2828	perception_graph	pred='B'	gold='B'	complete=True	duration_s=22.93
CALL Geometry3K-300 geometry3k_test_2828 construction_plan
OK	Geometry3K-300	geometry3k_test_2828	construction_plan	pred='B'	gold='B'	complete=True	duration_s=22.86
CALL Geometry3K-300 geometry3k_test_2828 geoguide_solver
OK	Geometry3K-300	geometry3k_test_2828	geoguide_solver	pred='B'	gold='B'	complete=True	duration_s=22.75
CALL Geometry3K-300 geometry3k_test_2828 geoguide_cautious
OK	Geometry3K-300	geometry3k_test_2828	geoguide_cautious	pred='B'	gold='B'	complete=True	duration_s=23.09
CALL Geometry3K-300 geometry3k_test_2548 raw
FAIL	Geometry3K-300	geometry3k_test_2548	raw	pred='D'	gold='A'	complete=True	duration_s=8.88
CALL Geometry3K-300 geometry3k_test_2548 structured_facts
FAIL	Geometry3K-300	geometry3k_test_2548	structured_facts	pred='C'	gold='A'	complete=True	duration_s=9.24
CALL Geometry3K-300 geometry3k_test_2548 perception_graph
FAIL	Geometry3K-300	geometry3k_test_2548	perception_graph	pred='D'	gold='A'	complete=True	duration_s=9.56
CALL Geometry3K-300 geometry3k_test_2548 construction_plan
FAIL	Geometry3K-300	geometry3k_test_2548	construction_plan	pred='D'	gold='A'	complete=True	duration_s=10.25
CALL Geometry3K-300 geometry3k_test_2548 geoguide_solver
FAIL	Geometry3K-300	geometry3k_test_2548	geoguide_solver	pred='D'	gold='A'	complete=True	duration_s=9.86
CALL Geometry3K-300 geometry3k_test_2548 geoguide_cautious
FAIL	Geometry3K-300	geometry3k_test_2548	geoguide_cautious	pred='D'	gold='A'	complete=True	duration_s=10.21
CALL Geometry3K-300 geometry3k_test_2931 raw
FAIL	Geometry3K-300	geometry3k_test_2931	raw	pred='B'	gold='C'	complete=True	duration_s=9.68
CALL Geometry3K-300 geometry3k_test_2931 structured_facts
FAIL	Geometry3K-300	geometry3k_test_2931	structured_facts	pred='B'	gold='C'	complete=True	duration_s=10.33
CALL Geometry3K-300 geometry3k_test_2931 perception_graph
FAIL	Geometry3K-300	geometry3k_test_2931	perception_graph	pred='B'	gold='C'	complete=True	duration_s=10.71
CALL Geometry3K-300 geometry3k_test_2931 construction_plan
FAIL	Geometry3K-300	geometry3k_test_2931	construction_plan	pred='B'	gold='C'	complete=True	duration_s=11.06
CALL Geometry3K-300 geometry3k_test_2931 geoguide_solver
FAIL	Geometry3K-300	geometry3k_test_2931	geoguide_solver	pred='B'	gold='C'	complete=True	duration_s=10.72
CALL Geometry3K-300 geometry3k_test_2931 geoguide_cautious
FAIL	Geometry3K-300	geometry3k_test_2931	geoguide_cautious	pred='B'	gold='C'	complete=True	duration_s=11.31
CALL Geometry3K-300 geometry3k_test_2556 raw
FAIL	Geometry3K-300	geometry3k_test_2556	raw	pred='B'	gold='A'	complete=True	duration_s=4.55
CALL Geometry3K-300 geometry3k_test_2556 structured_facts
FAIL	Geometry3K-300	geometry3k_test_2556	structured_facts	pred='B'	gold='A'	complete=True	duration_s=5.14
CALL Geometry3K-300 geometry3k_test_2556 perception_graph
FAIL	Geometry3K-300	geometry3k_test_2556	perception_graph	pred='B'	gold='A'	complete=True	duration_s=5.83
CALL Geometry3K-300 geometry3k_test_2556 construction_plan
OK	Geometry3K-300	geometry3k_test_2556	construction_plan	pred='A'	gold='A'	complete=True	duration_s=6.15
CALL Geometry3K-300 geometry3k_test_2556 geoguide_solver
FAIL	Geometry3K-300	geometry3k_test_2556	geoguide_solver	pred='B'	gold='A'	complete=True	duration_s=5.82
CALL Geometry3K-300 geometry3k_test_2556 geoguide_cautious
OK	Geometry3K-300	geometry3k_test_2556	geoguide_cautious	pred='A'	gold='A'	complete=True	duration_s=6.41
CALL Geometry3K-300 geometry3k_test_2893 raw
FAIL	Geometry3K-300	geometry3k_test_2893	raw	pred='C'	gold='A'	complete=True	duration_s=5.82
CALL Geometry3K-300 geometry3k_test_2893 structured_facts
FAIL	Geometry3K-300	geometry3k_test_2893	structured_facts	pred='C'	gold='A'	complete=True	duration_s=6.09
CALL Geometry3K-300 geometry3k_test_2893 perception_graph
FAIL	Geometry3K-300	geometry3k_test_2893	perception_graph	pred='C'	gold='A'	complete=True	duration_s=7.02
CALL Geometry3K-300 geometry3k_test_2893 construction_plan
FAIL	Geometry3K-300	geometry3k_test_2893	construction_plan	pred='B'	gold='A'	complete=True	duration_s=7.11
CALL Geometry3K-300 geometry3k_test_2893 geoguide_solver
FAIL	Geometry3K-300	geometry3k_test_2893	geoguide_solver	pred='C'	gold='A'	complete=True	duration_s=6.50
CALL Geometry3K-300 geometry3k_test_2893 geoguide_cautious
FAIL	Geometry3K-300	geometry3k_test_2893	geoguide_cautious	pred='B'	gold='A'	complete=True	duration_s=7.09
CALL Geometry3K-300 geometry3k_test_2771 raw
FAIL	Geometry3K-300	geometry3k_test_2771	raw	pred='B'	gold='A'	complete=True	duration_s=10.08
CALL Geometry3K-300 geometry3k_test_2771 structured_facts
FAIL	Geometry3K-300	geometry3k_test_2771	structured_facts	pred='B'	gold='A'	complete=True	duration_s=10.73
CALL Geometry3K-300 geometry3k_test_2771 perception_graph
OK	Geometry3K-300	geometry3k_test_2771	perception_graph	pred='A'	gold='A'	complete=True	duration_s=11.35
CALL Geometry3K-300 geometry3k_test_2771 construction_plan
OK	Geometry3K-300	geometry3k_test_2771	construction_plan	pred='A'	gold='A'	complete=True	duration_s=11.43
CALL Geometry3K-300 geometry3k_test_2771 geoguide_solver
OK	Geometry3K-300	geometry3k_test_2771	geoguide_solver	pred='A'	gold='A'	complete=True	duration_s=11.12
CALL Geometry3K-300 geometry3k_test_2771 geoguide_cautious
FAIL	Geometry3K-300	geometry3k_test_2771	geoguide_cautious	pred='B'	gold='A'	complete=True	duration_s=11.68
CALL Geometry3K-300 geometry3k_test_2939 raw
FAIL	Geometry3K-300	geometry3k_test_2939	raw	pred='B'	gold='A'	complete=True	duration_s=4.40
CALL Geometry3K-300 geometry3k_test_2939 structured_facts
FAIL	Geometry3K-300	geometry3k_test_2939	structured_facts	pred='B'	gold='A'	complete=True	duration_s=4.72
CALL Geometry3K-300 geometry3k_test_2939 perception_graph
FAIL	Geometry3K-300	geometry3k_test_2939	perception_graph	pred='B'	gold='A'	complete=True	duration_s=5.66
CALL Geometry3K-300 geometry3k_test_2939 construction_plan
FAIL	Geometry3K-300	geometry3k_test_2939	construction_plan	pred='B'	gold='A'	complete=True	duration_s=5.66
CALL Geometry3K-300 geometry3k_test_2939 geoguide_solver
FAIL	Geometry3K-300	geometry3k_test_2939	geoguide_solver	pred='B'	gold='A'	complete=True	duration_s=5.35
CALL Geometry3K-300 geometry3k_test_2939 geoguide_cautious
FAIL	Geometry3K-300	geometry3k_test_2939	geoguide_cautious	pred='B'	gold='A'	complete=True	duration_s=5.37
CALL Geometry3K-300 geometry3k_test_2666 raw
OK	Geometry3K-300	geometry3k_test_2666	raw	pred='B'	gold='B'	complete=True	duration_s=12.60
CALL Geometry3K-300 geometry3k_test_2666 structured_facts
OK	Geometry3K-300	geometry3k_test_2666	structured_facts	pred='B'	gold='B'	complete=True	duration_s=12.96
CALL Geometry3K-300 geometry3k_test_2666 perception_graph
OK	Geometry3K-300	geometry3k_test_2666	perception_graph	pred='B'	gold='B'	complete=True	duration_s=13.29
CALL Geometry3K-300 geometry3k_test_2666 construction_plan
OK	Geometry3K-300	geometry3k_test_2666	construction_plan	pred='B'	gold='B'	complete=True	duration_s=13.63
CALL Geometry3K-300 geometry3k_test_2666 geoguide_solver
OK	Geometry3K-300	geometry3k_test_2666	geoguide_solver	pred='B'	gold='B'	complete=True	duration_s=13.55
CALL Geometry3K-300 geometry3k_test_2666 geoguide_cautious
OK	Geometry3K-300	geometry3k_test_2666	geoguide_cautious	pred='B'	gold='B'	complete=True	duration_s=14.09
CALL Geometry3K-300 geometry3k_test_2727 raw
FAIL	Geometry3K-300	geometry3k_test_2727	raw	pred='A'	gold='B'	complete=True	duration_s=4.14
CALL Geometry3K-300 geometry3k_test_2727 structured_facts
OK	Geometry3K-300	geometry3k_test_2727	structured_facts	pred='B'	gold='B'	complete=True	duration_s=4.43
CALL Geometry3K-300 geometry3k_test_2727 perception_graph
FAIL	Geometry3K-300	geometry3k_test_2727	perception_graph	pred='C'	gold='B'	complete=True	duration_s=5.26
CALL Geometry3K-300 geometry3k_test_2727 construction_plan
FAIL	Geometry3K-300	geometry3k_test_2727	construction_plan	pred='C'	gold='B'	complete=True	duration_s=5.08
CALL Geometry3K-300 geometry3k_test_2727 geoguide_solver
FAIL	Geometry3K-300	geometry3k_test_2727	geoguide_solver	pred='C'	gold='B'	complete=True	duration_s=4.75
CALL Geometry3K-300 geometry3k_test_2727 geoguide_cautious
OK	Geometry3K-300	geometry3k_test_2727	geoguide_cautious	pred='B'	gold='B'	complete=True	duration_s=5.34
CALL Geometry3K-300 geometry3k_test_2955 raw
OK	Geometry3K-300	geometry3k_test_2955	raw	pred='D'	gold='D'	complete=True	duration_s=4.42
CALL Geometry3K-300 geometry3k_test_2955 structured_facts
FAIL	Geometry3K-300	geometry3k_test_2955	structured_facts	pred='C'	gold='D'	complete=True	duration_s=4.99
CALL Geometry3K-300 geometry3k_test_2955 perception_graph
OK	Geometry3K-300	geometry3k_test_2955	perception_graph	pred='D'	gold='D'	complete=True	duration_s=5.37
CALL Geometry3K-300 geometry3k_test_2955 construction_plan
FAIL	Geometry3K-300	geometry3k_test_2955	construction_plan	pred='C'	gold='D'	complete=True	duration_s=5.94
CALL Geometry3K-300 geometry3k_test_2955 geoguide_solver
FAIL	Geometry3K-300	geometry3k_test_2955	geoguide_solver	pred='C'	gold='D'	complete=True	duration_s=5.65
CALL Geometry3K-300 geometry3k_test_2955 geoguide_cautious
OK	Geometry3K-300	geometry3k_test_2955	geoguide_cautious	pred='D'	gold='D'	complete=True	duration_s=5.97
CALL Geometry3K-300 geometry3k_test_2542 raw
OK	Geometry3K-300	geometry3k_test_2542	raw	pred='B'	gold='B'	complete=True	duration_s=21.34
CALL Geometry3K-300 geometry3k_test_2542 structured_facts
OK	Geometry3K-300	geometry3k_test_2542	structured_facts	pred='B'	gold='B'	complete=True	duration_s=21.58
CALL Geometry3K-300 geometry3k_test_2542 perception_graph
OK	Geometry3K-300	geometry3k_test_2542	perception_graph	pred='B'	gold='B'	complete=True	duration_s=21.97
CALL Geometry3K-300 geometry3k_test_2542 construction_plan
OK	Geometry3K-300	geometry3k_test_2542	construction_plan	pred='B'	gold='B'	complete=True	duration_s=22.33
CALL Geometry3K-300 geometry3k_test_2542 geoguide_solver
OK	Geometry3K-300	geometry3k_test_2542	geoguide_solver	pred='B'	gold='B'	complete=True	duration_s=21.98
CALL Geometry3K-300 geometry3k_test_2542 geoguide_cautious
OK	Geometry3K-300	geometry3k_test_2542	geoguide_cautious	pred='B'	gold='B'	complete=True	duration_s=22.62
CALL Geometry3K-300 geometry3k_test_2500 raw
FAIL	Geometry3K-300	geometry3k_test_2500	raw	pred='B'	gold='A'	complete=True	duration_s=12.63
CALL Geometry3K-300 geometry3k_test_2500 structured_facts
FAIL	Geometry3K-300	geometry3k_test_2500	structured_facts	pred='B'	gold='A'	complete=True	duration_s=13.35
CALL Geometry3K-300 geometry3k_test_2500 perception_graph
FAIL	Geometry3K-300	geometry3k_test_2500	perception_graph	pred='B'	gold='A'	complete=True	duration_s=13.95
CALL Geometry3K-300 geometry3k_test_2500 construction_plan
FAIL	Geometry3K-300	geometry3k_test_2500	construction_plan	pred='B'	gold='A'	complete=True	duration_s=14.37
CALL Geometry3K-300 geometry3k_test_2500 geoguide_solver
FAIL	Geometry3K-300	geometry3k_test_2500	geoguide_solver	pred='B'	gold='A'	complete=True	duration_s=14.23
CALL Geometry3K-300 geometry3k_test_2500 geoguide_cautious
FAIL	Geometry3K-300	geometry3k_test_2500	geoguide_cautious	pred='B'	gold='A'	complete=True	duration_s=14.62
CALL Geometry3K-300 geometry3k_test_2644 raw
OK	Geometry3K-300	geometry3k_test_2644	raw	pred='D'	gold='D'	complete=True	duration_s=10.50
CALL Geometry3K-300 geometry3k_test_2644 structured_facts
FAIL	Geometry3K-300	geometry3k_test_2644	structured_facts	pred='C'	gold='D'	complete=True	duration_s=11.14
CALL Geometry3K-300 geometry3k_test_2644 perception_graph
OK	Geometry3K-300	geometry3k_test_2644	perception_graph	pred='D'	gold='D'	complete=True	duration_s=11.47
CALL Geometry3K-300 geometry3k_test_2644 construction_plan
OK	Geometry3K-300	geometry3k_test_2644	construction_plan	pred='D'	gold='D'	complete=True	duration_s=11.76
CALL Geometry3K-300 geometry3k_test_2644 geoguide_solver
OK	Geometry3K-300	geometry3k_test_2644	geoguide_solver	pred='D'	gold='D'	complete=True	duration_s=11.49
CALL Geometry3K-300 geometry3k_test_2644 geoguide_cautious
OK	Geometry3K-300	geometry3k_test_2644	geoguide_cautious	pred='D'	gold='D'	complete=True	duration_s=12.07
CALL Geometry3K-300 geometry3k_test_2668 raw
FAIL	Geometry3K-300	geometry3k_test_2668	raw	pred='B'	gold='C'	complete=True	duration_s=4.13
CALL Geometry3K-300 geometry3k_test_2668 structured_facts
FAIL	Geometry3K-300	geometry3k_test_2668	structured_facts	pred='B'	gold='C'	complete=True	duration_s=4.45
CALL Geometry3K-300 geometry3k_test_2668 perception_graph
FAIL	Geometry3K-300	geometry3k_test_2668	perception_graph	pred='B'	gold='C'	complete=True	duration_s=4.72
CALL Geometry3K-300 geometry3k_test_2668 construction_plan
FAIL	Geometry3K-300	geometry3k_test_2668	construction_plan	pred='B'	gold='C'	complete=True	duration_s=5.42
CALL Geometry3K-300 geometry3k_test_2668 geoguide_solver
FAIL	Geometry3K-300	geometry3k_test_2668	geoguide_solver	pred='B'	gold='C'	complete=True	duration_s=5.08
CALL Geometry3K-300 geometry3k_test_2668 geoguide_cautious
FAIL	Geometry3K-300	geometry3k_test_2668	geoguide_cautious	pred='B'	gold='C'	complete=True	duration_s=5.67
CALL Geometry3K-300 geometry3k_test_2576 raw
OK	Geometry3K-300	geometry3k_test_2576	raw	pred='B'	gold='B'	complete=True	duration_s=7.71
CALL Geometry3K-300 geometry3k_test_2576 structured_facts
OK	Geometry3K-300	geometry3k_test_2576	structured_facts	pred='B'	gold='B'	complete=True	duration_s=8.06
CALL Geometry3K-300 geometry3k_test_2576 perception_graph
OK	Geometry3K-300	geometry3k_test_2576	perception_graph	pred='B'	gold='B'	complete=True	duration_s=8.65
CALL Geometry3K-300 geometry3k_test_2576 construction_plan
OK	Geometry3K-300	geometry3k_test_2576	construction_plan	pred='B'	gold='B'	complete=True	duration_s=8.74
CALL Geometry3K-300 geometry3k_test_2576 geoguide_solver
OK	Geometry3K-300	geometry3k_test_2576	geoguide_solver	pred='B'	gold='B'	complete=True	duration_s=8.67
CALL Geometry3K-300 geometry3k_test_2576 geoguide_cautious
OK	Geometry3K-300	geometry3k_test_2576	geoguide_cautious	pred='B'	gold='B'	complete=True	duration_s=9.26
CALL Geometry3K-300 geometry3k_test_2977 raw
FAIL	Geometry3K-300	geometry3k_test_2977	raw	pred='B'	gold='C'	complete=True	duration_s=19.09
CALL Geometry3K-300 geometry3k_test_2977 structured_facts
FAIL	Geometry3K-300	geometry3k_test_2977	structured_facts	pred='B'	gold='C'	complete=True	duration_s=19.44
CALL Geometry3K-300 geometry3k_test_2977 perception_graph
FAIL	Geometry3K-300	geometry3k_test_2977	perception_graph	pred='B'	gold='C'	complete=True	duration_s=19.74
CALL Geometry3K-300 geometry3k_test_2977 construction_plan
FAIL	Geometry3K-300	geometry3k_test_2977	construction_plan	pred='B'	gold='C'	complete=True	duration_s=20.18
CALL Geometry3K-300 geometry3k_test_2977 geoguide_solver
FAIL	Geometry3K-300	geometry3k_test_2977	geoguide_solver	pred='B'	gold='C'	complete=True	duration_s=20.12
CALL Geometry3K-300 geometry3k_test_2977 geoguide_cautious
FAIL	Geometry3K-300	geometry3k_test_2977	geoguide_cautious	pred='B'	gold='C'	complete=True	duration_s=20.09
CALL Geometry3K-300 geometry3k_test_2564 raw
FAIL	Geometry3K-300	geometry3k_test_2564	raw	pred='C'	gold='A'	complete=True	duration_s=4.44
CALL Geometry3K-300 geometry3k_test_2564 structured_facts
FAIL	Geometry3K-300	geometry3k_test_2564	structured_facts	pred='C'	gold='A'	complete=True	duration_s=5.68
CALL Geometry3K-300 geometry3k_test_2564 perception_graph
FAIL	Geometry3K-300	geometry3k_test_2564	perception_graph	pred='C'	gold='A'	complete=True	duration_s=5.68
CALL Geometry3K-300 geometry3k_test_2564 construction_plan
FAIL	Geometry3K-300	geometry3k_test_2564	construction_plan	pred='C'	gold='A'	complete=True	duration_s=6.38
CALL Geometry3K-300 geometry3k_test_2564 geoguide_solver
FAIL	Geometry3K-300	geometry3k_test_2564	geoguide_solver	pred='C'	gold='A'	complete=True	duration_s=6.06
CALL Geometry3K-300 geometry3k_test_2564 geoguide_cautious
FAIL	Geometry3K-300	geometry3k_test_2564	geoguide_cautious	pred='B'	gold='A'	complete=True	duration_s=6.64
CALL Geometry3K-300 geometry3k_test_2926 raw
OK	Geometry3K-300	geometry3k_test_2926	raw	pred='C'	gold='C'	complete=True	duration_s=4.42
CALL Geometry3K-300 geometry3k_test_2926 structured_facts
OK	Geometry3K-300	geometry3k_test_2926	structured_facts	pred='C'	gold='C'	complete=True	duration_s=4.96
CALL Geometry3K-300 geometry3k_test_2926 perception_graph
OK	Geometry3K-300	geometry3k_test_2926	perception_graph	pred='C'	gold='C'	complete=True	duration_s=5.32
CALL Geometry3K-300 geometry3k_test_2926 construction_plan
OK	Geometry3K-300	geometry3k_test_2926	construction_plan	pred='C'	gold='C'	complete=True	duration_s=5.70
CALL Geometry3K-300 geometry3k_test_2926 geoguide_solver
OK	Geometry3K-300	geometry3k_test_2926	geoguide_solver	pred='C'	gold='C'	complete=True	duration_s=5.38
CALL Geometry3K-300 geometry3k_test_2926 geoguide_cautious
OK	Geometry3K-300	geometry3k_test_2926	geoguide_cautious	pred='C'	gold='C'	complete=True	duration_s=5.72
CALL Geometry3K-300 geometry3k_test_2646 raw
OK	Geometry3K-300	geometry3k_test_2646	raw	pred='B'	gold='B'	complete=True	duration_s=4.22
CALL Geometry3K-300 geometry3k_test_2646 structured_facts
OK	Geometry3K-300	geometry3k_test_2646	structured_facts	pred='B'	gold='B'	complete=True	duration_s=4.52
CALL Geometry3K-300 geometry3k_test_2646 perception_graph
OK	Geometry3K-300	geometry3k_test_2646	perception_graph	pred='B'	gold='B'	complete=True	duration_s=5.05
CALL Geometry3K-300 geometry3k_test_2646 construction_plan
OK	Geometry3K-300	geometry3k_test_2646	construction_plan	pred='B'	gold='B'	complete=True	duration_s=5.45
CALL Geometry3K-300 geometry3k_test_2646 geoguide_solver
OK	Geometry3K-300	geometry3k_test_2646	geoguide_solver	pred='B'	gold='B'	complete=True	duration_s=5.10
CALL Geometry3K-300 geometry3k_test_2646 geoguide_cautious
OK	Geometry3K-300	geometry3k_test_2646	geoguide_cautious	pred='B'	gold='B'	complete=True	duration_s=5.46
CALL Geometry3K-300 geometry3k_test_2995 raw
OK	Geometry3K-300	geometry3k_test_2995	raw	pred='B'	gold='B'	complete=True	duration_s=14.74
CALL Geometry3K-300 geometry3k_test_2995 structured_facts
OK	Geometry3K-300	geometry3k_test_2995	structured_facts	pred='B'	gold='B'	complete=True	duration_s=15.11
CALL Geometry3K-300 geometry3k_test_2995 perception_graph
OK	Geometry3K-300	geometry3k_test_2995	perception_graph	pred='B'	gold='B'	complete=True	duration_s=15.44
CALL Geometry3K-300 geometry3k_test_2995 construction_plan
OK	Geometry3K-300	geometry3k_test_2995	construction_plan	pred='B'	gold='B'	complete=True	duration_s=16.05
CALL Geometry3K-300 geometry3k_test_2995 geoguide_solver
OK	Geometry3K-300	geometry3k_test_2995	geoguide_solver	pred='B'	gold='B'	complete=True	duration_s=15.48
CALL Geometry3K-300 geometry3k_test_2995 geoguide_cautious
OK	Geometry3K-300	geometry3k_test_2995	geoguide_cautious	pred='B'	gold='B'	complete=True	duration_s=16.05
CALL Geometry3K-300 geometry3k_test_2841 raw
FAIL	Geometry3K-300	geometry3k_test_2841	raw	pred='C'	gold='A'	complete=True	duration_s=4.12
CALL Geometry3K-300 geometry3k_test_2841 structured_facts
FAIL	Geometry3K-300	geometry3k_test_2841	structured_facts	pred='C'	gold='A'	complete=True	duration_s=4.45
CALL Geometry3K-300 geometry3k_test_2841 perception_graph
FAIL	Geometry3K-300	geometry3k_test_2841	perception_graph	pred='C'	gold='A'	complete=True	duration_s=4.75
CALL Geometry3K-300 geometry3k_test_2841 construction_plan
FAIL	Geometry3K-300	geometry3k_test_2841	construction_plan	pred='C'	gold='A'	complete=True	duration_s=5.65
CALL Geometry3K-300 geometry3k_test_2841 geoguide_solver
FAIL	Geometry3K-300	geometry3k_test_2841	geoguide_solver	pred='C'	gold='A'	complete=True	duration_s=5.07
CALL Geometry3K-300 geometry3k_test_2841 geoguide_cautious
FAIL	Geometry3K-300	geometry3k_test_2841	geoguide_cautious	pred='C'	gold='A'	complete=True	duration_s=5.41
CALL Geometry3K-300 geometry3k_test_2549 raw
FAIL	Geometry3K-300	geometry3k_test_2549	raw	pred='D'	gold='B'	complete=True	duration_s=4.24
CALL Geometry3K-300 geometry3k_test_2549 structured_facts
FAIL	Geometry3K-300	geometry3k_test_2549	structured_facts	pred='D'	gold='B'	complete=True	duration_s=4.79
CALL Geometry3K-300 geometry3k_test_2549 perception_graph
FAIL	Geometry3K-300	geometry3k_test_2549	perception_graph	pred='D'	gold='B'	complete=True	duration_s=5.43
CALL Geometry3K-300 geometry3k_test_2549 construction_plan
FAIL	Geometry3K-300	geometry3k_test_2549	construction_plan	pred='D'	gold='B'	complete=True	duration_s=5.78
CALL Geometry3K-300 geometry3k_test_2549 geoguide_solver
FAIL	Geometry3K-300	geometry3k_test_2549	geoguide_solver	pred='D'	gold='B'	complete=True	duration_s=5.44
CALL Geometry3K-300 geometry3k_test_2549 geoguide_cautious
FAIL	Geometry3K-300	geometry3k_test_2549	geoguide_cautious	pred='D'	gold='B'	complete=True	duration_s=5.76
CALL Geometry3K-300 geometry3k_test_2971 raw
FAIL	Geometry3K-300	geometry3k_test_2971	raw	pred='A'	gold='B'	complete=True	duration_s=13.33
CALL Geometry3K-300 geometry3k_test_2971 structured_facts
OK	Geometry3K-300	geometry3k_test_2971	structured_facts	pred='B'	gold='B'	complete=True	duration_s=13.69
CALL Geometry3K-300 geometry3k_test_2971 perception_graph
OK	Geometry3K-300	geometry3k_test_2971	perception_graph	pred='B'	gold='B'	complete=True	duration_s=13.99
CALL Geometry3K-300 geometry3k_test_2971 construction_plan
OK	Geometry3K-300	geometry3k_test_2971	construction_plan	pred='B'	gold='B'	complete=True	duration_s=14.61
CALL Geometry3K-300 geometry3k_test_2971 geoguide_solver
FAIL	Geometry3K-300	geometry3k_test_2971	geoguide_solver	pred='A'	gold='B'	complete=True	duration_s=14.29
CALL Geometry3K-300 geometry3k_test_2971 geoguide_cautious
OK	Geometry3K-300	geometry3k_test_2971	geoguide_cautious	pred='B'	gold='B'	complete=True	duration_s=14.60
CALL Geometry3K-300 geometry3k_test_2709 raw
OK	Geometry3K-300	geometry3k_test_2709	raw	pred='B'	gold='B'	complete=True	duration_s=15.21
CALL Geometry3K-300 geometry3k_test_2709 structured_facts
OK	Geometry3K-300	geometry3k_test_2709	structured_facts	pred='B'	gold='B'	complete=True	duration_s=15.91
CALL Geometry3K-300 geometry3k_test_2709 perception_graph
OK	Geometry3K-300	geometry3k_test_2709	perception_graph	pred='B'	gold='B'	complete=True	duration_s=16.51
CALL Geometry3K-300 geometry3k_test_2709 construction_plan
FAIL	Geometry3K-300	geometry3k_test_2709	construction_plan	pred='A'	gold='B'	complete=True	duration_s=17.13
CALL Geometry3K-300 geometry3k_test_2709 geoguide_solver
FAIL	Geometry3K-300	geometry3k_test_2709	geoguide_solver	pred='A'	gold='B'	complete=True	duration_s=16.77
CALL Geometry3K-300 geometry3k_test_2709 geoguide_cautious
FAIL	Geometry3K-300	geometry3k_test_2709	geoguide_cautious	pred='A'	gold='B'	complete=True	duration_s=17.16
CALL Geometry3K-300 geometry3k_test_2760 raw
OK	Geometry3K-300	geometry3k_test_2760	raw	pred='A'	gold='A'	complete=True	duration_s=7.02
CALL Geometry3K-300 geometry3k_test_2760 structured_facts
OK	Geometry3K-300	geometry3k_test_2760	structured_facts	pred='A'	gold='A'	complete=True	duration_s=7.93
CALL Geometry3K-300 geometry3k_test_2760 perception_graph
OK	Geometry3K-300	geometry3k_test_2760	perception_graph	pred='A'	gold='A'	complete=True	duration_s=8.25
CALL Geometry3K-300 geometry3k_test_2760 construction_plan
OK	Geometry3K-300	geometry3k_test_2760	construction_plan	pred='A'	gold='A'	complete=True	duration_s=8.62
CALL Geometry3K-300 geometry3k_test_2760 geoguide_solver
OK	Geometry3K-300	geometry3k_test_2760	geoguide_solver	pred='A'	gold='A'	complete=True	duration_s=8.31
CALL Geometry3K-300 geometry3k_test_2760 geoguide_cautious
OK	Geometry3K-300	geometry3k_test_2760	geoguide_cautious	pred='A'	gold='A'	complete=True	duration_s=8.88
CALL Geometry3K-300 geometry3k_test_2823 raw
FAIL	Geometry3K-300	geometry3k_test_2823	raw	pred='C'	gold='B'	complete=True	duration_s=8.68
CALL Geometry3K-300 geometry3k_test_2823 structured_facts
FAIL	Geometry3K-300	geometry3k_test_2823	structured_facts	pred='C'	gold='B'	complete=True	duration_s=9.08
CALL Geometry3K-300 geometry3k_test_2823 perception_graph
FAIL	Geometry3K-300	geometry3k_test_2823	perception_graph	pred='C'	gold='B'	complete=True	duration_s=9.39
CALL Geometry3K-300 geometry3k_test_2823 construction_plan
FAIL	Geometry3K-300	geometry3k_test_2823	construction_plan	pred='C'	gold='B'	complete=True	duration_s=9.58
CALL Geometry3K-300 geometry3k_test_2823 geoguide_solver
FAIL	Geometry3K-300	geometry3k_test_2823	geoguide_solver	pred='C'	gold='B'	complete=True	duration_s=9.69
CALL Geometry3K-300 geometry3k_test_2823 geoguide_cautious
FAIL	Geometry3K-300	geometry3k_test_2823	geoguide_cautious	pred='C'	gold='B'	complete=True	duration_s=9.54
CALL Geometry3K-300 geometry3k_test_2763 raw
OK	Geometry3K-300	geometry3k_test_2763	raw	pred='A'	gold='A'	complete=True	duration_s=4.99
CALL Geometry3K-300 geometry3k_test_2763 structured_facts
OK	Geometry3K-300	geometry3k_test_2763	structured_facts	pred='A'	gold='A'	complete=True	duration_s=5.29
CALL Geometry3K-300 geometry3k_test_2763 perception_graph
OK	Geometry3K-300	geometry3k_test_2763	perception_graph	pred='A'	gold='A'	complete=True	duration_s=5.63
CALL Geometry3K-300 geometry3k_test_2763 construction_plan
OK	Geometry3K-300	geometry3k_test_2763	construction_plan	pred='A'	gold='A'	complete=True	duration_s=5.98
CALL Geometry3K-300 geometry3k_test_2763 geoguide_solver
OK	Geometry3K-300	geometry3k_test_2763	geoguide_solver	pred='A'	gold='A'	complete=True	duration_s=5.65
CALL Geometry3K-300 geometry3k_test_2763 geoguide_cautious
OK	Geometry3K-300	geometry3k_test_2763	geoguide_cautious	pred='A'	gold='A'	complete=True	duration_s=6.27
CALL Geometry3K-300 geometry3k_test_2928 raw
FAIL	Geometry3K-300	geometry3k_test_2928	raw	pred='B'	gold='C'	complete=True	duration_s=5.02
CALL Geometry3K-300 geometry3k_test_2928 structured_facts
FAIL	Geometry3K-300	geometry3k_test_2928	structured_facts	pred='B'	gold='C'	complete=True	duration_s=5.65
CALL Geometry3K-300 geometry3k_test_2928 perception_graph
FAIL	Geometry3K-300	geometry3k_test_2928	perception_graph	pred='B'	gold='C'	complete=True	duration_s=6.01
CALL Geometry3K-300 geometry3k_test_2928 construction_plan
FAIL	Geometry3K-300	geometry3k_test_2928	construction_plan	pred='B'	gold='C'	complete=True	duration_s=6.32
CALL Geometry3K-300 geometry3k_test_2928 geoguide_solver
OK	Geometry3K-300	geometry3k_test_2928	geoguide_solver	pred='C'	gold='C'	complete=True	duration_s=6.03
CALL Geometry3K-300 geometry3k_test_2928 geoguide_cautious
FAIL	Geometry3K-300	geometry3k_test_2928	geoguide_cautious	pred='B'	gold='C'	complete=True	duration_s=6.64
CALL Geometry3K-300 geometry3k_test_2715 raw
FAIL	Geometry3K-300	geometry3k_test_2715	raw	pred='B'	gold='C'	complete=True	duration_s=3.97
CALL Geometry3K-300 geometry3k_test_2715 structured_facts
FAIL	Geometry3K-300	geometry3k_test_2715	structured_facts	pred='B'	gold='C'	complete=True	duration_s=4.33
CALL Geometry3K-300 geometry3k_test_2715 perception_graph
FAIL	Geometry3K-300	geometry3k_test_2715	perception_graph	pred='B'	gold='C'	complete=True	duration_s=4.60
CALL Geometry3K-300 geometry3k_test_2715 construction_plan
FAIL	Geometry3K-300	geometry3k_test_2715	construction_plan	pred='B'	gold='C'	complete=True	duration_s=5.24
CALL Geometry3K-300 geometry3k_test_2715 geoguide_solver
FAIL	Geometry3K-300	geometry3k_test_2715	geoguide_solver	pred='B'	gold='C'	complete=True	duration_s=4.92
CALL Geometry3K-300 geometry3k_test_2715 geoguide_cautious
FAIL	Geometry3K-300	geometry3k_test_2715	geoguide_cautious	pred='B'	gold='C'	complete=True	duration_s=5.24
CALL Geometry3K-300 geometry3k_test_2903 raw
FAIL	Geometry3K-300	geometry3k_test_2903	raw	pred='B'	gold='C'	complete=True	duration_s=4.44
CALL Geometry3K-300 geometry3k_test_2903 structured_facts
FAIL	Geometry3K-300	geometry3k_test_2903	structured_facts	pred='B'	gold='C'	complete=True	duration_s=4.76
CALL Geometry3K-300 geometry3k_test_2903 perception_graph
FAIL	Geometry3K-300	geometry3k_test_2903	perception_graph	pred='B'	gold='C'	complete=True	duration_s=5.56
CALL Geometry3K-300 geometry3k_test_2903 construction_plan
FAIL	Geometry3K-300	geometry3k_test_2903	construction_plan	pred='B'	gold='C'	complete=True	duration_s=5.97
CALL Geometry3K-300 geometry3k_test_2903 geoguide_solver
FAIL	Geometry3K-300	geometry3k_test_2903	geoguide_solver	pred='B'	gold='C'	complete=True	duration_s=5.37
CALL Geometry3K-300 geometry3k_test_2903 geoguide_cautious
FAIL	Geometry3K-300	geometry3k_test_2903	geoguide_cautious	pred='B'	gold='C'	complete=True	duration_s=5.94
CALL Geometry3K-300 geometry3k_test_2950 raw
FAIL	Geometry3K-300	geometry3k_test_2950	raw	pred='C'	gold='D'	complete=True	duration_s=4.11
CALL Geometry3K-300 geometry3k_test_2950 structured_facts
FAIL	Geometry3K-300	geometry3k_test_2950	structured_facts	pred='C'	gold='D'	complete=True	duration_s=5.08
CALL Geometry3K-300 geometry3k_test_2950 perception_graph
FAIL	Geometry3K-300	geometry3k_test_2950	perception_graph	pred='C'	gold='D'	complete=True	duration_s=5.42
CALL Geometry3K-300 geometry3k_test_2950 construction_plan
FAIL	Geometry3K-300	geometry3k_test_2950	construction_plan	pred='C'	gold='D'	complete=True	duration_s=5.80
CALL Geometry3K-300 geometry3k_test_2950 geoguide_solver
FAIL	Geometry3K-300	geometry3k_test_2950	geoguide_solver	pred='C'	gold='D'	complete=True	duration_s=5.47
CALL Geometry3K-300 geometry3k_test_2950 geoguide_cautious
OK	Geometry3K-300	geometry3k_test_2950	geoguide_cautious	pred='D'	gold='D'	complete=True	duration_s=6.05
CALL Geometry3K-300 geometry3k_test_2983 raw
FAIL	Geometry3K-300	geometry3k_test_2983	raw	pred='A'	gold='B'	complete=True	duration_s=19.50
CALL Geometry3K-300 geometry3k_test_2983 structured_facts
FAIL	Geometry3K-300	geometry3k_test_2983	structured_facts	pred='A'	gold='B'	complete=True	duration_s=20.48
CALL Geometry3K-300 geometry3k_test_2983 perception_graph
OK	Geometry3K-300	geometry3k_test_2983	perception_graph	pred='B'	gold='B'	complete=True	duration_s=21.05
CALL Geometry3K-300 geometry3k_test_2983 construction_plan
OK	Geometry3K-300	geometry3k_test_2983	construction_plan	pred='B'	gold='B'	complete=True	duration_s=21.74
CALL Geometry3K-300 geometry3k_test_2983 geoguide_solver
OK	Geometry3K-300	geometry3k_test_2983	geoguide_solver	pred='B'	gold='B'	complete=True	duration_s=21.36
CALL Geometry3K-300 geometry3k_test_2983 geoguide_cautious
OK	Geometry3K-300	geometry3k_test_2983	geoguide_cautious	pred='B'	gold='B'	complete=True	duration_s=21.68
CALL Geometry3K-300 geometry3k_test_2491 raw
FAIL	Geometry3K-300	geometry3k_test_2491	raw	pred='C'	gold='A'	complete=True	duration_s=5.59
CALL Geometry3K-300 geometry3k_test_2491 structured_facts
FAIL	Geometry3K-300	geometry3k_test_2491	structured_facts	pred='C'	gold='A'	complete=True	duration_s=5.88
CALL Geometry3K-300 geometry3k_test_2491 perception_graph
FAIL	Geometry3K-300	geometry3k_test_2491	perception_graph	pred='C'	gold='A'	complete=True	duration_s=6.23
CALL Geometry3K-300 geometry3k_test_2491 construction_plan
FAIL	Geometry3K-300	geometry3k_test_2491	construction_plan	pred='C'	gold='A'	complete=True	duration_s=6.88
CALL Geometry3K-300 geometry3k_test_2491 geoguide_solver
FAIL	Geometry3K-300	geometry3k_test_2491	geoguide_solver	pred='C'	gold='A'	complete=True	duration_s=6.25
CALL Geometry3K-300 geometry3k_test_2491 geoguide_cautious
FAIL	Geometry3K-300	geometry3k_test_2491	geoguide_cautious	pred='C'	gold='A'	complete=True	duration_s=6.85
CALL Geometry3K-300 geometry3k_test_2755 raw
FAIL	Geometry3K-300	geometry3k_test_2755	raw	pred='C'	gold='A'	complete=True	duration_s=4.54
CALL Geometry3K-300 geometry3k_test_2755 structured_facts
FAIL	Geometry3K-300	geometry3k_test_2755	structured_facts	pred='C'	gold='A'	complete=True	duration_s=4.87
CALL Geometry3K-300 geometry3k_test_2755 perception_graph
FAIL	Geometry3K-300	geometry3k_test_2755	perception_graph	pred='C'	gold='A'	complete=True	duration_s=5.14
CALL Geometry3K-300 geometry3k_test_2755 construction_plan
FAIL	Geometry3K-300	geometry3k_test_2755	construction_plan	pred='C'	gold='A'	complete=True	duration_s=5.80
CALL Geometry3K-300 geometry3k_test_2755 geoguide_solver
FAIL	Geometry3K-300	geometry3k_test_2755	geoguide_solver	pred='C'	gold='A'	complete=True	duration_s=5.73
CALL Geometry3K-300 geometry3k_test_2755 geoguide_cautious
FAIL	Geometry3K-300	geometry3k_test_2755	geoguide_cautious	pred='C'	gold='A'	complete=True	duration_s=6.06
CALL Geometry3K-300 geometry3k_test_2953 raw
FAIL	Geometry3K-300	geometry3k_test_2953	raw	pred='B'	gold='C'	complete=True	duration_s=4.73
CALL Geometry3K-300 geometry3k_test_2953 structured_facts
OK	Geometry3K-300	geometry3k_test_2953	structured_facts	pred='C'	gold='C'	complete=True	duration_s=5.27
CALL Geometry3K-300 geometry3k_test_2953 perception_graph
FAIL	Geometry3K-300	geometry3k_test_2953	perception_graph	pred='B'	gold='C'	complete=True	duration_s=5.63
CALL Geometry3K-300 geometry3k_test_2953 construction_plan
FAIL	Geometry3K-300	geometry3k_test_2953	construction_plan	pred='B'	gold='C'	complete=True	duration_s=6.24
CALL Geometry3K-300 geometry3k_test_2953 geoguide_solver
FAIL	Geometry3K-300	geometry3k_test_2953	geoguide_solver	pred='B'	gold='C'	complete=True	duration_s=5.92
CALL Geometry3K-300 geometry3k_test_2953 geoguide_cautious
FAIL	Geometry3K-300	geometry3k_test_2953	geoguide_cautious	pred='B'	gold='C'	complete=True	duration_s=6.27
CALL Geometry3K-300 geometry3k_test_2575 raw
FAIL	Geometry3K-300	geometry3k_test_2575	raw	pred='C'	gold='D'	complete=True	duration_s=12.03
CALL Geometry3K-300 geometry3k_test_2575 structured_facts
FAIL	Geometry3K-300	geometry3k_test_2575	structured_facts	pred='C'	gold='D'	complete=True	duration_s=12.71
CALL Geometry3K-300 geometry3k_test_2575 perception_graph
FAIL	Geometry3K-300	geometry3k_test_2575	perception_graph	pred='C'	gold='D'	complete=True	duration_s=13.03
CALL Geometry3K-300 geometry3k_test_2575 construction_plan
FAIL	Geometry3K-300	geometry3k_test_2575	construction_plan	pred='C'	gold='D'	complete=True	duration_s=13.67
CALL Geometry3K-300 geometry3k_test_2575 geoguide_solver
FAIL	Geometry3K-300	geometry3k_test_2575	geoguide_solver	pred='C'	gold='D'	complete=True	duration_s=13.34
CALL Geometry3K-300 geometry3k_test_2575 geoguide_cautious
FAIL	Geometry3K-300	geometry3k_test_2575	geoguide_cautious	pred='C'	gold='D'	complete=True	duration_s=13.63
CALL Geometry3K-300 geometry3k_test_2687 raw
OK	Geometry3K-300	geometry3k_test_2687	raw	pred='D'	gold='D'	complete=True	duration_s=6.96
CALL Geometry3K-300 geometry3k_test_2687 structured_facts
OK	Geometry3K-300	geometry3k_test_2687	structured_facts	pred='D'	gold='D'	complete=True	duration_s=7.66
CALL Geometry3K-300 geometry3k_test_2687 perception_graph
OK	Geometry3K-300	geometry3k_test_2687	perception_graph	pred='D'	gold='D'	complete=True	duration_s=8.00
CALL Geometry3K-300 geometry3k_test_2687 construction_plan
OK	Geometry3K-300	geometry3k_test_2687	construction_plan	pred='D'	gold='D'	complete=True	duration_s=8.33
CALL Geometry3K-300 geometry3k_test_2687 geoguide_solver
OK	Geometry3K-300	geometry3k_test_2687	geoguide_solver	pred='D'	gold='D'	complete=True	duration_s=8.02
CALL Geometry3K-300 geometry3k_test_2687 geoguide_cautious
OK	Geometry3K-300	geometry3k_test_2687	geoguide_cautious	pred='D'	gold='D'	complete=True	duration_s=8.32
CALL Geometry3K-300 geometry3k_test_2906 raw
OK	Geometry3K-300	geometry3k_test_2906	raw	pred='B'	gold='B'	complete=True	duration_s=5.31
CALL Geometry3K-300 geometry3k_test_2906 structured_facts
OK	Geometry3K-300	geometry3k_test_2906	structured_facts	pred='B'	gold='B'	complete=True	duration_s=5.91
CALL Geometry3K-300 geometry3k_test_2906 perception_graph
OK	Geometry3K-300	geometry3k_test_2906	perception_graph	pred='B'	gold='B'	complete=True	duration_s=6.25
CALL Geometry3K-300 geometry3k_test_2906 construction_plan
OK	Geometry3K-300	geometry3k_test_2906	construction_plan	pred='B'	gold='B'	complete=True	duration_s=6.58
CALL Geometry3K-300 geometry3k_test_2906 geoguide_solver
OK	Geometry3K-300	geometry3k_test_2906	geoguide_solver	pred='B'	gold='B'	complete=True	duration_s=6.29
CALL Geometry3K-300 geometry3k_test_2906 geoguide_cautious
OK	Geometry3K-300	geometry3k_test_2906	geoguide_cautious	pred='B'	gold='B'	complete=True	duration_s=6.86
CALL Geometry3K-300 geometry3k_test_2716 raw
FAIL	Geometry3K-300	geometry3k_test_2716	raw	pred='D'	gold='C'	complete=True	duration_s=5.31
CALL Geometry3K-300 geometry3k_test_2716 structured_facts
FAIL	Geometry3K-300	geometry3k_test_2716	structured_facts	pred='D'	gold='C'	complete=True	duration_s=4.72
CALL Geometry3K-300 geometry3k_test_2716 perception_graph
FAIL	Geometry3K-300	geometry3k_test_2716	perception_graph	pred='D'	gold='C'	complete=True	duration_s=5.94
CALL Geometry3K-300 geometry3k_test_2716 construction_plan
FAIL	Geometry3K-300	geometry3k_test_2716	construction_plan	pred='D'	gold='C'	complete=True	duration_s=6.26
CALL Geometry3K-300 geometry3k_test_2716 geoguide_solver
FAIL	Geometry3K-300	geometry3k_test_2716	geoguide_solver	pred='D'	gold='C'	complete=True	duration_s=6.26
CALL Geometry3K-300 geometry3k_test_2716 geoguide_cautious
FAIL	Geometry3K-300	geometry3k_test_2716	geoguide_cautious	pred='D'	gold='C'	complete=True	duration_s=6.29
CALL Geometry3K-300 geometry3k_test_2472 raw
OK	Geometry3K-300	geometry3k_test_2472	raw	pred='B'	gold='B'	complete=True	duration_s=4.26
CALL Geometry3K-300 geometry3k_test_2472 structured_facts
OK	Geometry3K-300	geometry3k_test_2472	structured_facts	pred='B'	gold='B'	complete=True	duration_s=4.81
CALL Geometry3K-300 geometry3k_test_2472 perception_graph
OK	Geometry3K-300	geometry3k_test_2472	perception_graph	pred='B'	gold='B'	complete=True	duration_s=5.19
CALL Geometry3K-300 geometry3k_test_2472 construction_plan
OK	Geometry3K-300	geometry3k_test_2472	construction_plan	pred='B'	gold='B'	complete=True	duration_s=5.76
CALL Geometry3K-300 geometry3k_test_2472 geoguide_solver
OK	Geometry3K-300	geometry3k_test_2472	geoguide_solver	pred='B'	gold='B'	complete=True	duration_s=5.46
CALL Geometry3K-300 geometry3k_test_2472 geoguide_cautious
OK	Geometry3K-300	geometry3k_test_2472	geoguide_cautious	pred='B'	gold='B'	complete=True	duration_s=5.79
CALL Geometry3K-300 geometry3k_test_2861 raw
OK	Geometry3K-300	geometry3k_test_2861	raw	pred='A'	gold='A'	complete=True	duration_s=6.27
CALL Geometry3K-300 geometry3k_test_2861 structured_facts
OK	Geometry3K-300	geometry3k_test_2861	structured_facts	pred='A'	gold='A'	complete=True	duration_s=6.99
CALL Geometry3K-300 geometry3k_test_2861 perception_graph
OK	Geometry3K-300	geometry3k_test_2861	perception_graph	pred='A'	gold='A'	complete=True	duration_s=7.33
CALL Geometry3K-300 geometry3k_test_2861 construction_plan
OK	Geometry3K-300	geometry3k_test_2861	construction_plan	pred='A'	gold='A'	complete=True	duration_s=7.67
CALL Geometry3K-300 geometry3k_test_2861 geoguide_solver
OK	Geometry3K-300	geometry3k_test_2861	geoguide_solver	pred='A'	gold='A'	complete=True	duration_s=7.34
CALL Geometry3K-300 geometry3k_test_2861 geoguide_cautious
OK	Geometry3K-300	geometry3k_test_2861	geoguide_cautious	pred='A'	gold='A'	complete=True	duration_s=7.73
CALL Geometry3K-300 geometry3k_test_2603 raw
OK	Geometry3K-300	geometry3k_test_2603	raw	pred='C'	gold='C'	complete=True	duration_s=14.98
CALL Geometry3K-300 geometry3k_test_2603 structured_facts
OK	Geometry3K-300	geometry3k_test_2603	structured_facts	pred='C'	gold='C'	complete=True	duration_s=15.56
CALL Geometry3K-300 geometry3k_test_2603 perception_graph
FAIL	Geometry3K-300	geometry3k_test_2603	perception_graph	pred='B'	gold='C'	complete=True	duration_s=16.18
CALL Geometry3K-300 geometry3k_test_2603 construction_plan
FAIL	Geometry3K-300	geometry3k_test_2603	construction_plan	pred='B'	gold='C'	complete=True	duration_s=16.52
CALL Geometry3K-300 geometry3k_test_2603 geoguide_solver
FAIL	Geometry3K-300	geometry3k_test_2603	geoguide_solver	pred='B'	gold='C'	complete=True	duration_s=16.15
CALL Geometry3K-300 geometry3k_test_2603 geoguide_cautious
FAIL	Geometry3K-300	geometry3k_test_2603	geoguide_cautious	pred='B'	gold='C'	complete=True	duration_s=16.46
CALL Geometry3K-300 geometry3k_test_2744 raw
FAIL	Geometry3K-300	geometry3k_test_2744	raw	pred='C'	gold='D'	complete=True	duration_s=4.55
CALL Geometry3K-300 geometry3k_test_2744 structured_facts
FAIL	Geometry3K-300	geometry3k_test_2744	structured_facts	pred='C'	gold='D'	complete=True	duration_s=4.86
CALL Geometry3K-300 geometry3k_test_2744 perception_graph
FAIL	Geometry3K-300	geometry3k_test_2744	perception_graph	pred='C'	gold='D'	complete=True	duration_s=5.44
CALL Geometry3K-300 geometry3k_test_2744 construction_plan
FAIL	Geometry3K-300	geometry3k_test_2744	construction_plan	pred='C'	gold='D'	complete=True	duration_s=5.82
CALL Geometry3K-300 geometry3k_test_2744 geoguide_solver
FAIL	Geometry3K-300	geometry3k_test_2744	geoguide_solver	pred='C'	gold='D'	complete=True	duration_s=5.48
CALL Geometry3K-300 geometry3k_test_2744 geoguide_cautious
FAIL	Geometry3K-300	geometry3k_test_2744	geoguide_cautious	pred='C'	gold='D'	complete=True	duration_s=6.07
CALL Geometry3K-300 geometry3k_test_2800 raw
FAIL	Geometry3K-300	geometry3k_test_2800	raw	pred='B'	gold='C'	complete=True	duration_s=4.44
CALL Geometry3K-300 geometry3k_test_2800 structured_facts
FAIL	Geometry3K-300	geometry3k_test_2800	structured_facts	pred='B'	gold='C'	complete=True	duration_s=5.00
CALL Geometry3K-300 geometry3k_test_2800 perception_graph
FAIL	Geometry3K-300	geometry3k_test_2800	perception_graph	pred='B'	gold='C'	complete=True	duration_s=5.33
CALL Geometry3K-300 geometry3k_test_2800 construction_plan
FAIL	Geometry3K-300	geometry3k_test_2800	construction_plan	pred='B'	gold='C'	complete=True	duration_s=6.03
CALL Geometry3K-300 geometry3k_test_2800 geoguide_solver
FAIL	Geometry3K-300	geometry3k_test_2800	geoguide_solver	pred='B'	gold='C'	complete=True	duration_s=5.69
CALL Geometry3K-300 geometry3k_test_2800 geoguide_cautious
FAIL	Geometry3K-300	geometry3k_test_2800	geoguide_cautious	pred='B'	gold='C'	complete=True	duration_s=6.01
CALL Geometry3K-300 geometry3k_test_2825 raw
OK	Geometry3K-300	geometry3k_test_2825	raw	pred='B'	gold='B'	complete=True	duration_s=9.93
CALL Geometry3K-300 geometry3k_test_2825 structured_facts
OK	Geometry3K-300	geometry3k_test_2825	structured_facts	pred='B'	gold='B'	complete=True	duration_s=10.89
CALL Geometry3K-300 geometry3k_test_2825 perception_graph
OK	Geometry3K-300	geometry3k_test_2825	perception_graph	pred='B'	gold='B'	complete=True	duration_s=11.29
CALL Geometry3K-300 geometry3k_test_2825 construction_plan
OK	Geometry3K-300	geometry3k_test_2825	construction_plan	pred='B'	gold='B'	complete=True	duration_s=12.21
CALL Geometry3K-300 geometry3k_test_2825 geoguide_solver
OK	Geometry3K-300	geometry3k_test_2825	geoguide_solver	pred='B'	gold='B'	complete=True	duration_s=11.57
CALL Geometry3K-300 geometry3k_test_2825 geoguide_cautious
OK	Geometry3K-300	geometry3k_test_2825	geoguide_cautious	pred='B'	gold='B'	complete=True	duration_s=11.88
CALL Geometry3K-300 geometry3k_test_2887 raw
FAIL	Geometry3K-300	geometry3k_test_2887	raw	pred='A'	gold='D'	complete=True	duration_s=4.23
CALL Geometry3K-300 geometry3k_test_2887 structured_facts
FAIL	Geometry3K-300	geometry3k_test_2887	structured_facts	pred='A'	gold='D'	complete=True	duration_s=5.16
CALL Geometry3K-300 geometry3k_test_2887 perception_graph
OK	Geometry3K-300	geometry3k_test_2887	perception_graph	pred='D'	gold='D'	complete=True	duration_s=5.80
CALL Geometry3K-300 geometry3k_test_2887 construction_plan
FAIL	Geometry3K-300	geometry3k_test_2887	construction_plan	pred='A'	gold='D'	complete=True	duration_s=6.14
CALL Geometry3K-300 geometry3k_test_2887 geoguide_solver
FAIL	Geometry3K-300	geometry3k_test_2887	geoguide_solver	pred='A'	gold='D'	complete=True	duration_s=5.80
CALL Geometry3K-300 geometry3k_test_2887 geoguide_cautious
FAIL	Geometry3K-300	geometry3k_test_2887	geoguide_cautious	pred='A'	gold='D'	complete=True	duration_s=6.11
CALL Geometry3K-300 geometry3k_test_2859 raw
OK	Geometry3K-300	geometry3k_test_2859	raw	pred='C'	gold='C'	complete=True	duration_s=4.42
CALL Geometry3K-300 geometry3k_test_2859 structured_facts
OK	Geometry3K-300	geometry3k_test_2859	structured_facts	pred='C'	gold='C'	complete=True	duration_s=4.75
CALL Geometry3K-300 geometry3k_test_2859 perception_graph
OK	Geometry3K-300	geometry3k_test_2859	perception_graph	pred='C'	gold='C'	complete=True	duration_s=5.04
CALL Geometry3K-300 geometry3k_test_2859 construction_plan
OK	Geometry3K-300	geometry3k_test_2859	construction_plan	pred='C'	gold='C'	complete=True	duration_s=5.68
CALL Geometry3K-300 geometry3k_test_2859 geoguide_solver
OK	Geometry3K-300	geometry3k_test_2859	geoguide_solver	pred='C'	gold='C'	complete=True	duration_s=5.36
CALL Geometry3K-300 geometry3k_test_2859 geoguide_cautious
OK	Geometry3K-300	geometry3k_test_2859	geoguide_cautious	pred='C'	gold='C'	complete=True	duration_s=5.69
CALL Geometry3K-300 geometry3k_test_2853 raw
OK	Geometry3K-300	geometry3k_test_2853	raw	pred='D'	gold='D'	complete=True	duration_s=4.16
CALL Geometry3K-300 geometry3k_test_2853 structured_facts
OK	Geometry3K-300	geometry3k_test_2853	structured_facts	pred='D'	gold='D'	complete=True	duration_s=4.69
CALL Geometry3K-300 geometry3k_test_2853 perception_graph
OK	Geometry3K-300	geometry3k_test_2853	perception_graph	pred='D'	gold='D'	complete=True	duration_s=5.07
CALL Geometry3K-300 geometry3k_test_2853 construction_plan
OK	Geometry3K-300	geometry3k_test_2853	construction_plan	pred='D'	gold='D'	complete=True	duration_s=5.71
CALL Geometry3K-300 geometry3k_test_2853 geoguide_solver
OK	Geometry3K-300	geometry3k_test_2853	geoguide_solver	pred='D'	gold='D'	complete=True	duration_s=5.10
CALL Geometry3K-300 geometry3k_test_2853 geoguide_cautious
OK	Geometry3K-300	geometry3k_test_2853	geoguide_cautious	pred='D'	gold='D'	complete=True	duration_s=5.69
CALL Geometry3K-300 geometry3k_test_2589 raw
FAIL	Geometry3K-300	geometry3k_test_2589	raw	pred='C'	gold='D'	complete=True	duration_s=5.37
CALL Geometry3K-300 geometry3k_test_2589 structured_facts
FAIL	Geometry3K-300	geometry3k_test_2589	structured_facts	pred='C'	gold='D'	complete=True	duration_s=5.11
CALL Geometry3K-300 geometry3k_test_2589 perception_graph
FAIL	Geometry3K-300	geometry3k_test_2589	perception_graph	pred='C'	gold='D'	complete=True	duration_s=6.30
CALL Geometry3K-300 geometry3k_test_2589 construction_plan
FAIL	Geometry3K-300	geometry3k_test_2589	construction_plan	pred='C'	gold='D'	complete=True	duration_s=6.64
CALL Geometry3K-300 geometry3k_test_2589 geoguide_solver
FAIL	Geometry3K-300	geometry3k_test_2589	geoguide_solver	pred='C'	gold='D'	complete=True	duration_s=6.34
CALL Geometry3K-300 geometry3k_test_2589 geoguide_cautious
FAIL	Geometry3K-300	geometry3k_test_2589	geoguide_cautious	pred='C'	gold='D'	complete=True	duration_s=6.63
CALL Geometry3K-300 geometry3k_test_2920 raw
OK	Geometry3K-300	geometry3k_test_2920	raw	pred='C'	gold='C'	complete=True	duration_s=6.03
CALL Geometry3K-300 geometry3k_test_2920 structured_facts
OK	Geometry3K-300	geometry3k_test_2920	structured_facts	pred='C'	gold='C'	complete=True	duration_s=6.65
CALL Geometry3K-300 geometry3k_test_2920 perception_graph
OK	Geometry3K-300	geometry3k_test_2920	perception_graph	pred='C'	gold='C'	complete=True	duration_s=6.72
CALL Geometry3K-300 geometry3k_test_2920 construction_plan
OK	Geometry3K-300	geometry3k_test_2920	construction_plan	pred='C'	gold='C'	complete=True	duration_s=7.30
CALL Geometry3K-300 geometry3k_test_2920 geoguide_solver
OK	Geometry3K-300	geometry3k_test_2920	geoguide_solver	pred='C'	gold='C'	complete=True	duration_s=6.97
CALL Geometry3K-300 geometry3k_test_2920 geoguide_cautious
OK	Geometry3K-300	geometry3k_test_2920	geoguide_cautious	pred='C'	gold='C'	complete=True	duration_s=7.59
CALL Geometry3K-300 geometry3k_test_2741 raw
FAIL	Geometry3K-300	geometry3k_test_2741	raw	pred='C'	gold='B'	complete=True	duration_s=6.09
CALL Geometry3K-300 geometry3k_test_2741 structured_facts
FAIL	Geometry3K-300	geometry3k_test_2741	structured_facts	pred='C'	gold='B'	complete=True	duration_s=6.72
CALL Geometry3K-300 geometry3k_test_2741 perception_graph
FAIL	Geometry3K-300	geometry3k_test_2741	perception_graph	pred='C'	gold='B'	complete=True	duration_s=7.54
CALL Geometry3K-300 geometry3k_test_2741 construction_plan
FAIL	Geometry3K-300	geometry3k_test_2741	construction_plan	pred='C'	gold='B'	complete=True	duration_s=7.43
CALL Geometry3K-300 geometry3k_test_2741 geoguide_solver
FAIL	Geometry3K-300	geometry3k_test_2741	geoguide_solver	pred='C'	gold='B'	complete=True	duration_s=7.09
CALL Geometry3K-300 geometry3k_test_2741 geoguide_cautious
FAIL	Geometry3K-300	geometry3k_test_2741	geoguide_cautious	pred='C'	gold='B'	complete=True	duration_s=7.68
CALL Geometry3K-300 geometry3k_test_2645 raw
FAIL	Geometry3K-300	geometry3k_test_2645	raw	pred='C'	gold='A'	complete=True	duration_s=4.10
CALL Geometry3K-300 geometry3k_test_2645 structured_facts
OK	Geometry3K-300	geometry3k_test_2645	structured_facts	pred='A'	gold='A'	complete=True	duration_s=4.44
CALL Geometry3K-300 geometry3k_test_2645 perception_graph
OK	Geometry3K-300	geometry3k_test_2645	perception_graph	pred='A'	gold='A'	complete=True	duration_s=5.02
CALL Geometry3K-300 geometry3k_test_2645 construction_plan
OK	Geometry3K-300	geometry3k_test_2645	construction_plan	pred='A'	gold='A'	complete=True	duration_s=5.68
CALL Geometry3K-300 geometry3k_test_2645 geoguide_solver
OK	Geometry3K-300	geometry3k_test_2645	geoguide_solver	pred='A'	gold='A'	complete=True	duration_s=5.36
CALL Geometry3K-300 geometry3k_test_2645 geoguide_cautious
OK	Geometry3K-300	geometry3k_test_2645	geoguide_cautious	pred='A'	gold='A'	complete=True	duration_s=5.38
CALL Geometry3K-300 geometry3k_test_2710 raw
OK	Geometry3K-300	geometry3k_test_2710	raw	pred='B'	gold='B'	complete=True	duration_s=6.36
CALL Geometry3K-300 geometry3k_test_2710 structured_facts
OK	Geometry3K-300	geometry3k_test_2710	structured_facts	pred='B'	gold='B'	complete=True	duration_s=7.35
CALL Geometry3K-300 geometry3k_test_2710 perception_graph
OK	Geometry3K-300	geometry3k_test_2710	perception_graph	pred='B'	gold='B'	complete=True	duration_s=7.37
CALL Geometry3K-300 geometry3k_test_2710 construction_plan
OK	Geometry3K-300	geometry3k_test_2710	construction_plan	pred='B'	gold='B'	complete=True	duration_s=8.02
CALL Geometry3K-300 geometry3k_test_2710 geoguide_solver
OK	Geometry3K-300	geometry3k_test_2710	geoguide_solver	pred='B'	gold='B'	complete=True	duration_s=7.70
CALL Geometry3K-300 geometry3k_test_2710 geoguide_cautious
OK	Geometry3K-300	geometry3k_test_2710	geoguide_cautious	pred='B'	gold='B'	complete=True	duration_s=8.02
CALL Geometry3K-300 geometry3k_test_2438 raw
FAIL	Geometry3K-300	geometry3k_test_2438	raw	pred='A'	gold='B'	complete=True	duration_s=17.60
CALL Geometry3K-300 geometry3k_test_2438 structured_facts
FAIL	Geometry3K-300	geometry3k_test_2438	structured_facts	pred='D'	gold='B'	complete=True	duration_s=18.22
CALL Geometry3K-300 geometry3k_test_2438 perception_graph
FAIL	Geometry3K-300	geometry3k_test_2438	perception_graph	pred='D'	gold='B'	complete=True	duration_s=18.58
CALL Geometry3K-300 geometry3k_test_2438 construction_plan
FAIL	Geometry3K-300	geometry3k_test_2438	construction_plan	pred='D'	gold='B'	complete=True	duration_s=18.88
CALL Geometry3K-300 geometry3k_test_2438 geoguide_solver
FAIL	Geometry3K-300	geometry3k_test_2438	geoguide_solver	pred='D'	gold='B'	complete=True	duration_s=18.59
CALL Geometry3K-300 geometry3k_test_2438 geoguide_cautious
FAIL	Geometry3K-300	geometry3k_test_2438	geoguide_cautious	pred='D'	gold='B'	complete=True	duration_s=18.90
CALL Geometry3K-300 geometry3k_test_2986 raw
FAIL	Geometry3K-300	geometry3k_test_2986	raw	pred='B'	gold='C'	complete=True	duration_s=5.03
CALL Geometry3K-300 geometry3k_test_2986 structured_facts
FAIL	Geometry3K-300	geometry3k_test_2986	structured_facts	pred='B'	gold='C'	complete=True	duration_s=5.54
CALL Geometry3K-300 geometry3k_test_2986 perception_graph
FAIL	Geometry3K-300	geometry3k_test_2986	perception_graph	pred='B'	gold='C'	complete=True	duration_s=5.92
CALL Geometry3K-300 geometry3k_test_2986 construction_plan
FAIL	Geometry3K-300	geometry3k_test_2986	construction_plan	pred='B'	gold='C'	complete=True	duration_s=5.71
CALL Geometry3K-300 geometry3k_test_2986 geoguide_solver
FAIL	Geometry3K-300	geometry3k_test_2986	geoguide_solver	pred='B'	gold='C'	complete=True	duration_s=6.21
CALL Geometry3K-300 geometry3k_test_2986 geoguide_cautious
FAIL	Geometry3K-300	geometry3k_test_2986	geoguide_cautious	pred='B'	gold='C'	complete=True	duration_s=5.98
CALL Geometry3K-300 geometry3k_test_2664 raw
FAIL	Geometry3K-300	geometry3k_test_2664	raw	pred='B'	gold='A'	complete=True	duration_s=7.29
CALL Geometry3K-300 geometry3k_test_2664 structured_facts
FAIL	Geometry3K-300	geometry3k_test_2664	structured_facts	pred='B'	gold='A'	complete=True	duration_s=8.00
CALL Geometry3K-300 geometry3k_test_2664 perception_graph
FAIL	Geometry3K-300	geometry3k_test_2664	perception_graph	pred='B'	gold='A'	complete=True	duration_s=8.60
CALL Geometry3K-300 geometry3k_test_2664 construction_plan
FAIL	Geometry3K-300	geometry3k_test_2664	construction_plan	pred='B'	gold='A'	complete=True	duration_s=9.23
CALL Geometry3K-300 geometry3k_test_2664 geoguide_solver
FAIL	Geometry3K-300	geometry3k_test_2664	geoguide_solver	pred='B'	gold='A'	complete=True	duration_s=8.89
CALL Geometry3K-300 geometry3k_test_2664 geoguide_cautious
FAIL	Geometry3K-300	geometry3k_test_2664	geoguide_cautious	pred='B'	gold='A'	complete=True	duration_s=9.20
CALL Geometry3K-300 geometry3k_test_2877 raw
OK	Geometry3K-300	geometry3k_test_2877	raw	pred='C'	gold='C'	complete=True	duration_s=4.21
CALL Geometry3K-300 geometry3k_test_2877 structured_facts
OK	Geometry3K-300	geometry3k_test_2877	structured_facts	pred='C'	gold='C'	complete=True	duration_s=4.49
CALL Geometry3K-300 geometry3k_test_2877 perception_graph
OK	Geometry3K-300	geometry3k_test_2877	perception_graph	pred='C'	gold='C'	complete=True	duration_s=4.84
CALL Geometry3K-300 geometry3k_test_2877 construction_plan
OK	Geometry3K-300	geometry3k_test_2877	construction_plan	pred='C'	gold='C'	complete=True	duration_s=5.17
CALL Geometry3K-300 geometry3k_test_2877 geoguide_solver
OK	Geometry3K-300	geometry3k_test_2877	geoguide_solver	pred='C'	gold='C'	complete=True	duration_s=4.82
CALL Geometry3K-300 geometry3k_test_2877 geoguide_cautious
OK	Geometry3K-300	geometry3k_test_2877	geoguide_cautious	pred='C'	gold='C'	complete=True	duration_s=5.17
CALL Geometry3K-300 geometry3k_test_2816 raw
OK	Geometry3K-300	geometry3k_test_2816	raw	pred='B'	gold='B'	complete=True	duration_s=4.22
CALL Geometry3K-300 geometry3k_test_2816 structured_facts
OK	Geometry3K-300	geometry3k_test_2816	structured_facts	pred='B'	gold='B'	complete=True	duration_s=4.84
CALL Geometry3K-300 geometry3k_test_2816 perception_graph
OK	Geometry3K-300	geometry3k_test_2816	perception_graph	pred='B'	gold='B'	complete=True	duration_s=5.19
CALL Geometry3K-300 geometry3k_test_2816 construction_plan
OK	Geometry3K-300	geometry3k_test_2816	construction_plan	pred='B'	gold='B'	complete=True	duration_s=5.54
CALL Geometry3K-300 geometry3k_test_2816 geoguide_solver
OK	Geometry3K-300	geometry3k_test_2816	geoguide_solver	pred='B'	gold='B'	complete=True	duration_s=5.49
CALL Geometry3K-300 geometry3k_test_2816 geoguide_cautious
OK	Geometry3K-300	geometry3k_test_2816	geoguide_cautious	pred='B'	gold='B'	complete=True	duration_s=5.80
CALL Geometry3K-300 geometry3k_test_2545 raw
FAIL	Geometry3K-300	geometry3k_test_2545	raw	pred='C'	gold='B'	complete=True	duration_s=5.48
CALL Geometry3K-300 geometry3k_test_2545 structured_facts
FAIL	Geometry3K-300	geometry3k_test_2545	structured_facts	pred='C'	gold='B'	complete=True	duration_s=6.14
CALL Geometry3K-300 geometry3k_test_2545 perception_graph
FAIL	Geometry3K-300	geometry3k_test_2545	perception_graph	pred='C'	gold='B'	complete=True	duration_s=6.54
CALL Geometry3K-300 geometry3k_test_2545 construction_plan
FAIL	Geometry3K-300	geometry3k_test_2545	construction_plan	pred='C'	gold='B'	complete=True	duration_s=7.17
CALL Geometry3K-300 geometry3k_test_2545 geoguide_solver
FAIL	Geometry3K-300	geometry3k_test_2545	geoguide_solver	pred='C'	gold='B'	complete=True	duration_s=6.81
CALL Geometry3K-300 geometry3k_test_2545 geoguide_cautious
FAIL	Geometry3K-300	geometry3k_test_2545	geoguide_cautious	pred='C'	gold='B'	complete=True	duration_s=7.15
CALL Geometry3K-300 geometry3k_test_2987 raw
OK	Geometry3K-300	geometry3k_test_2987	raw	pred='A'	gold='A'	complete=True	duration_s=4.20
CALL Geometry3K-300 geometry3k_test_2987 structured_facts
OK	Geometry3K-300	geometry3k_test_2987	structured_facts	pred='A'	gold='A'	complete=True	duration_s=4.77
CALL Geometry3K-300 geometry3k_test_2987 perception_graph
OK	Geometry3K-300	geometry3k_test_2987	perception_graph	pred='A'	gold='A'	complete=True	duration_s=5.15
CALL Geometry3K-300 geometry3k_test_2987 construction_plan
OK	Geometry3K-300	geometry3k_test_2987	construction_plan	pred='A'	gold='A'	complete=True	duration_s=5.78
CALL Geometry3K-300 geometry3k_test_2987 geoguide_solver
OK	Geometry3K-300	geometry3k_test_2987	geoguide_solver	pred='A'	gold='A'	complete=True	duration_s=5.19
CALL Geometry3K-300 geometry3k_test_2987 geoguide_cautious
OK	Geometry3K-300	geometry3k_test_2987	geoguide_cautious	pred='A'	gold='A'	complete=True	duration_s=5.79
CALL Geometry3K-300 geometry3k_test_2725 raw
OK	Geometry3K-300	geometry3k_test_2725	raw	pred='B'	gold='B'	complete=True	duration_s=6.97
CALL Geometry3K-300 geometry3k_test_2725 structured_facts
OK	Geometry3K-300	geometry3k_test_2725	structured_facts	pred='B'	gold='B'	complete=True	duration_s=7.69
CALL Geometry3K-300 geometry3k_test_2725 perception_graph
OK	Geometry3K-300	geometry3k_test_2725	perception_graph	pred='B'	gold='B'	complete=True	duration_s=8.02
CALL Geometry3K-300 geometry3k_test_2725 construction_plan
OK	Geometry3K-300	geometry3k_test_2725	construction_plan	pred='B'	gold='B'	complete=True	duration_s=8.37
CALL Geometry3K-300 geometry3k_test_2725 geoguide_solver
OK	Geometry3K-300	geometry3k_test_2725	geoguide_solver	pred='B'	gold='B'	complete=True	duration_s=8.02
CALL Geometry3K-300 geometry3k_test_2725 geoguide_cautious
OK	Geometry3K-300	geometry3k_test_2725	geoguide_cautious	pred='B'	gold='B'	complete=True	duration_s=8.36
CALL Geometry3K-300 geometry3k_test_2528 raw
OK	Geometry3K-300	geometry3k_test_2528	raw	pred='B'	gold='B'	complete=True	duration_s=4.20
CALL Geometry3K-300 geometry3k_test_2528 structured_facts
OK	Geometry3K-300	geometry3k_test_2528	structured_facts	pred='B'	gold='B'	complete=True	duration_s=4.79
CALL Geometry3K-300 geometry3k_test_2528 perception_graph
OK	Geometry3K-300	geometry3k_test_2528	perception_graph	pred='B'	gold='B'	complete=True	duration_s=5.18
CALL Geometry3K-300 geometry3k_test_2528 construction_plan
OK	Geometry3K-300	geometry3k_test_2528	construction_plan	pred='B'	gold='B'	complete=True	duration_s=5.78
CALL Geometry3K-300 geometry3k_test_2528 geoguide_solver
OK	Geometry3K-300	geometry3k_test_2528	geoguide_solver	pred='B'	gold='B'	complete=True	duration_s=5.18
CALL Geometry3K-300 geometry3k_test_2528 geoguide_cautious
OK	Geometry3K-300	geometry3k_test_2528	geoguide_cautious	pred='B'	gold='B'	complete=True	duration_s=5.79
CALL Geometry3K-300 geometry3k_test_2945 raw
OK	Geometry3K-300	geometry3k_test_2945	raw	pred='B'	gold='B'	complete=True	duration_s=13.78
CALL Geometry3K-300 geometry3k_test_2945 structured_facts
OK	Geometry3K-300	geometry3k_test_2945	structured_facts	pred='B'	gold='B'	complete=True	duration_s=14.75
CALL Geometry3K-300 geometry3k_test_2945 perception_graph
OK	Geometry3K-300	geometry3k_test_2945	perception_graph	pred='B'	gold='B'	complete=True	duration_s=15.36
CALL Geometry3K-300 geometry3k_test_2945 construction_plan
OK	Geometry3K-300	geometry3k_test_2945	construction_plan	pred='B'	gold='B'	complete=True	duration_s=15.79
CALL Geometry3K-300 geometry3k_test_2945 geoguide_solver
OK	Geometry3K-300	geometry3k_test_2945	geoguide_solver	pred='B'	gold='B'	complete=True	duration_s=15.34
CALL Geometry3K-300 geometry3k_test_2945 geoguide_cautious
OK	Geometry3K-300	geometry3k_test_2945	geoguide_cautious	pred='B'	gold='B'	complete=True	duration_s=15.69
CALL Geometry3K-300 geometry3k_test_2717 raw
OK	Geometry3K-300	geometry3k_test_2717	raw	pred='A'	gold='A'	complete=True	duration_s=7.18
CALL Geometry3K-300 geometry3k_test_2717 structured_facts
OK	Geometry3K-300	geometry3k_test_2717	structured_facts	pred='A'	gold='A'	complete=True	duration_s=8.14
CALL Geometry3K-300 geometry3k_test_2717 perception_graph
FAIL	Geometry3K-300	geometry3k_test_2717	perception_graph	pred='D'	gold='A'	complete=True	duration_s=8.10
CALL Geometry3K-300 geometry3k_test_2717 construction_plan
FAIL	Geometry3K-300	geometry3k_test_2717	construction_plan	pred='D'	gold='A'	complete=True	duration_s=8.80
CALL Geometry3K-300 geometry3k_test_2717 geoguide_solver
OK	Geometry3K-300	geometry3k_test_2717	geoguide_solver	pred='A'	gold='A'	complete=True	duration_s=8.49
CALL Geometry3K-300 geometry3k_test_2717 geoguide_cautious
OK	Geometry3K-300	geometry3k_test_2717	geoguide_cautious	pred='A'	gold='A'	complete=True	duration_s=9.05
CALL Geometry3K-300 geometry3k_test_2558 raw
FAIL	Geometry3K-300	geometry3k_test_2558	raw	pred='B'	gold='D'	complete=True	duration_s=4.94
CALL Geometry3K-300 geometry3k_test_2558 structured_facts
FAIL	Geometry3K-300	geometry3k_test_2558	structured_facts	pred='B'	gold='D'	complete=True	duration_s=5.52
CALL Geometry3K-300 geometry3k_test_2558 perception_graph
OK	Geometry3K-300	geometry3k_test_2558	perception_graph	pred='D'	gold='D'	complete=True	duration_s=5.85
CALL Geometry3K-300 geometry3k_test_2558 construction_plan
OK	Geometry3K-300	geometry3k_test_2558	construction_plan	pred='D'	gold='D'	complete=True	duration_s=6.46
CALL Geometry3K-300 geometry3k_test_2558 geoguide_solver
FAIL	Geometry3K-300	geometry3k_test_2558	geoguide_solver	pred='B'	gold='D'	complete=True	duration_s=6.17
CALL Geometry3K-300 geometry3k_test_2558 geoguide_cautious
OK	Geometry3K-300	geometry3k_test_2558	geoguide_cautious	pred='D'	gold='D'	complete=True	duration_s=6.48
CALL Geometry3K-300 geometry3k_test_2536 raw
FAIL	Geometry3K-300	geometry3k_test_2536	raw	pred='B'	gold='A'	complete=True	duration_s=6.72
CALL Geometry3K-300 geometry3k_test_2536 structured_facts
FAIL	Geometry3K-300	geometry3k_test_2536	structured_facts	pred='B'	gold='A'	complete=True	duration_s=7.68
CALL Geometry3K-300 geometry3k_test_2536 perception_graph
FAIL	Geometry3K-300	geometry3k_test_2536	perception_graph	pred='B'	gold='A'	complete=True	duration_s=8.01
CALL Geometry3K-300 geometry3k_test_2536 construction_plan
FAIL	Geometry3K-300	geometry3k_test_2536	construction_plan	pred='B'	gold='A'	complete=True	duration_s=8.33
CALL Geometry3K-300 geometry3k_test_2536 geoguide_solver
FAIL	Geometry3K-300	geometry3k_test_2536	geoguide_solver	pred='B'	gold='A'	complete=True	duration_s=8.05
CALL Geometry3K-300 geometry3k_test_2536 geoguide_cautious
FAIL	Geometry3K-300	geometry3k_test_2536	geoguide_cautious	pred='B'	gold='A'	complete=True	duration_s=8.63
CALL Geometry3K-300 geometry3k_test_2520 raw
FAIL	Geometry3K-300	geometry3k_test_2520	raw	pred='B'	gold='A'	complete=True	duration_s=12.08
CALL Geometry3K-300 geometry3k_test_2520 structured_facts
FAIL	Geometry3K-300	geometry3k_test_2520	structured_facts	pred='B'	gold='A'	complete=True	duration_s=12.67
CALL Geometry3K-300 geometry3k_test_2520 perception_graph
FAIL	Geometry3K-300	geometry3k_test_2520	perception_graph	pred='B'	gold='A'	complete=True	duration_s=13.05
CALL Geometry3K-300 geometry3k_test_2520 construction_plan
OK	Geometry3K-300	geometry3k_test_2520	construction_plan	pred='A'	gold='A'	complete=True	duration_s=13.99
CALL Geometry3K-300 geometry3k_test_2520 geoguide_solver
OK	Geometry3K-300	geometry3k_test_2520	geoguide_solver	pred='A'	gold='A'	complete=True	duration_s=13.40
CALL Geometry3K-300 geometry3k_test_2520 geoguide_cautious
FAIL	Geometry3K-300	geometry3k_test_2520	geoguide_cautious	pred='B'	gold='A'	complete=True	duration_s=13.65
CALL Geometry3K-300 geometry3k_test_2984 raw
FAIL	Geometry3K-300	geometry3k_test_2984	raw	pred='B'	gold='A'	complete=True	duration_s=4.56
CALL Geometry3K-300 geometry3k_test_2984 structured_facts
FAIL	Geometry3K-300	geometry3k_test_2984	structured_facts	pred='B'	gold='A'	complete=True	duration_s=4.84
CALL Geometry3K-300 geometry3k_test_2984 perception_graph
FAIL	Geometry3K-300	geometry3k_test_2984	perception_graph	pred='B'	gold='A'	complete=True	duration_s=5.14
CALL Geometry3K-300 geometry3k_test_2984 construction_plan
FAIL	Geometry3K-300	geometry3k_test_2984	construction_plan	pred='B'	gold='A'	complete=True	duration_s=5.76
CALL Geometry3K-300 geometry3k_test_2984 geoguide_solver
FAIL	Geometry3K-300	geometry3k_test_2984	geoguide_solver	pred='B'	gold='A'	complete=True	duration_s=5.74
CALL Geometry3K-300 geometry3k_test_2984 geoguide_cautious
FAIL	Geometry3K-300	geometry3k_test_2984	geoguide_cautious	pred='B'	gold='A'	complete=True	duration_s=5.80
CALL Geometry3K-300 geometry3k_test_2418 raw
FAIL	Geometry3K-300	geometry3k_test_2418	raw	pred='C'	gold='D'	complete=True	duration_s=4.19
CALL Geometry3K-300 geometry3k_test_2418 structured_facts
FAIL	Geometry3K-300	geometry3k_test_2418	structured_facts	pred='C'	gold='D'	complete=True	duration_s=4.82
CALL Geometry3K-300 geometry3k_test_2418 perception_graph
OK	Geometry3K-300	geometry3k_test_2418	perception_graph	pred='D'	gold='D'	complete=True	duration_s=5.18
CALL Geometry3K-300 geometry3k_test_2418 construction_plan
FAIL	Geometry3K-300	geometry3k_test_2418	construction_plan	pred='C'	gold='D'	complete=True	duration_s=5.55
CALL Geometry3K-300 geometry3k_test_2418 geoguide_solver
FAIL	Geometry3K-300	geometry3k_test_2418	geoguide_solver	pred='C'	gold='D'	complete=True	duration_s=5.19
CALL Geometry3K-300 geometry3k_test_2418 geoguide_cautious
OK	Geometry3K-300	geometry3k_test_2418	geoguide_cautious	pred='D'	gold='D'	complete=True	duration_s=5.81
CALL Geometry3K-300 geometry3k_test_2915 raw
OK	Geometry3K-300	geometry3k_test_2915	raw	pred='B'	gold='B'	complete=True	duration_s=4.84
CALL Geometry3K-300 geometry3k_test_2915 structured_facts
OK	Geometry3K-300	geometry3k_test_2915	structured_facts	pred='B'	gold='B'	complete=True	duration_s=5.54
CALL Geometry3K-300 geometry3k_test_2915 perception_graph
OK	Geometry3K-300	geometry3k_test_2915	perception_graph	pred='B'	gold='B'	complete=True	duration_s=6.19
CALL Geometry3K-300 geometry3k_test_2915 construction_plan
OK	Geometry3K-300	geometry3k_test_2915	construction_plan	pred='B'	gold='B'	complete=True	duration_s=7.08
CALL Geometry3K-300 geometry3k_test_2915 geoguide_solver
OK	Geometry3K-300	geometry3k_test_2915	geoguide_solver	pred='B'	gold='B'	complete=True	duration_s=6.48
CALL Geometry3K-300 geometry3k_test_2915 geoguide_cautious
OK	Geometry3K-300	geometry3k_test_2915	geoguide_cautious	pred='B'	gold='B'	complete=True	duration_s=6.79
CALL Geometry3K-300 geometry3k_test_2817 raw
OK	Geometry3K-300	geometry3k_test_2817	raw	pred='C'	gold='C'	complete=True	duration_s=4.24
CALL Geometry3K-300 geometry3k_test_2817 structured_facts
OK	Geometry3K-300	geometry3k_test_2817	structured_facts	pred='C'	gold='C'	complete=True	duration_s=4.53
CALL Geometry3K-300 geometry3k_test_2817 perception_graph
OK	Geometry3K-300	geometry3k_test_2817	perception_graph	pred='C'	gold='C'	complete=True	duration_s=4.87
CALL Geometry3K-300 geometry3k_test_2817 construction_plan
OK	Geometry3K-300	geometry3k_test_2817	construction_plan	pred='C'	gold='C'	complete=True	duration_s=5.55
CALL Geometry3K-300 geometry3k_test_2817 geoguide_solver
OK	Geometry3K-300	geometry3k_test_2817	geoguide_solver	pred='C'	gold='C'	complete=True	duration_s=5.16
CALL Geometry3K-300 geometry3k_test_2817 geoguide_cautious
OK	Geometry3K-300	geometry3k_test_2817	geoguide_cautious	pred='C'	gold='C'	complete=True	duration_s=5.78
CALL Geometry3K-300 geometry3k_test_2924 raw
FAIL	Geometry3K-300	geometry3k_test_2924	raw	pred='A'	gold='C'	complete=True	duration_s=8.00
CALL Geometry3K-300 geometry3k_test_2924 structured_facts
FAIL	Geometry3K-300	geometry3k_test_2924	structured_facts	pred='A'	gold='C'	complete=True	duration_s=8.05
CALL Geometry3K-300 geometry3k_test_2924 perception_graph
FAIL	Geometry3K-300	geometry3k_test_2924	perception_graph	pred='A'	gold='C'	complete=True	duration_s=8.42
CALL Geometry3K-300 geometry3k_test_2924 construction_plan
FAIL	Geometry3K-300	geometry3k_test_2924	construction_plan	pred='A'	gold='C'	complete=True	duration_s=9.26
CALL Geometry3K-300 geometry3k_test_2924 geoguide_solver
FAIL	Geometry3K-300	geometry3k_test_2924	geoguide_solver	pred='A'	gold='C'	complete=True	duration_s=8.93
CALL Geometry3K-300 geometry3k_test_2924 geoguide_cautious
FAIL	Geometry3K-300	geometry3k_test_2924	geoguide_cautious	pred='A'	gold='C'	complete=True	duration_s=9.01
CALL Geometry3K-300 geometry3k_test_2989 raw
OK	Geometry3K-300	geometry3k_test_2989	raw	pred='B'	gold='B'	complete=True	duration_s=5.84
CALL Geometry3K-300 geometry3k_test_2989 structured_facts
OK	Geometry3K-300	geometry3k_test_2989	structured_facts	pred='B'	gold='B'	complete=True	duration_s=6.18
CALL Geometry3K-300 geometry3k_test_2989 perception_graph
OK	Geometry3K-300	geometry3k_test_2989	perception_graph	pred='B'	gold='B'	complete=True	duration_s=6.49
CALL Geometry3K-300 geometry3k_test_2989 construction_plan
OK	Geometry3K-300	geometry3k_test_2989	construction_plan	pred='B'	gold='B'	complete=True	duration_s=7.15
CALL Geometry3K-300 geometry3k_test_2989 geoguide_solver
OK	Geometry3K-300	geometry3k_test_2989	geoguide_solver	pred='B'	gold='B'	complete=True	duration_s=6.83
CALL Geometry3K-300 geometry3k_test_2989 geoguide_cautious
OK	Geometry3K-300	geometry3k_test_2989	geoguide_cautious	pred='B'	gold='B'	complete=True	duration_s=7.14
CALL Geometry3K-300 geometry3k_test_2663 raw
FAIL	Geometry3K-300	geometry3k_test_2663	raw	pred='B'	gold='D'	complete=True	duration_s=5.03
CALL Geometry3K-300 geometry3k_test_2663 structured_facts
FAIL	Geometry3K-300	geometry3k_test_2663	structured_facts	pred='B'	gold='D'	complete=True	duration_s=5.32
CALL Geometry3K-300 geometry3k_test_2663 perception_graph
FAIL	Geometry3K-300	geometry3k_test_2663	perception_graph	pred='B'	gold='D'	complete=True	duration_s=5.96
CALL Geometry3K-300 geometry3k_test_2663 construction_plan
FAIL	Geometry3K-300	geometry3k_test_2663	construction_plan	pred='B'	gold='D'	complete=True	duration_s=6.62
CALL Geometry3K-300 geometry3k_test_2663 geoguide_solver
FAIL	Geometry3K-300	geometry3k_test_2663	geoguide_solver	pred='B'	gold='D'	complete=True	duration_s=6.26
CALL Geometry3K-300 geometry3k_test_2663 geoguide_cautious
FAIL	Geometry3K-300	geometry3k_test_2663	geoguide_cautious	pred='B'	gold='D'	complete=True	duration_s=6.58
CALL Geometry3K-300 geometry3k_test_2420 raw
FAIL	Geometry3K-300	geometry3k_test_2420	raw	pred='C'	gold='D'	complete=True	duration_s=5.23
CALL Geometry3K-300 geometry3k_test_2420 structured_facts
FAIL	Geometry3K-300	geometry3k_test_2420	structured_facts	pred='C'	gold='D'	complete=True	duration_s=5.78
CALL Geometry3K-300 geometry3k_test_2420 perception_graph
FAIL	Geometry3K-300	geometry3k_test_2420	perception_graph	pred='C'	gold='D'	complete=True	duration_s=6.13
CALL Geometry3K-300 geometry3k_test_2420 construction_plan
FAIL	Geometry3K-300	geometry3k_test_2420	construction_plan	pred='C'	gold='D'	complete=True	duration_s=6.48
CALL Geometry3K-300 geometry3k_test_2420 geoguide_solver
FAIL	Geometry3K-300	geometry3k_test_2420	geoguide_solver	pred='C'	gold='D'	complete=True	duration_s=6.19
CALL Geometry3K-300 geometry3k_test_2420 geoguide_cautious
FAIL	Geometry3K-300	geometry3k_test_2420	geoguide_cautious	pred='C'	gold='D'	complete=True	duration_s=6.50
CALL Geometry3K-300 geometry3k_test_2579 raw
OK	Geometry3K-300	geometry3k_test_2579	raw	pred='A'	gold='A'	complete=True	duration_s=5.34
CALL Geometry3K-300 geometry3k_test_2579 structured_facts
OK	Geometry3K-300	geometry3k_test_2579	structured_facts	pred='A'	gold='A'	complete=True	duration_s=5.93
CALL Geometry3K-300 geometry3k_test_2579 perception_graph
OK	Geometry3K-300	geometry3k_test_2579	perception_graph	pred='A'	gold='A'	complete=True	duration_s=6.29
CALL Geometry3K-300 geometry3k_test_2579 construction_plan
OK	Geometry3K-300	geometry3k_test_2579	construction_plan	pred='A'	gold='A'	complete=True	duration_s=6.99
CALL Geometry3K-300 geometry3k_test_2579 geoguide_solver
OK	Geometry3K-300	geometry3k_test_2579	geoguide_solver	pred='A'	gold='A'	complete=True	duration_s=6.61
CALL Geometry3K-300 geometry3k_test_2579 geoguide_cautious
OK	Geometry3K-300	geometry3k_test_2579	geoguide_cautious	pred='A'	gold='A'	complete=True	duration_s=7.20
CALL Geometry3K-300 geometry3k_test_2776 raw
FAIL	Geometry3K-300	geometry3k_test_2776	raw	pred='A'	gold='D'	complete=True	duration_s=5.00
CALL Geometry3K-300 geometry3k_test_2776 structured_facts
FAIL	Geometry3K-300	geometry3k_test_2776	structured_facts	pred='A'	gold='D'	complete=True	duration_s=5.69
CALL Geometry3K-300 geometry3k_test_2776 perception_graph
FAIL	Geometry3K-300	geometry3k_test_2776	perception_graph	pred='A'	gold='D'	complete=True	duration_s=6.01
CALL Geometry3K-300 geometry3k_test_2776 construction_plan
FAIL	Geometry3K-300	geometry3k_test_2776	construction_plan	pred='A'	gold='D'	complete=True	duration_s=6.67
CALL Geometry3K-300 geometry3k_test_2776 geoguide_solver
FAIL	Geometry3K-300	geometry3k_test_2776	geoguide_solver	pred='A'	gold='D'	complete=True	duration_s=6.05
CALL Geometry3K-300 geometry3k_test_2776 geoguide_cautious
FAIL	Geometry3K-300	geometry3k_test_2776	geoguide_cautious	pred='A'	gold='D'	complete=True	duration_s=6.63
CALL Geometry3K-300 geometry3k_test_2799 raw
FAIL	Geometry3K-300	geometry3k_test_2799	raw	pred='C'	gold='D'	complete=True	duration_s=4.21
CALL Geometry3K-300 geometry3k_test_2799 structured_facts
FAIL	Geometry3K-300	geometry3k_test_2799	structured_facts	pred='C'	gold='D'	complete=True	duration_s=5.16
CALL Geometry3K-300 geometry3k_test_2799 perception_graph
FAIL	Geometry3K-300	geometry3k_test_2799	perception_graph	pred='C'	gold='D'	complete=True	duration_s=5.52
CALL Geometry3K-300 geometry3k_test_2799 construction_plan
FAIL	Geometry3K-300	geometry3k_test_2799	construction_plan	pred='C'	gold='D'	complete=True	duration_s=5.86
CALL Geometry3K-300 geometry3k_test_2799 geoguide_solver
FAIL	Geometry3K-300	geometry3k_test_2799	geoguide_solver	pred='C'	gold='D'	complete=True	duration_s=5.52
CALL Geometry3K-300 geometry3k_test_2799 geoguide_cautious
FAIL	Geometry3K-300	geometry3k_test_2799	geoguide_cautious	pred='C'	gold='D'	complete=True	duration_s=6.14
CALL Geometry3K-300 geometry3k_test_2583 raw
FAIL	Geometry3K-300	geometry3k_test_2583	raw	pred='C'	gold='A'	complete=True	duration_s=14.93
CALL Geometry3K-300 geometry3k_test_2583 structured_facts
FAIL	Geometry3K-300	geometry3k_test_2583	structured_facts	pred='C'	gold='A'	complete=True	duration_s=15.56
CALL Geometry3K-300 geometry3k_test_2583 perception_graph
FAIL	Geometry3K-300	geometry3k_test_2583	perception_graph	pred='B'	gold='A'	complete=True	duration_s=16.16
CALL Geometry3K-300 geometry3k_test_2583 construction_plan
FAIL	Geometry3K-300	geometry3k_test_2583	construction_plan	pred='B'	gold='A'	complete=True	duration_s=16.53
CALL Geometry3K-300 geometry3k_test_2583 geoguide_solver
FAIL	Geometry3K-300	geometry3k_test_2583	geoguide_solver	pred='B'	gold='A'	complete=True	duration_s=16.18
CALL Geometry3K-300 geometry3k_test_2583 geoguide_cautious
FAIL	Geometry3K-300	geometry3k_test_2583	geoguide_cautious	pred='B'	gold='A'	complete=True	duration_s=16.43
CALL Geometry3K-300 geometry3k_test_2572 raw
FAIL	Geometry3K-300	geometry3k_test_2572	raw	pred='C'	gold='D'	complete=True	duration_s=10.50
CALL Geometry3K-300 geometry3k_test_2572 structured_facts
FAIL	Geometry3K-300	geometry3k_test_2572	structured_facts	pred='C'	gold='D'	complete=True	duration_s=10.86
CALL Geometry3K-300 geometry3k_test_2572 perception_graph
FAIL	Geometry3K-300	geometry3k_test_2572	perception_graph	pred='C'	gold='D'	complete=True	duration_s=11.54
CALL Geometry3K-300 geometry3k_test_2572 construction_plan
FAIL	Geometry3K-300	geometry3k_test_2572	construction_plan	pred='C'	gold='D'	complete=True	duration_s=11.48
CALL Geometry3K-300 geometry3k_test_2572 geoguide_solver
FAIL	Geometry3K-300	geometry3k_test_2572	geoguide_solver	pred='C'	gold='D'	complete=True	duration_s=11.15
CALL Geometry3K-300 geometry3k_test_2572 geoguide_cautious
FAIL	Geometry3K-300	geometry3k_test_2572	geoguide_cautious	pred='C'	gold='D'	complete=True	duration_s=11.79
CALL Geometry3K-300 geometry3k_test_2478 raw
FAIL	Geometry3K-300	geometry3k_test_2478	raw	pred='B'	gold='A'	complete=True	duration_s=7.23
CALL Geometry3K-300 geometry3k_test_2478 structured_facts
FAIL	Geometry3K-300	geometry3k_test_2478	structured_facts	pred='B'	gold='A'	complete=True	duration_s=7.63
CALL Geometry3K-300 geometry3k_test_2478 perception_graph
FAIL	Geometry3K-300	geometry3k_test_2478	perception_graph	pred='B'	gold='A'	complete=True	duration_s=7.96
CALL Geometry3K-300 geometry3k_test_2478 construction_plan
FAIL	Geometry3K-300	geometry3k_test_2478	construction_plan	pred='B'	gold='A'	complete=True	duration_s=8.85
CALL Geometry3K-300 geometry3k_test_2478 geoguide_solver
FAIL	Geometry3K-300	geometry3k_test_2478	geoguide_solver	pred='B'	gold='A'	complete=True	duration_s=8.25
CALL Geometry3K-300 geometry3k_test_2478 geoguide_cautious
FAIL	Geometry3K-300	geometry3k_test_2478	geoguide_cautious	pred='B'	gold='A'	complete=True	duration_s=8.87
CALL Geometry3K-300 geometry3k_test_2650 raw
OK	Geometry3K-300	geometry3k_test_2650	raw	pred='B'	gold='B'	complete=True	duration_s=6.34
CALL Geometry3K-300 geometry3k_test_2650 structured_facts
OK	Geometry3K-300	geometry3k_test_2650	structured_facts	pred='B'	gold='B'	complete=True	duration_s=6.12
CALL Geometry3K-300 geometry3k_test_2650 perception_graph
OK	Geometry3K-300	geometry3k_test_2650	perception_graph	pred='B'	gold='B'	complete=True	duration_s=7.04
CALL Geometry3K-300 geometry3k_test_2650 construction_plan
OK	Geometry3K-300	geometry3k_test_2650	construction_plan	pred='B'	gold='B'	complete=True	duration_s=7.39
CALL Geometry3K-300 geometry3k_test_2650 geoguide_solver
OK	Geometry3K-300	geometry3k_test_2650	geoguide_solver	pred='B'	gold='B'	complete=True	duration_s=7.32
CALL Geometry3K-300 geometry3k_test_2650 geoguide_cautious
OK	Geometry3K-300	geometry3k_test_2650	geoguide_cautious	pred='B'	gold='B'	complete=True	duration_s=7.11
CALL Geometry3K-300 geometry3k_test_2791 raw
OK	Geometry3K-300	geometry3k_test_2791	raw	pred='D'	gold='D'	complete=True	duration_s=4.42
CALL Geometry3K-300 geometry3k_test_2791 structured_facts
OK	Geometry3K-300	geometry3k_test_2791	structured_facts	pred='D'	gold='D'	complete=True	duration_s=5.35
CALL Geometry3K-300 geometry3k_test_2791 perception_graph
FAIL	Geometry3K-300	geometry3k_test_2791	perception_graph	pred='A'	gold='D'	complete=True	duration_s=5.64
CALL Geometry3K-300 geometry3k_test_2791 construction_plan
OK	Geometry3K-300	geometry3k_test_2791	construction_plan	pred='D'	gold='D'	complete=True	duration_s=6.28
CALL Geometry3K-300 geometry3k_test_2791 geoguide_solver
OK	Geometry3K-300	geometry3k_test_2791	geoguide_solver	pred='D'	gold='D'	complete=True	duration_s=5.96
CALL Geometry3K-300 geometry3k_test_2791 geoguide_cautious
OK	Geometry3K-300	geometry3k_test_2791	geoguide_cautious	pred='D'	gold='D'	complete=True	duration_s=6.30
CALL Geometry3K-300 geometry3k_test_2885 raw
OK	Geometry3K-300	geometry3k_test_2885	raw	pred='B'	gold='B'	complete=True	duration_s=5.88
CALL Geometry3K-300 geometry3k_test_2885 structured_facts
OK	Geometry3K-300	geometry3k_test_2885	structured_facts	pred='B'	gold='B'	complete=True	duration_s=6.15
CALL Geometry3K-300 geometry3k_test_2885 perception_graph
OK	Geometry3K-300	geometry3k_test_2885	perception_graph	pred='B'	gold='B'	complete=True	duration_s=6.47
CALL Geometry3K-300 geometry3k_test_2885 construction_plan
OK	Geometry3K-300	geometry3k_test_2885	construction_plan	pred='B'	gold='B'	complete=True	duration_s=6.84
CALL Geometry3K-300 geometry3k_test_2885 geoguide_solver
OK	Geometry3K-300	geometry3k_test_2885	geoguide_solver	pred='B'	gold='B'	complete=True	duration_s=6.83
CALL Geometry3K-300 geometry3k_test_2885 geoguide_cautious
OK	Geometry3K-300	geometry3k_test_2885	geoguide_cautious	pred='B'	gold='B'	complete=True	duration_s=7.11
CALL Geometry3K-300 geometry3k_test_2730 raw
OK	Geometry3K-300	geometry3k_test_2730	raw	pred='A'	gold='A'	complete=True	duration_s=8.70
CALL Geometry3K-300 geometry3k_test_2730 structured_facts
OK	Geometry3K-300	geometry3k_test_2730	structured_facts	pred='A'	gold='A'	complete=True	duration_s=9.44
CALL Geometry3K-300 geometry3k_test_2730 perception_graph
OK	Geometry3K-300	geometry3k_test_2730	perception_graph	pred='A'	gold='A'	complete=True	duration_s=9.46
CALL Geometry3K-300 geometry3k_test_2730 construction_plan
OK	Geometry3K-300	geometry3k_test_2730	construction_plan	pred='A'	gold='A'	complete=True	duration_s=10.14
CALL Geometry3K-300 geometry3k_test_2730 geoguide_solver
OK	Geometry3K-300	geometry3k_test_2730	geoguide_solver	pred='A'	gold='A'	complete=True	duration_s=9.80
CALL Geometry3K-300 geometry3k_test_2730 geoguide_cautious
OK	Geometry3K-300	geometry3k_test_2730	geoguide_cautious	pred='A'	gold='A'	complete=True	duration_s=10.12
CALL Geometry3K-300 geometry3k_test_2745 raw
OK	Geometry3K-300	geometry3k_test_2745	raw	pred='A'	gold='A'	complete=True	duration_s=6.81
CALL Geometry3K-300 geometry3k_test_2745 structured_facts
OK	Geometry3K-300	geometry3k_test_2745	structured_facts	pred='A'	gold='A'	complete=True	duration_s=7.45
CALL Geometry3K-300 geometry3k_test_2745 perception_graph
OK	Geometry3K-300	geometry3k_test_2745	perception_graph	pred='A'	gold='A'	complete=True	duration_s=7.80
CALL Geometry3K-300 geometry3k_test_2745 construction_plan
OK	Geometry3K-300	geometry3k_test_2745	construction_plan	pred='A'	gold='A'	complete=True	duration_s=8.75
CALL Geometry3K-300 geometry3k_test_2745 geoguide_solver
OK	Geometry3K-300	geometry3k_test_2745	geoguide_solver	pred='A'	gold='A'	complete=True	duration_s=8.07
CALL Geometry3K-300 geometry3k_test_2745 geoguide_cautious
OK	Geometry3K-300	geometry3k_test_2745	geoguide_cautious	pred='A'	gold='A'	complete=True	duration_s=8.68
CALL Geometry3K-300 geometry3k_test_2595 raw
FAIL	Geometry3K-300	geometry3k_test_2595	raw	pred='B'	gold='A'	complete=True	duration_s=15.55
CALL Geometry3K-300 geometry3k_test_2595 structured_facts
FAIL	Geometry3K-300	geometry3k_test_2595	structured_facts	pred='B'	gold='A'	complete=True	duration_s=16.46
CALL Geometry3K-300 geometry3k_test_2595 perception_graph
FAIL	Geometry3K-300	geometry3k_test_2595	perception_graph	pred='B'	gold='A'	complete=True	duration_s=16.86
CALL Geometry3K-300 geometry3k_test_2595 construction_plan
FAIL	Geometry3K-300	geometry3k_test_2595	construction_plan	pred='B'	gold='A'	complete=True	duration_s=17.46
CALL Geometry3K-300 geometry3k_test_2595 geoguide_solver
FAIL	Geometry3K-300	geometry3k_test_2595	geoguide_solver	pred='B'	gold='A'	complete=True	duration_s=16.89
CALL Geometry3K-300 geometry3k_test_2595 geoguide_cautious
FAIL	Geometry3K-300	geometry3k_test_2595	geoguide_cautious	pred='B'	gold='A'	complete=True	duration_s=17.53
CALL Geometry3K-300 geometry3k_test_2796 raw
FAIL	Geometry3K-300	geometry3k_test_2796	raw	pred='C'	gold='B'	complete=True	duration_s=7.46
CALL Geometry3K-300 geometry3k_test_2796 structured_facts
FAIL	Geometry3K-300	geometry3k_test_2796	structured_facts	pred='C'	gold='B'	complete=True	duration_s=7.94
CALL Geometry3K-300 geometry3k_test_2796 perception_graph
FAIL	Geometry3K-300	geometry3k_test_2796	perception_graph	pred='C'	gold='B'	complete=True	duration_s=8.25
CALL Geometry3K-300 geometry3k_test_2796 construction_plan
FAIL	Geometry3K-300	geometry3k_test_2796	construction_plan	pred='C'	gold='B'	complete=True	duration_s=8.65
CALL Geometry3K-300 geometry3k_test_2796 geoguide_solver
FAIL	Geometry3K-300	geometry3k_test_2796	geoguide_solver	pred='C'	gold='B'	complete=True	duration_s=8.36
CALL Geometry3K-300 geometry3k_test_2796 geoguide_cautious
FAIL	Geometry3K-300	geometry3k_test_2796	geoguide_cautious	pred='C'	gold='B'	complete=True	duration_s=8.88
CALL Geometry3K-300 geometry3k_test_2876 raw
FAIL	Geometry3K-300	geometry3k_test_2876	raw	pred='B'	gold='A'	complete=True	duration_s=5.31
CALL Geometry3K-300 geometry3k_test_2876 structured_facts
FAIL	Geometry3K-300	geometry3k_test_2876	structured_facts	pred='B'	gold='A'	complete=True	duration_s=5.92
CALL Geometry3K-300 geometry3k_test_2876 perception_graph
OK	Geometry3K-300	geometry3k_test_2876	perception_graph	pred='A'	gold='A'	complete=True	duration_s=6.26
CALL Geometry3K-300 geometry3k_test_2876 construction_plan
OK	Geometry3K-300	geometry3k_test_2876	construction_plan	pred='A'	gold='A'	complete=True	duration_s=6.91
CALL Geometry3K-300 geometry3k_test_2876 geoguide_solver
OK	Geometry3K-300	geometry3k_test_2876	geoguide_solver	pred='A'	gold='A'	complete=True	duration_s=6.55
CALL Geometry3K-300 geometry3k_test_2876 geoguide_cautious
FAIL	Geometry3K-300	geometry3k_test_2876	geoguide_cautious	pred='B'	gold='A'	complete=True	duration_s=6.91
CALL Geometry3K-300 geometry3k_test_2948 raw
FAIL	Geometry3K-300	geometry3k_test_2948	raw	pred='B'	gold='C'	complete=True	duration_s=6.81
CALL Geometry3K-300 geometry3k_test_2948 structured_facts
FAIL	Geometry3K-300	geometry3k_test_2948	structured_facts	pred='B'	gold='C'	complete=True	duration_s=7.10
CALL Geometry3K-300 geometry3k_test_2948 perception_graph
FAIL	Geometry3K-300	geometry3k_test_2948	perception_graph	pred='B'	gold='C'	complete=True	duration_s=7.45
CALL Geometry3K-300 geometry3k_test_2948 construction_plan
FAIL	Geometry3K-300	geometry3k_test_2948	construction_plan	pred='B'	gold='C'	complete=True	duration_s=7.79
CALL Geometry3K-300 geometry3k_test_2948 geoguide_solver
FAIL	Geometry3K-300	geometry3k_test_2948	geoguide_solver	pred='B'	gold='C'	complete=True	duration_s=7.76
CALL Geometry3K-300 geometry3k_test_2948 geoguide_cautious
FAIL	Geometry3K-300	geometry3k_test_2948	geoguide_cautious	pred='B'	gold='C'	complete=True	duration_s=8.10
CALL Geometry3K-300 geometry3k_test_2732 raw
FAIL	Geometry3K-300	geometry3k_test_2732	raw	pred='B'	gold='C'	complete=True	duration_s=6.49
CALL Geometry3K-300 geometry3k_test_2732 structured_facts
FAIL	Geometry3K-300	geometry3k_test_2732	structured_facts	pred='B'	gold='C'	complete=True	duration_s=7.47
CALL Geometry3K-300 geometry3k_test_2732 perception_graph
FAIL	Geometry3K-300	geometry3k_test_2732	perception_graph	pred='B'	gold='C'	complete=True	duration_s=7.75
CALL Geometry3K-300 geometry3k_test_2732 construction_plan
FAIL	Geometry3K-300	geometry3k_test_2732	construction_plan	pred='B'	gold='C'	complete=True	duration_s=8.15
CALL Geometry3K-300 geometry3k_test_2732 geoguide_solver
FAIL	Geometry3K-300	geometry3k_test_2732	geoguide_solver	pred='B'	gold='C'	complete=True	duration_s=7.81
CALL Geometry3K-300 geometry3k_test_2732 geoguide_cautious
FAIL	Geometry3K-300	geometry3k_test_2732	geoguide_cautious	pred='B'	gold='C'	complete=True	duration_s=8.41
CALL Geometry3K-300 geometry3k_test_2848 raw
FAIL	Geometry3K-300	geometry3k_test_2848	raw	pred='B'	gold='A'	complete=True	duration_s=13.21
CALL Geometry3K-300 geometry3k_test_2848 structured_facts
FAIL	Geometry3K-300	geometry3k_test_2848	structured_facts	pred='B'	gold='A'	complete=True	duration_s=13.89
CALL Geometry3K-300 geometry3k_test_2848 perception_graph
FAIL	Geometry3K-300	geometry3k_test_2848	perception_graph	pred='B'	gold='A'	complete=True	duration_s=14.20
CALL Geometry3K-300 geometry3k_test_2848 construction_plan
FAIL	Geometry3K-300	geometry3k_test_2848	construction_plan	pred='B'	gold='A'	complete=True	duration_s=14.53
CALL Geometry3K-300 geometry3k_test_2848 geoguide_solver
FAIL	Geometry3K-300	geometry3k_test_2848	geoguide_solver	pred='B'	gold='A'	complete=True	duration_s=14.48
CALL Geometry3K-300 geometry3k_test_2848 geoguide_cautious
FAIL	Geometry3K-300	geometry3k_test_2848	geoguide_cautious	pred='B'	gold='A'	complete=True	duration_s=14.48
CALL Geometry3K-300 geometry3k_test_2962 raw
FAIL	Geometry3K-300	geometry3k_test_2962	raw	pred='B'	gold='C'	complete=True	duration_s=4.55
CALL Geometry3K-300 geometry3k_test_2962 structured_facts
FAIL	Geometry3K-300	geometry3k_test_2962	structured_facts	pred='B'	gold='C'	complete=True	duration_s=5.09
CALL Geometry3K-300 geometry3k_test_2962 perception_graph
FAIL	Geometry3K-300	geometry3k_test_2962	perception_graph	pred='B'	gold='C'	complete=True	duration_s=5.49
CALL Geometry3K-300 geometry3k_test_2962 construction_plan
FAIL	Geometry3K-300	geometry3k_test_2962	construction_plan	pred='B'	gold='C'	complete=True	duration_s=6.13
CALL Geometry3K-300 geometry3k_test_2962 geoguide_solver
FAIL	Geometry3K-300	geometry3k_test_2962	geoguide_solver	pred='B'	gold='C'	complete=True	duration_s=5.50
CALL Geometry3K-300 geometry3k_test_2962 geoguide_cautious
FAIL	Geometry3K-300	geometry3k_test_2962	geoguide_cautious	pred='B'	gold='C'	complete=True	duration_s=6.09
CALL Geometry3K-300 geometry3k_test_2454 raw
FAIL	Geometry3K-300	geometry3k_test_2454	raw	pred='C'	gold='D'	complete=True	duration_s=5.15
CALL Geometry3K-300 geometry3k_test_2454 structured_facts
FAIL	Geometry3K-300	geometry3k_test_2454	structured_facts	pred='B'	gold='D'	complete=True	duration_s=5.00
CALL Geometry3K-300 geometry3k_test_2454 perception_graph
FAIL	Geometry3K-300	geometry3k_test_2454	perception_graph	pred='B'	gold='D'	complete=True	duration_s=5.75
CALL Geometry3K-300 geometry3k_test_2454 construction_plan
FAIL	Geometry3K-300	geometry3k_test_2454	construction_plan	pred='B'	gold='D'	complete=True	duration_s=6.43
CALL Geometry3K-300 geometry3k_test_2454 geoguide_solver
FAIL	Geometry3K-300	geometry3k_test_2454	geoguide_solver	pred='A'	gold='D'	complete=True	duration_s=5.61
CALL Geometry3K-300 geometry3k_test_2454 geoguide_cautious
FAIL	Geometry3K-300	geometry3k_test_2454	geoguide_cautious	pred='B'	gold='D'	complete=True	duration_s=5.95
CALL Geometry3K-300 geometry3k_test_2880 raw
OK	Geometry3K-300	geometry3k_test_2880	raw	pred='D'	gold='D'	complete=True	duration_s=5.32
CALL Geometry3K-300 geometry3k_test_2880 structured_facts
OK	Geometry3K-300	geometry3k_test_2880	structured_facts	pred='D'	gold='D'	complete=True	duration_s=6.03
CALL Geometry3K-300 geometry3k_test_2880 perception_graph
OK	Geometry3K-300	geometry3k_test_2880	perception_graph	pred='D'	gold='D'	complete=True	duration_s=6.37
CALL Geometry3K-300 geometry3k_test_2880 construction_plan
OK	Geometry3K-300	geometry3k_test_2880	construction_plan	pred='D'	gold='D'	complete=True	duration_s=6.85
CALL Geometry3K-300 geometry3k_test_2880 geoguide_solver
OK	Geometry3K-300	geometry3k_test_2880	geoguide_solver	pred='D'	gold='D'	complete=True	duration_s=6.49
CALL Geometry3K-300 geometry3k_test_2880 geoguide_cautious
OK	Geometry3K-300	geometry3k_test_2880	geoguide_cautious	pred='D'	gold='D'	complete=True	duration_s=6.84
CALL Geometry3K-300 geometry3k_test_2611 raw
FAIL	Geometry3K-300	geometry3k_test_2611	raw	pred='B'	gold='D'	complete=True	duration_s=8.45
CALL Geometry3K-300 geometry3k_test_2611 structured_facts
FAIL	Geometry3K-300	geometry3k_test_2611	structured_facts	pred='B'	gold='D'	complete=True	duration_s=9.10
CALL Geometry3K-300 geometry3k_test_2611 perception_graph
FAIL	Geometry3K-300	geometry3k_test_2611	perception_graph	pred='B'	gold='D'	complete=True	duration_s=9.43
CALL Geometry3K-300 geometry3k_test_2611 construction_plan
FAIL	Geometry3K-300	geometry3k_test_2611	construction_plan	pred='B'	gold='D'	complete=True	duration_s=9.84
CALL Geometry3K-300 geometry3k_test_2611 geoguide_solver
FAIL	Geometry3K-300	geometry3k_test_2611	geoguide_solver	pred='B'	gold='D'	complete=True	duration_s=9.46
CALL Geometry3K-300 geometry3k_test_2611 geoguide_cautious
FAIL	Geometry3K-300	geometry3k_test_2611	geoguide_cautious	pred='B'	gold='D'	complete=True	duration_s=9.78
CALL Geometry3K-300 geometry3k_test_2465 raw
FAIL	Geometry3K-300	geometry3k_test_2465	raw	pred='B'	gold='A'	complete=True	duration_s=7.78
CALL Geometry3K-300 geometry3k_test_2465 structured_facts
FAIL	Geometry3K-300	geometry3k_test_2465	structured_facts	pred='B'	gold='A'	complete=True	duration_s=8.45
CALL Geometry3K-300 geometry3k_test_2465 perception_graph
FAIL	Geometry3K-300	geometry3k_test_2465	perception_graph	pred='B'	gold='A'	complete=True	duration_s=9.10
CALL Geometry3K-300 geometry3k_test_2465 construction_plan
FAIL	Geometry3K-300	geometry3k_test_2465	construction_plan	pred='B'	gold='A'	complete=True	duration_s=9.67
CALL Geometry3K-300 geometry3k_test_2465 geoguide_solver
FAIL	Geometry3K-300	geometry3k_test_2465	geoguide_solver	pred='B'	gold='A'	complete=True	duration_s=9.06
CALL Geometry3K-300 geometry3k_test_2465 geoguide_cautious
FAIL	Geometry3K-300	geometry3k_test_2465	geoguide_cautious	pred='B'	gold='A'	complete=True	duration_s=9.40
CALL Geometry3K-300 geometry3k_test_2697 raw
FAIL	Geometry3K-300	geometry3k_test_2697	raw	pred='C'	gold='D'	complete=True	duration_s=10.79
CALL Geometry3K-300 geometry3k_test_2697 structured_facts
FAIL	Geometry3K-300	geometry3k_test_2697	structured_facts	pred='C'	gold='D'	complete=True	duration_s=11.12
CALL Geometry3K-300 geometry3k_test_2697 perception_graph
OK	Geometry3K-300	geometry3k_test_2697	perception_graph	pred='D'	gold='D'	complete=True	duration_s=11.41
CALL Geometry3K-300 geometry3k_test_2697 construction_plan
FAIL	Geometry3K-300	geometry3k_test_2697	construction_plan	pred='C'	gold='D'	complete=True	duration_s=11.78
CALL Geometry3K-300 geometry3k_test_2697 geoguide_solver
FAIL	Geometry3K-300	geometry3k_test_2697	geoguide_solver	pred='C'	gold='D'	complete=True	duration_s=11.70
CALL Geometry3K-300 geometry3k_test_2697 geoguide_cautious
OK	Geometry3K-300	geometry3k_test_2697	geoguide_cautious	pred='D'	gold='D'	complete=True	duration_s=11.80
CALL Geometry3K-300 geometry3k_test_2544 raw
OK	Geometry3K-300	geometry3k_test_2544	raw	pred='A'	gold='A'	complete=True	duration_s=7.71
CALL Geometry3K-300 geometry3k_test_2544 structured_facts
OK	Geometry3K-300	geometry3k_test_2544	structured_facts	pred='A'	gold='A'	complete=True	duration_s=8.03
CALL Geometry3K-300 geometry3k_test_2544 perception_graph
OK	Geometry3K-300	geometry3k_test_2544	perception_graph	pred='A'	gold='A'	complete=True	duration_s=8.40
CALL Geometry3K-300 geometry3k_test_2544 construction_plan
OK	Geometry3K-300	geometry3k_test_2544	construction_plan	pred='A'	gold='A'	complete=True	duration_s=8.70
CALL Geometry3K-300 geometry3k_test_2544 geoguide_solver
OK	Geometry3K-300	geometry3k_test_2544	geoguide_solver	pred='A'	gold='A'	complete=True	duration_s=8.69
CALL Geometry3K-300 geometry3k_test_2544 geoguide_cautious
OK	Geometry3K-300	geometry3k_test_2544	geoguide_cautious	pred='A'	gold='A'	complete=True	duration_s=8.73
CALL Geometry3K-300 geometry3k_test_2571 raw
OK	Geometry3K-300	geometry3k_test_2571	raw	pred='B'	gold='B'	complete=True	duration_s=19.05
CALL Geometry3K-300 geometry3k_test_2571 structured_facts
OK	Geometry3K-300	geometry3k_test_2571	structured_facts	pred='B'	gold='B'	complete=True	duration_s=19.76
CALL Geometry3K-300 geometry3k_test_2571 perception_graph
OK	Geometry3K-300	geometry3k_test_2571	perception_graph	pred='B'	gold='B'	complete=True	duration_s=20.10
CALL Geometry3K-300 geometry3k_test_2571 construction_plan
OK	Geometry3K-300	geometry3k_test_2571	construction_plan	pred='B'	gold='B'	complete=True	duration_s=20.69
CALL Geometry3K-300 geometry3k_test_2571 geoguide_solver
OK	Geometry3K-300	geometry3k_test_2571	geoguide_solver	pred='B'	gold='B'	complete=True	duration_s=20.14
CALL Geometry3K-300 geometry3k_test_2571 geoguide_cautious
OK	Geometry3K-300	geometry3k_test_2571	geoguide_cautious	pred='B'	gold='B'	complete=True	duration_s=20.43
CALL Geometry3K-300 geometry3k_test_2613 raw
FAIL	Geometry3K-300	geometry3k_test_2613	raw	pred='B'	gold='A'	complete=True	duration_s=4.23
CALL Geometry3K-300 geometry3k_test_2613 structured_facts
FAIL	Geometry3K-300	geometry3k_test_2613	structured_facts	pred='B'	gold='A'	complete=True	duration_s=5.15
CALL Geometry3K-300 geometry3k_test_2613 perception_graph
FAIL	Geometry3K-300	geometry3k_test_2613	perception_graph	pred='B'	gold='A'	complete=True	duration_s=5.46
CALL Geometry3K-300 geometry3k_test_2613 construction_plan
FAIL	Geometry3K-300	geometry3k_test_2613	construction_plan	pred='B'	gold='A'	complete=True	duration_s=6.07
CALL Geometry3K-300 geometry3k_test_2613 geoguide_solver
FAIL	Geometry3K-300	geometry3k_test_2613	geoguide_solver	pred='B'	gold='A'	complete=True	duration_s=5.52
CALL Geometry3K-300 geometry3k_test_2613 geoguide_cautious
FAIL	Geometry3K-300	geometry3k_test_2613	geoguide_cautious	pred='B'	gold='A'	complete=True	duration_s=6.09
CALL Geometry3K-300 geometry3k_test_2932 raw
OK	Geometry3K-300	geometry3k_test_2932	raw	pred='B'	gold='B'	complete=True	duration_s=10.81
CALL Geometry3K-300 geometry3k_test_2932 structured_facts
OK	Geometry3K-300	geometry3k_test_2932	structured_facts	pred='B'	gold='B'	complete=True	duration_s=11.21
CALL Geometry3K-300 geometry3k_test_2932 perception_graph
OK	Geometry3K-300	geometry3k_test_2932	perception_graph	pred='B'	gold='B'	complete=True	duration_s=11.56
CALL Geometry3K-300 geometry3k_test_2932 construction_plan
OK	Geometry3K-300	geometry3k_test_2932	construction_plan	pred='B'	gold='B'	complete=True	duration_s=11.89
CALL Geometry3K-300 geometry3k_test_2932 geoguide_solver
OK	Geometry3K-300	geometry3k_test_2932	geoguide_solver	pred='B'	gold='B'	complete=True	duration_s=11.80
CALL Geometry3K-300 geometry3k_test_2932 geoguide_cautious
OK	Geometry3K-300	geometry3k_test_2932	geoguide_cautious	pred='B'	gold='B'	complete=True	duration_s=12.12
CALL Geometry3K-300 geometry3k_test_2464 raw
OK	Geometry3K-300	geometry3k_test_2464	raw	pred='B'	gold='B'	complete=True	duration_s=13.39
CALL Geometry3K-300 geometry3k_test_2464 structured_facts
OK	Geometry3K-300	geometry3k_test_2464	structured_facts	pred='B'	gold='B'	complete=True	duration_s=14.05
CALL Geometry3K-300 geometry3k_test_2464 perception_graph
OK	Geometry3K-300	geometry3k_test_2464	perception_graph	pred='B'	gold='B'	complete=True	duration_s=14.95
CALL Geometry3K-300 geometry3k_test_2464 construction_plan
OK	Geometry3K-300	geometry3k_test_2464	construction_plan	pred='B'	gold='B'	complete=True	duration_s=15.06
CALL Geometry3K-300 geometry3k_test_2464 geoguide_solver
OK	Geometry3K-300	geometry3k_test_2464	geoguide_solver	pred='B'	gold='B'	complete=True	duration_s=14.63
CALL Geometry3K-300 geometry3k_test_2464 geoguide_cautious
OK	Geometry3K-300	geometry3k_test_2464	geoguide_cautious	pred='B'	gold='B'	complete=True	duration_s=14.97
CALL Geometry3K-300 geometry3k_test_2623 raw
OK	Geometry3K-300	geometry3k_test_2623	raw	pred='C'	gold='C'	complete=True	duration_s=10.83
CALL Geometry3K-300 geometry3k_test_2623 structured_facts
OK	Geometry3K-300	geometry3k_test_2623	structured_facts	pred='C'	gold='C'	complete=True	duration_s=11.44
CALL Geometry3K-300 geometry3k_test_2623 perception_graph
OK	Geometry3K-300	geometry3k_test_2623	perception_graph	pred='C'	gold='C'	complete=True	duration_s=11.49
CALL Geometry3K-300 geometry3k_test_2623 construction_plan
OK	Geometry3K-300	geometry3k_test_2623	construction_plan	pred='C'	gold='C'	complete=True	duration_s=11.84
CALL Geometry3K-300 geometry3k_test_2623 geoguide_solver
OK	Geometry3K-300	geometry3k_test_2623	geoguide_solver	pred='C'	gold='C'	complete=True	duration_s=11.81
CALL Geometry3K-300 geometry3k_test_2623 geoguide_cautious
OK	Geometry3K-300	geometry3k_test_2623	geoguide_cautious	pred='C'	gold='C'	complete=True	duration_s=12.10
CALL Geometry3K-300 geometry3k_test_2993 raw
OK	Geometry3K-300	geometry3k_test_2993	raw	pred='B'	gold='B'	complete=True	duration_s=4.84
CALL Geometry3K-300 geometry3k_test_2993 structured_facts
OK	Geometry3K-300	geometry3k_test_2993	structured_facts	pred='B'	gold='B'	complete=True	duration_s=5.52
CALL Geometry3K-300 geometry3k_test_2993 perception_graph
OK	Geometry3K-300	geometry3k_test_2993	perception_graph	pred='B'	gold='B'	complete=True	duration_s=6.13
CALL Geometry3K-300 geometry3k_test_2993 construction_plan
OK	Geometry3K-300	geometry3k_test_2993	construction_plan	pred='B'	gold='B'	complete=True	duration_s=6.77
CALL Geometry3K-300 geometry3k_test_2993 geoguide_solver
OK	Geometry3K-300	geometry3k_test_2993	geoguide_solver	pred='B'	gold='B'	complete=True	duration_s=6.15
CALL Geometry3K-300 geometry3k_test_2993 geoguide_cautious
OK	Geometry3K-300	geometry3k_test_2993	geoguide_cautious	pred='B'	gold='B'	complete=True	duration_s=6.76
CALL Geometry3K-300 geometry3k_test_2534 raw
FAIL	Geometry3K-300	geometry3k_test_2534	raw	pred='B'	gold='C'	complete=True	duration_s=12.53
CALL Geometry3K-300 geometry3k_test_2534 structured_facts
OK	Geometry3K-300	geometry3k_test_2534	structured_facts	pred='C'	gold='C'	complete=True	duration_s=12.89
CALL Geometry3K-300 geometry3k_test_2534 perception_graph
FAIL	Geometry3K-300	geometry3k_test_2534	perception_graph	pred='B'	gold='C'	complete=True	duration_s=13.22
CALL Geometry3K-300 geometry3k_test_2534 construction_plan
FAIL	Geometry3K-300	geometry3k_test_2534	construction_plan	pred='B'	gold='C'	complete=True	duration_s=13.55
CALL Geometry3K-300 geometry3k_test_2534 geoguide_solver
OK	Geometry3K-300	geometry3k_test_2534	geoguide_solver	pred='C'	gold='C'	complete=True	duration_s=13.49
CALL Geometry3K-300 geometry3k_test_2534 geoguide_cautious
FAIL	Geometry3K-300	geometry3k_test_2534	geoguide_cautious	pred='B'	gold='C'	complete=True	duration_s=14.10
CALL Geometry3K-300 geometry3k_test_2469 raw
OK	Geometry3K-300	geometry3k_test_2469	raw	pred='B'	gold='B'	complete=True	duration_s=15.02
CALL Geometry3K-300 geometry3k_test_2469 structured_facts
OK	Geometry3K-300	geometry3k_test_2469	structured_facts	pred='B'	gold='B'	complete=True	duration_s=15.33
CALL Geometry3K-300 geometry3k_test_2469 perception_graph
OK	Geometry3K-300	geometry3k_test_2469	perception_graph	pred='B'	gold='B'	complete=True	duration_s=15.64
CALL Geometry3K-300 geometry3k_test_2469 construction_plan
OK	Geometry3K-300	geometry3k_test_2469	construction_plan	pred='B'	gold='B'	complete=True	duration_s=16.02
CALL Geometry3K-300 geometry3k_test_2469 geoguide_solver
OK	Geometry3K-300	geometry3k_test_2469	geoguide_solver	pred='B'	gold='B'	complete=True	duration_s=15.66
CALL Geometry3K-300 geometry3k_test_2469 geoguide_cautious
OK	Geometry3K-300	geometry3k_test_2469	geoguide_cautious	pred='B'	gold='B'	complete=True	duration_s=15.98
CALL Geometry3K-300 geometry3k_test_2629 raw
FAIL	Geometry3K-300	geometry3k_test_2629	raw	pred='A'	gold='D'	complete=True	duration_s=6.32
CALL Geometry3K-300 geometry3k_test_2629 structured_facts
FAIL	Geometry3K-300	geometry3k_test_2629	structured_facts	pred='A'	gold='D'	complete=True	duration_s=7.32
CALL Geometry3K-300 geometry3k_test_2629 perception_graph
FAIL	Geometry3K-300	geometry3k_test_2629	perception_graph	pred='A'	gold='D'	complete=True	duration_s=7.30
CALL Geometry3K-300 geometry3k_test_2629 construction_plan
FAIL	Geometry3K-300	geometry3k_test_2629	construction_plan	pred='A'	gold='D'	complete=True	duration_s=7.96
CALL Geometry3K-300 geometry3k_test_2629 geoguide_solver
FAIL	Geometry3K-300	geometry3k_test_2629	geoguide_solver	pred='A'	gold='D'	complete=True	duration_s=7.66
CALL Geometry3K-300 geometry3k_test_2629 geoguide_cautious
FAIL	Geometry3K-300	geometry3k_test_2629	geoguide_cautious	pred='A'	gold='D'	complete=True	duration_s=8.25
CALL Geometry3K-300 geometry3k_test_2471 raw
OK	Geometry3K-300	geometry3k_test_2471	raw	pred='C'	gold='C'	complete=True	duration_s=4.53
CALL Geometry3K-300 geometry3k_test_2471 structured_facts
OK	Geometry3K-300	geometry3k_test_2471	structured_facts	pred='C'	gold='C'	complete=True	duration_s=5.09
CALL Geometry3K-300 geometry3k_test_2471 perception_graph
OK	Geometry3K-300	geometry3k_test_2471	perception_graph	pred='C'	gold='C'	complete=True	duration_s=5.44
CALL Geometry3K-300 geometry3k_test_2471 construction_plan
OK	Geometry3K-300	geometry3k_test_2471	construction_plan	pred='C'	gold='C'	complete=True	duration_s=5.80
CALL Geometry3K-300 geometry3k_test_2471 geoguide_solver
OK	Geometry3K-300	geometry3k_test_2471	geoguide_solver	pred='C'	gold='C'	complete=True	duration_s=5.50
CALL Geometry3K-300 geometry3k_test_2471 geoguide_cautious
OK	Geometry3K-300	geometry3k_test_2471	geoguide_cautious	pred='C'	gold='C'	complete=True	duration_s=6.07
CALL Geometry3K-300 geometry3k_test_2656 raw
OK	Geometry3K-300	geometry3k_test_2656	raw	pred='B'	gold='B'	complete=True	duration_s=4.21
CALL Geometry3K-300 geometry3k_test_2656 structured_facts
OK	Geometry3K-300	geometry3k_test_2656	structured_facts	pred='B'	gold='B'	complete=True	duration_s=4.80
CALL Geometry3K-300 geometry3k_test_2656 perception_graph
OK	Geometry3K-300	geometry3k_test_2656	perception_graph	pred='B'	gold='B'	complete=True	duration_s=5.13
CALL Geometry3K-300 geometry3k_test_2656 construction_plan
OK	Geometry3K-300	geometry3k_test_2656	construction_plan	pred='B'	gold='B'	complete=True	duration_s=5.80
CALL Geometry3K-300 geometry3k_test_2656 geoguide_solver
OK	Geometry3K-300	geometry3k_test_2656	geoguide_solver	pred='B'	gold='B'	complete=True	duration_s=5.47
CALL Geometry3K-300 geometry3k_test_2656 geoguide_cautious
OK	Geometry3K-300	geometry3k_test_2656	geoguide_cautious	pred='B'	gold='B'	complete=True	duration_s=5.55
CALL Geometry3K-300 geometry3k_test_2419 raw
OK	Geometry3K-300	geometry3k_test_2419	raw	pred='B'	gold='B'	complete=True	duration_s=8.72
CALL Geometry3K-300 geometry3k_test_2419 structured_facts
OK	Geometry3K-300	geometry3k_test_2419	structured_facts	pred='B'	gold='B'	complete=True	duration_s=9.41
CALL Geometry3K-300 geometry3k_test_2419 perception_graph
OK	Geometry3K-300	geometry3k_test_2419	perception_graph	pred='B'	gold='B'	complete=True	duration_s=9.77
CALL Geometry3K-300 geometry3k_test_2419 construction_plan
OK	Geometry3K-300	geometry3k_test_2419	construction_plan	pred='B'	gold='B'	complete=True	duration_s=10.38
CALL Geometry3K-300 geometry3k_test_2419 geoguide_solver
OK	Geometry3K-300	geometry3k_test_2419	geoguide_solver	pred='B'	gold='B'	complete=True	duration_s=10.09
CALL Geometry3K-300 geometry3k_test_2419 geoguide_cautious
OK	Geometry3K-300	geometry3k_test_2419	geoguide_cautious	pred='B'	gold='B'	complete=True	duration_s=10.42
CALL Geometry3K-300 geometry3k_test_2923 raw
FAIL	Geometry3K-300	geometry3k_test_2923	raw	pred='B'	gold='C'	complete=True	duration_s=4.83
CALL Geometry3K-300 geometry3k_test_2923 structured_facts
FAIL	Geometry3K-300	geometry3k_test_2923	structured_facts	pred='B'	gold='C'	complete=True	duration_s=4.42
CALL Geometry3K-300 geometry3k_test_2923 perception_graph
FAIL	Geometry3K-300	geometry3k_test_2923	perception_graph	pred='B'	gold='C'	complete=True	duration_s=5.41
CALL Geometry3K-300 geometry3k_test_2923 construction_plan
FAIL	Geometry3K-300	geometry3k_test_2923	construction_plan	pred='B'	gold='C'	complete=True	duration_s=5.80
CALL Geometry3K-300 geometry3k_test_2923 geoguide_solver
FAIL	Geometry3K-300	geometry3k_test_2923	geoguide_solver	pred='B'	gold='C'	complete=True	duration_s=5.73
CALL Geometry3K-300 geometry3k_test_2923 geoguide_cautious
FAIL	Geometry3K-300	geometry3k_test_2923	geoguide_cautious	pred='B'	gold='C'	complete=True	duration_s=6.07
CALL Geometry3K-300 geometry3k_test_2561 raw
OK	Geometry3K-300	geometry3k_test_2561	raw	pred='C'	gold='C'	complete=True	duration_s=4.21
CALL Geometry3K-300 geometry3k_test_2561 structured_facts
OK	Geometry3K-300	geometry3k_test_2561	structured_facts	pred='C'	gold='C'	complete=True	duration_s=4.79
CALL Geometry3K-300 geometry3k_test_2561 perception_graph
FAIL	Geometry3K-300	geometry3k_test_2561	perception_graph	pred='D'	gold='C'	complete=True	duration_s=5.15
CALL Geometry3K-300 geometry3k_test_2561 construction_plan
FAIL	Geometry3K-300	geometry3k_test_2561	construction_plan	pred='D'	gold='C'	complete=True	duration_s=5.51
CALL Geometry3K-300 geometry3k_test_2561 geoguide_solver
OK	Geometry3K-300	geometry3k_test_2561	geoguide_solver	pred='C'	gold='C'	complete=True	duration_s=5.22
CALL Geometry3K-300 geometry3k_test_2561 geoguide_cautious
FAIL	Geometry3K-300	geometry3k_test_2561	geoguide_cautious	pred='D'	gold='C'	complete=True	duration_s=5.53
CALL Geometry3K-300 geometry3k_test_2501 raw
OK	Geometry3K-300	geometry3k_test_2501	raw	pred='B'	gold='B'	complete=True	duration_s=17.70
CALL Geometry3K-300 geometry3k_test_2501 structured_facts
OK	Geometry3K-300	geometry3k_test_2501	structured_facts	pred='B'	gold='B'	complete=True	duration_s=18.08
CALL Geometry3K-300 geometry3k_test_2501 perception_graph
OK	Geometry3K-300	geometry3k_test_2501	perception_graph	pred='B'	gold='B'	complete=True	duration_s=18.36
CALL Geometry3K-300 geometry3k_test_2501 construction_plan
OK	Geometry3K-300	geometry3k_test_2501	construction_plan	pred='B'	gold='B'	complete=True	duration_s=18.71
CALL Geometry3K-300 geometry3k_test_2501 geoguide_solver
OK	Geometry3K-300	geometry3k_test_2501	geoguide_solver	pred='B'	gold='B'	complete=True	duration_s=18.79
CALL Geometry3K-300 geometry3k_test_2501 geoguide_cautious
OK	Geometry3K-300	geometry3k_test_2501	geoguide_cautious	pred='B'	gold='B'	complete=True	duration_s=19.32
CALL Geometry3K-300 geometry3k_test_2562 raw
OK	Geometry3K-300	geometry3k_test_2562	raw	pred='C'	gold='C'	complete=True	duration_s=4.24
CALL Geometry3K-300 geometry3k_test_2562 structured_facts
OK	Geometry3K-300	geometry3k_test_2562	structured_facts	pred='C'	gold='C'	complete=True	duration_s=4.53
CALL Geometry3K-300 geometry3k_test_2562 perception_graph
OK	Geometry3K-300	geometry3k_test_2562	perception_graph	pred='C'	gold='C'	complete=True	duration_s=4.80
CALL Geometry3K-300 geometry3k_test_2562 construction_plan
OK	Geometry3K-300	geometry3k_test_2562	construction_plan	pred='C'	gold='C'	complete=True	duration_s=5.46
CALL Geometry3K-300 geometry3k_test_2562 geoguide_solver
OK	Geometry3K-300	geometry3k_test_2562	geoguide_solver	pred='C'	gold='C'	complete=True	duration_s=5.12
CALL Geometry3K-300 geometry3k_test_2562 geoguide_cautious
OK	Geometry3K-300	geometry3k_test_2562	geoguide_cautious	pred='C'	gold='C'	complete=True	duration_s=5.19
CALL Geometry3K-300 geometry3k_test_2934 raw
OK	Geometry3K-300	geometry3k_test_2934	raw	pred='C'	gold='C'	complete=True	duration_s=4.22
CALL Geometry3K-300 geometry3k_test_2934 structured_facts
OK	Geometry3K-300	geometry3k_test_2934	structured_facts	pred='C'	gold='C'	complete=True	duration_s=4.51
CALL Geometry3K-300 geometry3k_test_2934 perception_graph
OK	Geometry3K-300	geometry3k_test_2934	perception_graph	pred='C'	gold='C'	complete=True	duration_s=4.83
CALL Geometry3K-300 geometry3k_test_2934 construction_plan
OK	Geometry3K-300	geometry3k_test_2934	construction_plan	pred='C'	gold='C'	complete=True	duration_s=5.49
CALL Geometry3K-300 geometry3k_test_2934 geoguide_solver
OK	Geometry3K-300	geometry3k_test_2934	geoguide_solver	pred='C'	gold='C'	complete=True	duration_s=5.14
CALL Geometry3K-300 geometry3k_test_2934 geoguide_cautious
OK	Geometry3K-300	geometry3k_test_2934	geoguide_cautious	pred='C'	gold='C'	complete=True	duration_s=5.16
CALL Geometry3K-300 geometry3k_test_2515 raw
OK	Geometry3K-300	geometry3k_test_2515	raw	pred='B'	gold='B'	complete=True	duration_s=17.88
CALL Geometry3K-300 geometry3k_test_2515 structured_facts
OK	Geometry3K-300	geometry3k_test_2515	structured_facts	pred='B'	gold='B'	complete=True	duration_s=18.20
CALL Geometry3K-300 geometry3k_test_2515 perception_graph
OK	Geometry3K-300	geometry3k_test_2515	perception_graph	pred='B'	gold='B'	complete=True	duration_s=18.57
CALL Geometry3K-300 geometry3k_test_2515 construction_plan
OK	Geometry3K-300	geometry3k_test_2515	construction_plan	pred='B'	gold='B'	complete=True	duration_s=18.90
CALL Geometry3K-300 geometry3k_test_2515 geoguide_solver
OK	Geometry3K-300	geometry3k_test_2515	geoguide_solver	pred='B'	gold='B'	complete=True	duration_s=18.55
CALL Geometry3K-300 geometry3k_test_2515 geoguide_cautious
OK	Geometry3K-300	geometry3k_test_2515	geoguide_cautious	pred='B'	gold='B'	complete=True	duration_s=19.15
CALL Geometry3K-300 geometry3k_test_2997 raw
FAIL	Geometry3K-300	geometry3k_test_2997	raw	pred='B'	gold='C'	complete=True	duration_s=9.82
CALL Geometry3K-300 geometry3k_test_2997 structured_facts
FAIL	Geometry3K-300	geometry3k_test_2997	structured_facts	pred='B'	gold='C'	complete=True	duration_s=10.47
CALL Geometry3K-300 geometry3k_test_2997 perception_graph
FAIL	Geometry3K-300	geometry3k_test_2997	perception_graph	pred='B'	gold='C'	complete=True	duration_s=10.85
CALL Geometry3K-300 geometry3k_test_2997 construction_plan
FAIL	Geometry3K-300	geometry3k_test_2997	construction_plan	pred='B'	gold='C'	complete=True	duration_s=11.18
CALL Geometry3K-300 geometry3k_test_2997 geoguide_solver
FAIL	Geometry3K-300	geometry3k_test_2997	geoguide_solver	pred='B'	gold='C'	complete=True	duration_s=10.85
CALL Geometry3K-300 geometry3k_test_2997 geoguide_cautious
FAIL	Geometry3K-300	geometry3k_test_2997	geoguide_cautious	pred='B'	gold='C'	complete=True	duration_s=11.18
CALL Geometry3K-300 geometry3k_test_2674 raw
FAIL	Geometry3K-300	geometry3k_test_2674	raw	pred='C'	gold='D'	complete=True	duration_s=4.21
CALL Geometry3K-300 geometry3k_test_2674 structured_facts
FAIL	Geometry3K-300	geometry3k_test_2674	structured_facts	pred='C'	gold='D'	complete=True	duration_s=5.17
CALL Geometry3K-300 geometry3k_test_2674 perception_graph
FAIL	Geometry3K-300	geometry3k_test_2674	perception_graph	pred='C'	gold='D'	complete=True	duration_s=5.51
CALL Geometry3K-300 geometry3k_test_2674 construction_plan
FAIL	Geometry3K-300	geometry3k_test_2674	construction_plan	pred='C'	gold='D'	complete=True	duration_s=6.43
CALL Geometry3K-300 geometry3k_test_2674 geoguide_solver
FAIL	Geometry3K-300	geometry3k_test_2674	geoguide_solver	pred='C'	gold='D'	complete=True	duration_s=5.82
CALL Geometry3K-300 geometry3k_test_2674 geoguide_cautious
FAIL	Geometry3K-300	geometry3k_test_2674	geoguide_cautious	pred='C'	gold='D'	complete=True	duration_s=6.42
CALL Geometry3K-300 geometry3k_test_2981 raw
OK	Geometry3K-300	geometry3k_test_2981	raw	pred='C'	gold='C'	complete=True	duration_s=4.42
CALL Geometry3K-300 geometry3k_test_2981 structured_facts
OK	Geometry3K-300	geometry3k_test_2981	structured_facts	pred='C'	gold='C'	complete=True	duration_s=4.74
CALL Geometry3K-300 geometry3k_test_2981 perception_graph
OK	Geometry3K-300	geometry3k_test_2981	perception_graph	pred='C'	gold='C'	complete=True	duration_s=4.99
CALL Geometry3K-300 geometry3k_test_2981 construction_plan
OK	Geometry3K-300	geometry3k_test_2981	construction_plan	pred='C'	gold='C'	complete=True	duration_s=5.37
CALL Geometry3K-300 geometry3k_test_2981 geoguide_solver
OK	Geometry3K-300	geometry3k_test_2981	geoguide_solver	pred='C'	gold='C'	complete=True	duration_s=5.34
CALL Geometry3K-300 geometry3k_test_2981 geoguide_cautious
OK	Geometry3K-300	geometry3k_test_2981	geoguide_cautious	pred='C'	gold='C'	complete=True	duration_s=5.37
CALL Geometry3K-300 geometry3k_test_2486 raw
OK	Geometry3K-300	geometry3k_test_2486	raw	pred='C'	gold='C'	complete=True	duration_s=4.83
CALL Geometry3K-300 geometry3k_test_2486 structured_facts
OK	Geometry3K-300	geometry3k_test_2486	structured_facts	pred='C'	gold='C'	complete=True	duration_s=5.48
CALL Geometry3K-300 geometry3k_test_2486 perception_graph
OK	Geometry3K-300	geometry3k_test_2486	perception_graph	pred='C'	gold='C'	complete=True	duration_s=5.87
CALL Geometry3K-300 geometry3k_test_2486 construction_plan
OK	Geometry3K-300	geometry3k_test_2486	construction_plan	pred='C'	gold='C'	complete=True	duration_s=6.50
CALL Geometry3K-300 geometry3k_test_2486 geoguide_solver
OK	Geometry3K-300	geometry3k_test_2486	geoguide_solver	pred='C'	gold='C'	complete=True	duration_s=6.15
CALL Geometry3K-300 geometry3k_test_2486 geoguide_cautious
FAIL	Geometry3K-300	geometry3k_test_2486	geoguide_cautious	pred='B'	gold='C'	complete=True	duration_s=6.46
CALL Geometry3K-300 geometry3k_test_2604 raw
FAIL	Geometry3K-300	geometry3k_test_2604	raw	pred='A'	gold='B'	complete=True	duration_s=4.13
CALL Geometry3K-300 geometry3k_test_2604 structured_facts
OK	Geometry3K-300	geometry3k_test_2604	structured_facts	pred='B'	gold='B'	complete=True	duration_s=4.41
CALL Geometry3K-300 geometry3k_test_2604 perception_graph
FAIL	Geometry3K-300	geometry3k_test_2604	perception_graph	pred='A'	gold='B'	complete=True	duration_s=5.07
CALL Geometry3K-300 geometry3k_test_2604 construction_plan
OK	Geometry3K-300	geometry3k_test_2604	construction_plan	pred='B'	gold='B'	complete=True	duration_s=5.33
CALL Geometry3K-300 geometry3k_test_2604 geoguide_solver
OK	Geometry3K-300	geometry3k_test_2604	geoguide_solver	pred='B'	gold='B'	complete=True	duration_s=5.02
CALL Geometry3K-300 geometry3k_test_2604 geoguide_cautious
OK	Geometry3K-300	geometry3k_test_2604	geoguide_cautious	pred='B'	gold='B'	complete=True	duration_s=5.36
CALL Geometry3K-300 geometry3k_test_2794 raw
OK	Geometry3K-300	geometry3k_test_2794	raw	pred='B'	gold='B'	complete=True	duration_s=8.07
CALL Geometry3K-300 geometry3k_test_2794 structured_facts
OK	Geometry3K-300	geometry3k_test_2794	structured_facts	pred='B'	gold='B'	complete=True	duration_s=8.79
CALL Geometry3K-300 geometry3k_test_2794 perception_graph
OK	Geometry3K-300	geometry3k_test_2794	perception_graph	pred='B'	gold='B'	complete=True	duration_s=9.10
CALL Geometry3K-300 geometry3k_test_2794 construction_plan
OK	Geometry3K-300	geometry3k_test_2794	construction_plan	pred='B'	gold='B'	complete=True	duration_s=9.46
CALL Geometry3K-300 geometry3k_test_2794 geoguide_solver
OK	Geometry3K-300	geometry3k_test_2794	geoguide_solver	pred='B'	gold='B'	complete=True	duration_s=9.38
CALL Geometry3K-300 geometry3k_test_2794 geoguide_cautious
OK	Geometry3K-300	geometry3k_test_2794	geoguide_cautious	pred='B'	gold='B'	complete=True	duration_s=9.48
CALL Geometry3K-300 geometry3k_test_2546 raw
OK	Geometry3K-300	geometry3k_test_2546	raw	pred='B'	gold='B'	complete=True	duration_s=3.87
CALL Geometry3K-300 geometry3k_test_2546 structured_facts
OK	Geometry3K-300	geometry3k_test_2546	structured_facts	pred='B'	gold='B'	complete=True	duration_s=4.45
CALL Geometry3K-300 geometry3k_test_2546 perception_graph
OK	Geometry3K-300	geometry3k_test_2546	perception_graph	pred='B'	gold='B'	complete=True	duration_s=4.80
CALL Geometry3K-300 geometry3k_test_2546 construction_plan
OK	Geometry3K-300	geometry3k_test_2546	construction_plan	pred='B'	gold='B'	complete=True	duration_s=5.21
CALL Geometry3K-300 geometry3k_test_2546 geoguide_solver
OK	Geometry3K-300	geometry3k_test_2546	geoguide_solver	pred='B'	gold='B'	complete=True	duration_s=4.84
CALL Geometry3K-300 geometry3k_test_2546 geoguide_cautious
OK	Geometry3K-300	geometry3k_test_2546	geoguide_cautious	pred='B'	gold='B'	complete=True	duration_s=5.45
CALL Geometry3K-300 geometry3k_test_2442 raw
OK	Geometry3K-300	geometry3k_test_2442	raw	pred='C'	gold='C'	complete=True	duration_s=9.29
CALL Geometry3K-300 geometry3k_test_2442 structured_facts
OK	Geometry3K-300	geometry3k_test_2442	structured_facts	pred='C'	gold='C'	complete=True	duration_s=9.67
CALL Geometry3K-300 geometry3k_test_2442 perception_graph
OK	Geometry3K-300	geometry3k_test_2442	perception_graph	pred='C'	gold='C'	complete=True	duration_s=9.98
CALL Geometry3K-300 geometry3k_test_2442 construction_plan
OK	Geometry3K-300	geometry3k_test_2442	construction_plan	pred='C'	gold='C'	complete=True	duration_s=10.40
CALL Geometry3K-300 geometry3k_test_2442 geoguide_solver
OK	Geometry3K-300	geometry3k_test_2442	geoguide_solver	pred='C'	gold='C'	complete=True	duration_s=10.04
CALL Geometry3K-300 geometry3k_test_2442 geoguide_cautious
OK	Geometry3K-300	geometry3k_test_2442	geoguide_cautious	pred='C'	gold='C'	complete=True	duration_s=10.56
CALL Geometry3K-300 geometry3k_test_2708 raw
FAIL	Geometry3K-300	geometry3k_test_2708	raw	pred='B'	gold='C'	complete=True	duration_s=4.20
CALL Geometry3K-300 geometry3k_test_2708 structured_facts
FAIL	Geometry3K-300	geometry3k_test_2708	structured_facts	pred='B'	gold='C'	complete=True	duration_s=4.78
CALL Geometry3K-300 geometry3k_test_2708 perception_graph
FAIL	Geometry3K-300	geometry3k_test_2708	perception_graph	pred='B'	gold='C'	complete=True	duration_s=5.14
CALL Geometry3K-300 geometry3k_test_2708 construction_plan
FAIL	Geometry3K-300	geometry3k_test_2708	construction_plan	pred='B'	gold='C'	complete=True	duration_s=5.85
CALL Geometry3K-300 geometry3k_test_2708 geoguide_solver
FAIL	Geometry3K-300	geometry3k_test_2708	geoguide_solver	pred='B'	gold='C'	complete=True	duration_s=5.46
CALL Geometry3K-300 geometry3k_test_2708 geoguide_cautious
FAIL	Geometry3K-300	geometry3k_test_2708	geoguide_cautious	pred='B'	gold='C'	complete=True	duration_s=5.55
CALL Geometry3K-300 geometry3k_test_2414 raw
OK	Geometry3K-300	geometry3k_test_2414	raw	pred='B'	gold='B'	complete=True	duration_s=4.21
CALL Geometry3K-300 geometry3k_test_2414 structured_facts
OK	Geometry3K-300	geometry3k_test_2414	structured_facts	pred='B'	gold='B'	complete=True	duration_s=4.54
CALL Geometry3K-300 geometry3k_test_2414 perception_graph
OK	Geometry3K-300	geometry3k_test_2414	perception_graph	pred='B'	gold='B'	complete=True	duration_s=4.86
CALL Geometry3K-300 geometry3k_test_2414 construction_plan
OK	Geometry3K-300	geometry3k_test_2414	construction_plan	pred='B'	gold='B'	complete=True	duration_s=5.21
CALL Geometry3K-300 geometry3k_test_2414 geoguide_solver
OK	Geometry3K-300	geometry3k_test_2414	geoguide_solver	pred='B'	gold='B'	complete=True	duration_s=5.14
CALL Geometry3K-300 geometry3k_test_2414 geoguide_cautious
OK	Geometry3K-300	geometry3k_test_2414	geoguide_cautious	pred='B'	gold='B'	complete=True	duration_s=5.49
CALL Geometry3K-300 geometry3k_test_2554 raw
OK	Geometry3K-300	geometry3k_test_2554	raw	pred='D'	gold='D'	complete=True	duration_s=5.33
CALL Geometry3K-300 geometry3k_test_2554 structured_facts
OK	Geometry3K-300	geometry3k_test_2554	structured_facts	pred='D'	gold='D'	complete=True	duration_s=5.04
CALL Geometry3K-300 geometry3k_test_2554 perception_graph
OK	Geometry3K-300	geometry3k_test_2554	perception_graph	pred='D'	gold='D'	complete=True	duration_s=5.40
CALL Geometry3K-300 geometry3k_test_2554 construction_plan
OK	Geometry3K-300	geometry3k_test_2554	construction_plan	pred='D'	gold='D'	complete=True	duration_s=5.75
CALL Geometry3K-300 geometry3k_test_2554 geoguide_solver
OK	Geometry3K-300	geometry3k_test_2554	geoguide_solver	pred='D'	gold='D'	complete=True	duration_s=5.41
CALL Geometry3K-300 geometry3k_test_2554 geoguide_cautious
OK	Geometry3K-300	geometry3k_test_2554	geoguide_cautious	pred='D'	gold='D'	complete=True	duration_s=5.75
CALL Geometry3K-300 geometry3k_test_2937 raw
OK	Geometry3K-300	geometry3k_test_2937	raw	pred='C'	gold='C'	complete=True	duration_s=4.19
CALL Geometry3K-300 geometry3k_test_2937 structured_facts
OK	Geometry3K-300	geometry3k_test_2937	structured_facts	pred='C'	gold='C'	complete=True	duration_s=4.49
CALL Geometry3K-300 geometry3k_test_2937 perception_graph
OK	Geometry3K-300	geometry3k_test_2937	perception_graph	pred='C'	gold='C'	complete=True	duration_s=4.78
CALL Geometry3K-300 geometry3k_test_2937 construction_plan
OK	Geometry3K-300	geometry3k_test_2937	construction_plan	pred='C'	gold='C'	complete=True	duration_s=5.41
CALL Geometry3K-300 geometry3k_test_2937 geoguide_solver
OK	Geometry3K-300	geometry3k_test_2937	geoguide_solver	pred='C'	gold='C'	complete=True	duration_s=4.82
CALL Geometry3K-300 geometry3k_test_2937 geoguide_cautious
OK	Geometry3K-300	geometry3k_test_2937	geoguide_cautious	pred='C'	gold='C'	complete=True	duration_s=5.43
CALL Geometry3K-300 geometry3k_test_2416 raw
OK	Geometry3K-300	geometry3k_test_2416	raw	pred='B'	gold='B'	complete=True	duration_s=4.43
CALL Geometry3K-300 geometry3k_test_2416 structured_facts
OK	Geometry3K-300	geometry3k_test_2416	structured_facts	pred='B'	gold='B'	complete=True	duration_s=5.05
CALL Geometry3K-300 geometry3k_test_2416 perception_graph
OK	Geometry3K-300	geometry3k_test_2416	perception_graph	pred='B'	gold='B'	complete=True	duration_s=5.41
CALL Geometry3K-300 geometry3k_test_2416 construction_plan
OK	Geometry3K-300	geometry3k_test_2416	construction_plan	pred='B'	gold='B'	complete=True	duration_s=5.75
CALL Geometry3K-300 geometry3k_test_2416 geoguide_solver
OK	Geometry3K-300	geometry3k_test_2416	geoguide_solver	pred='B'	gold='B'	complete=True	duration_s=5.73
CALL Geometry3K-300 geometry3k_test_2416 geoguide_cautious
OK	Geometry3K-300	geometry3k_test_2416	geoguide_cautious	pred='B'	gold='B'	complete=True	duration_s=6.04
CALL Geometry3K-300 geometry3k_test_2521 raw
FAIL	Geometry3K-300	geometry3k_test_2521	raw	pred='B'	gold='C'	complete=True	duration_s=6.07
CALL Geometry3K-300 geometry3k_test_2521 structured_facts
FAIL	Geometry3K-300	geometry3k_test_2521	structured_facts	pred='B'	gold='C'	complete=True	duration_s=6.39
CALL Geometry3K-300 geometry3k_test_2521 perception_graph
FAIL	Geometry3K-300	geometry3k_test_2521	perception_graph	pred='B'	gold='C'	complete=True	duration_s=6.75
CALL Geometry3K-300 geometry3k_test_2521 construction_plan
OK	Geometry3K-300	geometry3k_test_2521	construction_plan	pred='C'	gold='C'	complete=True	duration_s=7.38
CALL Geometry3K-300 geometry3k_test_2521 geoguide_solver
FAIL	Geometry3K-300	geometry3k_test_2521	geoguide_solver	pred=''	gold='C'	complete=False	duration_s=9.77
CALL Geometry3K-300 geometry3k_test_2521 geoguide_cautious
FAIL	Geometry3K-300	geometry3k_test_2521	geoguide_cautious	pred=''	gold='C'	complete=False	duration_s=9.82
CALL Geometry3K-300 geometry3k_test_2706 raw
FAIL	Geometry3K-300	geometry3k_test_2706	raw	pred='B'	gold='A'	complete=True	duration_s=4.53
CALL Geometry3K-300 geometry3k_test_2706 structured_facts
FAIL	Geometry3K-300	geometry3k_test_2706	structured_facts	pred='B'	gold='A'	complete=True	duration_s=5.14
CALL Geometry3K-300 geometry3k_test_2706 perception_graph
FAIL	Geometry3K-300	geometry3k_test_2706	perception_graph	pred='B'	gold='A'	complete=True	duration_s=5.52
CALL Geometry3K-300 geometry3k_test_2706 construction_plan
FAIL	Geometry3K-300	geometry3k_test_2706	construction_plan	pred='B'	gold='A'	complete=True	duration_s=5.84
CALL Geometry3K-300 geometry3k_test_2706 geoguide_solver
FAIL	Geometry3K-300	geometry3k_test_2706	geoguide_solver	pred='B'	gold='A'	complete=True	duration_s=5.79
CALL Geometry3K-300 geometry3k_test_2706 geoguide_cautious
FAIL	Geometry3K-300	geometry3k_test_2706	geoguide_cautious	pred='B'	gold='A'	complete=True	duration_s=6.15
CALL Geometry3K-300 geometry3k_test_2423 raw
OK	Geometry3K-300	geometry3k_test_2423	raw	pred='C'	gold='C'	complete=True	duration_s=12.09
CALL Geometry3K-300 geometry3k_test_2423 structured_facts
OK	Geometry3K-300	geometry3k_test_2423	structured_facts	pred='C'	gold='C'	complete=True	duration_s=12.40
CALL Geometry3K-300 geometry3k_test_2423 perception_graph
OK	Geometry3K-300	geometry3k_test_2423	perception_graph	pred='C'	gold='C'	complete=True	duration_s=12.77
CALL Geometry3K-300 geometry3k_test_2423 construction_plan
OK	Geometry3K-300	geometry3k_test_2423	construction_plan	pred='C'	gold='C'	complete=True	duration_s=13.04
CALL Geometry3K-300 geometry3k_test_2423 geoguide_solver
OK	Geometry3K-300	geometry3k_test_2423	geoguide_solver	pred='C'	gold='C'	complete=True	duration_s=12.74
CALL Geometry3K-300 geometry3k_test_2423 geoguide_cautious
OK	Geometry3K-300	geometry3k_test_2423	geoguide_cautious	pred='C'	gold='C'	complete=True	duration_s=13.05
CALL Geometry3K-300 geometry3k_test_2789 raw
OK	Geometry3K-300	geometry3k_test_2789	raw	pred='B'	gold='B'	complete=True	duration_s=4.20
CALL Geometry3K-300 geometry3k_test_2789 structured_facts
OK	Geometry3K-300	geometry3k_test_2789	structured_facts	pred='B'	gold='B'	complete=True	duration_s=5.12
CALL Geometry3K-300 geometry3k_test_2789 perception_graph
OK	Geometry3K-300	geometry3k_test_2789	perception_graph	pred='B'	gold='B'	complete=True	duration_s=5.49
CALL Geometry3K-300 geometry3k_test_2789 construction_plan
OK	Geometry3K-300	geometry3k_test_2789	construction_plan	pred='B'	gold='B'	complete=True	duration_s=5.87
CALL Geometry3K-300 geometry3k_test_2789 geoguide_solver
OK	Geometry3K-300	geometry3k_test_2789	geoguide_solver	pred='B'	gold='B'	complete=True	duration_s=5.53
CALL Geometry3K-300 geometry3k_test_2789 geoguide_cautious
OK	Geometry3K-300	geometry3k_test_2789	geoguide_cautious	pred='B'	gold='B'	complete=True	duration_s=6.09
CALL Geometry3K-300 geometry3k_test_2942 raw
OK	Geometry3K-300	geometry3k_test_2942	raw	pred='B'	gold='B'	complete=True	duration_s=7.98
CALL Geometry3K-300 geometry3k_test_2942 structured_facts
OK	Geometry3K-300	geometry3k_test_2942	structured_facts	pred='B'	gold='B'	complete=True	duration_s=8.22
CALL Geometry3K-300 geometry3k_test_2942 perception_graph
OK	Geometry3K-300	geometry3k_test_2942	perception_graph	pred='B'	gold='B'	complete=True	duration_s=8.59
CALL Geometry3K-300 geometry3k_test_2942 construction_plan
OK	Geometry3K-300	geometry3k_test_2942	construction_plan	pred='B'	gold='B'	complete=True	duration_s=8.92
CALL Geometry3K-300 geometry3k_test_2942 geoguide_solver
OK	Geometry3K-300	geometry3k_test_2942	geoguide_solver	pred='B'	gold='B'	complete=True	duration_s=8.63
CALL Geometry3K-300 geometry3k_test_2942 geoguide_cautious
OK	Geometry3K-300	geometry3k_test_2942	geoguide_cautious	pred='B'	gold='B'	complete=True	duration_s=8.93
CALL Geometry3K-300 geometry3k_test_2868 raw
OK	Geometry3K-300	geometry3k_test_2868	raw	pred='B'	gold='B'	complete=True	duration_s=9.66
CALL Geometry3K-300 geometry3k_test_2868 structured_facts
OK	Geometry3K-300	geometry3k_test_2868	structured_facts	pred='B'	gold='B'	complete=True	duration_s=9.61
CALL Geometry3K-300 geometry3k_test_2868 perception_graph
FAIL	Geometry3K-300	geometry3k_test_2868	perception_graph	pred='D'	gold='B'	complete=True	duration_s=10.45
CALL Geometry3K-300 geometry3k_test_2868 construction_plan
OK	Geometry3K-300	geometry3k_test_2868	construction_plan	pred='B'	gold='B'	complete=True	duration_s=10.69
CALL Geometry3K-300 geometry3k_test_2868 geoguide_solver
FAIL	Geometry3K-300	geometry3k_test_2868	geoguide_solver	pred='D'	gold='B'	complete=True	duration_s=10.50
CALL Geometry3K-300 geometry3k_test_2868 geoguide_cautious
FAIL	Geometry3K-300	geometry3k_test_2868	geoguide_cautious	pred='D'	gold='B'	complete=True	duration_s=10.85
CALL Geometry3K-300 geometry3k_test_2550 raw
FAIL	Geometry3K-300	geometry3k_test_2550	raw	pred=''	gold='D'	complete=False	duration_s=6.88
CALL Geometry3K-300 geometry3k_test_2550 structured_facts
FAIL	Geometry3K-300	geometry3k_test_2550	structured_facts	pred='C'	gold='D'	complete=True	duration_s=4.51
CALL Geometry3K-300 geometry3k_test_2550 perception_graph
OK	Geometry3K-300	geometry3k_test_2550	perception_graph	pred='D'	gold='D'	complete=True	duration_s=4.83
CALL Geometry3K-300 geometry3k_test_2550 construction_plan
FAIL	Geometry3K-300	geometry3k_test_2550	construction_plan	pred='C'	gold='D'	complete=True	duration_s=5.22
CALL Geometry3K-300 geometry3k_test_2550 geoguide_solver
FAIL	Geometry3K-300	geometry3k_test_2550	geoguide_solver	pred=''	gold='D'	complete=False	duration_s=7.83
CALL Geometry3K-300 geometry3k_test_2550 geoguide_cautious
FAIL	Geometry3K-300	geometry3k_test_2550	geoguide_cautious	pred=''	gold='D'	complete=False	duration_s=7.89
CALL Geometry3K-300 geometry3k_test_2698 raw
OK	Geometry3K-300	geometry3k_test_2698	raw	pred='C'	gold='C'	complete=True	duration_s=10.97
CALL Geometry3K-300 geometry3k_test_2698 structured_facts
OK	Geometry3K-300	geometry3k_test_2698	structured_facts	pred='C'	gold='C'	complete=True	duration_s=11.61
CALL Geometry3K-300 geometry3k_test_2698 perception_graph
OK	Geometry3K-300	geometry3k_test_2698	perception_graph	pred='C'	gold='C'	complete=True	duration_s=11.97
CALL Geometry3K-300 geometry3k_test_2698 construction_plan
OK	Geometry3K-300	geometry3k_test_2698	construction_plan	pred='C'	gold='C'	complete=True	duration_s=12.63
CALL Geometry3K-300 geometry3k_test_2698 geoguide_solver
OK	Geometry3K-300	geometry3k_test_2698	geoguide_solver	pred='C'	gold='C'	complete=True	duration_s=12.28
CALL Geometry3K-300 geometry3k_test_2698 geoguide_cautious
OK	Geometry3K-300	geometry3k_test_2698	geoguide_cautious	pred='C'	gold='C'	complete=True	duration_s=12.59
CALL Geometry3K-300 geometry3k_test_2514 raw
FAIL	Geometry3K-300	geometry3k_test_2514	raw	pred='C'	gold='A'	complete=True	duration_s=4.12
CALL Geometry3K-300 geometry3k_test_2514 structured_facts
FAIL	Geometry3K-300	geometry3k_test_2514	structured_facts	pred='C'	gold='A'	complete=True	duration_s=4.46
CALL Geometry3K-300 geometry3k_test_2514 perception_graph
FAIL	Geometry3K-300	geometry3k_test_2514	perception_graph	pred='C'	gold='A'	complete=True	duration_s=4.75
CALL Geometry3K-300 geometry3k_test_2514 construction_plan
FAIL	Geometry3K-300	geometry3k_test_2514	construction_plan	pred='C'	gold='A'	complete=True	duration_s=5.13
CALL Geometry3K-300 geometry3k_test_2514 geoguide_solver
FAIL	Geometry3K-300	geometry3k_test_2514	geoguide_solver	pred='C'	gold='A'	complete=True	duration_s=5.07
CALL Geometry3K-300 geometry3k_test_2514 geoguide_cautious
FAIL	Geometry3K-300	geometry3k_test_2514	geoguide_cautious	pred='B'	gold='A'	complete=True	duration_s=5.66
CALL Geometry3K-300 geometry3k_test_2627 raw
FAIL	Geometry3K-300	geometry3k_test_2627	raw	pred='B'	gold='A'	complete=True	duration_s=10.45
CALL Geometry3K-300 geometry3k_test_2627 structured_facts
FAIL	Geometry3K-300	geometry3k_test_2627	structured_facts	pred='B'	gold='A'	complete=True	duration_s=11.21
CALL Geometry3K-300 geometry3k_test_2627 perception_graph
FAIL	Geometry3K-300	geometry3k_test_2627	perception_graph	pred='B'	gold='A'	complete=True	duration_s=11.45
CALL Geometry3K-300 geometry3k_test_2627 construction_plan
FAIL	Geometry3K-300	geometry3k_test_2627	construction_plan	pred='B'	gold='A'	complete=True	duration_s=12.10
CALL Geometry3K-300 geometry3k_test_2627 geoguide_solver
FAIL	Geometry3K-300	geometry3k_test_2627	geoguide_solver	pred='B'	gold='A'	complete=True	duration_s=11.77
CALL Geometry3K-300 geometry3k_test_2627 geoguide_cautious
FAIL	Geometry3K-300	geometry3k_test_2627	geoguide_cautious	pred='B'	gold='A'	complete=True	duration_s=12.10
CALL Geometry3K-300 geometry3k_test_2598 raw
OK	Geometry3K-300	geometry3k_test_2598	raw	pred='A'	gold='A'	complete=True	duration_s=5.63
CALL Geometry3K-300 geometry3k_test_2598 structured_facts
OK	Geometry3K-300	geometry3k_test_2598	structured_facts	pred='A'	gold='A'	complete=True	duration_s=6.27
CALL Geometry3K-300 geometry3k_test_2598 perception_graph
OK	Geometry3K-300	geometry3k_test_2598	perception_graph	pred='A'	gold='A'	complete=True	duration_s=6.60
CALL Geometry3K-300 geometry3k_test_2598 construction_plan
OK	Geometry3K-300	geometry3k_test_2598	construction_plan	pred='A'	gold='A'	complete=True	duration_s=7.22
CALL Geometry3K-300 geometry3k_test_2598 geoguide_solver
FAIL	Geometry3K-300	geometry3k_test_2598	geoguide_solver	pred='D'	gold='A'	complete=True	duration_s=6.92
CALL Geometry3K-300 geometry3k_test_2598 geoguide_cautious
FAIL	Geometry3K-300	geometry3k_test_2598	geoguide_cautious	pred='D'	gold='A'	complete=True	duration_s=7.21
CALL Geometry3K-300 geometry3k_test_2985 raw
FAIL	Geometry3K-300	geometry3k_test_2985	raw	pred='A'	gold='B'	complete=True	duration_s=6.14
CALL Geometry3K-300 geometry3k_test_2985 structured_facts
FAIL	Geometry3K-300	geometry3k_test_2985	structured_facts	pred='A'	gold='B'	complete=True	duration_s=6.76
CALL Geometry3K-300 geometry3k_test_2985 perception_graph
FAIL	Geometry3K-300	geometry3k_test_2985	perception_graph	pred='A'	gold='B'	complete=True	duration_s=7.14
CALL Geometry3K-300 geometry3k_test_2985 construction_plan
OK	Geometry3K-300	geometry3k_test_2985	construction_plan	pred='B'	gold='B'	complete=True	duration_s=7.74
CALL Geometry3K-300 geometry3k_test_2985 geoguide_solver
FAIL	Geometry3K-300	geometry3k_test_2985	geoguide_solver	pred='A'	gold='B'	complete=True	duration_s=7.17
CALL Geometry3K-300 geometry3k_test_2985 geoguide_cautious
OK	Geometry3K-300	geometry3k_test_2985	geoguide_cautious	pred='B'	gold='B'	complete=True	duration_s=7.72
CALL Geometry3K-300 geometry3k_test_2807 raw
FAIL	Geometry3K-300	geometry3k_test_2807	raw	pred='B'	gold='A'	complete=True	duration_s=4.56
CALL Geometry3K-300 geometry3k_test_2807 structured_facts
OK	Geometry3K-300	geometry3k_test_2807	structured_facts	pred='A'	gold='A'	complete=True	duration_s=5.13
CALL Geometry3K-300 geometry3k_test_2807 perception_graph
OK	Geometry3K-300	geometry3k_test_2807	perception_graph	pred='A'	gold='A'	complete=True	duration_s=5.48
CALL Geometry3K-300 geometry3k_test_2807 construction_plan
OK	Geometry3K-300	geometry3k_test_2807	construction_plan	pred='A'	gold='A'	complete=True	duration_s=5.85
CALL Geometry3K-300 geometry3k_test_2807 geoguide_solver
OK	Geometry3K-300	geometry3k_test_2807	geoguide_solver	pred='A'	gold='A'	complete=True	duration_s=5.81
CALL Geometry3K-300 geometry3k_test_2807 geoguide_cautious
FAIL	Geometry3K-300	geometry3k_test_2807	geoguide_cautious	pred='B'	gold='A'	complete=True	duration_s=6.11
CALL Geometry3K-300 geometry3k_test_2847 raw
FAIL	Geometry3K-300	geometry3k_test_2847	raw	pred='B'	gold='C'	complete=True	duration_s=11.09
CALL Geometry3K-300 geometry3k_test_2847 structured_facts
FAIL	Geometry3K-300	geometry3k_test_2847	structured_facts	pred='B'	gold='C'	complete=True	duration_s=11.72
CALL Geometry3K-300 geometry3k_test_2847 perception_graph
FAIL	Geometry3K-300	geometry3k_test_2847	perception_graph	pred='B'	gold='C'	complete=True	duration_s=12.05
CALL Geometry3K-300 geometry3k_test_2847 construction_plan
FAIL	Geometry3K-300	geometry3k_test_2847	construction_plan	pred='B'	gold='C'	complete=True	duration_s=12.39
CALL Geometry3K-300 geometry3k_test_2847 geoguide_solver
FAIL	Geometry3K-300	geometry3k_test_2847	geoguide_solver	pred='B'	gold='C'	complete=True	duration_s=12.09
CALL Geometry3K-300 geometry3k_test_2847 geoguide_cautious
FAIL	Geometry3K-300	geometry3k_test_2847	geoguide_cautious	pred='B'	gold='C'	complete=True	duration_s=12.68
CALL Geometry3K-300 geometry3k_test_2904 raw
OK	Geometry3K-300	geometry3k_test_2904	raw	pred='D'	gold='D'	complete=True	duration_s=4.22
CALL Geometry3K-300 geometry3k_test_2904 structured_facts
OK	Geometry3K-300	geometry3k_test_2904	structured_facts	pred='D'	gold='D'	complete=True	duration_s=4.77
CALL Geometry3K-300 geometry3k_test_2904 perception_graph
OK	Geometry3K-300	geometry3k_test_2904	perception_graph	pred='D'	gold='D'	complete=True	duration_s=4.84
CALL Geometry3K-300 geometry3k_test_2904 construction_plan
OK	Geometry3K-300	geometry3k_test_2904	construction_plan	pred='D'	gold='D'	complete=True	duration_s=5.52
CALL Geometry3K-300 geometry3k_test_2904 geoguide_solver
OK	Geometry3K-300	geometry3k_test_2904	geoguide_solver	pred='D'	gold='D'	complete=True	duration_s=5.15
CALL Geometry3K-300 geometry3k_test_2904 geoguide_cautious
OK	Geometry3K-300	geometry3k_test_2904	geoguide_cautious	pred='D'	gold='D'	complete=True	duration_s=5.78
CALL Geometry3K-300 geometry3k_test_2918 raw
FAIL	Geometry3K-300	geometry3k_test_2918	raw	pred='B'	gold='C'	complete=True	duration_s=5.36
CALL Geometry3K-300 geometry3k_test_2918 structured_facts
FAIL	Geometry3K-300	geometry3k_test_2918	structured_facts	pred='B'	gold='C'	complete=True	duration_s=5.67
CALL Geometry3K-300 geometry3k_test_2918 perception_graph
FAIL	Geometry3K-300	geometry3k_test_2918	perception_graph	pred='B'	gold='C'	complete=True	duration_s=6.04
CALL Geometry3K-300 geometry3k_test_2918 construction_plan
FAIL	Geometry3K-300	geometry3k_test_2918	construction_plan	pred='B'	gold='C'	complete=True	duration_s=6.11
CALL Geometry3K-300 geometry3k_test_2918 geoguide_solver
FAIL	Geometry3K-300	geometry3k_test_2918	geoguide_solver	pred='B'	gold='C'	complete=True	duration_s=6.05
CALL Geometry3K-300 geometry3k_test_2918 geoguide_cautious
FAIL	Geometry3K-300	geometry3k_test_2918	geoguide_cautious	pred='B'	gold='C'	complete=True	duration_s=6.11
CALL Geometry3K-300 geometry3k_test_2960 raw
OK	Geometry3K-300	geometry3k_test_2960	raw	pred='C'	gold='C'	complete=True	duration_s=4.42
CALL Geometry3K-300 geometry3k_test_2960 structured_facts
OK	Geometry3K-300	geometry3k_test_2960	structured_facts	pred='C'	gold='C'	complete=True	duration_s=4.73
CALL Geometry3K-300 geometry3k_test_2960 perception_graph
OK	Geometry3K-300	geometry3k_test_2960	perception_graph	pred='C'	gold='C'	complete=True	duration_s=4.99
CALL Geometry3K-300 geometry3k_test_2960 construction_plan
OK	Geometry3K-300	geometry3k_test_2960	construction_plan	pred='C'	gold='C'	complete=True	duration_s=5.40
CALL Geometry3K-300 geometry3k_test_2960 geoguide_solver
OK	Geometry3K-300	geometry3k_test_2960	geoguide_solver	pred='C'	gold='C'	complete=True	duration_s=5.08
CALL Geometry3K-300 geometry3k_test_2960 geoguide_cautious
FAIL	Geometry3K-300	geometry3k_test_2960	geoguide_cautious	pred='D'	gold='C'	complete=True	duration_s=5.84
CALL Geometry3K-300 geometry3k_test_2731 raw
OK	Geometry3K-300	geometry3k_test_2731	raw	pred='B'	gold='B'	complete=True	duration_s=4.42
CALL Geometry3K-300 geometry3k_test_2731 structured_facts
OK	Geometry3K-300	geometry3k_test_2731	structured_facts	pred='B'	gold='B'	complete=True	duration_s=4.98
CALL Geometry3K-300 geometry3k_test_2731 perception_graph
OK	Geometry3K-300	geometry3k_test_2731	perception_graph	pred='B'	gold='B'	complete=True	duration_s=5.39
CALL Geometry3K-300 geometry3k_test_2731 construction_plan
OK	Geometry3K-300	geometry3k_test_2731	construction_plan	pred='B'	gold='B'	complete=True	duration_s=6.01
CALL Geometry3K-300 geometry3k_test_2731 geoguide_solver
OK	Geometry3K-300	geometry3k_test_2731	geoguide_solver	pred='B'	gold='B'	complete=True	duration_s=5.68
CALL Geometry3K-300 geometry3k_test_2731 geoguide_cautious
OK	Geometry3K-300	geometry3k_test_2731	geoguide_cautious	pred='B'	gold='B'	complete=True	duration_s=5.72
CALL Geometry3K-300 geometry3k_test_2700 raw
OK	Geometry3K-300	geometry3k_test_2700	raw	pred='C'	gold='C'	complete=True	duration_s=4.23
CALL Geometry3K-300 geometry3k_test_2700 structured_facts
OK	Geometry3K-300	geometry3k_test_2700	structured_facts	pred='C'	gold='C'	complete=True	duration_s=4.80
CALL Geometry3K-300 geometry3k_test_2700 perception_graph
FAIL	Geometry3K-300	geometry3k_test_2700	perception_graph	pred='D'	gold='C'	complete=True	duration_s=5.17
CALL Geometry3K-300 geometry3k_test_2700 construction_plan
OK	Geometry3K-300	geometry3k_test_2700	construction_plan	pred='C'	gold='C'	complete=True	duration_s=5.82
CALL Geometry3K-300 geometry3k_test_2700 geoguide_solver
OK	Geometry3K-300	geometry3k_test_2700	geoguide_solver	pred='C'	gold='C'	complete=True	duration_s=5.21
CALL Geometry3K-300 geometry3k_test_2700 geoguide_cautious
FAIL	Geometry3K-300	geometry3k_test_2700	geoguide_cautious	pred=''	gold='C'	complete=False	duration_s=8.22
CALL Geometry3K-300 geometry3k_test_2790 raw
FAIL	Geometry3K-300	geometry3k_test_2790	raw	pred='B'	gold='C'	complete=True	duration_s=21.93
CALL Geometry3K-300 geometry3k_test_2790 structured_facts
FAIL	Geometry3K-300	geometry3k_test_2790	structured_facts	pred='B'	gold='C'	complete=True	duration_s=22.60
CALL Geometry3K-300 geometry3k_test_2790 perception_graph
FAIL	Geometry3K-300	geometry3k_test_2790	perception_graph	pred='B'	gold='C'	complete=True	duration_s=22.96
CALL Geometry3K-300 geometry3k_test_2790 construction_plan
OK	Geometry3K-300	geometry3k_test_2790	construction_plan	pred='C'	gold='C'	complete=True	duration_s=23.23
CALL Geometry3K-300 geometry3k_test_2790 geoguide_solver
OK	Geometry3K-300	geometry3k_test_2790	geoguide_solver	pred='C'	gold='C'	complete=True	duration_s=22.97
CALL Geometry3K-300 geometry3k_test_2790 geoguide_cautious
FAIL	Geometry3K-300	geometry3k_test_2790	geoguide_cautious	pred='D'	gold='C'	complete=True	duration_s=23.49
CALL Geometry3K-300 geometry3k_test_2824 raw
OK	Geometry3K-300	geometry3k_test_2824	raw	pred='B'	gold='B'	complete=True	duration_s=15.12
CALL Geometry3K-300 geometry3k_test_2824 structured_facts
OK	Geometry3K-300	geometry3k_test_2824	structured_facts	pred='B'	gold='B'	complete=True	duration_s=15.72
CALL Geometry3K-300 geometry3k_test_2824 perception_graph
OK	Geometry3K-300	geometry3k_test_2824	perception_graph	pred='B'	gold='B'	complete=True	duration_s=16.03
CALL Geometry3K-300 geometry3k_test_2824 construction_plan
OK	Geometry3K-300	geometry3k_test_2824	construction_plan	pred='B'	gold='B'	complete=True	duration_s=16.40
CALL Geometry3K-300 geometry3k_test_2824 geoguide_solver
OK	Geometry3K-300	geometry3k_test_2824	geoguide_solver	pred='B'	gold='B'	complete=True	duration_s=16.08
CALL Geometry3K-300 geometry3k_test_2824 geoguide_cautious
OK	Geometry3K-300	geometry3k_test_2824	geoguide_cautious	pred='B'	gold='B'	complete=True	duration_s=16.71
CALL Geometry3K-300 geometry3k_test_2774 raw
FAIL	Geometry3K-300	geometry3k_test_2774	raw	pred='B'	gold='A'	complete=True	duration_s=6.60
CALL Geometry3K-300 geometry3k_test_2774 structured_facts
FAIL	Geometry3K-300	geometry3k_test_2774	structured_facts	pred='B'	gold='A'	complete=True	duration_s=6.74
CALL Geometry3K-300 geometry3k_test_2774 perception_graph
FAIL	Geometry3K-300	geometry3k_test_2774	perception_graph	pred='B'	gold='A'	complete=True	duration_s=7.66
CALL Geometry3K-300 geometry3k_test_2774 construction_plan
FAIL	Geometry3K-300	geometry3k_test_2774	construction_plan	pred='B'	gold='A'	complete=True	duration_s=7.49
CALL Geometry3K-300 geometry3k_test_2774 geoguide_solver
FAIL	Geometry3K-300	geometry3k_test_2774	geoguide_solver	pred='B'	gold='A'	complete=True	duration_s=7.16
CALL Geometry3K-300 geometry3k_test_2774 geoguide_cautious
FAIL	Geometry3K-300	geometry3k_test_2774	geoguide_cautious	pred='B'	gold='A'	complete=True	duration_s=7.73
CALL Geometry3K-300 geometry3k_test_2417 raw
FAIL	Geometry3K-300	geometry3k_test_2417	raw	pred='B'	gold='C'	complete=True	duration_s=12.03
CALL Geometry3K-300 geometry3k_test_2417 structured_facts
FAIL	Geometry3K-300	geometry3k_test_2417	structured_facts	pred='B'	gold='C'	complete=True	duration_s=12.70
CALL Geometry3K-300 geometry3k_test_2417 perception_graph
FAIL	Geometry3K-300	geometry3k_test_2417	perception_graph	pred='B'	gold='C'	complete=True	duration_s=12.99
CALL Geometry3K-300 geometry3k_test_2417 construction_plan
FAIL	Geometry3K-300	geometry3k_test_2417	construction_plan	pred='B'	gold='C'	complete=True	duration_s=13.96
CALL Geometry3K-300 geometry3k_test_2417 geoguide_solver
FAIL	Geometry3K-300	geometry3k_test_2417	geoguide_solver	pred='B'	gold='C'	complete=True	duration_s=13.55
CALL Geometry3K-300 geometry3k_test_2417 geoguide_cautious
FAIL	Geometry3K-300	geometry3k_test_2417	geoguide_cautious	pred='B'	gold='C'	complete=True	duration_s=13.64
CALL Geometry3K-300 geometry3k_test_2765 raw
OK	Geometry3K-300	geometry3k_test_2765	raw	pred='D'	gold='D'	complete=True	duration_s=15.71
CALL Geometry3K-300 geometry3k_test_2765 structured_facts
OK	Geometry3K-300	geometry3k_test_2765	structured_facts	pred='D'	gold='D'	complete=True	duration_s=16.00
CALL Geometry3K-300 geometry3k_test_2765 perception_graph
OK	Geometry3K-300	geometry3k_test_2765	perception_graph	pred='D'	gold='D'	complete=True	duration_s=16.40
CALL Geometry3K-300 geometry3k_test_2765 construction_plan
OK	Geometry3K-300	geometry3k_test_2765	construction_plan	pred='D'	gold='D'	complete=True	duration_s=16.68
CALL Geometry3K-300 geometry3k_test_2765 geoguide_solver
OK	Geometry3K-300	geometry3k_test_2765	geoguide_solver	pred='D'	gold='D'	complete=True	duration_s=16.61
CALL Geometry3K-300 geometry3k_test_2765 geoguide_cautious
OK	Geometry3K-300	geometry3k_test_2765	geoguide_cautious	pred='D'	gold='D'	complete=True	duration_s=17.00
CALL Geometry3K-300 geometry3k_test_2947 raw
OK	Geometry3K-300	geometry3k_test_2947	raw	pred='B'	gold='B'	complete=True	duration_s=5.39
CALL Geometry3K-300 geometry3k_test_2947 structured_facts
OK	Geometry3K-300	geometry3k_test_2947	structured_facts	pred='B'	gold='B'	complete=True	duration_s=4.84
CALL Geometry3K-300 geometry3k_test_2947 perception_graph
OK	Geometry3K-300	geometry3k_test_2947	perception_graph	pred='B'	gold='B'	complete=True	duration_s=6.02
CALL Geometry3K-300 geometry3k_test_2947 construction_plan
OK	Geometry3K-300	geometry3k_test_2947	construction_plan	pred='B'	gold='B'	complete=True	duration_s=6.70
CALL Geometry3K-300 geometry3k_test_2947 geoguide_solver
OK	Geometry3K-300	geometry3k_test_2947	geoguide_solver	pred='B'	gold='B'	complete=True	duration_s=5.44
CALL Geometry3K-300 geometry3k_test_2947 geoguide_cautious
OK	Geometry3K-300	geometry3k_test_2947	geoguide_cautious	pred='B'	gold='B'	complete=True	duration_s=5.76
CALL Geometry3K-300 geometry3k_test_2487 raw
FAIL	Geometry3K-300	geometry3k_test_2487	raw	pred='B'	gold='C'	complete=True	duration_s=5.21
CALL Geometry3K-300 geometry3k_test_2487 structured_facts
FAIL	Geometry3K-300	geometry3k_test_2487	structured_facts	pred='B'	gold='C'	complete=True	duration_s=5.91
CALL Geometry3K-300 geometry3k_test_2487 perception_graph
FAIL	Geometry3K-300	geometry3k_test_2487	perception_graph	pred='B'	gold='C'	complete=True	duration_s=6.53
CALL Geometry3K-300 geometry3k_test_2487 construction_plan
FAIL	Geometry3K-300	geometry3k_test_2487	construction_plan	pred='B'	gold='C'	complete=True	duration_s=6.58
CALL Geometry3K-300 geometry3k_test_2487 geoguide_solver
FAIL	Geometry3K-300	geometry3k_test_2487	geoguide_solver	pred='B'	gold='C'	complete=True	duration_s=6.53
CALL Geometry3K-300 geometry3k_test_2487 geoguide_cautious
FAIL	Geometry3K-300	geometry3k_test_2487	geoguide_cautious	pred='B'	gold='C'	complete=True	duration_s=6.85
CALL Geometry3K-300 geometry3k_test_2443 raw
FAIL	Geometry3K-300	geometry3k_test_2443	raw	pred='B'	gold='C'	complete=True	duration_s=14.90
CALL Geometry3K-300 geometry3k_test_2443 structured_facts
FAIL	Geometry3K-300	geometry3k_test_2443	structured_facts	pred='B'	gold='C'	complete=True	duration_s=15.21
CALL Geometry3K-300 geometry3k_test_2443 perception_graph
FAIL	Geometry3K-300	geometry3k_test_2443	perception_graph	pred='B'	gold='C'	complete=True	duration_s=15.58
CALL Geometry3K-300 geometry3k_test_2443 construction_plan
FAIL	Geometry3K-300	geometry3k_test_2443	construction_plan	pred='B'	gold='C'	complete=True	duration_s=16.16
CALL Geometry3K-300 geometry3k_test_2443 geoguide_solver
FAIL	Geometry3K-300	geometry3k_test_2443	geoguide_solver	pred='B'	gold='C'	complete=True	duration_s=15.79
CALL Geometry3K-300 geometry3k_test_2443 geoguide_cautious
FAIL	Geometry3K-300	geometry3k_test_2443	geoguide_cautious	pred='B'	gold='C'	complete=True	duration_s=16.15
CALL Geometry3K-300 geometry3k_test_2690 raw
FAIL	Geometry3K-300	geometry3k_test_2690	raw	pred='B'	gold='A'	complete=True	duration_s=11.57
CALL Geometry3K-300 geometry3k_test_2690 structured_facts
FAIL	Geometry3K-300	geometry3k_test_2690	structured_facts	pred='B'	gold='A'	complete=True	duration_s=11.72
CALL Geometry3K-300 geometry3k_test_2690 perception_graph
FAIL	Geometry3K-300	geometry3k_test_2690	perception_graph	pred='B'	gold='A'	complete=True	duration_s=12.55
CALL Geometry3K-300 geometry3k_test_2690 construction_plan
FAIL	Geometry3K-300	geometry3k_test_2690	construction_plan	pred='B'	gold='A'	complete=True	duration_s=12.94
CALL Geometry3K-300 geometry3k_test_2690 geoguide_solver
FAIL	Geometry3K-300	geometry3k_test_2690	geoguide_solver	pred='B'	gold='A'	complete=True	duration_s=12.86
CALL Geometry3K-300 geometry3k_test_2690 geoguide_cautious
FAIL	Geometry3K-300	geometry3k_test_2690	geoguide_cautious	pred='B'	gold='A'	complete=True	duration_s=12.42
CALL Geometry3K-300 geometry3k_test_2916 raw
OK	Geometry3K-300	geometry3k_test_2916	raw	pred='C'	gold='C'	complete=True	duration_s=10.48
CALL Geometry3K-300 geometry3k_test_2916 structured_facts
OK	Geometry3K-300	geometry3k_test_2916	structured_facts	pred='C'	gold='C'	complete=True	duration_s=10.84
CALL Geometry3K-300 geometry3k_test_2916 perception_graph
OK	Geometry3K-300	geometry3k_test_2916	perception_graph	pred='C'	gold='C'	complete=True	duration_s=11.16
CALL Geometry3K-300 geometry3k_test_2916 construction_plan
OK	Geometry3K-300	geometry3k_test_2916	construction_plan	pred='C'	gold='C'	complete=True	duration_s=11.48
CALL Geometry3K-300 geometry3k_test_2916 geoguide_solver
OK	Geometry3K-300	geometry3k_test_2916	geoguide_solver	pred='C'	gold='C'	complete=True	duration_s=11.42
CALL Geometry3K-300 geometry3k_test_2916 geoguide_cautious
OK	Geometry3K-300	geometry3k_test_2916	geoguide_cautious	pred='C'	gold='C'	complete=True	duration_s=11.52
CALL Geometry3K-300 geometry3k_test_2523 raw
OK	Geometry3K-300	geometry3k_test_2523	raw	pred='D'	gold='D'	complete=True	duration_s=5.57
CALL Geometry3K-300 geometry3k_test_2523 structured_facts
OK	Geometry3K-300	geometry3k_test_2523	structured_facts	pred='D'	gold='D'	complete=True	duration_s=6.12
CALL Geometry3K-300 geometry3k_test_2523 perception_graph
OK	Geometry3K-300	geometry3k_test_2523	perception_graph	pred='D'	gold='D'	complete=True	duration_s=6.50
CALL Geometry3K-300 geometry3k_test_2523 construction_plan
OK	Geometry3K-300	geometry3k_test_2523	construction_plan	pred='D'	gold='D'	complete=True	duration_s=6.82
CALL Geometry3K-300 geometry3k_test_2523 geoguide_solver
OK	Geometry3K-300	geometry3k_test_2523	geoguide_solver	pred='D'	gold='D'	complete=True	duration_s=6.50
CALL Geometry3K-300 geometry3k_test_2523 geoguide_cautious
OK	Geometry3K-300	geometry3k_test_2523	geoguide_cautious	pred='D'	gold='D'	complete=True	duration_s=7.09
CALL Geometry3K-300 geometry3k_test_2570 raw
OK	Geometry3K-300	geometry3k_test_2570	raw	pred='B'	gold='B'	complete=True	duration_s=6.18
CALL Geometry3K-300 geometry3k_test_2570 structured_facts
OK	Geometry3K-300	geometry3k_test_2570	structured_facts	pred='B'	gold='B'	complete=True	duration_s=6.78
CALL Geometry3K-300 geometry3k_test_2570 perception_graph
OK	Geometry3K-300	geometry3k_test_2570	perception_graph	pred='B'	gold='B'	complete=True	duration_s=7.14
CALL Geometry3K-300 geometry3k_test_2570 construction_plan
OK	Geometry3K-300	geometry3k_test_2570	construction_plan	pred='B'	gold='B'	complete=True	duration_s=7.24
CALL Geometry3K-300 geometry3k_test_2570 geoguide_solver
OK	Geometry3K-300	geometry3k_test_2570	geoguide_solver	pred='B'	gold='B'	complete=True	duration_s=6.92
CALL Geometry3K-300 geometry3k_test_2570 geoguide_cautious
OK	Geometry3K-300	geometry3k_test_2570	geoguide_cautious	pred='B'	gold='B'	complete=True	duration_s=7.25
CALL Geometry3K-300 geometry3k_test_2669 raw
OK	Geometry3K-300	geometry3k_test_2669	raw	pred='B'	gold='B'	complete=True	duration_s=4.47
CALL Geometry3K-300 geometry3k_test_2669 structured_facts
OK	Geometry3K-300	geometry3k_test_2669	structured_facts	pred='B'	gold='B'	complete=True	duration_s=4.76
CALL Geometry3K-300 geometry3k_test_2669 perception_graph
OK	Geometry3K-300	geometry3k_test_2669	perception_graph	pred='B'	gold='B'	complete=True	duration_s=5.04
CALL Geometry3K-300 geometry3k_test_2669 construction_plan
OK	Geometry3K-300	geometry3k_test_2669	construction_plan	pred='B'	gold='B'	complete=True	duration_s=5.41
CALL Geometry3K-300 geometry3k_test_2669 geoguide_solver
OK	Geometry3K-300	geometry3k_test_2669	geoguide_solver	pred='B'	gold='B'	complete=True	duration_s=5.06
CALL Geometry3K-300 geometry3k_test_2669 geoguide_cautious
OK	Geometry3K-300	geometry3k_test_2669	geoguide_cautious	pred='B'	gold='B'	complete=True	duration_s=5.39
CALL Geometry3K-300 geometry3k_test_2671 raw
FAIL	Geometry3K-300	geometry3k_test_2671	raw	pred='D'	gold='C'	complete=True	duration_s=16.83
CALL Geometry3K-300 geometry3k_test_2671 structured_facts
FAIL	Geometry3K-300	geometry3k_test_2671	structured_facts	pred='D'	gold='C'	complete=True	duration_s=17.05
CALL Geometry3K-300 geometry3k_test_2671 perception_graph
FAIL	Geometry3K-300	geometry3k_test_2671	perception_graph	pred='D'	gold='C'	complete=True	duration_s=17.40
CALL Geometry3K-300 geometry3k_test_2671 construction_plan
FAIL	Geometry3K-300	geometry3k_test_2671	construction_plan	pred='D'	gold='C'	complete=True	duration_s=17.77
CALL Geometry3K-300 geometry3k_test_2671 geoguide_solver
FAIL	Geometry3K-300	geometry3k_test_2671	geoguide_solver	pred='D'	gold='C'	complete=True	duration_s=17.37
CALL Geometry3K-300 geometry3k_test_2671 geoguide_cautious
FAIL	Geometry3K-300	geometry3k_test_2671	geoguide_cautious	pred='D'	gold='C'	complete=True	duration_s=17.79
CALL Geometry3K-300 geometry3k_test_2898 raw
FAIL	Geometry3K-300	geometry3k_test_2898	raw	pred='C'	gold='B'	complete=True	duration_s=3.94
CALL Geometry3K-300 geometry3k_test_2898 structured_facts
FAIL	Geometry3K-300	geometry3k_test_2898	structured_facts	pred='C'	gold='B'	complete=True	duration_s=4.86
CALL Geometry3K-300 geometry3k_test_2898 perception_graph
FAIL	Geometry3K-300	geometry3k_test_2898	perception_graph	pred='C'	gold='B'	complete=True	duration_s=5.17
CALL Geometry3K-300 geometry3k_test_2898 construction_plan
FAIL	Geometry3K-300	geometry3k_test_2898	construction_plan	pred='C'	gold='B'	complete=True	duration_s=5.86
CALL Geometry3K-300 geometry3k_test_2898 geoguide_solver
FAIL	Geometry3K-300	geometry3k_test_2898	geoguide_solver	pred='C'	gold='B'	complete=True	duration_s=5.25
CALL Geometry3K-300 geometry3k_test_2898 geoguide_cautious
FAIL	Geometry3K-300	geometry3k_test_2898	geoguide_cautious	pred='C'	gold='B'	complete=True	duration_s=5.55
CALL Geometry3K-300 geometry3k_test_2968 raw
OK	Geometry3K-300	geometry3k_test_2968	raw	pred='A'	gold='A'	complete=True	duration_s=4.40
CALL Geometry3K-300 geometry3k_test_2968 structured_facts
OK	Geometry3K-300	geometry3k_test_2968	structured_facts	pred='A'	gold='A'	complete=True	duration_s=4.74
CALL Geometry3K-300 geometry3k_test_2968 perception_graph
OK	Geometry3K-300	geometry3k_test_2968	perception_graph	pred='A'	gold='A'	complete=True	duration_s=5.32
CALL Geometry3K-300 geometry3k_test_2968 construction_plan
OK	Geometry3K-300	geometry3k_test_2968	construction_plan	pred='A'	gold='A'	complete=True	duration_s=5.95
CALL Geometry3K-300 geometry3k_test_2968 geoguide_solver
OK	Geometry3K-300	geometry3k_test_2968	geoguide_solver	pred='A'	gold='A'	complete=True	duration_s=5.61
CALL Geometry3K-300 geometry3k_test_2968 geoguide_cautious
OK	Geometry3K-300	geometry3k_test_2968	geoguide_cautious	pred='A'	gold='A'	complete=True	duration_s=5.93
CALL Geometry3K-300 geometry3k_test_2889 raw
OK	Geometry3K-300	geometry3k_test_2889	raw	pred='B'	gold='B'	complete=True	duration_s=4.51
CALL Geometry3K-300 geometry3k_test_2889 structured_facts
OK	Geometry3K-300	geometry3k_test_2889	structured_facts	pred='B'	gold='B'	complete=True	duration_s=4.29
CALL Geometry3K-300 geometry3k_test_2889 perception_graph
OK	Geometry3K-300	geometry3k_test_2889	perception_graph	pred='B'	gold='B'	complete=True	duration_s=5.10
CALL Geometry3K-300 geometry3k_test_2889 construction_plan
OK	Geometry3K-300	geometry3k_test_2889	construction_plan	pred='B'	gold='B'	complete=True	duration_s=5.22
CALL Geometry3K-300 geometry3k_test_2889 geoguide_solver
OK	Geometry3K-300	geometry3k_test_2889	geoguide_solver	pred='B'	gold='B'	complete=True	duration_s=4.60
CALL Geometry3K-300 geometry3k_test_2889 geoguide_cautious
OK	Geometry3K-300	geometry3k_test_2889	geoguide_cautious	pred='B'	gold='B'	complete=True	duration_s=5.20
CALL Geometry3K-300 geometry3k_test_2840 raw
FAIL	Geometry3K-300	geometry3k_test_2840	raw	pred='B'	gold='C'	complete=True	duration_s=4.15
CALL Geometry3K-300 geometry3k_test_2840 structured_facts
FAIL	Geometry3K-300	geometry3k_test_2840	structured_facts	pred='B'	gold='C'	complete=True	duration_s=4.43
CALL Geometry3K-300 geometry3k_test_2840 perception_graph
FAIL	Geometry3K-300	geometry3k_test_2840	perception_graph	pred='B'	gold='C'	complete=True	duration_s=4.74
CALL Geometry3K-300 geometry3k_test_2840 construction_plan
FAIL	Geometry3K-300	geometry3k_test_2840	construction_plan	pred='B'	gold='C'	complete=True	duration_s=5.09
CALL Geometry3K-300 geometry3k_test_2840 geoguide_solver
FAIL	Geometry3K-300	geometry3k_test_2840	geoguide_solver	pred='B'	gold='C'	complete=True	duration_s=5.05
CALL Geometry3K-300 geometry3k_test_2840 geoguide_cautious
FAIL	Geometry3K-300	geometry3k_test_2840	geoguide_cautious	pred='B'	gold='C'	complete=True	duration_s=5.12
CALL Geometry3K-300 geometry3k_test_2802 raw
FAIL	Geometry3K-300	geometry3k_test_2802	raw	pred='A'	gold='B'	complete=True	duration_s=14.02
CALL Geometry3K-300 geometry3k_test_2802 structured_facts
FAIL	Geometry3K-300	geometry3k_test_2802	structured_facts	pred='A'	gold='B'	complete=True	duration_s=14.33
CALL Geometry3K-300 geometry3k_test_2802 perception_graph
FAIL	Geometry3K-300	geometry3k_test_2802	perception_graph	pred='A'	gold='B'	complete=True	duration_s=14.66
CALL Geometry3K-300 geometry3k_test_2802 construction_plan
FAIL	Geometry3K-300	geometry3k_test_2802	construction_plan	pred='A'	gold='B'	complete=True	duration_s=15.02
CALL Geometry3K-300 geometry3k_test_2802 geoguide_solver
FAIL	Geometry3K-300	geometry3k_test_2802	geoguide_solver	pred='A'	gold='B'	complete=True	duration_s=14.97
CALL Geometry3K-300 geometry3k_test_2802 geoguide_cautious
FAIL	Geometry3K-300	geometry3k_test_2802	geoguide_cautious	pred='A'	gold='B'	complete=True	duration_s=15.28
CALL Geometry3K-300 geometry3k_test_2470 raw
OK	Geometry3K-300	geometry3k_test_2470	raw	pred='B'	gold='B'	complete=True	duration_s=4.27
CALL Geometry3K-300 geometry3k_test_2470 structured_facts
OK	Geometry3K-300	geometry3k_test_2470	structured_facts	pred='B'	gold='B'	complete=True	duration_s=4.58
CALL Geometry3K-300 geometry3k_test_2470 perception_graph
OK	Geometry3K-300	geometry3k_test_2470	perception_graph	pred='B'	gold='B'	complete=True	duration_s=4.95
CALL Geometry3K-300 geometry3k_test_2470 construction_plan
OK	Geometry3K-300	geometry3k_test_2470	construction_plan	pred='B'	gold='B'	complete=True	duration_s=5.28
CALL Geometry3K-300 geometry3k_test_2470 geoguide_solver
OK	Geometry3K-300	geometry3k_test_2470	geoguide_solver	pred='B'	gold='B'	complete=True	duration_s=5.24
CALL Geometry3K-300 geometry3k_test_2470 geoguide_cautious
OK	Geometry3K-300	geometry3k_test_2470	geoguide_cautious	pred='B'	gold='B'	complete=True	duration_s=5.55
CALL Geometry3K-300 geometry3k_test_2682 raw
OK	Geometry3K-300	geometry3k_test_2682	raw	pred='C'	gold='C'	complete=True	duration_s=4.56
CALL Geometry3K-300 geometry3k_test_2682 structured_facts
OK	Geometry3K-300	geometry3k_test_2682	structured_facts	pred='C'	gold='C'	complete=True	duration_s=5.09
CALL Geometry3K-300 geometry3k_test_2682 perception_graph
OK	Geometry3K-300	geometry3k_test_2682	perception_graph	pred='C'	gold='C'	complete=True	duration_s=5.48
CALL Geometry3K-300 geometry3k_test_2682 construction_plan
FAIL	Geometry3K-300	geometry3k_test_2682	construction_plan	pred='B'	gold='C'	complete=True	duration_s=6.17
CALL Geometry3K-300 geometry3k_test_2682 geoguide_solver
FAIL	Geometry3K-300	geometry3k_test_2682	geoguide_solver	pred='B'	gold='C'	complete=True	duration_s=5.79
CALL Geometry3K-300 geometry3k_test_2682 geoguide_cautious
FAIL	Geometry3K-300	geometry3k_test_2682	geoguide_cautious	pred='B'	gold='C'	complete=True	duration_s=6.11
CALL Geometry3K-300 geometry3k_test_2409 raw
OK	Geometry3K-300	geometry3k_test_2409	raw	pred='C'	gold='C'	complete=True	duration_s=4.23
CALL Geometry3K-300 geometry3k_test_2409 structured_facts
OK	Geometry3K-300	geometry3k_test_2409	structured_facts	pred='C'	gold='C'	complete=True	duration_s=4.54
CALL Geometry3K-300 geometry3k_test_2409 perception_graph
OK	Geometry3K-300	geometry3k_test_2409	perception_graph	pred='C'	gold='C'	complete=True	duration_s=4.81
CALL Geometry3K-300 geometry3k_test_2409 construction_plan
OK	Geometry3K-300	geometry3k_test_2409	construction_plan	pred='C'	gold='C'	complete=True	duration_s=5.46
CALL Geometry3K-300 geometry3k_test_2409 geoguide_solver
OK	Geometry3K-300	geometry3k_test_2409	geoguide_solver	pred='C'	gold='C'	complete=True	duration_s=5.12
CALL Geometry3K-300 geometry3k_test_2409 geoguide_cautious
FAIL	Geometry3K-300	geometry3k_test_2409	geoguide_cautious	pred='D'	gold='C'	complete=True	duration_s=5.48
CALL Geometry3K-300 geometry3k_test_2596 raw
FAIL	Geometry3K-300	geometry3k_test_2596	raw	pred='B'	gold='D'	complete=True	duration_s=9.19
CALL Geometry3K-300 geometry3k_test_2596 structured_facts
FAIL	Geometry3K-300	geometry3k_test_2596	structured_facts	pred='B'	gold='D'	complete=True	duration_s=9.57
CALL Geometry3K-300 geometry3k_test_2596 perception_graph
FAIL	Geometry3K-300	geometry3k_test_2596	perception_graph	pred='B'	gold='D'	complete=True	duration_s=9.87
CALL Geometry3K-300 geometry3k_test_2596 construction_plan
FAIL	Geometry3K-300	geometry3k_test_2596	construction_plan	pred='B'	gold='D'	complete=True	duration_s=10.21
CALL Geometry3K-300 geometry3k_test_2596 geoguide_solver
FAIL	Geometry3K-300	geometry3k_test_2596	geoguide_solver	pred='B'	gold='D'	complete=True	duration_s=9.91
CALL Geometry3K-300 geometry3k_test_2596 geoguide_cautious
FAIL	Geometry3K-300	geometry3k_test_2596	geoguide_cautious	pred='B'	gold='D'	complete=True	duration_s=10.25
CALL Geometry3K-300 geometry3k_test_2999 raw
OK	Geometry3K-300	geometry3k_test_2999	raw	pred='B'	gold='B'	complete=True	duration_s=12.69
CALL Geometry3K-300 geometry3k_test_2999 structured_facts
OK	Geometry3K-300	geometry3k_test_2999	structured_facts	pred='B'	gold='B'	complete=True	duration_s=13.65
CALL Geometry3K-300 geometry3k_test_2999 perception_graph
OK	Geometry3K-300	geometry3k_test_2999	perception_graph	pred='B'	gold='B'	complete=True	duration_s=13.99
CALL Geometry3K-300 geometry3k_test_2999 construction_plan
OK	Geometry3K-300	geometry3k_test_2999	construction_plan	pred='B'	gold='B'	complete=True	duration_s=14.74
CALL Geometry3K-300 geometry3k_test_2999 geoguide_solver
OK	Geometry3K-300	geometry3k_test_2999	geoguide_solver	pred='B'	gold='B'	complete=True	duration_s=14.40
CALL Geometry3K-300 geometry3k_test_2999 geoguide_cautious
OK	Geometry3K-300	geometry3k_test_2999	geoguide_cautious	pred='B'	gold='B'	complete=True	duration_s=14.43
CALL Geometry3K-300 geometry3k_test_2813 raw
FAIL	Geometry3K-300	geometry3k_test_2813	raw	pred='B'	gold='D'	complete=True	duration_s=7.46
CALL Geometry3K-300 geometry3k_test_2813 structured_facts
FAIL	Geometry3K-300	geometry3k_test_2813	structured_facts	pred='B'	gold='D'	complete=True	duration_s=7.80
CALL Geometry3K-300 geometry3k_test_2813 perception_graph
FAIL	Geometry3K-300	geometry3k_test_2813	perception_graph	pred='B'	gold='D'	complete=True	duration_s=8.13
CALL Geometry3K-300 geometry3k_test_2813 construction_plan
FAIL	Geometry3K-300	geometry3k_test_2813	construction_plan	pred='B'	gold='D'	complete=True	duration_s=8.47
CALL Geometry3K-300 geometry3k_test_2813 geoguide_solver
FAIL	Geometry3K-300	geometry3k_test_2813	geoguide_solver	pred='B'	gold='D'	complete=True	duration_s=8.43
CALL Geometry3K-300 geometry3k_test_2813 geoguide_cautious
FAIL	Geometry3K-300	geometry3k_test_2813	geoguide_cautious	pred='B'	gold='D'	complete=True	duration_s=8.74
CALL Geometry3K-300 geometry3k_test_2826 raw
FAIL	Geometry3K-300	geometry3k_test_2826	raw	pred='A'	gold='C'	complete=True	duration_s=6.32
CALL Geometry3K-300 geometry3k_test_2826 structured_facts
FAIL	Geometry3K-300	geometry3k_test_2826	structured_facts	pred='A'	gold='C'	complete=True	duration_s=7.29
CALL Geometry3K-300 geometry3k_test_2826 perception_graph
FAIL	Geometry3K-300	geometry3k_test_2826	perception_graph	pred='A'	gold='C'	complete=True	duration_s=7.28
CALL Geometry3K-300 geometry3k_test_2826 construction_plan
FAIL	Geometry3K-300	geometry3k_test_2826	construction_plan	pred='A'	gold='C'	complete=True	duration_s=7.98
CALL Geometry3K-300 geometry3k_test_2826 geoguide_solver
FAIL	Geometry3K-300	geometry3k_test_2826	geoguide_solver	pred='A'	gold='C'	complete=True	duration_s=7.66
CALL Geometry3K-300 geometry3k_test_2826 geoguide_cautious
FAIL	Geometry3K-300	geometry3k_test_2826	geoguide_cautious	pred='A'	gold='C'	complete=True	duration_s=7.97
CALL Geometry3K-300 geometry3k_test_2498 raw
OK	Geometry3K-300	geometry3k_test_2498	raw	pred='D'	gold='D'	complete=True	duration_s=6.72
CALL Geometry3K-300 geometry3k_test_2498 structured_facts
OK	Geometry3K-300	geometry3k_test_2498	structured_facts	pred='D'	gold='D'	complete=True	duration_s=6.97
CALL Geometry3K-300 geometry3k_test_2498 perception_graph
OK	Geometry3K-300	geometry3k_test_2498	perception_graph	pred='D'	gold='D'	complete=True	duration_s=7.34
CALL Geometry3K-300 geometry3k_test_2498 construction_plan
OK	Geometry3K-300	geometry3k_test_2498	construction_plan	pred='D'	gold='D'	complete=True	duration_s=7.94
CALL Geometry3K-300 geometry3k_test_2498 geoguide_solver
OK	Geometry3K-300	geometry3k_test_2498	geoguide_solver	pred='D'	gold='D'	complete=True	duration_s=7.66
CALL Geometry3K-300 geometry3k_test_2498 geoguide_cautious
OK	Geometry3K-300	geometry3k_test_2498	geoguide_cautious	pred='D'	gold='D'	complete=True	duration_s=7.97
CALL Geometry3K-300 geometry3k_test_2530 raw
OK	Geometry3K-300	geometry3k_test_2530	raw	pred='C'	gold='C'	complete=True	duration_s=4.10
CALL Geometry3K-300 geometry3k_test_2530 structured_facts
OK	Geometry3K-300	geometry3k_test_2530	structured_facts	pred='C'	gold='C'	complete=True	duration_s=4.44
CALL Geometry3K-300 geometry3k_test_2530 perception_graph
OK	Geometry3K-300	geometry3k_test_2530	perception_graph	pred='C'	gold='C'	complete=True	duration_s=4.73
CALL Geometry3K-300 geometry3k_test_2530 construction_plan
OK	Geometry3K-300	geometry3k_test_2530	construction_plan	pred='C'	gold='C'	complete=True	duration_s=5.06
CALL Geometry3K-300 geometry3k_test_2530 geoguide_solver
OK	Geometry3K-300	geometry3k_test_2530	geoguide_solver	pred='C'	gold='C'	complete=True	duration_s=4.73
CALL Geometry3K-300 geometry3k_test_2530 geoguide_cautious
OK	Geometry3K-300	geometry3k_test_2530	geoguide_cautious	pred='C'	gold='C'	complete=True	duration_s=5.08
CALL Geometry3K-300 geometry3k_test_2957 raw
OK	Geometry3K-300	geometry3k_test_2957	raw	pred='C'	gold='C'	complete=True	duration_s=7.42
CALL Geometry3K-300 geometry3k_test_2957 structured_facts
OK	Geometry3K-300	geometry3k_test_2957	structured_facts	pred='C'	gold='C'	complete=True	duration_s=7.75
CALL Geometry3K-300 geometry3k_test_2957 perception_graph
OK	Geometry3K-300	geometry3k_test_2957	perception_graph	pred='C'	gold='C'	complete=True	duration_s=8.09
CALL Geometry3K-300 geometry3k_test_2957 construction_plan
OK	Geometry3K-300	geometry3k_test_2957	construction_plan	pred='C'	gold='C'	complete=True	duration_s=8.69
CALL Geometry3K-300 geometry3k_test_2957 geoguide_solver
OK	Geometry3K-300	geometry3k_test_2957	geoguide_solver	pred='C'	gold='C'	complete=True	duration_s=8.40
CALL Geometry3K-300 geometry3k_test_2957 geoguide_cautious
OK	Geometry3K-300	geometry3k_test_2957	geoguide_cautious	pred='C'	gold='C'	complete=True	duration_s=8.97
CALL Geometry3K-300 geometry3k_test_2881 raw
OK	Geometry3K-300	geometry3k_test_2881	raw	pred='B'	gold='B'	complete=True	duration_s=13.08
CALL Geometry3K-300 geometry3k_test_2881 structured_facts
OK	Geometry3K-300	geometry3k_test_2881	structured_facts	pred='B'	gold='B'	complete=True	duration_s=13.74
CALL Geometry3K-300 geometry3k_test_2881 perception_graph
OK	Geometry3K-300	geometry3k_test_2881	perception_graph	pred='B'	gold='B'	complete=True	duration_s=14.13
CALL Geometry3K-300 geometry3k_test_2881 construction_plan
OK	Geometry3K-300	geometry3k_test_2881	construction_plan	pred='B'	gold='B'	complete=True	duration_s=14.42
CALL Geometry3K-300 geometry3k_test_2881 geoguide_solver
OK	Geometry3K-300	geometry3k_test_2881	geoguide_solver	pred='B'	gold='B'	complete=True	duration_s=14.11
CALL Geometry3K-300 geometry3k_test_2881 geoguide_cautious
OK	Geometry3K-300	geometry3k_test_2881	geoguide_cautious	pred='B'	gold='B'	complete=True	duration_s=14.68
CALL Geometry3K-300 geometry3k_test_2441 raw
FAIL	Geometry3K-300	geometry3k_test_2441	raw	pred='C'	gold='B'	complete=True	duration_s=8.59
CALL Geometry3K-300 geometry3k_test_2441 structured_facts
FAIL	Geometry3K-300	geometry3k_test_2441	structured_facts	pred='C'	gold='B'	complete=True	duration_s=9.58
CALL Geometry3K-300 geometry3k_test_2441 perception_graph
FAIL	Geometry3K-300	geometry3k_test_2441	perception_graph	pred='C'	gold='B'	complete=True	duration_s=9.66
CALL Geometry3K-300 geometry3k_test_2441 construction_plan
FAIL	Geometry3K-300	geometry3k_test_2441	construction_plan	pred='C'	gold='B'	complete=True	duration_s=10.30
CALL Geometry3K-300 geometry3k_test_2441 geoguide_solver
FAIL	Geometry3K-300	geometry3k_test_2441	geoguide_solver	pred='C'	gold='B'	complete=True	duration_s=9.98
CALL Geometry3K-300 geometry3k_test_2441 geoguide_cautious
FAIL	Geometry3K-300	geometry3k_test_2441	geoguide_cautious	pred='C'	gold='B'	complete=True	duration_s=10.29
CALL Geometry3K-300 geometry3k_test_2651 raw
FAIL	Geometry3K-300	geometry3k_test_2651	raw	pred='B'	gold='A'	complete=True	duration_s=6.77
CALL Geometry3K-300 geometry3k_test_2651 structured_facts
FAIL	Geometry3K-300	geometry3k_test_2651	structured_facts	pred='B'	gold='A'	complete=True	duration_s=7.50
CALL Geometry3K-300 geometry3k_test_2651 perception_graph
FAIL	Geometry3K-300	geometry3k_test_2651	perception_graph	pred='B'	gold='A'	complete=True	duration_s=7.86
CALL Geometry3K-300 geometry3k_test_2651 construction_plan
FAIL	Geometry3K-300	geometry3k_test_2651	construction_plan	pred='B'	gold='A'	complete=True	duration_s=8.49
CALL Geometry3K-300 geometry3k_test_2651 geoguide_solver
FAIL	Geometry3K-300	geometry3k_test_2651	geoguide_solver	pred='B'	gold='A'	complete=True	duration_s=8.40
CALL Geometry3K-300 geometry3k_test_2651 geoguide_cautious
FAIL	Geometry3K-300	geometry3k_test_2651	geoguide_cautious	pred='B'	gold='A'	complete=True	duration_s=8.49
CALL Geometry3K-300 geometry3k_test_2642 raw
FAIL	Geometry3K-300	geometry3k_test_2642	raw	pred='B'	gold='A'	complete=True	duration_s=4.22
CALL Geometry3K-300 geometry3k_test_2642 structured_facts
FAIL	Geometry3K-300	geometry3k_test_2642	structured_facts	pred='B'	gold='A'	complete=True	duration_s=5.14
CALL Geometry3K-300 geometry3k_test_2642 perception_graph
FAIL	Geometry3K-300	geometry3k_test_2642	perception_graph	pred='B'	gold='A'	complete=True	duration_s=5.17
CALL Geometry3K-300 geometry3k_test_2642 construction_plan
FAIL	Geometry3K-300	geometry3k_test_2642	construction_plan	pred='B'	gold='A'	complete=True	duration_s=5.81
CALL Geometry3K-300 geometry3k_test_2642 geoguide_solver
FAIL	Geometry3K-300	geometry3k_test_2642	geoguide_solver	pred='B'	gold='A'	complete=True	duration_s=5.77
CALL Geometry3K-300 geometry3k_test_2642 geoguide_cautious
FAIL	Geometry3K-300	geometry3k_test_2642	geoguide_cautious	pred='B'	gold='A'	complete=True	duration_s=6.10
CALL Geometry3K-300 geometry3k_test_2757 raw
FAIL	Geometry3K-300	geometry3k_test_2757	raw	pred='B'	gold='C'	complete=True	duration_s=8.79
CALL Geometry3K-300 geometry3k_test_2757 structured_facts
FAIL	Geometry3K-300	geometry3k_test_2757	structured_facts	pred='B'	gold='C'	complete=True	duration_s=9.73
CALL Geometry3K-300 geometry3k_test_2757 perception_graph
FAIL	Geometry3K-300	geometry3k_test_2757	perception_graph	pred='B'	gold='C'	complete=True	duration_s=10.12
CALL Geometry3K-300 geometry3k_test_2757 construction_plan
FAIL	Geometry3K-300	geometry3k_test_2757	construction_plan	pred='B'	gold='C'	complete=True	duration_s=10.42
CALL Geometry3K-300 geometry3k_test_2757 geoguide_solver
FAIL	Geometry3K-300	geometry3k_test_2757	geoguide_solver	pred='B'	gold='C'	complete=True	duration_s=10.11
CALL Geometry3K-300 geometry3k_test_2757 geoguide_cautious
FAIL	Geometry3K-300	geometry3k_test_2757	geoguide_cautious	pred='B'	gold='C'	complete=True	duration_s=10.66
CALL Geometry3K-300 geometry3k_test_2602 raw
OK	Geometry3K-300	geometry3k_test_2602	raw	pred='C'	gold='C'	complete=True	duration_s=5.21
CALL Geometry3K-300 geometry3k_test_2602 structured_facts
OK	Geometry3K-300	geometry3k_test_2602	structured_facts	pred='C'	gold='C'	complete=True	duration_s=5.53
CALL Geometry3K-300 geometry3k_test_2602 perception_graph
OK	Geometry3K-300	geometry3k_test_2602	perception_graph	pred='C'	gold='C'	complete=True	duration_s=5.78
CALL Geometry3K-300 geometry3k_test_2602 construction_plan
OK	Geometry3K-300	geometry3k_test_2602	construction_plan	pred='C'	gold='C'	complete=True	duration_s=6.19
CALL Geometry3K-300 geometry3k_test_2602 geoguide_solver
OK	Geometry3K-300	geometry3k_test_2602	geoguide_solver	pred='C'	gold='C'	complete=True	duration_s=5.84
CALL Geometry3K-300 geometry3k_test_2602 geoguide_cautious
OK	Geometry3K-300	geometry3k_test_2602	geoguide_cautious	pred='C'	gold='C'	complete=True	duration_s=6.45
CALL Geometry3K-300 geometry3k_test_2694 raw
FAIL	Geometry3K-300	geometry3k_test_2694	raw	pred='D'	gold='C'	complete=True	duration_s=4.87
CALL Geometry3K-300 geometry3k_test_2694 structured_facts
OK	Geometry3K-300	geometry3k_test_2694	structured_facts	pred='C'	gold='C'	complete=True	duration_s=5.84
CALL Geometry3K-300 geometry3k_test_2694 perception_graph
FAIL	Geometry3K-300	geometry3k_test_2694	perception_graph	pred='D'	gold='C'	complete=True	duration_s=5.89
CALL Geometry3K-300 geometry3k_test_2694 construction_plan
FAIL	Geometry3K-300	geometry3k_test_2694	construction_plan	pred='D'	gold='C'	complete=True	duration_s=6.51
CALL Geometry3K-300 geometry3k_test_2694 geoguide_solver
FAIL	Geometry3K-300	geometry3k_test_2694	geoguide_solver	pred='D'	gold='C'	complete=True	duration_s=6.19
CALL Geometry3K-300 geometry3k_test_2694 geoguide_cautious
FAIL	Geometry3K-300	geometry3k_test_2694	geoguide_cautious	pred='D'	gold='C'	complete=True	duration_s=6.78
CALL Geometry3K-300 geometry3k_test_2891 raw
OK	Geometry3K-300	geometry3k_test_2891	raw	pred='B'	gold='B'	complete=True	duration_s=12.10
CALL Geometry3K-300 geometry3k_test_2891 structured_facts
OK	Geometry3K-300	geometry3k_test_2891	structured_facts	pred='B'	gold='B'	complete=True	duration_s=12.76
CALL Geometry3K-300 geometry3k_test_2891 perception_graph
OK	Geometry3K-300	geometry3k_test_2891	perception_graph	pred='B'	gold='B'	complete=True	duration_s=13.39
CALL Geometry3K-300 geometry3k_test_2891 construction_plan
OK	Geometry3K-300	geometry3k_test_2891	construction_plan	pred='B'	gold='B'	complete=True	duration_s=14.05
CALL Geometry3K-300 geometry3k_test_2891 geoguide_solver
OK	Geometry3K-300	geometry3k_test_2891	geoguide_solver	pred='B'	gold='B'	complete=True	duration_s=13.67
CALL Geometry3K-300 geometry3k_test_2891 geoguide_cautious
OK	Geometry3K-300	geometry3k_test_2891	geoguide_cautious	pred='B'	gold='B'	complete=True	duration_s=14.03
CALL Geometry3K-300 geometry3k_test_2618 raw
FAIL	Geometry3K-300	geometry3k_test_2618	raw	pred='B'	gold='C'	complete=True	duration_s=6.39
CALL Geometry3K-300 geometry3k_test_2618 structured_facts
FAIL	Geometry3K-300	geometry3k_test_2618	structured_facts	pred='B'	gold='C'	complete=True	duration_s=5.53
CALL Geometry3K-300 geometry3k_test_2618 perception_graph
FAIL	Geometry3K-300	geometry3k_test_2618	perception_graph	pred='B'	gold='C'	complete=True	duration_s=6.72
CALL Geometry3K-300 geometry3k_test_2618 construction_plan
FAIL	Geometry3K-300	geometry3k_test_2618	construction_plan	pred='B'	gold='C'	complete=True	duration_s=7.35
CALL Geometry3K-300 geometry3k_test_2618 geoguide_solver
FAIL	Geometry3K-300	geometry3k_test_2618	geoguide_solver	pred='B'	gold='C'	complete=True	duration_s=7.07
CALL Geometry3K-300 geometry3k_test_2618 geoguide_cautious
FAIL	Geometry3K-300	geometry3k_test_2618	geoguide_cautious	pred='B'	gold='C'	complete=True	duration_s=7.67
CALL Geometry3K-300 geometry3k_test_2686 raw
OK	Geometry3K-300	geometry3k_test_2686	raw	pred='A'	gold='A'	complete=True	duration_s=14.05
CALL Geometry3K-300 geometry3k_test_2686 structured_facts
OK	Geometry3K-300	geometry3k_test_2686	structured_facts	pred='A'	gold='A'	complete=True	duration_s=14.37
CALL Geometry3K-300 geometry3k_test_2686 perception_graph
OK	Geometry3K-300	geometry3k_test_2686	perception_graph	pred='A'	gold='A'	complete=True	duration_s=14.98
CALL Geometry3K-300 geometry3k_test_2686 construction_plan
OK	Geometry3K-300	geometry3k_test_2686	construction_plan	pred='A'	gold='A'	complete=True	duration_s=15.29
CALL Geometry3K-300 geometry3k_test_2686 geoguide_solver
OK	Geometry3K-300	geometry3k_test_2686	geoguide_solver	pred='A'	gold='A'	complete=True	duration_s=15.24
CALL Geometry3K-300 geometry3k_test_2686 geoguide_cautious
OK	Geometry3K-300	geometry3k_test_2686	geoguide_cautious	pred='A'	gold='A'	complete=True	duration_s=15.31
CALL Geometry3K-300 geometry3k_test_2929 raw
FAIL	Geometry3K-300	geometry3k_test_2929	raw	pred='B'	gold='C'	complete=True	duration_s=13.89
CALL Geometry3K-300 geometry3k_test_2929 structured_facts
FAIL	Geometry3K-300	geometry3k_test_2929	structured_facts	pred='B'	gold='C'	complete=True	duration_s=14.58
CALL Geometry3K-300 geometry3k_test_2929 perception_graph
FAIL	Geometry3K-300	geometry3k_test_2929	perception_graph	pred='B'	gold='C'	complete=True	duration_s=14.92
CALL Geometry3K-300 geometry3k_test_2929 construction_plan
FAIL	Geometry3K-300	geometry3k_test_2929	construction_plan	pred='B'	gold='C'	complete=True	duration_s=15.58
CALL Geometry3K-300 geometry3k_test_2929 geoguide_solver
FAIL	Geometry3K-300	geometry3k_test_2929	geoguide_solver	pred='B'	gold='C'	complete=True	duration_s=15.21
CALL Geometry3K-300 geometry3k_test_2929 geoguide_cautious
FAIL	Geometry3K-300	geometry3k_test_2929	geoguide_cautious	pred='B'	gold='C'	complete=True	duration_s=15.57
CALL Geometry3K-300 geometry3k_test_2415 raw
FAIL	Geometry3K-300	geometry3k_test_2415	raw	pred='B'	gold='A'	complete=True	duration_s=4.87
CALL Geometry3K-300 geometry3k_test_2415 structured_facts
FAIL	Geometry3K-300	geometry3k_test_2415	structured_facts	pred='B'	gold='A'	complete=True	duration_s=5.80
CALL Geometry3K-300 geometry3k_test_2415 perception_graph
FAIL	Geometry3K-300	geometry3k_test_2415	perception_graph	pred='B'	gold='A'	complete=True	duration_s=5.82
CALL Geometry3K-300 geometry3k_test_2415 construction_plan
FAIL	Geometry3K-300	geometry3k_test_2415	construction_plan	pred='B'	gold='A'	complete=True	duration_s=6.45
CALL Geometry3K-300 geometry3k_test_2415 geoguide_solver
FAIL	Geometry3K-300	geometry3k_test_2415	geoguide_solver	pred='B'	gold='A'	complete=True	duration_s=6.15
CALL Geometry3K-300 geometry3k_test_2415 geoguide_cautious
FAIL	Geometry3K-300	geometry3k_test_2415	geoguide_cautious	pred='B'	gold='A'	complete=True	duration_s=6.77
CALL Geometry3K-300 geometry3k_test_2798 raw
FAIL	Geometry3K-300	geometry3k_test_2798	raw	pred='B'	gold='A'	complete=True	duration_s=4.21
CALL Geometry3K-300 geometry3k_test_2798 structured_facts
FAIL	Geometry3K-300	geometry3k_test_2798	structured_facts	pred='B'	gold='A'	complete=True	duration_s=5.14
CALL Geometry3K-300 geometry3k_test_2798 perception_graph
FAIL	Geometry3K-300	geometry3k_test_2798	perception_graph	pred='B'	gold='A'	complete=True	duration_s=5.50
CALL Geometry3K-300 geometry3k_test_2798 construction_plan
OK	Geometry3K-300	geometry3k_test_2798	construction_plan	pred='A'	gold='A'	complete=True	duration_s=6.42
CALL Geometry3K-300 geometry3k_test_2798 geoguide_solver
FAIL	Geometry3K-300	geometry3k_test_2798	geoguide_solver	pred='B'	gold='A'	complete=True	duration_s=5.56
CALL Geometry3K-300 geometry3k_test_2798 geoguide_cautious
OK	Geometry3K-300	geometry3k_test_2798	geoguide_cautious	pred='A'	gold='A'	complete=True	duration_s=6.10
CALL Geometry3K-300 geometry3k_test_2685 raw
FAIL	Geometry3K-300	geometry3k_test_2685	raw	pred='B'	gold='A'	complete=True	duration_s=4.53
CALL Geometry3K-300 geometry3k_test_2685 structured_facts
FAIL	Geometry3K-300	geometry3k_test_2685	structured_facts	pred='B'	gold='A'	complete=True	duration_s=5.14
CALL Geometry3K-300 geometry3k_test_2685 perception_graph
FAIL	Geometry3K-300	geometry3k_test_2685	perception_graph	pred='B'	gold='A'	complete=True	duration_s=5.46
CALL Geometry3K-300 geometry3k_test_2685 construction_plan
FAIL	Geometry3K-300	geometry3k_test_2685	construction_plan	pred='B'	gold='A'	complete=True	duration_s=5.82
CALL Geometry3K-300 geometry3k_test_2685 geoguide_solver
FAIL	Geometry3K-300	geometry3k_test_2685	geoguide_solver	pred='B'	gold='A'	complete=True	duration_s=5.50
CALL Geometry3K-300 geometry3k_test_2685 geoguide_cautious
FAIL	Geometry3K-300	geometry3k_test_2685	geoguide_cautious	pred='B'	gold='A'	complete=True	duration_s=6.07
CALL Geometry3K-300 geometry3k_test_2699 raw
OK	Geometry3K-300	geometry3k_test_2699	raw	pred='B'	gold='B'	complete=True	duration_s=3.86
CALL Geometry3K-300 geometry3k_test_2699 structured_facts
OK	Geometry3K-300	geometry3k_test_2699	structured_facts	pred='B'	gold='B'	complete=True	duration_s=4.82
CALL Geometry3K-300 geometry3k_test_2699 perception_graph
OK	Geometry3K-300	geometry3k_test_2699	perception_graph	pred='B'	gold='B'	complete=True	duration_s=5.17
CALL Geometry3K-300 geometry3k_test_2699 construction_plan
OK	Geometry3K-300	geometry3k_test_2699	construction_plan	pred='B'	gold='B'	complete=True	duration_s=5.82
CALL Geometry3K-300 geometry3k_test_2699 geoguide_solver
OK	Geometry3K-300	geometry3k_test_2699	geoguide_solver	pred='B'	gold='B'	complete=True	duration_s=5.47
CALL Geometry3K-300 geometry3k_test_2699 geoguide_cautious
OK	Geometry3K-300	geometry3k_test_2699	geoguide_cautious	pred='B'	gold='B'	complete=True	duration_s=5.80
CALL Geometry3K-300 geometry3k_test_2815 raw
OK	Geometry3K-300	geometry3k_test_2815	raw	pred='D'	gold='D'	complete=True	duration_s=5.48
CALL Geometry3K-300 geometry3k_test_2815 structured_facts
OK	Geometry3K-300	geometry3k_test_2815	structured_facts	pred='D'	gold='D'	complete=True	duration_s=5.75
CALL Geometry3K-300 geometry3k_test_2815 perception_graph
OK	Geometry3K-300	geometry3k_test_2815	perception_graph	pred='D'	gold='D'	complete=True	duration_s=6.16
CALL Geometry3K-300 geometry3k_test_2815 construction_plan
OK	Geometry3K-300	geometry3k_test_2815	construction_plan	pred='D'	gold='D'	complete=True	duration_s=6.73
CALL Geometry3K-300 geometry3k_test_2815 geoguide_solver
OK	Geometry3K-300	geometry3k_test_2815	geoguide_solver	pred='D'	gold='D'	complete=True	duration_s=6.43
CALL Geometry3K-300 geometry3k_test_2815 geoguide_cautious
OK	Geometry3K-300	geometry3k_test_2815	geoguide_cautious	pred='D'	gold='D'	complete=True	duration_s=6.77
CALL Geometry3K-300 geometry3k_test_2539 raw
FAIL	Geometry3K-300	geometry3k_test_2539	raw	pred='D'	gold='B'	complete=True	duration_s=12.11
CALL Geometry3K-300 geometry3k_test_2539 structured_facts
FAIL	Geometry3K-300	geometry3k_test_2539	structured_facts	pred='D'	gold='B'	complete=True	duration_s=13.10
CALL Geometry3K-300 geometry3k_test_2539 perception_graph
FAIL	Geometry3K-300	geometry3k_test_2539	perception_graph	pred='D'	gold='B'	complete=True	duration_s=13.39
CALL Geometry3K-300 geometry3k_test_2539 construction_plan
FAIL	Geometry3K-300	geometry3k_test_2539	construction_plan	pred='D'	gold='B'	complete=True	duration_s=14.32
CALL Geometry3K-300 geometry3k_test_2539 geoguide_solver
FAIL	Geometry3K-300	geometry3k_test_2539	geoguide_solver	pred='D'	gold='B'	complete=True	duration_s=13.67
CALL Geometry3K-300 geometry3k_test_2539 geoguide_cautious
FAIL	Geometry3K-300	geometry3k_test_2539	geoguide_cautious	pred='D'	gold='B'	complete=True	duration_s=14.00
CALL Geometry3K-300 geometry3k_test_2758 raw
OK	Geometry3K-300	geometry3k_test_2758	raw	pred='C'	gold='C'	complete=True	duration_s=3.97
CALL Geometry3K-300 geometry3k_test_2758 structured_facts
OK	Geometry3K-300	geometry3k_test_2758	structured_facts	pred='C'	gold='C'	complete=True	duration_s=4.31
CALL Geometry3K-300 geometry3k_test_2758 perception_graph
OK	Geometry3K-300	geometry3k_test_2758	perception_graph	pred='C'	gold='C'	complete=True	duration_s=4.58
CALL Geometry3K-300 geometry3k_test_2758 construction_plan
OK	Geometry3K-300	geometry3k_test_2758	construction_plan	pred='C'	gold='C'	complete=True	duration_s=5.25
CALL Geometry3K-300 geometry3k_test_2758 geoguide_solver
OK	Geometry3K-300	geometry3k_test_2758	geoguide_solver	pred='C'	gold='C'	complete=True	duration_s=4.92
CALL Geometry3K-300 geometry3k_test_2758 geoguide_cautious
FAIL	Geometry3K-300	geometry3k_test_2758	geoguide_cautious	pred='D'	gold='C'	complete=True	duration_s=5.50
CALL Geometry3K-300 geometry3k_test_2747 raw
FAIL	Geometry3K-300	geometry3k_test_2747	raw	pred='C'	gold='B'	complete=True	duration_s=5.81
CALL Geometry3K-300 geometry3k_test_2747 structured_facts
FAIL	Geometry3K-300	geometry3k_test_2747	structured_facts	pred='C'	gold='B'	complete=True	duration_s=6.16
CALL Geometry3K-300 geometry3k_test_2747 perception_graph
FAIL	Geometry3K-300	geometry3k_test_2747	perception_graph	pred='C'	gold='B'	complete=True	duration_s=6.49
CALL Geometry3K-300 geometry3k_test_2747 construction_plan
FAIL	Geometry3K-300	geometry3k_test_2747	construction_plan	pred='C'	gold='B'	complete=True	duration_s=7.19
CALL Geometry3K-300 geometry3k_test_2747 geoguide_solver
FAIL	Geometry3K-300	geometry3k_test_2747	geoguide_solver	pred='C'	gold='B'	complete=True	duration_s=6.83
CALL Geometry3K-300 geometry3k_test_2747 geoguide_cautious
FAIL	Geometry3K-300	geometry3k_test_2747	geoguide_cautious	pred='C'	gold='B'	complete=True	duration_s=7.13
CALL Geometry3K-300 geometry3k_test_2532 raw
OK	Geometry3K-300	geometry3k_test_2532	raw	pred='B'	gold='B'	complete=True	duration_s=7.98
CALL Geometry3K-300 geometry3k_test_2532 structured_facts
OK	Geometry3K-300	geometry3k_test_2532	structured_facts	pred='B'	gold='B'	complete=True	duration_s=8.60
CALL Geometry3K-300 geometry3k_test_2532 perception_graph
OK	Geometry3K-300	geometry3k_test_2532	perception_graph	pred='B'	gold='B'	complete=True	duration_s=8.95
CALL Geometry3K-300 geometry3k_test_2532 construction_plan
OK	Geometry3K-300	geometry3k_test_2532	construction_plan	pred='B'	gold='B'	complete=True	duration_s=9.67
CALL Geometry3K-300 geometry3k_test_2532 geoguide_solver
OK	Geometry3K-300	geometry3k_test_2532	geoguide_solver	pred='B'	gold='B'	complete=True	duration_s=9.26
CALL Geometry3K-300 geometry3k_test_2532 geoguide_cautious
OK	Geometry3K-300	geometry3k_test_2532	geoguide_cautious	pred='B'	gold='B'	complete=True	duration_s=9.58
CALL Geometry3K-300 geometry3k_test_2655 raw
OK	Geometry3K-300	geometry3k_test_2655	raw	pred='B'	gold='B'	complete=True	duration_s=4.19
CALL Geometry3K-300 geometry3k_test_2655 structured_facts
OK	Geometry3K-300	geometry3k_test_2655	structured_facts	pred='B'	gold='B'	complete=True	duration_s=4.54
CALL Geometry3K-300 geometry3k_test_2655 perception_graph
OK	Geometry3K-300	geometry3k_test_2655	perception_graph	pred='B'	gold='B'	complete=True	duration_s=4.81
CALL Geometry3K-300 geometry3k_test_2655 construction_plan
OK	Geometry3K-300	geometry3k_test_2655	construction_plan	pred='B'	gold='B'	complete=True	duration_s=5.48
CALL Geometry3K-300 geometry3k_test_2655 geoguide_solver
OK	Geometry3K-300	geometry3k_test_2655	geoguide_solver	pred='B'	gold='B'	complete=True	duration_s=5.12
CALL Geometry3K-300 geometry3k_test_2655 geoguide_cautious
OK	Geometry3K-300	geometry3k_test_2655	geoguide_cautious	pred='B'	gold='B'	complete=True	duration_s=5.48
CALL Geometry3K-300 geometry3k_test_2927 raw
OK	Geometry3K-300	geometry3k_test_2927	raw	pred='B'	gold='B'	complete=True	duration_s=6.97
CALL Geometry3K-300 geometry3k_test_2927 structured_facts
OK	Geometry3K-300	geometry3k_test_2927	structured_facts	pred='B'	gold='B'	complete=True	duration_s=7.37
CALL Geometry3K-300 geometry3k_test_2927 perception_graph
OK	Geometry3K-300	geometry3k_test_2927	perception_graph	pred='B'	gold='B'	complete=True	duration_s=7.73
CALL Geometry3K-300 geometry3k_test_2927 construction_plan
OK	Geometry3K-300	geometry3k_test_2927	construction_plan	pred='B'	gold='B'	complete=True	duration_s=8.34
CALL Geometry3K-300 geometry3k_test_2927 geoguide_solver
OK	Geometry3K-300	geometry3k_test_2927	geoguide_solver	pred='B'	gold='B'	complete=True	duration_s=8.02
CALL Geometry3K-300 geometry3k_test_2927 geoguide_cautious
OK	Geometry3K-300	geometry3k_test_2927	geoguide_cautious	pred='B'	gold='B'	complete=True	duration_s=8.60
CALL Geometry3K-300 geometry3k_test_2479 raw
OK	Geometry3K-300	geometry3k_test_2479	raw	pred='C'	gold='C'	complete=True	duration_s=21.48
CALL Geometry3K-300 geometry3k_test_2479 structured_facts
OK	Geometry3K-300	geometry3k_test_2479	structured_facts	pred='C'	gold='C'	complete=True	duration_s=22.19
CALL Geometry3K-300 geometry3k_test_2479 perception_graph
OK	Geometry3K-300	geometry3k_test_2479	perception_graph	pred='C'	gold='C'	complete=True	duration_s=22.76
CALL Geometry3K-300 geometry3k_test_2479 construction_plan
OK	Geometry3K-300	geometry3k_test_2479	construction_plan	pred='C'	gold='C'	complete=True	duration_s=23.22
CALL Geometry3K-300 geometry3k_test_2479 geoguide_solver
OK	Geometry3K-300	geometry3k_test_2479	geoguide_solver	pred='C'	gold='C'	complete=True	duration_s=22.82
CALL Geometry3K-300 geometry3k_test_2479 geoguide_cautious
OK	Geometry3K-300	geometry3k_test_2479	geoguide_cautious	pred='C'	gold='C'	complete=True	duration_s=23.18
CALL Geometry3K-300 geometry3k_test_2718 raw
FAIL	Geometry3K-300	geometry3k_test_2718	raw	pred='B'	gold='C'	complete=True	duration_s=7.45
CALL Geometry3K-300 geometry3k_test_2718 structured_facts
FAIL	Geometry3K-300	geometry3k_test_2718	structured_facts	pred='B'	gold='C'	complete=True	duration_s=8.09
CALL Geometry3K-300 geometry3k_test_2718 perception_graph
FAIL	Geometry3K-300	geometry3k_test_2718	perception_graph	pred='B'	gold='C'	complete=True	duration_s=8.40
CALL Geometry3K-300 geometry3k_test_2718 construction_plan
FAIL	Geometry3K-300	geometry3k_test_2718	construction_plan	pred='D'	gold='C'	complete=True	duration_s=9.00
CALL Geometry3K-300 geometry3k_test_2718 geoguide_solver
FAIL	Geometry3K-300	geometry3k_test_2718	geoguide_solver	pred='D'	gold='C'	complete=True	duration_s=8.69
CALL Geometry3K-300 geometry3k_test_2718 geoguide_cautious
FAIL	Geometry3K-300	geometry3k_test_2718	geoguide_cautious	pred='D'	gold='C'	complete=True	duration_s=9.00
CALL Geometry3K-300 geometry3k_test_2756 raw
OK	Geometry3K-300	geometry3k_test_2756	raw	pred='A'	gold='A'	complete=True	duration_s=5.50
CALL Geometry3K-300 geometry3k_test_2756 structured_facts
OK	Geometry3K-300	geometry3k_test_2756	structured_facts	pred='A'	gold='A'	complete=True	duration_s=6.34
CALL Geometry3K-300 geometry3k_test_2756 perception_graph
OK	Geometry3K-300	geometry3k_test_2756	perception_graph	pred='A'	gold='A'	complete=True	duration_s=6.73
CALL Geometry3K-300 geometry3k_test_2756 construction_plan
OK	Geometry3K-300	geometry3k_test_2756	construction_plan	pred='A'	gold='A'	complete=True	duration_s=6.79
CALL Geometry3K-300 geometry3k_test_2756 geoguide_solver
OK	Geometry3K-300	geometry3k_test_2756	geoguide_solver	pred='A'	gold='A'	complete=True	duration_s=7.03
CALL Geometry3K-300 geometry3k_test_2756 geoguide_cautious
OK	Geometry3K-300	geometry3k_test_2756	geoguide_cautious	pred='A'	gold='A'	complete=True	duration_s=7.33
CALL Geometry3K-300 geometry3k_test_2869 raw
FAIL	Geometry3K-300	geometry3k_test_2869	raw	pred='A'	gold='B'	complete=True	duration_s=5.01
CALL Geometry3K-300 geometry3k_test_2869 structured_facts
FAIL	Geometry3K-300	geometry3k_test_2869	structured_facts	pred='A'	gold='B'	complete=True	duration_s=5.57
CALL Geometry3K-300 geometry3k_test_2869 perception_graph
FAIL	Geometry3K-300	geometry3k_test_2869	perception_graph	pred='A'	gold='B'	complete=True	duration_s=6.45
CALL Geometry3K-300 geometry3k_test_2869 construction_plan
FAIL	Geometry3K-300	geometry3k_test_2869	construction_plan	pred='A'	gold='B'	complete=True	duration_s=7.10
CALL Geometry3K-300 geometry3k_test_2869 geoguide_solver
FAIL	Geometry3K-300	geometry3k_test_2869	geoguide_solver	pred='A'	gold='B'	complete=True	duration_s=6.81
CALL Geometry3K-300 geometry3k_test_2869 geoguide_cautious
FAIL	Geometry3K-300	geometry3k_test_2869	geoguide_cautious	pred='A'	gold='B'	complete=True	duration_s=6.59
CALL Geometry3K-300 geometry3k_test_2622 raw
OK	Geometry3K-300	geometry3k_test_2622	raw	pred='A'	gold='A'	complete=True	duration_s=4.53
CALL Geometry3K-300 geometry3k_test_2622 structured_facts
OK	Geometry3K-300	geometry3k_test_2622	structured_facts	pred='A'	gold='A'	complete=True	duration_s=5.15
CALL Geometry3K-300 geometry3k_test_2622 perception_graph
OK	Geometry3K-300	geometry3k_test_2622	perception_graph	pred='A'	gold='A'	complete=True	duration_s=5.46
CALL Geometry3K-300 geometry3k_test_2622 construction_plan
OK	Geometry3K-300	geometry3k_test_2622	construction_plan	pred='A'	gold='A'	complete=True	duration_s=5.84
CALL Geometry3K-300 geometry3k_test_2622 geoguide_solver
OK	Geometry3K-300	geometry3k_test_2622	geoguide_solver	pred='A'	gold='A'	complete=True	duration_s=5.50
CALL Geometry3K-300 geometry3k_test_2622 geoguide_cautious
OK	Geometry3K-300	geometry3k_test_2622	geoguide_cautious	pred='A'	gold='A'	complete=True	duration_s=5.86
CALL Geometry3K-300 geometry3k_test_2865 raw
FAIL	Geometry3K-300	geometry3k_test_2865	raw	pred='B'	gold='C'	complete=True	duration_s=6.35
CALL Geometry3K-300 geometry3k_test_2865 structured_facts
FAIL	Geometry3K-300	geometry3k_test_2865	structured_facts	pred='B'	gold='C'	complete=True	duration_s=6.61
CALL Geometry3K-300 geometry3k_test_2865 perception_graph
FAIL	Geometry3K-300	geometry3k_test_2865	perception_graph	pred='B'	gold='C'	complete=True	duration_s=6.96
CALL Geometry3K-300 geometry3k_test_2865 construction_plan
FAIL	Geometry3K-300	geometry3k_test_2865	construction_plan	pred='B'	gold='C'	complete=True	duration_s=7.33
CALL Geometry3K-300 geometry3k_test_2865 geoguide_solver
FAIL	Geometry3K-300	geometry3k_test_2865	geoguide_solver	pred='B'	gold='C'	complete=True	duration_s=7.00
CALL Geometry3K-300 geometry3k_test_2865 geoguide_cautious
FAIL	Geometry3K-300	geometry3k_test_2865	geoguide_cautious	pred='B'	gold='C'	complete=True	duration_s=7.33
CALL Geometry3K-300 geometry3k_test_2566 raw
OK	Geometry3K-300	geometry3k_test_2566	raw	pred='B'	gold='B'	complete=True	duration_s=4.72
CALL Geometry3K-300 geometry3k_test_2566 structured_facts
OK	Geometry3K-300	geometry3k_test_2566	structured_facts	pred='B'	gold='B'	complete=True	duration_s=5.29
CALL Geometry3K-300 geometry3k_test_2566 perception_graph
OK	Geometry3K-300	geometry3k_test_2566	perception_graph	pred='B'	gold='B'	complete=True	duration_s=5.68
CALL Geometry3K-300 geometry3k_test_2566 construction_plan
OK	Geometry3K-300	geometry3k_test_2566	construction_plan	pred='B'	gold='B'	complete=True	duration_s=6.34
CALL Geometry3K-300 geometry3k_test_2566 geoguide_solver
OK	Geometry3K-300	geometry3k_test_2566	geoguide_solver	pred='B'	gold='B'	complete=True	duration_s=6.00
CALL Geometry3K-300 geometry3k_test_2566 geoguide_cautious
OK	Geometry3K-300	geometry3k_test_2566	geoguide_cautious	pred='B'	gold='B'	complete=True	duration_s=6.58
CALL Geometry3K-300 geometry3k_test_2588 raw
OK	Geometry3K-300	geometry3k_test_2588	raw	pred='D'	gold='D'	complete=True	duration_s=5.47
CALL Geometry3K-300 geometry3k_test_2588 structured_facts
OK	Geometry3K-300	geometry3k_test_2588	structured_facts	pred='D'	gold='D'	complete=True	duration_s=6.15
CALL Geometry3K-300 geometry3k_test_2588 perception_graph
OK	Geometry3K-300	geometry3k_test_2588	perception_graph	pred='D'	gold='D'	complete=True	duration_s=6.50
CALL Geometry3K-300 geometry3k_test_2588 construction_plan
OK	Geometry3K-300	geometry3k_test_2588	construction_plan	pred='D'	gold='D'	complete=True	duration_s=6.83
CALL Geometry3K-300 geometry3k_test_2588 geoguide_solver
OK	Geometry3K-300	geometry3k_test_2588	geoguide_solver	pred='D'	gold='D'	complete=True	duration_s=6.80
CALL Geometry3K-300 geometry3k_test_2588 geoguide_cautious
OK	Geometry3K-300	geometry3k_test_2588	geoguide_cautious	pred='D'	gold='D'	complete=True	duration_s=7.13
CALL Geometry3K-300 geometry3k_test_2990 raw
FAIL	Geometry3K-300	geometry3k_test_2990	raw	pred='B'	gold='C'	complete=True	duration_s=6.80
CALL Geometry3K-300 geometry3k_test_2990 structured_facts
FAIL	Geometry3K-300	geometry3k_test_2990	structured_facts	pred='B'	gold='C'	complete=True	duration_s=7.77
CALL Geometry3K-300 geometry3k_test_2990 perception_graph
FAIL	Geometry3K-300	geometry3k_test_2990	perception_graph	pred='B'	gold='C'	complete=True	duration_s=8.05
CALL Geometry3K-300 geometry3k_test_2990 construction_plan
FAIL	Geometry3K-300	geometry3k_test_2990	construction_plan	pred='B'	gold='C'	complete=True	duration_s=8.44
CALL Geometry3K-300 geometry3k_test_2990 geoguide_solver
FAIL	Geometry3K-300	geometry3k_test_2990	geoguide_solver	pred='B'	gold='C'	complete=True	duration_s=8.11
CALL Geometry3K-300 geometry3k_test_2990 geoguide_cautious
FAIL	Geometry3K-300	geometry3k_test_2990	geoguide_cautious	pred='B'	gold='C'	complete=True	duration_s=8.75
CALL Geometry3K-300 geometry3k_test_2837 raw
FAIL	Geometry3K-300	geometry3k_test_2837	raw	pred='B'	gold='C'	complete=True	duration_s=8.53
CALL Geometry3K-300 geometry3k_test_2837 structured_facts
FAIL	Geometry3K-300	geometry3k_test_2837	structured_facts	pred='B'	gold='C'	complete=True	duration_s=9.15
CALL Geometry3K-300 geometry3k_test_2837 perception_graph
FAIL	Geometry3K-300	geometry3k_test_2837	perception_graph	pred='B'	gold='C'	complete=True	duration_s=9.46
CALL Geometry3K-300 geometry3k_test_2837 construction_plan
FAIL	Geometry3K-300	geometry3k_test_2837	construction_plan	pred='B'	gold='C'	complete=True	duration_s=9.80
CALL Geometry3K-300 geometry3k_test_2837 geoguide_solver
FAIL	Geometry3K-300	geometry3k_test_2837	geoguide_solver	pred='B'	gold='C'	complete=True	duration_s=9.51
CALL Geometry3K-300 geometry3k_test_2837 geoguide_cautious
FAIL	Geometry3K-300	geometry3k_test_2837	geoguide_cautious	pred='B'	gold='C'	complete=True	duration_s=10.09
CALL Geometry3K-300 geometry3k_test_2557 raw
FAIL	Geometry3K-300	geometry3k_test_2557	raw	pred='C'	gold='B'	complete=True	duration_s=10.48
CALL Geometry3K-300 geometry3k_test_2557 structured_facts
FAIL	Geometry3K-300	geometry3k_test_2557	structured_facts	pred='C'	gold='B'	complete=True	duration_s=11.12
CALL Geometry3K-300 geometry3k_test_2557 perception_graph
FAIL	Geometry3K-300	geometry3k_test_2557	perception_graph	pred='C'	gold='B'	complete=True	duration_s=11.51
CALL Geometry3K-300 geometry3k_test_2557 construction_plan
FAIL	Geometry3K-300	geometry3k_test_2557	construction_plan	pred='C'	gold='B'	complete=True	duration_s=11.22
CALL Geometry3K-300 geometry3k_test_2557 geoguide_solver
FAIL	Geometry3K-300	geometry3k_test_2557	geoguide_solver	pred='C'	gold='B'	complete=True	duration_s=11.50
CALL Geometry3K-300 geometry3k_test_2557 geoguide_cautious
FAIL	Geometry3K-300	geometry3k_test_2557	geoguide_cautious	pred='C'	gold='B'	complete=True	duration_s=11.49
CALL Geometry3K-300 geometry3k_test_2782 raw
OK	Geometry3K-300	geometry3k_test_2782	raw	pred='A'	gold='A'	complete=True	duration_s=4.21
CALL Geometry3K-300 geometry3k_test_2782 structured_facts
OK	Geometry3K-300	geometry3k_test_2782	structured_facts	pred='A'	gold='A'	complete=True	duration_s=4.53
CALL Geometry3K-300 geometry3k_test_2782 perception_graph
OK	Geometry3K-300	geometry3k_test_2782	perception_graph	pred='A'	gold='A'	complete=True	duration_s=4.81
CALL Geometry3K-300 geometry3k_test_2782 construction_plan
OK	Geometry3K-300	geometry3k_test_2782	construction_plan	pred='A'	gold='A'	complete=True	duration_s=5.46
CALL Geometry3K-300 geometry3k_test_2782 geoguide_solver
OK	Geometry3K-300	geometry3k_test_2782	geoguide_solver	pred='A'	gold='A'	complete=True	duration_s=5.12
CALL Geometry3K-300 geometry3k_test_2782 geoguide_cautious
OK	Geometry3K-300	geometry3k_test_2782	geoguide_cautious	pred='A'	gold='A'	complete=True	duration_s=5.44
CALL Geometry3K-300 geometry3k_test_2814 raw
OK	Geometry3K-300	geometry3k_test_2814	raw	pred='A'	gold='A'	complete=True	duration_s=4.91
CALL Geometry3K-300 geometry3k_test_2814 structured_facts
OK	Geometry3K-300	geometry3k_test_2814	structured_facts	pred='A'	gold='A'	complete=True	duration_s=4.54
CALL Geometry3K-300 geometry3k_test_2814 perception_graph
OK	Geometry3K-300	geometry3k_test_2814	perception_graph	pred='A'	gold='A'	complete=True	duration_s=5.41
CALL Geometry3K-300 geometry3k_test_2814 construction_plan
OK	Geometry3K-300	geometry3k_test_2814	construction_plan	pred='A'	gold='A'	complete=True	duration_s=5.15
CALL Geometry3K-300 geometry3k_test_2814 geoguide_solver
OK	Geometry3K-300	geometry3k_test_2814	geoguide_solver	pred='A'	gold='A'	complete=True	duration_s=5.14
CALL Geometry3K-300 geometry3k_test_2814 geoguide_cautious
OK	Geometry3K-300	geometry3k_test_2814	geoguide_cautious	pred='A'	gold='A'	complete=True	duration_s=5.44
CALL Geometry3K-300 geometry3k_test_2944 raw
FAIL	Geometry3K-300	geometry3k_test_2944	raw	pred='A'	gold='B'	complete=True	duration_s=6.35
CALL Geometry3K-300 geometry3k_test_2944 structured_facts
FAIL	Geometry3K-300	geometry3k_test_2944	structured_facts	pred='A'	gold='B'	complete=True	duration_s=7.36
CALL Geometry3K-300 geometry3k_test_2944 perception_graph
FAIL	Geometry3K-300	geometry3k_test_2944	perception_graph	pred='A'	gold='B'	complete=True	duration_s=7.33
CALL Geometry3K-300 geometry3k_test_2944 construction_plan
FAIL	Geometry3K-300	geometry3k_test_2944	construction_plan	pred='A'	gold='B'	complete=True	duration_s=8.02
CALL Geometry3K-300 geometry3k_test_2944 geoguide_solver
FAIL	Geometry3K-300	geometry3k_test_2944	geoguide_solver	pred='A'	gold='B'	complete=True	duration_s=7.68
CALL Geometry3K-300 geometry3k_test_2944 geoguide_cautious
FAIL	Geometry3K-300	geometry3k_test_2944	geoguide_cautious	pred='A'	gold='B'	complete=True	duration_s=8.30
CALL Geometry3K-300 geometry3k_test_2701 raw
FAIL	Geometry3K-300	geometry3k_test_2701	raw	pred='B'	gold='C'	complete=True	duration_s=6.74
CALL Geometry3K-300 geometry3k_test_2701 structured_facts
FAIL	Geometry3K-300	geometry3k_test_2701	structured_facts	pred='B'	gold='C'	complete=True	duration_s=7.01
CALL Geometry3K-300 geometry3k_test_2701 perception_graph
FAIL	Geometry3K-300	geometry3k_test_2701	perception_graph	pred='B'	gold='C'	complete=True	duration_s=7.36
CALL Geometry3K-300 geometry3k_test_2701 construction_plan
FAIL	Geometry3K-300	geometry3k_test_2701	construction_plan	pred='B'	gold='C'	complete=True	duration_s=7.69
CALL Geometry3K-300 geometry3k_test_2701 geoguide_solver
FAIL	Geometry3K-300	geometry3k_test_2701	geoguide_solver	pred='B'	gold='C'	complete=True	duration_s=7.40
CALL Geometry3K-300 geometry3k_test_2701 geoguide_cautious
FAIL	Geometry3K-300	geometry3k_test_2701	geoguide_cautious	pred='B'	gold='C'	complete=True	duration_s=7.68
CALL Geometry3K-300 geometry3k_test_2665 raw
FAIL	Geometry3K-300	geometry3k_test_2665	raw	pred='B'	gold='A'	complete=True	duration_s=9.20
CALL Geometry3K-300 geometry3k_test_2665 structured_facts
FAIL	Geometry3K-300	geometry3k_test_2665	structured_facts	pred='B'	gold='A'	complete=True	duration_s=9.94
CALL Geometry3K-300 geometry3k_test_2665 perception_graph
FAIL	Geometry3K-300	geometry3k_test_2665	perception_graph	pred='B'	gold='A'	complete=True	duration_s=10.21
CALL Geometry3K-300 geometry3k_test_2665 construction_plan
FAIL	Geometry3K-300	geometry3k_test_2665	construction_plan	pred='B'	gold='A'	complete=True	duration_s=10.60
CALL Geometry3K-300 geometry3k_test_2665 geoguide_solver
OK	Geometry3K-300	geometry3k_test_2665	geoguide_solver	pred='A'	gold='A'	complete=True	duration_s=10.29
CALL Geometry3K-300 geometry3k_test_2665 geoguide_cautious
OK	Geometry3K-300	geometry3k_test_2665	geoguide_cautious	pred='A'	gold='A'	complete=True	duration_s=10.59
CALL Geometry3K-300 geometry3k_test_2610 raw
OK	Geometry3K-300	geometry3k_test_2610	raw	pred='A'	gold='A'	complete=True	duration_s=4.10
CALL Geometry3K-300 geometry3k_test_2610 structured_facts
OK	Geometry3K-300	geometry3k_test_2610	structured_facts	pred='A'	gold='A'	complete=True	duration_s=4.42
CALL Geometry3K-300 geometry3k_test_2610 perception_graph
OK	Geometry3K-300	geometry3k_test_2610	perception_graph	pred='A'	gold='A'	complete=True	duration_s=4.71
CALL Geometry3K-300 geometry3k_test_2610 construction_plan
OK	Geometry3K-300	geometry3k_test_2610	construction_plan	pred='A'	gold='A'	complete=True	duration_s=5.11
CALL Geometry3K-300 geometry3k_test_2610 geoguide_solver
OK	Geometry3K-300	geometry3k_test_2610	geoguide_solver	pred='A'	gold='A'	complete=True	duration_s=4.73
CALL Geometry3K-300 geometry3k_test_2610 geoguide_cautious
OK	Geometry3K-300	geometry3k_test_2610	geoguide_cautious	pred='A'	gold='A'	complete=True	duration_s=5.37
CALL Geometry3K-300 geometry3k_test_2851 raw
OK	Geometry3K-300	geometry3k_test_2851	raw	pred='D'	gold='D'	complete=True	duration_s=4.33
CALL Geometry3K-300 geometry3k_test_2851 structured_facts
OK	Geometry3K-300	geometry3k_test_2851	structured_facts	pred='D'	gold='D'	complete=True	duration_s=4.26
CALL Geometry3K-300 geometry3k_test_2851 perception_graph
OK	Geometry3K-300	geometry3k_test_2851	perception_graph	pred='D'	gold='D'	complete=True	duration_s=4.91
CALL Geometry3K-300 geometry3k_test_2851 construction_plan
OK	Geometry3K-300	geometry3k_test_2851	construction_plan	pred='D'	gold='D'	complete=True	duration_s=4.94
CALL Geometry3K-300 geometry3k_test_2851 geoguide_solver
OK	Geometry3K-300	geometry3k_test_2851	geoguide_solver	pred='D'	gold='D'	complete=True	duration_s=4.56
CALL Geometry3K-300 geometry3k_test_2851 geoguide_cautious
OK	Geometry3K-300	geometry3k_test_2851	geoguide_cautious	pred='D'	gold='D'	complete=True	duration_s=5.20
CALL Geometry3K-300 geometry3k_test_2662 raw
FAIL	Geometry3K-300	geometry3k_test_2662	raw	pred='B'	gold='C'	complete=True	duration_s=12.09
CALL Geometry3K-300 geometry3k_test_2662 structured_facts
FAIL	Geometry3K-300	geometry3k_test_2662	structured_facts	pred='B'	gold='C'	complete=True	duration_s=13.05
CALL Geometry3K-300 geometry3k_test_2662 perception_graph
FAIL	Geometry3K-300	geometry3k_test_2662	perception_graph	pred='B'	gold='C'	complete=True	duration_s=13.30
CALL Geometry3K-300 geometry3k_test_2662 construction_plan
FAIL	Geometry3K-300	geometry3k_test_2662	construction_plan	pred='B'	gold='C'	complete=True	duration_s=14.36
CALL Geometry3K-300 geometry3k_test_2662 geoguide_solver
FAIL	Geometry3K-300	geometry3k_test_2662	geoguide_solver	pred='B'	gold='C'	complete=True	duration_s=13.67
CALL Geometry3K-300 geometry3k_test_2662 geoguide_cautious
FAIL	Geometry3K-300	geometry3k_test_2662	geoguide_cautious	pred='B'	gold='C'	complete=True	duration_s=14.02
CALL Geometry3K-300 geometry3k_test_2480 raw
FAIL	Geometry3K-300	geometry3k_test_2480	raw	pred='D'	gold='C'	complete=True	duration_s=19.25
CALL Geometry3K-300 geometry3k_test_2480 structured_facts
FAIL	Geometry3K-300	geometry3k_test_2480	structured_facts	pred='D'	gold='C'	complete=True	duration_s=20.22
CALL Geometry3K-300 geometry3k_test_2480 perception_graph
FAIL	Geometry3K-300	geometry3k_test_2480	perception_graph	pred='D'	gold='C'	complete=True	duration_s=20.57
CALL Geometry3K-300 geometry3k_test_2480 construction_plan
FAIL	Geometry3K-300	geometry3k_test_2480	construction_plan	pred='D'	gold='C'	complete=True	duration_s=20.91
CALL Geometry3K-300 geometry3k_test_2480 geoguide_solver
FAIL	Geometry3K-300	geometry3k_test_2480	geoguide_solver	pred='D'	gold='C'	complete=True	duration_s=20.56
CALL Geometry3K-300 geometry3k_test_2480 geoguide_cautious
FAIL	Geometry3K-300	geometry3k_test_2480	geoguide_cautious	pred='D'	gold='C'	complete=True	duration_s=21.17
CALL Geometry3K-300 geometry3k_test_2619 raw
OK	Geometry3K-300	geometry3k_test_2619	raw	pred='D'	gold='D'	complete=True	duration_s=8.47
CALL Geometry3K-300 geometry3k_test_2619 structured_facts
OK	Geometry3K-300	geometry3k_test_2619	structured_facts	pred='D'	gold='D'	complete=True	duration_s=8.80
CALL Geometry3K-300 geometry3k_test_2619 perception_graph
OK	Geometry3K-300	geometry3k_test_2619	perception_graph	pred='D'	gold='D'	complete=True	duration_s=9.47
CALL Geometry3K-300 geometry3k_test_2619 construction_plan
OK	Geometry3K-300	geometry3k_test_2619	construction_plan	pred='D'	gold='D'	complete=True	duration_s=9.48
CALL Geometry3K-300 geometry3k_test_2619 geoguide_solver
OK	Geometry3K-300	geometry3k_test_2619	geoguide_solver	pred='D'	gold='D'	complete=True	duration_s=9.56
CALL Geometry3K-300 geometry3k_test_2619 geoguide_cautious
OK	Geometry3K-300	geometry3k_test_2619	geoguide_cautious	pred='D'	gold='D'	complete=True	duration_s=9.87
CALL Geometry3K-300 geometry3k_test_2843 raw
OK	Geometry3K-300	geometry3k_test_2843	raw	pred='B'	gold='B'	complete=True	duration_s=12.41
CALL Geometry3K-300 geometry3k_test_2843 structured_facts
OK	Geometry3K-300	geometry3k_test_2843	structured_facts	pred='B'	gold='B'	complete=True	duration_s=12.79
CALL Geometry3K-300 geometry3k_test_2843 perception_graph
OK	Geometry3K-300	geometry3k_test_2843	perception_graph	pred='B'	gold='B'	complete=True	duration_s=13.17
CALL Geometry3K-300 geometry3k_test_2843 construction_plan
OK	Geometry3K-300	geometry3k_test_2843	construction_plan	pred='B'	gold='B'	complete=True	duration_s=13.44
CALL Geometry3K-300 geometry3k_test_2843 geoguide_solver
OK	Geometry3K-300	geometry3k_test_2843	geoguide_solver	pred='B'	gold='B'	complete=True	duration_s=13.43
CALL Geometry3K-300 geometry3k_test_2843 geoguide_cautious
OK	Geometry3K-300	geometry3k_test_2843	geoguide_cautious	pred='B'	gold='B'	complete=True	duration_s=13.51
CALL Geometry3K-300 geometry3k_test_2586 raw
FAIL	Geometry3K-300	geometry3k_test_2586	raw	pred='B'	gold='C'	complete=True	duration_s=10.48
CALL Geometry3K-300 geometry3k_test_2586 structured_facts
FAIL	Geometry3K-300	geometry3k_test_2586	structured_facts	pred='B'	gold='C'	complete=True	duration_s=10.79
CALL Geometry3K-300 geometry3k_test_2586 perception_graph
FAIL	Geometry3K-300	geometry3k_test_2586	perception_graph	pred='B'	gold='C'	complete=True	duration_s=11.20
CALL Geometry3K-300 geometry3k_test_2586 construction_plan
FAIL	Geometry3K-300	geometry3k_test_2586	construction_plan	pred='B'	gold='C'	complete=True	duration_s=11.48
CALL Geometry3K-300 geometry3k_test_2586 geoguide_solver
FAIL	Geometry3K-300	geometry3k_test_2586	geoguide_solver	pred='B'	gold='C'	complete=True	duration_s=11.47
CALL Geometry3K-300 geometry3k_test_2586 geoguide_cautious
FAIL	Geometry3K-300	geometry3k_test_2586	geoguide_cautious	pred='B'	gold='C'	complete=True	duration_s=11.51
CALL Geometry3K-300 geometry3k_test_2597 raw
OK	Geometry3K-300	geometry3k_test_2597	raw	pred='B'	gold='B'	complete=True	duration_s=6.03
CALL Geometry3K-300 geometry3k_test_2597 structured_facts
OK	Geometry3K-300	geometry3k_test_2597	structured_facts	pred='B'	gold='B'	complete=True	duration_s=6.67
CALL Geometry3K-300 geometry3k_test_2597 perception_graph
OK	Geometry3K-300	geometry3k_test_2597	perception_graph	pred='B'	gold='B'	complete=True	duration_s=7.03
CALL Geometry3K-300 geometry3k_test_2597 construction_plan
OK	Geometry3K-300	geometry3k_test_2597	construction_plan	pred='B'	gold='B'	complete=True	duration_s=7.38
CALL Geometry3K-300 geometry3k_test_2597 geoguide_solver
OK	Geometry3K-300	geometry3k_test_2597	geoguide_solver	pred='B'	gold='B'	complete=True	duration_s=7.34
CALL Geometry3K-300 geometry3k_test_2597 geoguide_cautious
OK	Geometry3K-300	geometry3k_test_2597	geoguide_cautious	pred='B'	gold='B'	complete=True	duration_s=7.65
CALL Geometry3K-300 geometry3k_test_2811 raw
OK	Geometry3K-300	geometry3k_test_2811	raw	pred='C'	gold='C'	complete=True	duration_s=4.00
CALL Geometry3K-300 geometry3k_test_2811 structured_facts
OK	Geometry3K-300	geometry3k_test_2811	structured_facts	pred='C'	gold='C'	complete=True	duration_s=4.30
CALL Geometry3K-300 geometry3k_test_2811 perception_graph
OK	Geometry3K-300	geometry3k_test_2811	perception_graph	pred='C'	gold='C'	complete=True	duration_s=4.57
CALL Geometry3K-300 geometry3k_test_2811 construction_plan
OK	Geometry3K-300	geometry3k_test_2811	construction_plan	pred='C'	gold='C'	complete=True	duration_s=4.97
CALL Geometry3K-300 geometry3k_test_2811 geoguide_solver
OK	Geometry3K-300	geometry3k_test_2811	geoguide_solver	pred='C'	gold='C'	complete=True	duration_s=4.58
CALL Geometry3K-300 geometry3k_test_2811 geoguide_cautious
FAIL	Geometry3K-300	geometry3k_test_2811	geoguide_cautious	pred='D'	gold='C'	complete=True	duration_s=5.20
CALL Geometry3K-300 geometry3k_test_2963 raw
FAIL	Geometry3K-300	geometry3k_test_2963	raw	pred='C'	gold='D'	complete=True	duration_s=5.18
CALL Geometry3K-300 geometry3k_test_2963 structured_facts
FAIL	Geometry3K-300	geometry3k_test_2963	structured_facts	pred='B'	gold='D'	complete=True	duration_s=5.86
CALL Geometry3K-300 geometry3k_test_2963 perception_graph
FAIL	Geometry3K-300	geometry3k_test_2963	perception_graph	pred='C'	gold='D'	complete=True	duration_s=6.20
CALL Geometry3K-300 geometry3k_test_2963 construction_plan
FAIL	Geometry3K-300	geometry3k_test_2963	construction_plan	pred='B'	gold='D'	complete=True	duration_s=7.13
CALL Geometry3K-300 geometry3k_test_2963 geoguide_solver
FAIL	Geometry3K-300	geometry3k_test_2963	geoguide_solver	pred='B'	gold='D'	complete=True	duration_s=6.76
CALL Geometry3K-300 geometry3k_test_2963 geoguide_cautious
FAIL	Geometry3K-300	geometry3k_test_2963	geoguide_cautious	pred='B'	gold='D'	complete=True	duration_s=7.11
CALL Geometry3K-300 geometry3k_test_2866 raw
OK	Geometry3K-300	geometry3k_test_2866	raw	pred='A'	gold='A'	complete=True	duration_s=8.63
CALL Geometry3K-300 geometry3k_test_2866 structured_facts
OK	Geometry3K-300	geometry3k_test_2866	structured_facts	pred='A'	gold='A'	complete=True	duration_s=9.65
CALL Geometry3K-300 geometry3k_test_2866 perception_graph
OK	Geometry3K-300	geometry3k_test_2866	perception_graph	pred='A'	gold='A'	complete=True	duration_s=9.63
CALL Geometry3K-300 geometry3k_test_2866 construction_plan
OK	Geometry3K-300	geometry3k_test_2866	construction_plan	pred='A'	gold='A'	complete=True	duration_s=10.58
CALL Geometry3K-300 geometry3k_test_2866 geoguide_solver
OK	Geometry3K-300	geometry3k_test_2866	geoguide_solver	pred='A'	gold='A'	complete=True	duration_s=10.25
CALL Geometry3K-300 geometry3k_test_2866 geoguide_cautious
OK	Geometry3K-300	geometry3k_test_2866	geoguide_cautious	pred='A'	gold='A'	complete=True	duration_s=10.55
CALL Geometry3K-300 geometry3k_test_2804 raw
FAIL	Geometry3K-300	geometry3k_test_2804	raw	pred='B'	gold='D'	complete=True	duration_s=5.64
CALL Geometry3K-300 geometry3k_test_2804 structured_facts
FAIL	Geometry3K-300	geometry3k_test_2804	structured_facts	pred='B'	gold='D'	complete=True	duration_s=5.98
CALL Geometry3K-300 geometry3k_test_2804 perception_graph
FAIL	Geometry3K-300	geometry3k_test_2804	perception_graph	pred='B'	gold='D'	complete=True	duration_s=6.56
CALL Geometry3K-300 geometry3k_test_2804 construction_plan
OK	Geometry3K-300	geometry3k_test_2804	construction_plan	pred='D'	gold='D'	complete=True	duration_s=7.24
CALL Geometry3K-300 geometry3k_test_2804 geoguide_solver
FAIL	Geometry3K-300	geometry3k_test_2804	geoguide_solver	pred='B'	gold='D'	complete=True	duration_s=6.91
CALL Geometry3K-300 geometry3k_test_2804 geoguide_cautious
FAIL	Geometry3K-300	geometry3k_test_2804	geoguide_cautious	pred='B'	gold='D'	complete=True	duration_s=7.21
CALL Geometry3K-300 geometry3k_test_2764 raw
OK	Geometry3K-300	geometry3k_test_2764	raw	pred='B'	gold='B'	complete=True	duration_s=4.95
CALL Geometry3K-300 geometry3k_test_2764 structured_facts
OK	Geometry3K-300	geometry3k_test_2764	structured_facts	pred='B'	gold='B'	complete=True	duration_s=5.58
CALL Geometry3K-300 geometry3k_test_2764 perception_graph
OK	Geometry3K-300	geometry3k_test_2764	perception_graph	pred='B'	gold='B'	complete=True	duration_s=5.95
CALL Geometry3K-300 geometry3k_test_2764 construction_plan
OK	Geometry3K-300	geometry3k_test_2764	construction_plan	pred='B'	gold='B'	complete=True	duration_s=6.26
CALL Geometry3K-300 geometry3k_test_2764 geoguide_solver
OK	Geometry3K-300	geometry3k_test_2764	geoguide_solver	pred='B'	gold='B'	complete=True	duration_s=6.22
CALL Geometry3K-300 geometry3k_test_2764 geoguide_cautious
OK	Geometry3K-300	geometry3k_test_2764	geoguide_cautious	pred='B'	gold='B'	complete=True	duration_s=6.83
CALL Geometry3K-300 geometry3k_test_2818 raw
OK	Geometry3K-300	geometry3k_test_2818	raw	pred='A'	gold='A'	complete=True	duration_s=4.15
CALL Geometry3K-300 geometry3k_test_2818 structured_facts
OK	Geometry3K-300	geometry3k_test_2818	structured_facts	pred='A'	gold='A'	complete=True	duration_s=4.48
CALL Geometry3K-300 geometry3k_test_2818 perception_graph
OK	Geometry3K-300	geometry3k_test_2818	perception_graph	pred='A'	gold='A'	complete=True	duration_s=5.11
CALL Geometry3K-300 geometry3k_test_2818 construction_plan
OK	Geometry3K-300	geometry3k_test_2818	construction_plan	pred='A'	gold='A'	complete=True	duration_s=5.12
CALL Geometry3K-300 geometry3k_test_2818 geoguide_solver
OK	Geometry3K-300	geometry3k_test_2818	geoguide_solver	pred='A'	gold='A'	complete=True	duration_s=5.09
CALL Geometry3K-300 geometry3k_test_2818 geoguide_cautious
OK	Geometry3K-300	geometry3k_test_2818	geoguide_cautious	pred='A'	gold='A'	complete=True	duration_s=5.13
CALL Geometry3K-300 geometry3k_test_2560 raw
OK	Geometry3K-300	geometry3k_test_2560	raw	pred='B'	gold='B'	complete=True	duration_s=3.85
CALL Geometry3K-300 geometry3k_test_2560 structured_facts
OK	Geometry3K-300	geometry3k_test_2560	structured_facts	pred='B'	gold='B'	complete=True	duration_s=4.49
CALL Geometry3K-300 geometry3k_test_2560 perception_graph
OK	Geometry3K-300	geometry3k_test_2560	perception_graph	pred='B'	gold='B'	complete=True	duration_s=4.83
CALL Geometry3K-300 geometry3k_test_2560 construction_plan
OK	Geometry3K-300	geometry3k_test_2560	construction_plan	pred='B'	gold='B'	complete=True	duration_s=5.22
CALL Geometry3K-300 geometry3k_test_2560 geoguide_solver
OK	Geometry3K-300	geometry3k_test_2560	geoguide_solver	pred='B'	gold='B'	complete=True	duration_s=4.87
CALL Geometry3K-300 geometry3k_test_2560 geoguide_cautious
OK	Geometry3K-300	geometry3k_test_2560	geoguide_cautious	pred='B'	gold='B'	complete=True	duration_s=5.22
CALL Geometry3K-300 geometry3k_test_2624 raw
OK	Geometry3K-300	geometry3k_test_2624	raw	pred='B'	gold='B'	complete=True	duration_s=4.82
CALL Geometry3K-300 geometry3k_test_2624 structured_facts
OK	Geometry3K-300	geometry3k_test_2624	structured_facts	pred='B'	gold='B'	complete=True	duration_s=5.16
CALL Geometry3K-300 geometry3k_test_2624 perception_graph
FAIL	Geometry3K-300	geometry3k_test_2624	perception_graph	pred='C'	gold='B'	complete=True	duration_s=5.48
CALL Geometry3K-300 geometry3k_test_2624 construction_plan
OK	Geometry3K-300	geometry3k_test_2624	construction_plan	pred='B'	gold='B'	complete=True	duration_s=5.82
CALL Geometry3K-300 geometry3k_test_2624 geoguide_solver
FAIL	Geometry3K-300	geometry3k_test_2624	geoguide_solver	pred='C'	gold='B'	complete=True	duration_s=5.55
CALL Geometry3K-300 geometry3k_test_2624 geoguide_cautious
OK	Geometry3K-300	geometry3k_test_2624	geoguide_cautious	pred='B'	gold='B'	complete=True	duration_s=5.85
CALL Geometry3K-300 geometry3k_test_2736 raw
OK	Geometry3K-300	geometry3k_test_2736	raw	pred='B'	gold='B'	complete=True	duration_s=8.38
CALL Geometry3K-300 geometry3k_test_2736 structured_facts
OK	Geometry3K-300	geometry3k_test_2736	structured_facts	pred='B'	gold='B'	complete=True	duration_s=9.01
CALL Geometry3K-300 geometry3k_test_2736 perception_graph
OK	Geometry3K-300	geometry3k_test_2736	perception_graph	pred='B'	gold='B'	complete=True	duration_s=9.63
CALL Geometry3K-300 geometry3k_test_2736 construction_plan
OK	Geometry3K-300	geometry3k_test_2736	construction_plan	pred='B'	gold='B'	complete=True	duration_s=9.96
CALL Geometry3K-300 geometry3k_test_2736 geoguide_solver
OK	Geometry3K-300	geometry3k_test_2736	geoguide_solver	pred='B'	gold='B'	complete=True	duration_s=9.88
CALL Geometry3K-300 geometry3k_test_2736 geoguide_cautious
OK	Geometry3K-300	geometry3k_test_2736	geoguide_cautious	pred='B'	gold='B'	complete=True	duration_s=9.94
CALL Geometry3K-300 geometry3k_test_2601 raw
FAIL	Geometry3K-300	geometry3k_test_2601	raw	pred='B'	gold='C'	complete=True	duration_s=15.32
CALL Geometry3K-300 geometry3k_test_2601 structured_facts
FAIL	Geometry3K-300	geometry3k_test_2601	structured_facts	pred='B'	gold='C'	complete=True	duration_s=15.76
CALL Geometry3K-300 geometry3k_test_2601 perception_graph
FAIL	Geometry3K-300	geometry3k_test_2601	perception_graph	pred='B'	gold='C'	complete=True	duration_s=16.07
CALL Geometry3K-300 geometry3k_test_2601 construction_plan
FAIL	Geometry3K-300	geometry3k_test_2601	construction_plan	pred='B'	gold='C'	complete=True	duration_s=16.39
CALL Geometry3K-300 geometry3k_test_2601 geoguide_solver
FAIL	Geometry3K-300	geometry3k_test_2601	geoguide_solver	pred='B'	gold='C'	complete=True	duration_s=16.38
CALL Geometry3K-300 geometry3k_test_2601 geoguide_cautious
FAIL	Geometry3K-300	geometry3k_test_2601	geoguide_cautious	pred='B'	gold='C'	complete=True	duration_s=16.69
CALL Geometry3K-300 geometry3k_test_2801 raw
OK	Geometry3K-300	geometry3k_test_2801	raw	pred='B'	gold='B'	complete=True	duration_s=11.96
CALL Geometry3K-300 geometry3k_test_2801 structured_facts
OK	Geometry3K-300	geometry3k_test_2801	structured_facts	pred='B'	gold='B'	complete=True	duration_s=12.63
CALL Geometry3K-300 geometry3k_test_2801 perception_graph
OK	Geometry3K-300	geometry3k_test_2801	perception_graph	pred='B'	gold='B'	complete=True	duration_s=12.98
CALL Geometry3K-300 geometry3k_test_2801 construction_plan
OK	Geometry3K-300	geometry3k_test_2801	construction_plan	pred='B'	gold='B'	complete=True	duration_s=13.23
CALL Geometry3K-300 geometry3k_test_2801 geoguide_solver
OK	Geometry3K-300	geometry3k_test_2801	geoguide_solver	pred='B'	gold='B'	complete=True	duration_s=12.97
CALL Geometry3K-300 geometry3k_test_2801 geoguide_cautious
OK	Geometry3K-300	geometry3k_test_2801	geoguide_cautious	pred='B'	gold='B'	complete=True	duration_s=13.52
CALL Geometry3K-300 geometry3k_test_2440 raw
OK	Geometry3K-300	geometry3k_test_2440	raw	pred='C'	gold='C'	complete=True	duration_s=5.85
CALL Geometry3K-300 geometry3k_test_2440 structured_facts
FAIL	Geometry3K-300	geometry3k_test_2440	structured_facts	pred='B'	gold='C'	complete=True	duration_s=6.78
CALL Geometry3K-300 geometry3k_test_2440 perception_graph
OK	Geometry3K-300	geometry3k_test_2440	perception_graph	pred='C'	gold='C'	complete=True	duration_s=6.82
CALL Geometry3K-300 geometry3k_test_2440 construction_plan
OK	Geometry3K-300	geometry3k_test_2440	construction_plan	pred='C'	gold='C'	complete=True	duration_s=7.48
CALL Geometry3K-300 geometry3k_test_2440 geoguide_solver
OK	Geometry3K-300	geometry3k_test_2440	geoguide_solver	pred='C'	gold='C'	complete=True	duration_s=7.13
CALL Geometry3K-300 geometry3k_test_2440 geoguide_cautious
FAIL	Geometry3K-300	geometry3k_test_2440	geoguide_cautious	pred='B'	gold='C'	complete=True	duration_s=7.74
CALL Geometry3K-300 geometry3k_test_2492 raw
OK	Geometry3K-300	geometry3k_test_2492	raw	pred='B'	gold='B'	complete=True	duration_s=10.51
CALL Geometry3K-300 geometry3k_test_2492 structured_facts
OK	Geometry3K-300	geometry3k_test_2492	structured_facts	pred='B'	gold='B'	complete=True	duration_s=11.48
CALL Geometry3K-300 geometry3k_test_2492 perception_graph
FAIL	Geometry3K-300	geometry3k_test_2492	perception_graph	pred='D'	gold='B'	complete=True	duration_s=12.08
CALL Geometry3K-300 geometry3k_test_2492 construction_plan
OK	Geometry3K-300	geometry3k_test_2492	construction_plan	pred='B'	gold='B'	complete=True	duration_s=12.74
CALL Geometry3K-300 geometry3k_test_2492 geoguide_solver
OK	Geometry3K-300	geometry3k_test_2492	geoguide_solver	pred='B'	gold='B'	complete=True	duration_s=12.14
CALL Geometry3K-300 geometry3k_test_2492 geoguide_cautious
OK	Geometry3K-300	geometry3k_test_2492	geoguide_cautious	pred='B'	gold='B'	complete=True	duration_s=12.44
CALL Geometry3K-300 geometry3k_test_2621 raw
OK	Geometry3K-300	geometry3k_test_2621	raw	pred='C'	gold='C'	complete=True	duration_s=9.28
CALL Geometry3K-300 geometry3k_test_2621 structured_facts
OK	Geometry3K-300	geometry3k_test_2621	structured_facts	pred='C'	gold='C'	complete=True	duration_s=9.64
CALL Geometry3K-300 geometry3k_test_2621 perception_graph
OK	Geometry3K-300	geometry3k_test_2621	perception_graph	pred='C'	gold='C'	complete=True	duration_s=10.30
CALL Geometry3K-300 geometry3k_test_2621 construction_plan
OK	Geometry3K-300	geometry3k_test_2621	construction_plan	pred='C'	gold='C'	complete=True	duration_s=10.30
CALL Geometry3K-300 geometry3k_test_2621 geoguide_solver
OK	Geometry3K-300	geometry3k_test_2621	geoguide_solver	pred='C'	gold='C'	complete=True	duration_s=10.02
CALL Geometry3K-300 geometry3k_test_2621 geoguide_cautious
OK	Geometry3K-300	geometry3k_test_2621	geoguide_cautious	pred='C'	gold='C'	complete=True	duration_s=10.33
CALL Geometry3K-300 geometry3k_test_2714 raw
FAIL	Geometry3K-300	geometry3k_test_2714	raw	pred='B'	gold='D'	complete=True	duration_s=4.13
CALL Geometry3K-300 geometry3k_test_2714 structured_facts
FAIL	Geometry3K-300	geometry3k_test_2714	structured_facts	pred='B'	gold='D'	complete=True	duration_s=4.40
CALL Geometry3K-300 geometry3k_test_2714 perception_graph
FAIL	Geometry3K-300	geometry3k_test_2714	perception_graph	pred='B'	gold='D'	complete=True	duration_s=4.71
CALL Geometry3K-300 geometry3k_test_2714 construction_plan
OK	Geometry3K-300	geometry3k_test_2714	construction_plan	pred='D'	gold='D'	complete=True	duration_s=5.34
CALL Geometry3K-300 geometry3k_test_2714 geoguide_solver
FAIL	Geometry3K-300	geometry3k_test_2714	geoguide_solver	pred='B'	gold='D'	complete=True	duration_s=4.75
CALL Geometry3K-300 geometry3k_test_2714 geoguide_cautious
FAIL	Geometry3K-300	geometry3k_test_2714	geoguide_cautious	pred='B'	gold='D'	complete=True	duration_s=5.36
CALL Geometry3K-300 geometry3k_test_2965 raw
FAIL	Geometry3K-300	geometry3k_test_2965	raw	pred='B'	gold='A'	complete=True	duration_s=5.80
CALL Geometry3K-300 geometry3k_test_2965 structured_facts
FAIL	Geometry3K-300	geometry3k_test_2965	structured_facts	pred='B'	gold='A'	complete=True	duration_s=6.33
CALL Geometry3K-300 geometry3k_test_2965 perception_graph
FAIL	Geometry3K-300	geometry3k_test_2965	perception_graph	pred='B'	gold='A'	complete=True	duration_s=6.71
CALL Geometry3K-300 geometry3k_test_2965 construction_plan
FAIL	Geometry3K-300	geometry3k_test_2965	construction_plan	pred='B'	gold='A'	complete=True	duration_s=7.03
CALL Geometry3K-300 geometry3k_test_2965 geoguide_solver
FAIL	Geometry3K-300	geometry3k_test_2965	geoguide_solver	pred='B'	gold='A'	complete=True	duration_s=7.02
CALL Geometry3K-300 geometry3k_test_2965 geoguide_cautious
FAIL	Geometry3K-300	geometry3k_test_2965	geoguide_cautious	pred='B'	gold='A'	complete=True	duration_s=7.36
CALL Geometry3K-300 geometry3k_test_2466 raw
FAIL	Geometry3K-300	geometry3k_test_2466	raw	pred='A'	gold='C'	complete=True	duration_s=11.05
CALL Geometry3K-300 geometry3k_test_2466 structured_facts
FAIL	Geometry3K-300	geometry3k_test_2466	structured_facts	pred='A'	gold='C'	complete=True	duration_s=11.37
CALL Geometry3K-300 geometry3k_test_2466 perception_graph
FAIL	Geometry3K-300	geometry3k_test_2466	perception_graph	pred='A'	gold='C'	complete=True	duration_s=11.69
CALL Geometry3K-300 geometry3k_test_2466 construction_plan
FAIL	Geometry3K-300	geometry3k_test_2466	construction_plan	pred='A'	gold='C'	complete=True	duration_s=12.06
CALL Geometry3K-300 geometry3k_test_2466 geoguide_solver
FAIL	Geometry3K-300	geometry3k_test_2466	geoguide_solver	pred='A'	gold='C'	complete=True	duration_s=11.78
CALL Geometry3K-300 geometry3k_test_2466 geoguide_cautious
FAIL	Geometry3K-300	geometry3k_test_2466	geoguide_cautious	pred='A'	gold='C'	complete=True	duration_s=12.30
CALL Geometry3K-300 geometry3k_test_2513 raw
FAIL	Geometry3K-300	geometry3k_test_2513	raw	pred='C'	gold='A'	complete=True	duration_s=7.71
CALL Geometry3K-300 geometry3k_test_2513 structured_facts
FAIL	Geometry3K-300	geometry3k_test_2513	structured_facts	pred='C'	gold='A'	complete=True	duration_s=8.03
CALL Geometry3K-300 geometry3k_test_2513 perception_graph
FAIL	Geometry3K-300	geometry3k_test_2513	perception_graph	pred='C'	gold='A'	complete=True	duration_s=8.94
CALL Geometry3K-300 geometry3k_test_2513 construction_plan
FAIL	Geometry3K-300	geometry3k_test_2513	construction_plan	pred='C'	gold='A'	complete=True	duration_s=8.71
CALL Geometry3K-300 geometry3k_test_2513 geoguide_solver
FAIL	Geometry3K-300	geometry3k_test_2513	geoguide_solver	pred='C'	gold='A'	complete=True	duration_s=8.65
CALL Geometry3K-300 geometry3k_test_2513 geoguide_cautious
FAIL	Geometry3K-300	geometry3k_test_2513	geoguide_cautious	pred='B'	gold='A'	complete=True	duration_s=8.97
CALL Geometry3K-300 geometry3k_test_2966 raw
FAIL	Geometry3K-300	geometry3k_test_2966	raw	pred='C'	gold='B'	complete=True	duration_s=7.81
CALL Geometry3K-300 geometry3k_test_2966 structured_facts
FAIL	Geometry3K-300	geometry3k_test_2966	structured_facts	pred='C'	gold='B'	complete=True	duration_s=8.44
CALL Geometry3K-300 geometry3k_test_2966 perception_graph
FAIL	Geometry3K-300	geometry3k_test_2966	perception_graph	pred='C'	gold='B'	complete=True	duration_s=9.03
CALL Geometry3K-300 geometry3k_test_2966 construction_plan
FAIL	Geometry3K-300	geometry3k_test_2966	construction_plan	pred='C'	gold='B'	complete=True	duration_s=9.39
CALL Geometry3K-300 geometry3k_test_2966 geoguide_solver
FAIL	Geometry3K-300	geometry3k_test_2966	geoguide_solver	pred='C'	gold='B'	complete=True	duration_s=9.11
CALL Geometry3K-300 geometry3k_test_2966 geoguide_cautious
FAIL	Geometry3K-300	geometry3k_test_2966	geoguide_cautious	pred='C'	gold='B'	complete=True	duration_s=9.40
CALL Geometry3K-300 geometry3k_test_2522 raw
OK	Geometry3K-300	geometry3k_test_2522	raw	pred='B'	gold='B'	complete=True	duration_s=5.45
CALL Geometry3K-300 geometry3k_test_2522 structured_facts
FAIL	Geometry3K-300	geometry3k_test_2522	structured_facts	pred='C'	gold='B'	complete=True	duration_s=5.80
CALL Geometry3K-300 geometry3k_test_2522 perception_graph
FAIL	Geometry3K-300	geometry3k_test_2522	perception_graph	pred='C'	gold='B'	complete=True	duration_s=6.14
CALL Geometry3K-300 geometry3k_test_2522 construction_plan
OK	Geometry3K-300	geometry3k_test_2522	construction_plan	pred='B'	gold='B'	complete=True	duration_s=6.75
CALL Geometry3K-300 geometry3k_test_2522 geoguide_solver
OK	Geometry3K-300	geometry3k_test_2522	geoguide_solver	pred='B'	gold='B'	complete=True	duration_s=6.42
CALL Geometry3K-300 geometry3k_test_2522 geoguide_cautious
OK	Geometry3K-300	geometry3k_test_2522	geoguide_cautious	pred='B'	gold='B'	complete=True	duration_s=6.75
CALL Geometry3K-300 geometry3k_test_2494 raw
OK	Geometry3K-300	geometry3k_test_2494	raw	pred='B'	gold='B'	complete=True	duration_s=4.95
CALL Geometry3K-300 geometry3k_test_2494 structured_facts
OK	Geometry3K-300	geometry3k_test_2494	structured_facts	pred='B'	gold='B'	complete=True	duration_s=5.55
CALL Geometry3K-300 geometry3k_test_2494 perception_graph
OK	Geometry3K-300	geometry3k_test_2494	perception_graph	pred='B'	gold='B'	complete=True	duration_s=5.94
CALL Geometry3K-300 geometry3k_test_2494 construction_plan
OK	Geometry3K-300	geometry3k_test_2494	construction_plan	pred='B'	gold='B'	complete=True	duration_s=6.24
CALL Geometry3K-300 geometry3k_test_2494 geoguide_solver
OK	Geometry3K-300	geometry3k_test_2494	geoguide_solver	pred='B'	gold='B'	complete=True	duration_s=6.22
CALL Geometry3K-300 geometry3k_test_2494 geoguide_cautious
OK	Geometry3K-300	geometry3k_test_2494	geoguide_cautious	pred='B'	gold='B'	complete=True	duration_s=6.54
CALL Geometry3K-300 geometry3k_test_2634 raw
OK	Geometry3K-300	geometry3k_test_2634	raw	pred='C'	gold='C'	complete=True	duration_s=19.12
CALL Geometry3K-300 geometry3k_test_2634 structured_facts
OK	Geometry3K-300	geometry3k_test_2634	structured_facts	pred='C'	gold='C'	complete=True	duration_s=19.69
CALL Geometry3K-300 geometry3k_test_2634 perception_graph
OK	Geometry3K-300	geometry3k_test_2634	perception_graph	pred='C'	gold='C'	complete=True	duration_s=20.01
CALL Geometry3K-300 geometry3k_test_2634 construction_plan
OK	Geometry3K-300	geometry3k_test_2634	construction_plan	pred='C'	gold='C'	complete=True	duration_s=20.40
CALL Geometry3K-300 geometry3k_test_2634 geoguide_solver
OK	Geometry3K-300	geometry3k_test_2634	geoguide_solver	pred='C'	gold='C'	complete=True	duration_s=20.13
CALL Geometry3K-300 geometry3k_test_2634 geoguide_cautious
OK	Geometry3K-300	geometry3k_test_2634	geoguide_cautious	pred='C'	gold='C'	complete=True	duration_s=20.39
CALL Geometry3K-300 geometry3k_test_2592 raw
OK	Geometry3K-300	geometry3k_test_2592	raw	pred='C'	gold='C'	complete=True	duration_s=4.20
CALL Geometry3K-300 geometry3k_test_2592 structured_facts
OK	Geometry3K-300	geometry3k_test_2592	structured_facts	pred='C'	gold='C'	complete=True	duration_s=4.48
CALL Geometry3K-300 geometry3k_test_2592 perception_graph
OK	Geometry3K-300	geometry3k_test_2592	perception_graph	pred='C'	gold='C'	complete=True	duration_s=4.77
CALL Geometry3K-300 geometry3k_test_2592 construction_plan
FAIL	Geometry3K-300	geometry3k_test_2592	construction_plan	pred='B'	gold='C'	complete=True	duration_s=5.41
CALL Geometry3K-300 geometry3k_test_2592 geoguide_solver
FAIL	Geometry3K-300	geometry3k_test_2592	geoguide_solver	pred='B'	gold='C'	complete=True	duration_s=5.07
CALL Geometry3K-300 geometry3k_test_2592 geoguide_cautious
FAIL	Geometry3K-300	geometry3k_test_2592	geoguide_cautious	pred='B'	gold='C'	complete=True	duration_s=5.39
CALL Geometry3K-300 geometry3k_test_2569 raw
FAIL	Geometry3K-300	geometry3k_test_2569	raw	pred='C'	gold='A'	complete=True	duration_s=4.53
CALL Geometry3K-300 geometry3k_test_2569 structured_facts
FAIL	Geometry3K-300	geometry3k_test_2569	structured_facts	pred='C'	gold='A'	complete=True	duration_s=5.46
CALL Geometry3K-300 geometry3k_test_2569 perception_graph
FAIL	Geometry3K-300	geometry3k_test_2569	perception_graph	pred='C'	gold='A'	complete=True	duration_s=5.81
CALL Geometry3K-300 geometry3k_test_2569 construction_plan
OK	Geometry3K-300	geometry3k_test_2569	construction_plan	pred='A'	gold='A'	complete=True	duration_s=6.43
CALL Geometry3K-300 geometry3k_test_2569 geoguide_solver
FAIL	Geometry3K-300	geometry3k_test_2569	geoguide_solver	pred='C'	gold='A'	complete=True	duration_s=5.83
CALL Geometry3K-300 geometry3k_test_2569 geoguide_cautious
OK	Geometry3K-300	geometry3k_test_2569	geoguide_cautious	pred='A'	gold='A'	complete=True	duration_s=6.42
CALL Geometry3K-300 geometry3k_test_2967 raw
FAIL	Geometry3K-300	geometry3k_test_2967	raw	pred='C'	gold='A'	complete=True	duration_s=10.45
CALL Geometry3K-300 geometry3k_test_2967 structured_facts
FAIL	Geometry3K-300	geometry3k_test_2967	structured_facts	pred='C'	gold='A'	complete=True	duration_s=11.10
CALL Geometry3K-300 geometry3k_test_2967 perception_graph
FAIL	Geometry3K-300	geometry3k_test_2967	perception_graph	pred='C'	gold='A'	complete=True	duration_s=11.41
CALL Geometry3K-300 geometry3k_test_2967 construction_plan
FAIL	Geometry3K-300	geometry3k_test_2967	construction_plan	pred='C'	gold='A'	complete=True	duration_s=11.70
CALL Geometry3K-300 geometry3k_test_2967 geoguide_solver
FAIL	Geometry3K-300	geometry3k_test_2967	geoguide_solver	pred='C'	gold='A'	complete=True	duration_s=11.42
CALL Geometry3K-300 geometry3k_test_2967 geoguide_cautious
FAIL	Geometry3K-300	geometry3k_test_2967	geoguide_cautious	pred='C'	gold='A'	complete=True	duration_s=11.77
CALL Geometry3K-300 geometry3k_test_2502 raw
FAIL	Geometry3K-300	geometry3k_test_2502	raw	pred='C'	gold='A'	complete=True	duration_s=9.96
CALL Geometry3K-300 geometry3k_test_2502 structured_facts
FAIL	Geometry3K-300	geometry3k_test_2502	structured_facts	pred='C'	gold='A'	complete=True	duration_s=10.34
CALL Geometry3K-300 geometry3k_test_2502 perception_graph
FAIL	Geometry3K-300	geometry3k_test_2502	perception_graph	pred='C'	gold='A'	complete=True	duration_s=10.64
CALL Geometry3K-300 geometry3k_test_2502 construction_plan
FAIL	Geometry3K-300	geometry3k_test_2502	construction_plan	pred='C'	gold='A'	complete=True	duration_s=11.02
CALL Geometry3K-300 geometry3k_test_2502 geoguide_solver
FAIL	Geometry3K-300	geometry3k_test_2502	geoguide_solver	pred='B'	gold='A'	complete=True	duration_s=10.98
CALL Geometry3K-300 geometry3k_test_2502 geoguide_cautious
FAIL	Geometry3K-300	geometry3k_test_2502	geoguide_cautious	pred='B'	gold='A'	complete=True	duration_s=11.23
CALL Geometry3K-300 geometry3k_test_2704 raw
OK	Geometry3K-300	geometry3k_test_2704	raw	pred='A'	gold='A'	complete=True	duration_s=5.85
CALL Geometry3K-300 geometry3k_test_2704 structured_facts
OK	Geometry3K-300	geometry3k_test_2704	structured_facts	pred='A'	gold='A'	complete=True	duration_s=6.12
CALL Geometry3K-300 geometry3k_test_2704 perception_graph
OK	Geometry3K-300	geometry3k_test_2704	perception_graph	pred='A'	gold='A'	complete=True	duration_s=6.48
CALL Geometry3K-300 geometry3k_test_2704 construction_plan
OK	Geometry3K-300	geometry3k_test_2704	construction_plan	pred='A'	gold='A'	complete=True	duration_s=7.11
CALL Geometry3K-300 geometry3k_test_2704 geoguide_solver
OK	Geometry3K-300	geometry3k_test_2704	geoguide_solver	pred='A'	gold='A'	complete=True	duration_s=6.81
CALL Geometry3K-300 geometry3k_test_2704 geoguide_cautious
OK	Geometry3K-300	geometry3k_test_2704	geoguide_cautious	pred='A'	gold='A'	complete=True	duration_s=7.10
CALL Geometry3K-300 geometry3k_test_2845 raw
OK	Geometry3K-300	geometry3k_test_2845	raw	pred='C'	gold='C'	complete=True	duration_s=4.88
CALL Geometry3K-300 geometry3k_test_2845 structured_facts
OK	Geometry3K-300	geometry3k_test_2845	structured_facts	pred='C'	gold='C'	complete=True	duration_s=5.54
CALL Geometry3K-300 geometry3k_test_2845 perception_graph
FAIL	Geometry3K-300	geometry3k_test_2845	perception_graph	pred='A'	gold='C'	complete=True	duration_s=6.13
CALL Geometry3K-300 geometry3k_test_2845 construction_plan
FAIL	Geometry3K-300	geometry3k_test_2845	construction_plan	pred='A'	gold='C'	complete=True	duration_s=6.48
CALL Geometry3K-300 geometry3k_test_2845 geoguide_solver
FAIL	Geometry3K-300	geometry3k_test_2845	geoguide_solver	pred='A'	gold='C'	complete=True	duration_s=6.47
CALL Geometry3K-300 geometry3k_test_2845 geoguide_cautious
FAIL	Geometry3K-300	geometry3k_test_2845	geoguide_cautious	pred='A'	gold='C'	complete=True	duration_s=6.53
CALL Geometry3K-300 geometry3k_test_2431 raw
OK	Geometry3K-300	geometry3k_test_2431	raw	pred='C'	gold='C'	complete=True	duration_s=4.82
CALL Geometry3K-300 geometry3k_test_2431 structured_facts
OK	Geometry3K-300	geometry3k_test_2431	structured_facts	pred='C'	gold='C'	complete=True	duration_s=5.48
CALL Geometry3K-300 geometry3k_test_2431 perception_graph
OK	Geometry3K-300	geometry3k_test_2431	perception_graph	pred='C'	gold='C'	complete=True	duration_s=5.81
CALL Geometry3K-300 geometry3k_test_2431 construction_plan
OK	Geometry3K-300	geometry3k_test_2431	construction_plan	pred='C'	gold='C'	complete=True	duration_s=6.19
CALL Geometry3K-300 geometry3k_test_2431 geoguide_solver
OK	Geometry3K-300	geometry3k_test_2431	geoguide_solver	pred='C'	gold='C'	complete=True	duration_s=5.88
CALL Geometry3K-300 geometry3k_test_2431 geoguide_cautious
OK	Geometry3K-300	geometry3k_test_2431	geoguide_cautious	pred='C'	gold='C'	complete=True	duration_s=6.19
CALL Geometry3K-300 geometry3k_test_2922 raw
FAIL	Geometry3K-300	geometry3k_test_2922	raw	pred='C'	gold='B'	complete=True	duration_s=4.15
CALL Geometry3K-300 geometry3k_test_2922 structured_facts
FAIL	Geometry3K-300	geometry3k_test_2922	structured_facts	pred='C'	gold='B'	complete=True	duration_s=5.08
CALL Geometry3K-300 geometry3k_test_2922 perception_graph
FAIL	Geometry3K-300	geometry3k_test_2922	perception_graph	pred='C'	gold='B'	complete=True	duration_s=5.11
CALL Geometry3K-300 geometry3k_test_2922 construction_plan
FAIL	Geometry3K-300	geometry3k_test_2922	construction_plan	pred='C'	gold='B'	complete=True	duration_s=5.77
CALL Geometry3K-300 geometry3k_test_2922 geoguide_solver
FAIL	Geometry3K-300	geometry3k_test_2922	geoguide_solver	pred='C'	gold='B'	complete=True	duration_s=5.42
CALL Geometry3K-300 geometry3k_test_2922 geoguide_cautious
OK	Geometry3K-300	geometry3k_test_2922	geoguide_cautious	pred='B'	gold='B'	complete=True	duration_s=6.02
CALL Geometry3K-300 geometry3k_test_2615 raw
FAIL	Geometry3K-300	geometry3k_test_2615	raw	pred='D'	gold='B'	complete=True	duration_s=4.13
CALL Geometry3K-300 geometry3k_test_2615 structured_facts
FAIL	Geometry3K-300	geometry3k_test_2615	structured_facts	pred='D'	gold='B'	complete=True	duration_s=4.47
CALL Geometry3K-300 geometry3k_test_2615 perception_graph
FAIL	Geometry3K-300	geometry3k_test_2615	perception_graph	pred='D'	gold='B'	complete=True	duration_s=4.75
CALL Geometry3K-300 geometry3k_test_2615 construction_plan
FAIL	Geometry3K-300	geometry3k_test_2615	construction_plan	pred='D'	gold='B'	complete=True	duration_s=5.41
CALL Geometry3K-300 geometry3k_test_2615 geoguide_solver
FAIL	Geometry3K-300	geometry3k_test_2615	geoguide_solver	pred='D'	gold='B'	complete=True	duration_s=5.05
CALL Geometry3K-300 geometry3k_test_2615 geoguide_cautious
FAIL	Geometry3K-300	geometry3k_test_2615	geoguide_cautious	pred='D'	gold='B'	complete=True	duration_s=5.10
CALL Geometry3K-300 geometry3k_test_2738 raw
FAIL	Geometry3K-300	geometry3k_test_2738	raw	pred='A'	gold='B'	complete=True	duration_s=4.16
CALL Geometry3K-300 geometry3k_test_2738 structured_facts
FAIL	Geometry3K-300	geometry3k_test_2738	structured_facts	pred='A'	gold='B'	complete=True	duration_s=4.44
CALL Geometry3K-300 geometry3k_test_2738 perception_graph
FAIL	Geometry3K-300	geometry3k_test_2738	perception_graph	pred='A'	gold='B'	complete=True	duration_s=5.27
CALL Geometry3K-300 geometry3k_test_2738 construction_plan
OK	Geometry3K-300	geometry3k_test_2738	construction_plan	pred='B'	gold='B'	complete=True	duration_s=5.67
CALL Geometry3K-300 geometry3k_test_2738 geoguide_solver
FAIL	Geometry3K-300	geometry3k_test_2738	geoguide_solver	pred='A'	gold='B'	complete=True	duration_s=5.08
CALL Geometry3K-300 geometry3k_test_2738 geoguide_cautious
OK	Geometry3K-300	geometry3k_test_2738	geoguide_cautious	pred='B'	gold='B'	complete=True	duration_s=5.42
CALL Geometry3K-300 geometry3k_test_2447 raw
FAIL	Geometry3K-300	geometry3k_test_2447	raw	pred='B'	gold='A'	complete=True	duration_s=4.55
CALL Geometry3K-300 geometry3k_test_2447 structured_facts
FAIL	Geometry3K-300	geometry3k_test_2447	structured_facts	pred='B'	gold='A'	complete=True	duration_s=5.09
CALL Geometry3K-300 geometry3k_test_2447 perception_graph
FAIL	Geometry3K-300	geometry3k_test_2447	perception_graph	pred='B'	gold='A'	complete=True	duration_s=5.50
CALL Geometry3K-300 geometry3k_test_2447 construction_plan
FAIL	Geometry3K-300	geometry3k_test_2447	construction_plan	pred='B'	gold='A'	complete=True	duration_s=5.82
CALL Geometry3K-300 geometry3k_test_2447 geoguide_solver
FAIL	Geometry3K-300	geometry3k_test_2447	geoguide_solver	pred='B'	gold='A'	complete=True	duration_s=5.50
CALL Geometry3K-300 geometry3k_test_2447 geoguide_cautious
FAIL	Geometry3K-300	geometry3k_test_2447	geoguide_cautious	pred='B'	gold='A'	complete=True	duration_s=5.82
CALL MathVista-MC-300 MathVista-MC-300_168 raw
FAIL	MathVista-MC-300	MathVista-MC-300_168	raw	pred='B'	gold='E'	complete=True	duration_s=9.38
CALL MathVista-MC-300 MathVista-MC-300_168 structured_facts
FAIL	MathVista-MC-300	MathVista-MC-300_168	structured_facts	pred='B'	gold='E'	complete=True	duration_s=9.71
CALL MathVista-MC-300 MathVista-MC-300_168 perception_graph
FAIL	MathVista-MC-300	MathVista-MC-300_168	perception_graph	pred='B'	gold='E'	complete=True	duration_s=10.64
CALL MathVista-MC-300 MathVista-MC-300_168 construction_plan
FAIL	MathVista-MC-300	MathVista-MC-300_168	construction_plan	pred='B'	gold='E'	complete=True	duration_s=10.94
CALL MathVista-MC-300 MathVista-MC-300_168 geoguide_solver
FAIL	MathVista-MC-300	MathVista-MC-300_168	geoguide_solver	pred='B'	gold='E'	complete=True	duration_s=10.60
CALL MathVista-MC-300 MathVista-MC-300_168 geoguide_cautious
FAIL	MathVista-MC-300	MathVista-MC-300_168	geoguide_cautious	pred='B'	gold='E'	complete=True	duration_s=10.92
CALL MathVista-MC-300 MathVista-MC-300_610 raw
OK	MathVista-MC-300	MathVista-MC-300_610	raw	pred='B'	gold='B'	complete=True	duration_s=7.69
CALL MathVista-MC-300 MathVista-MC-300_610 structured_facts
OK	MathVista-MC-300	MathVista-MC-300_610	structured_facts	pred='B'	gold='B'	complete=True	duration_s=8.10
CALL MathVista-MC-300 MathVista-MC-300_610 perception_graph
OK	MathVista-MC-300	MathVista-MC-300_610	perception_graph	pred='B'	gold='B'	complete=True	duration_s=8.98
CALL MathVista-MC-300 MathVista-MC-300_610 construction_plan
OK	MathVista-MC-300	MathVista-MC-300_610	construction_plan	pred='B'	gold='B'	complete=True	duration_s=8.97
CALL MathVista-MC-300 MathVista-MC-300_610 geoguide_solver
OK	MathVista-MC-300	MathVista-MC-300_610	geoguide_solver	pred='B'	gold='B'	complete=True	duration_s=8.69
CALL MathVista-MC-300 MathVista-MC-300_610 geoguide_cautious
OK	MathVista-MC-300	MathVista-MC-300_610	geoguide_cautious	pred='B'	gold='B'	complete=True	duration_s=8.99
CALL MathVista-MC-300 MathVista-MC-300_381 raw
OK	MathVista-MC-300	MathVista-MC-300_381	raw	pred='A'	gold='A'	complete=True	duration_s=14.87
CALL MathVista-MC-300 MathVista-MC-300_381 structured_facts
FAIL	MathVista-MC-300	MathVista-MC-300_381	structured_facts	pred='B'	gold='A'	complete=True	duration_s=14.91
CALL MathVista-MC-300 MathVista-MC-300_381 perception_graph
FAIL	MathVista-MC-300	MathVista-MC-300_381	perception_graph	pred='B'	gold='A'	complete=True	duration_s=15.55
CALL MathVista-MC-300 MathVista-MC-300_381 construction_plan
FAIL	MathVista-MC-300	MathVista-MC-300_381	construction_plan	pred='B'	gold='A'	complete=True	duration_s=15.55
CALL MathVista-MC-300 MathVista-MC-300_381 geoguide_solver
FAIL	MathVista-MC-300	MathVista-MC-300_381	geoguide_solver	pred='B'	gold='A'	complete=True	duration_s=15.50
CALL MathVista-MC-300 MathVista-MC-300_381 geoguide_cautious
FAIL	MathVista-MC-300	MathVista-MC-300_381	geoguide_cautious	pred='B'	gold='A'	complete=True	duration_s=15.57
CALL MathVista-MC-300 MathVista-MC-300_236 raw
OK	MathVista-MC-300	MathVista-MC-300_236	raw	pred='C'	gold='C'	complete=True	duration_s=9.28
CALL MathVista-MC-300 MathVista-MC-300_236 structured_facts
OK	MathVista-MC-300	MathVista-MC-300_236	structured_facts	pred='C'	gold='C'	complete=True	duration_s=9.31
CALL MathVista-MC-300 MathVista-MC-300_236 perception_graph
OK	MathVista-MC-300	MathVista-MC-300_236	perception_graph	pred='C'	gold='C'	complete=True	duration_s=10.24
CALL MathVista-MC-300 MathVista-MC-300_236 construction_plan
OK	MathVista-MC-300	MathVista-MC-300_236	construction_plan	pred='C'	gold='C'	complete=True	duration_s=10.27
CALL MathVista-MC-300 MathVista-MC-300_236 geoguide_solver
OK	MathVista-MC-300	MathVista-MC-300_236	geoguide_solver	pred='C'	gold='C'	complete=True	duration_s=9.97
CALL MathVista-MC-300 MathVista-MC-300_236 geoguide_cautious
OK	MathVista-MC-300	MathVista-MC-300_236	geoguide_cautious	pred='C'	gold='C'	complete=True	duration_s=10.26
CALL MathVista-MC-300 MathVista-MC-300_348 raw
OK	MathVista-MC-300	MathVista-MC-300_348	raw	pred='A'	gold='A'	complete=True	duration_s=9.70
CALL MathVista-MC-300 MathVista-MC-300_348 structured_facts
OK	MathVista-MC-300	MathVista-MC-300_348	structured_facts	pred='A'	gold='A'	complete=True	duration_s=9.73
CALL MathVista-MC-300 MathVista-MC-300_348 perception_graph
OK	MathVista-MC-300	MathVista-MC-300_348	perception_graph	pred='A'	gold='A'	complete=True	duration_s=10.37
CALL MathVista-MC-300 MathVista-MC-300_348 construction_plan
OK	MathVista-MC-300	MathVista-MC-300_348	construction_plan	pred='A'	gold='A'	complete=True	duration_s=10.40
CALL MathVista-MC-300 MathVista-MC-300_348 geoguide_solver
OK	MathVista-MC-300	MathVista-MC-300_348	geoguide_solver	pred='A'	gold='A'	complete=True	duration_s=10.36
CALL MathVista-MC-300 MathVista-MC-300_348 geoguide_cautious
OK	MathVista-MC-300	MathVista-MC-300_348	geoguide_cautious	pred='A'	gold='A'	complete=True	duration_s=10.68
CALL MathVista-MC-300 MathVista-MC-300_138 raw
OK	MathVista-MC-300	MathVista-MC-300_138	raw	pred='A'	gold='A'	complete=True	duration_s=14.56
CALL MathVista-MC-300 MathVista-MC-300_138 structured_facts
OK	MathVista-MC-300	MathVista-MC-300_138	structured_facts	pred='A'	gold='A'	complete=True	duration_s=14.81
CALL MathVista-MC-300 MathVista-MC-300_138 perception_graph
OK	MathVista-MC-300	MathVista-MC-300_138	perception_graph	pred='A'	gold='A'	complete=True	duration_s=15.53
CALL MathVista-MC-300 MathVista-MC-300_138 construction_plan
OK	MathVista-MC-300	MathVista-MC-300_138	construction_plan	pred='A'	gold='A'	complete=True	duration_s=15.52
CALL MathVista-MC-300 MathVista-MC-300_138 geoguide_solver
OK	MathVista-MC-300	MathVista-MC-300_138	geoguide_solver	pred='A'	gold='A'	complete=True	duration_s=15.18
CALL MathVista-MC-300 MathVista-MC-300_138 geoguide_cautious
OK	MathVista-MC-300	MathVista-MC-300_138	geoguide_cautious	pred='A'	gold='A'	complete=True	duration_s=15.51
CALL MathVista-MC-300 MathVista-MC-300_890 raw
OK	MathVista-MC-300	MathVista-MC-300_890	raw	pred='A'	gold='A'	complete=True	duration_s=59.76
CALL MathVista-MC-300 MathVista-MC-300_890 structured_facts
OK	MathVista-MC-300	MathVista-MC-300_890	structured_facts	pred='A'	gold='A'	complete=True	duration_s=60.07
CALL MathVista-MC-300 MathVista-MC-300_890 perception_graph
OK	MathVista-MC-300	MathVista-MC-300_890	perception_graph	pred='A'	gold='A'	complete=True	duration_s=60.56
CALL MathVista-MC-300 MathVista-MC-300_890 construction_plan
OK	MathVista-MC-300	MathVista-MC-300_890	construction_plan	pred='A'	gold='A'	complete=True	duration_s=60.59
CALL MathVista-MC-300 MathVista-MC-300_890 geoguide_solver
OK	MathVista-MC-300	MathVista-MC-300_890	geoguide_solver	pred='A'	gold='A'	complete=True	duration_s=60.45
CALL MathVista-MC-300 MathVista-MC-300_890 geoguide_cautious
OK	MathVista-MC-300	MathVista-MC-300_890	geoguide_cautious	pred='A'	gold='A'	complete=True	duration_s=60.95
CALL MathVista-MC-300 MathVista-MC-300_134 raw
FAIL	MathVista-MC-300	MathVista-MC-300_134	raw	pred='B'	gold='C'	complete=True	duration_s=5.49
CALL MathVista-MC-300 MathVista-MC-300_134 structured_facts
FAIL	MathVista-MC-300	MathVista-MC-300_134	structured_facts	pred='B'	gold='C'	complete=True	duration_s=6.09
CALL MathVista-MC-300 MathVista-MC-300_134 perception_graph
FAIL	MathVista-MC-300	MathVista-MC-300_134	perception_graph	pred='B'	gold='C'	complete=True	duration_s=6.49
CALL MathVista-MC-300 MathVista-MC-300_134 construction_plan
FAIL	MathVista-MC-300	MathVista-MC-300_134	construction_plan	pred='B'	gold='C'	complete=True	duration_s=7.12
CALL MathVista-MC-300 MathVista-MC-300_134 geoguide_solver
FAIL	MathVista-MC-300	MathVista-MC-300_134	geoguide_solver	pred='B'	gold='C'	complete=True	duration_s=6.49
CALL MathVista-MC-300 MathVista-MC-300_134 geoguide_cautious
FAIL	MathVista-MC-300	MathVista-MC-300_134	geoguide_cautious	pred='B'	gold='C'	complete=True	duration_s=6.79
CALL MathVista-MC-300 MathVista-MC-300_195 raw
FAIL	MathVista-MC-300	MathVista-MC-300_195	raw	pred='B'	gold='C'	complete=True	duration_s=4.47
CALL MathVista-MC-300 MathVista-MC-300_195 structured_facts
FAIL	MathVista-MC-300	MathVista-MC-300_195	structured_facts	pred='B'	gold='C'	complete=True	duration_s=4.54
CALL MathVista-MC-300 MathVista-MC-300_195 perception_graph
FAIL	MathVista-MC-300	MathVista-MC-300_195	perception_graph	pred='B'	gold='C'	complete=True	duration_s=5.13
CALL MathVista-MC-300 MathVista-MC-300_195 construction_plan
FAIL	MathVista-MC-300	MathVista-MC-300_195	construction_plan	pred='B'	gold='C'	complete=True	duration_s=5.18
CALL MathVista-MC-300 MathVista-MC-300_195 geoguide_solver
FAIL	MathVista-MC-300	MathVista-MC-300_195	geoguide_solver	pred='B'	gold='C'	complete=True	duration_s=5.12
CALL MathVista-MC-300 MathVista-MC-300_195 geoguide_cautious
FAIL	MathVista-MC-300	MathVista-MC-300_195	geoguide_cautious	pred='B'	gold='C'	complete=True	duration_s=5.19
CALL MathVista-MC-300 MathVista-MC-300_339 raw
OK	MathVista-MC-300	MathVista-MC-300_339	raw	pred='D'	gold='D'	complete=True	duration_s=4.24
CALL MathVista-MC-300 MathVista-MC-300_339 structured_facts
OK	MathVista-MC-300	MathVista-MC-300_339	structured_facts	pred='D'	gold='D'	complete=True	duration_s=4.52
CALL MathVista-MC-300 MathVista-MC-300_339 perception_graph
OK	MathVista-MC-300	MathVista-MC-300_339	perception_graph	pred='D'	gold='D'	complete=True	duration_s=5.13
CALL MathVista-MC-300 MathVista-MC-300_339 construction_plan
OK	MathVista-MC-300	MathVista-MC-300_339	construction_plan	pred='D'	gold='D'	complete=True	duration_s=5.18
CALL MathVista-MC-300 MathVista-MC-300_339 geoguide_solver
OK	MathVista-MC-300	MathVista-MC-300_339	geoguide_solver	pred='D'	gold='D'	complete=True	duration_s=4.81
CALL MathVista-MC-300 MathVista-MC-300_339 geoguide_cautious
OK	MathVista-MC-300	MathVista-MC-300_339	geoguide_cautious	pred='D'	gold='D'	complete=True	duration_s=5.16
CALL MathVista-MC-300 MathVista-MC-300_595 raw
OK	MathVista-MC-300	MathVista-MC-300_595	raw	pred='A'	gold='A'	complete=True	duration_s=10.21
CALL MathVista-MC-300 MathVista-MC-300_595 structured_facts
OK	MathVista-MC-300	MathVista-MC-300_595	structured_facts	pred='A'	gold='A'	complete=True	duration_s=10.26
CALL MathVista-MC-300 MathVista-MC-300_595 perception_graph
OK	MathVista-MC-300	MathVista-MC-300_595	perception_graph	pred='A'	gold='A'	complete=True	duration_s=10.87
CALL MathVista-MC-300 MathVista-MC-300_595 construction_plan
OK	MathVista-MC-300	MathVista-MC-300_595	construction_plan	pred='A'	gold='A'	complete=True	duration_s=10.94
CALL MathVista-MC-300 MathVista-MC-300_595 geoguide_solver
OK	MathVista-MC-300	MathVista-MC-300_595	geoguide_solver	pred='A'	gold='A'	complete=True	duration_s=10.88
CALL MathVista-MC-300 MathVista-MC-300_595 geoguide_cautious
OK	MathVista-MC-300	MathVista-MC-300_595	geoguide_cautious	pred='A'	gold='A'	complete=True	duration_s=10.95
CALL MathVista-MC-300 MathVista-MC-300_744 raw
FAIL	MathVista-MC-300	MathVista-MC-300_744	raw	pred='A'	gold='D'	complete=True	duration_s=4.48
CALL MathVista-MC-300 MathVista-MC-300_744 structured_facts
FAIL	MathVista-MC-300	MathVista-MC-300_744	structured_facts	pred='C'	gold='D'	complete=True	duration_s=4.76
CALL MathVista-MC-300 MathVista-MC-300_744 perception_graph
FAIL	MathVista-MC-300	MathVista-MC-300_744	perception_graph	pred='A'	gold='D'	complete=True	duration_s=5.62
CALL MathVista-MC-300 MathVista-MC-300_744 construction_plan
FAIL	MathVista-MC-300	MathVista-MC-300_744	construction_plan	pred='A'	gold='D'	complete=True	duration_s=5.66
CALL MathVista-MC-300 MathVista-MC-300_744 geoguide_solver
FAIL	MathVista-MC-300	MathVista-MC-300_744	geoguide_solver	pred='A'	gold='D'	complete=True	duration_s=5.32
CALL MathVista-MC-300 MathVista-MC-300_744 geoguide_cautious
FAIL	MathVista-MC-300	MathVista-MC-300_744	geoguide_cautious	pred='A'	gold='D'	complete=True	duration_s=5.69
CALL MathVista-MC-300 MathVista-MC-300_498 raw
OK	MathVista-MC-300	MathVista-MC-300_498	raw	pred='A'	gold='A'	complete=True	duration_s=14.56
CALL MathVista-MC-300 MathVista-MC-300_498 structured_facts
FAIL	MathVista-MC-300	MathVista-MC-300_498	structured_facts	pred='B'	gold='A'	complete=True	duration_s=14.86
CALL MathVista-MC-300 MathVista-MC-300_498 perception_graph
FAIL	MathVista-MC-300	MathVista-MC-300_498	perception_graph	pred='B'	gold='A'	complete=True	duration_s=15.52
CALL MathVista-MC-300 MathVista-MC-300_498 construction_plan
FAIL	MathVista-MC-300	MathVista-MC-300_498	construction_plan	pred='B'	gold='A'	complete=True	duration_s=15.56
CALL MathVista-MC-300 MathVista-MC-300_498 geoguide_solver
FAIL	MathVista-MC-300	MathVista-MC-300_498	geoguide_solver	pred='B'	gold='A'	complete=True	duration_s=15.21
CALL MathVista-MC-300 MathVista-MC-300_498 geoguide_cautious
FAIL	MathVista-MC-300	MathVista-MC-300_498	geoguide_cautious	pred='B'	gold='A'	complete=True	duration_s=15.53
CALL MathVista-MC-300 MathVista-MC-300_221 raw
FAIL	MathVista-MC-300	MathVista-MC-300_221	raw	pred='B'	gold='D'	complete=True	duration_s=4.48
CALL MathVista-MC-300 MathVista-MC-300_221 structured_facts
FAIL	MathVista-MC-300	MathVista-MC-300_221	structured_facts	pred='B'	gold='D'	complete=True	duration_s=4.75
CALL MathVista-MC-300 MathVista-MC-300_221 perception_graph
FAIL	MathVista-MC-300	MathVista-MC-300_221	perception_graph	pred='B'	gold='D'	complete=True	duration_s=5.14
CALL MathVista-MC-300 MathVista-MC-300_221 construction_plan
FAIL	MathVista-MC-300	MathVista-MC-300_221	construction_plan	pred='B'	gold='D'	complete=True	duration_s=5.18
CALL MathVista-MC-300 MathVista-MC-300_221 geoguide_solver
FAIL	MathVista-MC-300	MathVista-MC-300_221	geoguide_solver	pred='B'	gold='D'	complete=True	duration_s=5.14
CALL MathVista-MC-300 MathVista-MC-300_221 geoguide_cautious
FAIL	MathVista-MC-300	MathVista-MC-300_221	geoguide_cautious	pred='B'	gold='D'	complete=True	duration_s=5.71
CALL MathVista-MC-300 MathVista-MC-300_269 raw
OK	MathVista-MC-300	MathVista-MC-300_269	raw	pred='B'	gold='B'	complete=True	duration_s=4.56
CALL MathVista-MC-300 MathVista-MC-300_269 structured_facts
OK	MathVista-MC-300	MathVista-MC-300_269	structured_facts	pred='B'	gold='B'	complete=True	duration_s=5.13
CALL MathVista-MC-300 MathVista-MC-300_269 perception_graph
OK	MathVista-MC-300	MathVista-MC-300_269	perception_graph	pred='B'	gold='B'	complete=True	duration_s=5.81
CALL MathVista-MC-300 MathVista-MC-300_269 construction_plan
OK	MathVista-MC-300	MathVista-MC-300_269	construction_plan	pred='B'	gold='B'	complete=True	duration_s=6.13
CALL MathVista-MC-300 MathVista-MC-300_269 geoguide_solver
OK	MathVista-MC-300	MathVista-MC-300_269	geoguide_solver	pred='B'	gold='B'	complete=True	duration_s=5.79
CALL MathVista-MC-300 MathVista-MC-300_269 geoguide_cautious
OK	MathVista-MC-300	MathVista-MC-300_269	geoguide_cautious	pred='B'	gold='B'	complete=True	duration_s=6.12
CALL MathVista-MC-300 MathVista-MC-300_896 raw
FAIL	MathVista-MC-300	MathVista-MC-300_896	raw	pred='D'	gold='C'	complete=True	duration_s=16.91
CALL MathVista-MC-300 MathVista-MC-300_896 structured_facts
FAIL	MathVista-MC-300	MathVista-MC-300_896	structured_facts	pred='B'	gold='C'	complete=True	duration_s=16.71
CALL MathVista-MC-300 MathVista-MC-300_896 perception_graph
FAIL	MathVista-MC-300	MathVista-MC-300_896	perception_graph	pred='D'	gold='C'	complete=True	duration_s=17.61
CALL MathVista-MC-300 MathVista-MC-300_896 construction_plan
FAIL	MathVista-MC-300	MathVista-MC-300_896	construction_plan	pred='D'	gold='C'	complete=True	duration_s=17.36
CALL MathVista-MC-300 MathVista-MC-300_896 geoguide_solver
FAIL	MathVista-MC-300	MathVista-MC-300_896	geoguide_solver	pred='D'	gold='C'	complete=True	duration_s=17.05
CALL MathVista-MC-300 MathVista-MC-300_896 geoguide_cautious
FAIL	MathVista-MC-300	MathVista-MC-300_896	geoguide_cautious	pred='D'	gold='C'	complete=True	duration_s=17.37
CALL MathVista-MC-300 MathVista-MC-300_762 raw
OK	MathVista-MC-300	MathVista-MC-300_762	raw	pred='A'	gold='A'	complete=True	duration_s=9.89
CALL MathVista-MC-300 MathVista-MC-300_762 structured_facts
OK	MathVista-MC-300	MathVista-MC-300_762	structured_facts	pred='A'	gold='A'	complete=True	duration_s=10.00
CALL MathVista-MC-300 MathVista-MC-300_762 perception_graph
OK	MathVista-MC-300	MathVista-MC-300_762	perception_graph	pred='A'	gold='A'	complete=True	duration_s=10.42
CALL MathVista-MC-300 MathVista-MC-300_762 construction_plan
OK	MathVista-MC-300	MathVista-MC-300_762	construction_plan	pred='A'	gold='A'	complete=True	duration_s=10.69
CALL MathVista-MC-300 MathVista-MC-300_762 geoguide_solver
OK	MathVista-MC-300	MathVista-MC-300_762	geoguide_solver	pred='A'	gold='A'	complete=True	duration_s=10.40
CALL MathVista-MC-300 MathVista-MC-300_762 geoguide_cautious
FAIL	MathVista-MC-300	MathVista-MC-300_762	geoguide_cautious	pred='B'	gold='A'	complete=True	duration_s=10.72
CALL MathVista-MC-300 MathVista-MC-300_580 raw
FAIL	MathVista-MC-300	MathVista-MC-300_580	raw	pred='B'	gold='A'	complete=True	duration_s=11.69
CALL MathVista-MC-300 MathVista-MC-300_580 structured_facts
FAIL	MathVista-MC-300	MathVista-MC-300_580	structured_facts	pred='B'	gold='A'	complete=True	duration_s=12.02
CALL MathVista-MC-300 MathVista-MC-300_580 perception_graph
FAIL	MathVista-MC-300	MathVista-MC-300_580	perception_graph	pred='B'	gold='A'	complete=True	duration_s=12.36
CALL MathVista-MC-300 MathVista-MC-300_580 construction_plan
FAIL	MathVista-MC-300	MathVista-MC-300_580	construction_plan	pred='B'	gold='A'	complete=True	duration_s=12.73
CALL MathVista-MC-300 MathVista-MC-300_580 geoguide_solver
FAIL	MathVista-MC-300	MathVista-MC-300_580	geoguide_solver	pred='B'	gold='A'	complete=True	duration_s=12.38
CALL MathVista-MC-300 MathVista-MC-300_580 geoguide_cautious
FAIL	MathVista-MC-300	MathVista-MC-300_580	geoguide_cautious	pred='B'	gold='A'	complete=True	duration_s=12.66
CALL MathVista-MC-300 MathVista-MC-300_310 raw
OK	MathVista-MC-300	MathVista-MC-300_310	raw	pred='C'	gold='C'	complete=True	duration_s=4.40
CALL MathVista-MC-300 MathVista-MC-300_310 structured_facts
OK	MathVista-MC-300	MathVista-MC-300_310	structured_facts	pred='C'	gold='C'	complete=True	duration_s=4.68
CALL MathVista-MC-300 MathVista-MC-300_310 perception_graph
OK	MathVista-MC-300	MathVista-MC-300_310	perception_graph	pred='C'	gold='C'	complete=True	duration_s=6.11
CALL MathVista-MC-300 MathVista-MC-300_310 construction_plan
OK	MathVista-MC-300	MathVista-MC-300_310	construction_plan	pred='C'	gold='C'	complete=True	duration_s=6.40
CALL MathVista-MC-300 MathVista-MC-300_310 geoguide_solver
OK	MathVista-MC-300	MathVista-MC-300_310	geoguide_solver	pred='C'	gold='C'	complete=True	duration_s=5.02
CALL MathVista-MC-300 MathVista-MC-300_310 geoguide_cautious
OK	MathVista-MC-300	MathVista-MC-300_310	geoguide_cautious	pred='C'	gold='C'	complete=True	duration_s=5.36
CALL MathVista-MC-300 MathVista-MC-300_521 raw
OK	MathVista-MC-300	MathVista-MC-300_521	raw	pred='C'	gold='C'	complete=True	duration_s=4.46
CALL MathVista-MC-300 MathVista-MC-300_521 structured_facts
OK	MathVista-MC-300	MathVista-MC-300_521	structured_facts	pred='C'	gold='C'	complete=True	duration_s=4.78
CALL MathVista-MC-300 MathVista-MC-300_521 perception_graph
OK	MathVista-MC-300	MathVista-MC-300_521	perception_graph	pred='C'	gold='C'	complete=True	duration_s=5.16
CALL MathVista-MC-300 MathVista-MC-300_521 construction_plan
OK	MathVista-MC-300	MathVista-MC-300_521	construction_plan	pred='C'	gold='C'	complete=True	duration_s=5.49
CALL MathVista-MC-300 MathVista-MC-300_521 geoguide_solver
OK	MathVista-MC-300	MathVista-MC-300_521	geoguide_solver	pred='C'	gold='C'	complete=True	duration_s=5.15
CALL MathVista-MC-300 MathVista-MC-300_521 geoguide_cautious
OK	MathVista-MC-300	MathVista-MC-300_521	geoguide_cautious	pred='C'	gold='C'	complete=True	duration_s=5.51
CALL MathVista-MC-300 MathVista-MC-300_889 raw
OK	MathVista-MC-300	MathVista-MC-300_889	raw	pred='A'	gold='A'	complete=True	duration_s=8.96
CALL MathVista-MC-300 MathVista-MC-300_889 structured_facts
OK	MathVista-MC-300	MathVista-MC-300_889	structured_facts	pred='A'	gold='A'	complete=True	duration_s=9.24
CALL MathVista-MC-300 MathVista-MC-300_889 perception_graph
OK	MathVista-MC-300	MathVista-MC-300_889	perception_graph	pred='A'	gold='A'	complete=True	duration_s=9.64
CALL MathVista-MC-300 MathVista-MC-300_889 construction_plan
OK	MathVista-MC-300	MathVista-MC-300_889	construction_plan	pred='A'	gold='A'	complete=True	duration_s=9.89
CALL MathVista-MC-300 MathVista-MC-300_889 geoguide_solver
OK	MathVista-MC-300	MathVista-MC-300_889	geoguide_solver	pred='A'	gold='A'	complete=True	duration_s=9.60
CALL MathVista-MC-300 MathVista-MC-300_889 geoguide_cautious
OK	MathVista-MC-300	MathVista-MC-300_889	geoguide_cautious	pred='A'	gold='A'	complete=True	duration_s=9.87
CALL MathVista-MC-300 MathVista-MC-300_689 raw
OK	MathVista-MC-300	MathVista-MC-300_689	raw	pred='A'	gold='A'	complete=True	duration_s=14.64
CALL MathVista-MC-300 MathVista-MC-300_689 structured_facts
OK	MathVista-MC-300	MathVista-MC-300_689	structured_facts	pred='A'	gold='A'	complete=True	duration_s=14.94
CALL MathVista-MC-300 MathVista-MC-300_689 perception_graph
OK	MathVista-MC-300	MathVista-MC-300_689	perception_graph	pred='A'	gold='A'	complete=True	duration_s=15.52
CALL MathVista-MC-300 MathVista-MC-300_689 construction_plan
OK	MathVista-MC-300	MathVista-MC-300_689	construction_plan	pred='A'	gold='A'	complete=True	duration_s=15.60
CALL MathVista-MC-300 MathVista-MC-300_689 geoguide_solver
OK	MathVista-MC-300	MathVista-MC-300_689	geoguide_solver	pred='A'	gold='A'	complete=True	duration_s=15.27
CALL MathVista-MC-300 MathVista-MC-300_689 geoguide_cautious
OK	MathVista-MC-300	MathVista-MC-300_689	geoguide_cautious	pred='A'	gold='A'	complete=True	duration_s=15.57
CALL MathVista-MC-300 MathVista-MC-300_713 raw
FAIL	MathVista-MC-300	MathVista-MC-300_713	raw	pred='B'	gold='A'	complete=True	duration_s=10.36
CALL MathVista-MC-300 MathVista-MC-300_713 structured_facts
FAIL	MathVista-MC-300	MathVista-MC-300_713	structured_facts	pred='B'	gold='A'	complete=True	duration_s=10.69
CALL MathVista-MC-300 MathVista-MC-300_713 perception_graph
FAIL	MathVista-MC-300	MathVista-MC-300_713	perception_graph	pred='B'	gold='A'	complete=True	duration_s=11.33
CALL MathVista-MC-300 MathVista-MC-300_713 construction_plan
FAIL	MathVista-MC-300	MathVista-MC-300_713	construction_plan	pred='B'	gold='A'	complete=True	duration_s=11.60
CALL MathVista-MC-300 MathVista-MC-300_713 geoguide_solver
FAIL	MathVista-MC-300	MathVista-MC-300_713	geoguide_solver	pred='B'	gold='A'	complete=True	duration_s=11.07
CALL MathVista-MC-300 MathVista-MC-300_713 geoguide_cautious
FAIL	MathVista-MC-300	MathVista-MC-300_713	geoguide_cautious	pred='B'	gold='A'	complete=True	duration_s=11.59
CALL MathVista-MC-300 MathVista-MC-300_278 raw
OK	MathVista-MC-300	MathVista-MC-300_278	raw	pred='C'	gold='C'	complete=True	duration_s=65.60
CALL MathVista-MC-300 MathVista-MC-300_278 structured_facts
OK	MathVista-MC-300	MathVista-MC-300_278	structured_facts	pred='C'	gold='C'	complete=True	duration_s=65.31
CALL MathVista-MC-300 MathVista-MC-300_278 perception_graph
OK	MathVista-MC-300	MathVista-MC-300_278	perception_graph	pred='C'	gold='C'	complete=True	duration_s=65.98
CALL MathVista-MC-300 MathVista-MC-300_278 construction_plan
OK	MathVista-MC-300	MathVista-MC-300_278	construction_plan	pred='C'	gold='C'	complete=True	duration_s=66.17
CALL MathVista-MC-300 MathVista-MC-300_278 geoguide_solver
OK	MathVista-MC-300	MathVista-MC-300_278	geoguide_solver	pred='C'	gold='C'	complete=True	duration_s=66.01
CALL MathVista-MC-300 MathVista-MC-300_278 geoguide_cautious
OK	MathVista-MC-300	MathVista-MC-300_278	geoguide_cautious	pred='C'	gold='C'	complete=True	duration_s=66.05
CALL MathVista-MC-300 MathVista-MC-300_119 raw
OK	MathVista-MC-300	MathVista-MC-300_119	raw	pred='D'	gold='D'	complete=True	duration_s=4.71
CALL MathVista-MC-300 MathVista-MC-300_119 structured_facts
FAIL	MathVista-MC-300	MathVista-MC-300_119	structured_facts	pred='B'	gold='D'	complete=True	duration_s=4.99
CALL MathVista-MC-300 MathVista-MC-300_119 perception_graph
FAIL	MathVista-MC-300	MathVista-MC-300_119	perception_graph	pred='B'	gold='D'	complete=True	duration_s=5.66
CALL MathVista-MC-300 MathVista-MC-300_119 construction_plan
FAIL	MathVista-MC-300	MathVista-MC-300_119	construction_plan	pred='B'	gold='D'	complete=True	duration_s=5.69
CALL MathVista-MC-300 MathVista-MC-300_119 geoguide_solver
FAIL	MathVista-MC-300	MathVista-MC-300_119	geoguide_solver	pred='B'	gold='D'	complete=True	duration_s=5.66
CALL MathVista-MC-300 MathVista-MC-300_119 geoguide_cautious
FAIL	MathVista-MC-300	MathVista-MC-300_119	geoguide_cautious	pred='B'	gold='D'	complete=True	duration_s=5.96
CALL MathVista-MC-300 MathVista-MC-300_723 raw
OK	MathVista-MC-300	MathVista-MC-300_723	raw	pred='B'	gold='B'	complete=True	duration_s=7.05
CALL MathVista-MC-300 MathVista-MC-300_723 structured_facts
OK	MathVista-MC-300	MathVista-MC-300_723	structured_facts	pred='B'	gold='B'	complete=True	duration_s=7.18
CALL MathVista-MC-300 MathVista-MC-300_723 perception_graph
OK	MathVista-MC-300	MathVista-MC-300_723	perception_graph	pred='B'	gold='B'	complete=True	duration_s=7.72
CALL MathVista-MC-300 MathVista-MC-300_723 construction_plan
OK	MathVista-MC-300	MathVista-MC-300_723	construction_plan	pred='B'	gold='B'	complete=True	duration_s=7.74
CALL MathVista-MC-300 MathVista-MC-300_723 geoguide_solver
OK	MathVista-MC-300	MathVista-MC-300_723	geoguide_solver	pred='B'	gold='B'	complete=True	duration_s=7.74
CALL MathVista-MC-300 MathVista-MC-300_723 geoguide_cautious
OK	MathVista-MC-300	MathVista-MC-300_723	geoguide_cautious	pred='B'	gold='B'	complete=True	duration_s=7.77
CALL MathVista-MC-300 MathVista-MC-300_196 raw
FAIL	MathVista-MC-300	MathVista-MC-300_196	raw	pred='B'	gold='C'	complete=True	duration_s=4.40
CALL MathVista-MC-300 MathVista-MC-300_196 structured_facts
FAIL	MathVista-MC-300	MathVista-MC-300_196	structured_facts	pred='B'	gold='C'	complete=True	duration_s=4.46
CALL MathVista-MC-300 MathVista-MC-300_196 perception_graph
FAIL	MathVista-MC-300	MathVista-MC-300_196	perception_graph	pred='B'	gold='C'	complete=True	duration_s=5.06
CALL MathVista-MC-300 MathVista-MC-300_196 construction_plan
FAIL	MathVista-MC-300	MathVista-MC-300_196	construction_plan	pred='B'	gold='C'	complete=True	duration_s=5.11
CALL MathVista-MC-300 MathVista-MC-300_196 geoguide_solver
FAIL	MathVista-MC-300	MathVista-MC-300_196	geoguide_solver	pred='B'	gold='C'	complete=True	duration_s=5.07
CALL MathVista-MC-300 MathVista-MC-300_196 geoguide_cautious
FAIL	MathVista-MC-300	MathVista-MC-300_196	geoguide_cautious	pred='B'	gold='C'	complete=True	duration_s=5.12
CALL MathVista-MC-300 MathVista-MC-300_510 raw
OK	MathVista-MC-300	MathVista-MC-300_510	raw	pred='D'	gold='D'	complete=True	duration_s=4.72
CALL MathVista-MC-300 MathVista-MC-300_510 structured_facts
FAIL	MathVista-MC-300	MathVista-MC-300_510	structured_facts	pred='B'	gold='D'	complete=True	duration_s=4.99
CALL MathVista-MC-300 MathVista-MC-300_510 perception_graph
OK	MathVista-MC-300	MathVista-MC-300_510	perception_graph	pred='D'	gold='D'	complete=True	duration_s=5.41
CALL MathVista-MC-300 MathVista-MC-300_510 construction_plan
OK	MathVista-MC-300	MathVista-MC-300_510	construction_plan	pred='D'	gold='D'	complete=True	duration_s=5.72
CALL MathVista-MC-300 MathVista-MC-300_510 geoguide_solver
OK	MathVista-MC-300	MathVista-MC-300_510	geoguide_solver	pred='D'	gold='D'	complete=True	duration_s=5.37
CALL MathVista-MC-300 MathVista-MC-300_510 geoguide_cautious
OK	MathVista-MC-300	MathVista-MC-300_510	geoguide_cautious	pred='D'	gold='D'	complete=True	duration_s=5.72
CALL MathVista-MC-300 MathVista-MC-300_682 raw
OK	MathVista-MC-300	MathVista-MC-300_682	raw	pred='A'	gold='A'	complete=True	duration_s=23.61
CALL MathVista-MC-300 MathVista-MC-300_682 structured_facts
OK	MathVista-MC-300	MathVista-MC-300_682	structured_facts	pred='A'	gold='A'	complete=True	duration_s=23.75
CALL MathVista-MC-300 MathVista-MC-300_682 perception_graph
OK	MathVista-MC-300	MathVista-MC-300_682	perception_graph	pred='A'	gold='A'	complete=True	duration_s=24.47
CALL MathVista-MC-300 MathVista-MC-300_682 construction_plan
OK	MathVista-MC-300	MathVista-MC-300_682	construction_plan	pred='A'	gold='A'	complete=True	duration_s=24.40
CALL MathVista-MC-300 MathVista-MC-300_682 geoguide_solver
OK	MathVista-MC-300	MathVista-MC-300_682	geoguide_solver	pred='A'	gold='A'	complete=True	duration_s=24.36
CALL MathVista-MC-300 MathVista-MC-300_682 geoguide_cautious
OK	MathVista-MC-300	MathVista-MC-300_682	geoguide_cautious	pred='A'	gold='A'	complete=True	duration_s=24.39
CALL MathVista-MC-300 MathVista-MC-300_59 raw
FAIL	MathVista-MC-300	MathVista-MC-300_59	raw	pred='A'	gold='C'	complete=True	duration_s=4.47
CALL MathVista-MC-300 MathVista-MC-300_59 structured_facts
FAIL	MathVista-MC-300	MathVista-MC-300_59	structured_facts	pred='A'	gold='C'	complete=True	duration_s=4.77
CALL MathVista-MC-300 MathVista-MC-300_59 perception_graph
FAIL	MathVista-MC-300	MathVista-MC-300_59	perception_graph	pred='A'	gold='C'	complete=True	duration_s=5.15
CALL MathVista-MC-300 MathVista-MC-300_59 construction_plan
FAIL	MathVista-MC-300	MathVista-MC-300_59	construction_plan	pred='A'	gold='C'	complete=True	duration_s=5.49
CALL MathVista-MC-300 MathVista-MC-300_59 geoguide_solver
FAIL	MathVista-MC-300	MathVista-MC-300_59	geoguide_solver	pred='A'	gold='C'	complete=True	duration_s=5.16
CALL MathVista-MC-300 MathVista-MC-300_59 geoguide_cautious
FAIL	MathVista-MC-300	MathVista-MC-300_59	geoguide_cautious	pred='A'	gold='C'	complete=True	duration_s=5.75
CALL MathVista-MC-300 MathVista-MC-300_369 raw
OK	MathVista-MC-300	MathVista-MC-300_369	raw	pred='A'	gold='A'	complete=True	duration_s=4.53
CALL MathVista-MC-300 MathVista-MC-300_369 structured_facts
OK	MathVista-MC-300	MathVista-MC-300_369	structured_facts	pred='A'	gold='A'	complete=True	duration_s=4.81
CALL MathVista-MC-300 MathVista-MC-300_369 perception_graph
OK	MathVista-MC-300	MathVista-MC-300_369	perception_graph	pred='A'	gold='A'	complete=True	duration_s=5.13
CALL MathVista-MC-300 MathVista-MC-300_369 construction_plan
OK	MathVista-MC-300	MathVista-MC-300_369	construction_plan	pred='A'	gold='A'	complete=True	duration_s=5.47
CALL MathVista-MC-300 MathVista-MC-300_369 geoguide_solver
OK	MathVista-MC-300	MathVista-MC-300_369	geoguide_solver	pred='A'	gold='A'	complete=True	duration_s=5.13
CALL MathVista-MC-300 MathVista-MC-300_369 geoguide_cautious
OK	MathVista-MC-300	MathVista-MC-300_369	geoguide_cautious	pred='A'	gold='A'	complete=True	duration_s=5.45
CALL MathVista-MC-300 MathVista-MC-300_696 raw
FAIL	MathVista-MC-300	MathVista-MC-300_696	raw	pred='A'	gold='B'	complete=True	duration_s=4.20
CALL MathVista-MC-300 MathVista-MC-300_696 structured_facts
FAIL	MathVista-MC-300	MathVista-MC-300_696	structured_facts	pred='A'	gold='B'	complete=True	duration_s=4.51
CALL MathVista-MC-300 MathVista-MC-300_696 perception_graph
FAIL	MathVista-MC-300	MathVista-MC-300_696	perception_graph	pred='A'	gold='B'	complete=True	duration_s=5.13
CALL MathVista-MC-300 MathVista-MC-300_696 construction_plan
FAIL	MathVista-MC-300	MathVista-MC-300_696	construction_plan	pred='A'	gold='B'	complete=True	duration_s=5.15
CALL MathVista-MC-300 MathVista-MC-300_696 geoguide_solver
FAIL	MathVista-MC-300	MathVista-MC-300_696	geoguide_solver	pred='A'	gold='B'	complete=True	duration_s=4.83
CALL MathVista-MC-300 MathVista-MC-300_696 geoguide_cautious
FAIL	MathVista-MC-300	MathVista-MC-300_696	geoguide_cautious	pred='A'	gold='B'	complete=True	duration_s=5.17
CALL MathVista-MC-300 MathVista-MC-300_408 raw
OK	MathVista-MC-300	MathVista-MC-300_408	raw	pred='D'	gold='D'	complete=True	duration_s=5.23
CALL MathVista-MC-300 MathVista-MC-300_408 structured_facts
OK	MathVista-MC-300	MathVista-MC-300_408	structured_facts	pred='D'	gold='D'	complete=True	duration_s=5.51
CALL MathVista-MC-300 MathVista-MC-300_408 perception_graph
OK	MathVista-MC-300	MathVista-MC-300_408	perception_graph	pred='D'	gold='D'	complete=True	duration_s=5.82
CALL MathVista-MC-300 MathVista-MC-300_408 construction_plan
OK	MathVista-MC-300	MathVista-MC-300_408	construction_plan	pred='D'	gold='D'	complete=True	duration_s=6.16
CALL MathVista-MC-300 MathVista-MC-300_408 geoguide_solver
OK	MathVista-MC-300	MathVista-MC-300_408	geoguide_solver	pred='D'	gold='D'	complete=True	duration_s=5.83
CALL MathVista-MC-300 MathVista-MC-300_408 geoguide_cautious
OK	MathVista-MC-300	MathVista-MC-300_408	geoguide_cautious	pred='D'	gold='D'	complete=True	duration_s=6.16
CALL MathVista-MC-300 MathVista-MC-300_726 raw
OK	MathVista-MC-300	MathVista-MC-300_726	raw	pred='A'	gold='A'	complete=True	duration_s=4.21
CALL MathVista-MC-300 MathVista-MC-300_726 structured_facts
FAIL	MathVista-MC-300	MathVista-MC-300_726	structured_facts	pred='B'	gold='A'	complete=True	duration_s=4.51
CALL MathVista-MC-300 MathVista-MC-300_726 perception_graph
OK	MathVista-MC-300	MathVista-MC-300_726	perception_graph	pred='A'	gold='A'	complete=True	duration_s=5.39
CALL MathVista-MC-300 MathVista-MC-300_726 construction_plan
OK	MathVista-MC-300	MathVista-MC-300_726	construction_plan	pred='A'	gold='A'	complete=True	duration_s=5.18
CALL MathVista-MC-300 MathVista-MC-300_726 geoguide_solver
OK	MathVista-MC-300	MathVista-MC-300_726	geoguide_solver	pred='A'	gold='A'	complete=True	duration_s=4.84
CALL MathVista-MC-300 MathVista-MC-300_726 geoguide_cautious
FAIL	MathVista-MC-300	MathVista-MC-300_726	geoguide_cautious	pred='B'	gold='A'	complete=True	duration_s=5.46
CALL MathVista-MC-300 MathVista-MC-300_674 raw
FAIL	MathVista-MC-300	MathVista-MC-300_674	raw	pred='C'	gold='B'	complete=True	duration_s=4.13
CALL MathVista-MC-300 MathVista-MC-300_674 structured_facts
FAIL	MathVista-MC-300	MathVista-MC-300_674	structured_facts	pred='C'	gold='B'	complete=True	duration_s=4.71
CALL MathVista-MC-300 MathVista-MC-300_674 perception_graph
FAIL	MathVista-MC-300	MathVista-MC-300_674	perception_graph	pred='E'	gold='B'	complete=True	duration_s=5.36
CALL MathVista-MC-300 MathVista-MC-300_674 construction_plan
FAIL	MathVista-MC-300	MathVista-MC-300_674	construction_plan	pred='C'	gold='B'	complete=True	duration_s=5.46
CALL MathVista-MC-300 MathVista-MC-300_674 geoguide_solver
FAIL	MathVista-MC-300	MathVista-MC-300_674	geoguide_solver	pred='C'	gold='B'	complete=True	duration_s=5.12
CALL MathVista-MC-300 MathVista-MC-300_674 geoguide_cautious
FAIL	MathVista-MC-300	MathVista-MC-300_674	geoguide_cautious	pred='E'	gold='B'	complete=True	duration_s=5.70
CALL MathVista-MC-300 MathVista-MC-300_413 raw
OK	MathVista-MC-300	MathVista-MC-300_413	raw	pred='C'	gold='C'	complete=True	duration_s=4.48
CALL MathVista-MC-300 MathVista-MC-300_413 structured_facts
OK	MathVista-MC-300	MathVista-MC-300_413	structured_facts	pred='C'	gold='C'	complete=True	duration_s=4.49
CALL MathVista-MC-300 MathVista-MC-300_413 perception_graph
FAIL	MathVista-MC-300	MathVista-MC-300_413	perception_graph	pred='D'	gold='C'	complete=True	duration_s=5.44
CALL MathVista-MC-300 MathVista-MC-300_413 construction_plan
OK	MathVista-MC-300	MathVista-MC-300_413	construction_plan	pred='C'	gold='C'	complete=True	duration_s=5.21
CALL MathVista-MC-300 MathVista-MC-300_413 geoguide_solver
OK	MathVista-MC-300	MathVista-MC-300_413	geoguide_solver	pred='C'	gold='C'	complete=True	duration_s=5.14
CALL MathVista-MC-300 MathVista-MC-300_413 geoguide_cautious
FAIL	MathVista-MC-300	MathVista-MC-300_413	geoguide_cautious	pred='D'	gold='C'	complete=True	duration_s=5.46
CALL MathVista-MC-300 MathVista-MC-300_285 raw
OK	MathVista-MC-300	MathVista-MC-300_285	raw	pred='D'	gold='D'	complete=True	duration_s=4.50
CALL MathVista-MC-300 MathVista-MC-300_285 structured_facts
OK	MathVista-MC-300	MathVista-MC-300_285	structured_facts	pred='D'	gold='D'	complete=True	duration_s=4.79
CALL MathVista-MC-300 MathVista-MC-300_285 perception_graph
OK	MathVista-MC-300	MathVista-MC-300_285	perception_graph	pred='D'	gold='D'	complete=True	duration_s=5.16
CALL MathVista-MC-300 MathVista-MC-300_285 construction_plan
OK	MathVista-MC-300	MathVista-MC-300_285	construction_plan	pred='D'	gold='D'	complete=True	duration_s=5.50
CALL MathVista-MC-300 MathVista-MC-300_285 geoguide_solver
OK	MathVista-MC-300	MathVista-MC-300_285	geoguide_solver	pred='D'	gold='D'	complete=True	duration_s=5.21
CALL MathVista-MC-300 MathVista-MC-300_285 geoguide_cautious
OK	MathVista-MC-300	MathVista-MC-300_285	geoguide_cautious	pred='D'	gold='D'	complete=True	duration_s=5.50
CALL MathVista-MC-300 MathVista-MC-300_198 raw
FAIL	MathVista-MC-300	MathVista-MC-300_198	raw	pred='B'	gold='A'	complete=True	duration_s=32.56
CALL MathVista-MC-300 MathVista-MC-300_198 structured_facts
FAIL	MathVista-MC-300	MathVista-MC-300_198	structured_facts	pred='B'	gold='A'	complete=True	duration_s=32.67
CALL MathVista-MC-300 MathVista-MC-300_198 perception_graph
FAIL	MathVista-MC-300	MathVista-MC-300_198	perception_graph	pred='B'	gold='A'	complete=True	duration_s=33.21
CALL MathVista-MC-300 MathVista-MC-300_198 construction_plan
FAIL	MathVista-MC-300	MathVista-MC-300_198	construction_plan	pred='B'	gold='A'	complete=True	duration_s=33.48
CALL MathVista-MC-300 MathVista-MC-300_198 geoguide_solver
FAIL	MathVista-MC-300	MathVista-MC-300_198	geoguide_solver	pred='B'	gold='A'	complete=True	duration_s=33.26
CALL MathVista-MC-300 MathVista-MC-300_198 geoguide_cautious
FAIL	MathVista-MC-300	MathVista-MC-300_198	geoguide_cautious	pred='B'	gold='A'	complete=True	duration_s=33.52
CALL MathVista-MC-300 MathVista-MC-300_141 raw
OK	MathVista-MC-300	MathVista-MC-300_141	raw	pred='C'	gold='C'	complete=True	duration_s=4.75
CALL MathVista-MC-300 MathVista-MC-300_141 structured_facts
OK	MathVista-MC-300	MathVista-MC-300_141	structured_facts	pred='C'	gold='C'	complete=True	duration_s=5.03
CALL MathVista-MC-300 MathVista-MC-300_141 perception_graph
OK	MathVista-MC-300	MathVista-MC-300_141	perception_graph	pred='C'	gold='C'	complete=True	duration_s=5.69
CALL MathVista-MC-300 MathVista-MC-300_141 construction_plan
OK	MathVista-MC-300	MathVista-MC-300_141	construction_plan	pred='C'	gold='C'	complete=True	duration_s=5.71
CALL MathVista-MC-300 MathVista-MC-300_141 geoguide_solver
OK	MathVista-MC-300	MathVista-MC-300_141	geoguide_solver	pred='C'	gold='C'	complete=True	duration_s=5.66
CALL MathVista-MC-300 MathVista-MC-300_141 geoguide_cautious
OK	MathVista-MC-300	MathVista-MC-300_141	geoguide_cautious	pred='C'	gold='C'	complete=True	duration_s=5.97
CALL MathVista-MC-300 MathVista-MC-300_283 raw
OK	MathVista-MC-300	MathVista-MC-300_283	raw	pred='C'	gold='C'	complete=True	duration_s=11.21
CALL MathVista-MC-300 MathVista-MC-300_283 structured_facts
OK	MathVista-MC-300	MathVista-MC-300_283	structured_facts	pred='C'	gold='C'	complete=True	duration_s=11.28
CALL MathVista-MC-300 MathVista-MC-300_283 perception_graph
OK	MathVista-MC-300	MathVista-MC-300_283	perception_graph	pred='C'	gold='C'	complete=True	duration_s=12.18
CALL MathVista-MC-300 MathVista-MC-300_283 construction_plan
OK	MathVista-MC-300	MathVista-MC-300_283	construction_plan	pred='C'	gold='C'	complete=True	duration_s=11.93
CALL MathVista-MC-300 MathVista-MC-300_283 geoguide_solver
OK	MathVista-MC-300	MathVista-MC-300_283	geoguide_solver	pred='C'	gold='C'	complete=True	duration_s=11.90
CALL MathVista-MC-300 MathVista-MC-300_283 geoguide_cautious
OK	MathVista-MC-300	MathVista-MC-300_283	geoguide_cautious	pred='C'	gold='C'	complete=True	duration_s=12.22
CALL MathVista-MC-300 MathVista-MC-300_531 raw
FAIL	MathVista-MC-300	MathVista-MC-300_531	raw	pred=''	gold='B'	complete=False	duration_s=4.28
CALL MathVista-MC-300 MathVista-MC-300_531 structured_facts
FAIL	MathVista-MC-300	MathVista-MC-300_531	structured_facts	pred=''	gold='B'	complete=False	duration_s=4.58
CALL MathVista-MC-300 MathVista-MC-300_531 perception_graph
FAIL	MathVista-MC-300	MathVista-MC-300_531	perception_graph	pred=''	gold='B'	complete=False	duration_s=5.21
CALL MathVista-MC-300 MathVista-MC-300_531 construction_plan
FAIL	MathVista-MC-300	MathVista-MC-300_531	construction_plan	pred=''	gold='B'	complete=False	duration_s=5.23
CALL MathVista-MC-300 MathVista-MC-300_531 geoguide_solver
FAIL	MathVista-MC-300	MathVista-MC-300_531	geoguide_solver	pred=''	gold='B'	complete=False	duration_s=4.89
CALL MathVista-MC-300 MathVista-MC-300_531 geoguide_cautious
FAIL	MathVista-MC-300	MathVista-MC-300_531	geoguide_cautious	pred=''	gold='B'	complete=False	duration_s=5.25
CALL MathVista-MC-300 MathVista-MC-300_410 raw
OK	MathVista-MC-300	MathVista-MC-300_410	raw	pred='A'	gold='A'	complete=True	duration_s=5.28
CALL MathVista-MC-300 MathVista-MC-300_410 structured_facts
OK	MathVista-MC-300	MathVista-MC-300_410	structured_facts	pred='A'	gold='A'	complete=True	duration_s=5.59
CALL MathVista-MC-300 MathVista-MC-300_410 perception_graph
OK	MathVista-MC-300	MathVista-MC-300_410	perception_graph	pred='A'	gold='A'	complete=True	duration_s=6.51
CALL MathVista-MC-300 MathVista-MC-300_410 construction_plan
OK	MathVista-MC-300	MathVista-MC-300_410	construction_plan	pred='A'	gold='A'	complete=True	duration_s=6.31
CALL MathVista-MC-300 MathVista-MC-300_410 geoguide_solver
OK	MathVista-MC-300	MathVista-MC-300_410	geoguide_solver	pred='A'	gold='A'	complete=True	duration_s=6.25
CALL MathVista-MC-300 MathVista-MC-300_410 geoguide_cautious
OK	MathVista-MC-300	MathVista-MC-300_410	geoguide_cautious	pred='A'	gold='A'	complete=True	duration_s=6.55
CALL MathVista-MC-300 MathVista-MC-300_686 raw
OK	MathVista-MC-300	MathVista-MC-300_686	raw	pred='B'	gold='B'	complete=True	duration_s=15.84
CALL MathVista-MC-300 MathVista-MC-300_686 structured_facts
OK	MathVista-MC-300	MathVista-MC-300_686	structured_facts	pred='B'	gold='B'	complete=True	duration_s=15.83
CALL MathVista-MC-300 MathVista-MC-300_686 perception_graph
OK	MathVista-MC-300	MathVista-MC-300_686	perception_graph	pred='B'	gold='B'	complete=True	duration_s=16.49
CALL MathVista-MC-300 MathVista-MC-300_686 construction_plan
OK	MathVista-MC-300	MathVista-MC-300_686	construction_plan	pred='B'	gold='B'	complete=True	duration_s=16.50
CALL MathVista-MC-300 MathVista-MC-300_686 geoguide_solver
OK	MathVista-MC-300	MathVista-MC-300_686	geoguide_solver	pred='B'	gold='B'	complete=True	duration_s=16.42
CALL MathVista-MC-300 MathVista-MC-300_686 geoguide_cautious
OK	MathVista-MC-300	MathVista-MC-300_686	geoguide_cautious	pred='B'	gold='B'	complete=True	duration_s=16.51
CALL MathVista-MC-300 MathVista-MC-300_223 raw
OK	MathVista-MC-300	MathVista-MC-300_223	raw	pred='A'	gold='A'	complete=True	duration_s=52.04
CALL MathVista-MC-300 MathVista-MC-300_223 structured_facts
OK	MathVista-MC-300	MathVista-MC-300_223	structured_facts	pred='A'	gold='A'	complete=True	duration_s=52.48
CALL MathVista-MC-300 MathVista-MC-300_223 perception_graph
OK	MathVista-MC-300	MathVista-MC-300_223	perception_graph	pred='A'	gold='A'	complete=True	duration_s=53.01
CALL MathVista-MC-300 MathVista-MC-300_223 construction_plan
OK	MathVista-MC-300	MathVista-MC-300_223	construction_plan	pred='A'	gold='A'	complete=True	duration_s=53.23
CALL MathVista-MC-300 MathVista-MC-300_223 geoguide_solver
OK	MathVista-MC-300	MathVista-MC-300_223	geoguide_solver	pred='A'	gold='A'	complete=True	duration_s=52.90
CALL MathVista-MC-300 MathVista-MC-300_223 geoguide_cautious
OK	MathVista-MC-300	MathVista-MC-300_223	geoguide_cautious	pred='A'	gold='A'	complete=True	duration_s=53.19
CALL MathVista-MC-300 MathVista-MC-300_556 raw
OK	MathVista-MC-300	MathVista-MC-300_556	raw	pred='A'	gold='A'	complete=True	duration_s=14.85
CALL MathVista-MC-300 MathVista-MC-300_556 structured_facts
OK	MathVista-MC-300	MathVista-MC-300_556	structured_facts	pred='A'	gold='A'	complete=True	duration_s=14.85
CALL MathVista-MC-300 MathVista-MC-300_556 perception_graph
OK	MathVista-MC-300	MathVista-MC-300_556	perception_graph	pred='A'	gold='A'	complete=True	duration_s=15.53
CALL MathVista-MC-300 MathVista-MC-300_556 construction_plan
OK	MathVista-MC-300	MathVista-MC-300_556	construction_plan	pred='A'	gold='A'	complete=True	duration_s=15.55
CALL MathVista-MC-300 MathVista-MC-300_556 geoguide_solver
OK	MathVista-MC-300	MathVista-MC-300_556	geoguide_solver	pred='A'	gold='A'	complete=True	duration_s=15.48
CALL MathVista-MC-300 MathVista-MC-300_556 geoguide_cautious
OK	MathVista-MC-300	MathVista-MC-300_556	geoguide_cautious	pred='A'	gold='A'	complete=True	duration_s=15.46
CALL MathVista-MC-300 MathVista-MC-300_303 raw
OK	MathVista-MC-300	MathVista-MC-300_303	raw	pred='B'	gold='B'	complete=True	duration_s=14.52
CALL MathVista-MC-300 MathVista-MC-300_303 structured_facts
OK	MathVista-MC-300	MathVista-MC-300_303	structured_facts	pred='B'	gold='B'	complete=True	duration_s=14.86
CALL MathVista-MC-300 MathVista-MC-300_303 perception_graph
OK	MathVista-MC-300	MathVista-MC-300_303	perception_graph	pred='B'	gold='B'	complete=True	duration_s=15.25
CALL MathVista-MC-300 MathVista-MC-300_303 construction_plan
OK	MathVista-MC-300	MathVista-MC-300_303	construction_plan	pred='B'	gold='B'	complete=True	duration_s=15.46
CALL MathVista-MC-300 MathVista-MC-300_303 geoguide_solver
OK	MathVista-MC-300	MathVista-MC-300_303	geoguide_solver	pred='B'	gold='B'	complete=True	duration_s=15.23
CALL MathVista-MC-300 MathVista-MC-300_303 geoguide_cautious
OK	MathVista-MC-300	MathVista-MC-300_303	geoguide_cautious	pred='B'	gold='B'	complete=True	duration_s=15.50
CALL MathVista-MC-300 MathVista-MC-300_140 raw
FAIL	MathVista-MC-300	MathVista-MC-300_140	raw	pred='B'	gold='A'	complete=True	duration_s=12.85
CALL MathVista-MC-300 MathVista-MC-300_140 structured_facts
FAIL	MathVista-MC-300	MathVista-MC-300_140	structured_facts	pred='B'	gold='A'	complete=True	duration_s=13.16
CALL MathVista-MC-300 MathVista-MC-300_140 perception_graph
FAIL	MathVista-MC-300	MathVista-MC-300_140	perception_graph	pred='B'	gold='A'	complete=True	duration_s=13.58
CALL MathVista-MC-300 MathVista-MC-300_140 construction_plan
FAIL	MathVista-MC-300	MathVista-MC-300_140	construction_plan	pred='B'	gold='A'	complete=True	duration_s=13.56
CALL MathVista-MC-300 MathVista-MC-300_140 geoguide_solver
FAIL	MathVista-MC-300	MathVista-MC-300_140	geoguide_solver	pred='B'	gold='A'	complete=True	duration_s=13.57
CALL MathVista-MC-300 MathVista-MC-300_140 geoguide_cautious
FAIL	MathVista-MC-300	MathVista-MC-300_140	geoguide_cautious	pred='B'	gold='A'	complete=True	duration_s=13.84
CALL MathVista-MC-300 MathVista-MC-300_527 raw
FAIL	MathVista-MC-300	MathVista-MC-300_527	raw	pred='B'	gold='A'	complete=True	duration_s=14.86
CALL MathVista-MC-300 MathVista-MC-300_527 structured_facts
FAIL	MathVista-MC-300	MathVista-MC-300_527	structured_facts	pred='B'	gold='A'	complete=True	duration_s=14.89
CALL MathVista-MC-300 MathVista-MC-300_527 perception_graph
FAIL	MathVista-MC-300	MathVista-MC-300_527	perception_graph	pred='B'	gold='A'	complete=True	duration_s=15.53
CALL MathVista-MC-300 MathVista-MC-300_527 construction_plan
FAIL	MathVista-MC-300	MathVista-MC-300_527	construction_plan	pred='B'	gold='A'	complete=True	duration_s=15.57
CALL MathVista-MC-300 MathVista-MC-300_527 geoguide_solver
FAIL	MathVista-MC-300	MathVista-MC-300_527	geoguide_solver	pred='B'	gold='A'	complete=True	duration_s=15.47
CALL MathVista-MC-300 MathVista-MC-300_527 geoguide_cautious
FAIL	MathVista-MC-300	MathVista-MC-300_527	geoguide_cautious	pred='B'	gold='A'	complete=True	duration_s=15.57
CALL MathVista-MC-300 MathVista-MC-300_443 raw
OK	MathVista-MC-300	MathVista-MC-300_443	raw	pred='B'	gold='B'	complete=True	duration_s=4.48
CALL MathVista-MC-300 MathVista-MC-300_443 structured_facts
OK	MathVista-MC-300	MathVista-MC-300_443	structured_facts	pred='B'	gold='B'	complete=True	duration_s=4.77
CALL MathVista-MC-300 MathVista-MC-300_443 perception_graph
FAIL	MathVista-MC-300	MathVista-MC-300_443	perception_graph	pred='A'	gold='B'	complete=True	duration_s=5.17
CALL MathVista-MC-300 MathVista-MC-300_443 construction_plan
OK	MathVista-MC-300	MathVista-MC-300_443	construction_plan	pred='B'	gold='B'	complete=True	duration_s=5.45
CALL MathVista-MC-300 MathVista-MC-300_443 geoguide_solver
OK	MathVista-MC-300	MathVista-MC-300_443	geoguide_solver	pred='B'	gold='B'	complete=True	duration_s=5.14
CALL MathVista-MC-300 MathVista-MC-300_443 geoguide_cautious
OK	MathVista-MC-300	MathVista-MC-300_443	geoguide_cautious	pred='B'	gold='B'	complete=True	duration_s=5.49
CALL MathVista-MC-300 MathVista-MC-300_224 raw
OK	MathVista-MC-300	MathVista-MC-300_224	raw	pred='B'	gold='B'	complete=True	duration_s=38.63
CALL MathVista-MC-300 MathVista-MC-300_224 structured_facts
OK	MathVista-MC-300	MathVista-MC-300_224	structured_facts	pred='B'	gold='B'	complete=True	duration_s=38.91
CALL MathVista-MC-300 MathVista-MC-300_224 perception_graph
OK	MathVista-MC-300	MathVista-MC-300_224	perception_graph	pred='B'	gold='B'	complete=True	duration_s=39.34
CALL MathVista-MC-300 MathVista-MC-300_224 construction_plan
OK	MathVista-MC-300	MathVista-MC-300_224	construction_plan	pred='B'	gold='B'	complete=True	duration_s=39.72
CALL MathVista-MC-300 MathVista-MC-300_224 geoguide_solver
OK	MathVista-MC-300	MathVista-MC-300_224	geoguide_solver	pred='B'	gold='B'	complete=True	duration_s=39.39
CALL MathVista-MC-300 MathVista-MC-300_224 geoguide_cautious
OK	MathVista-MC-300	MathVista-MC-300_224	geoguide_cautious	pred='B'	gold='B'	complete=True	duration_s=39.67
CALL MathVista-MC-300 MathVista-MC-300_170 raw
OK	MathVista-MC-300	MathVista-MC-300_170	raw	pred='C'	gold='C'	complete=True	duration_s=8.55
CALL MathVista-MC-300 MathVista-MC-300_170 structured_facts
OK	MathVista-MC-300	MathVista-MC-300_170	structured_facts	pred='C'	gold='C'	complete=True	duration_s=8.85
CALL MathVista-MC-300 MathVista-MC-300_170 perception_graph
OK	MathVista-MC-300	MathVista-MC-300_170	perception_graph	pred='C'	gold='C'	complete=True	duration_s=9.48
CALL MathVista-MC-300 MathVista-MC-300_170 construction_plan
OK	MathVista-MC-300	MathVista-MC-300_170	construction_plan	pred='C'	gold='C'	complete=True	duration_s=9.51
CALL MathVista-MC-300 MathVista-MC-300_170 geoguide_solver
OK	MathVista-MC-300	MathVista-MC-300_170	geoguide_solver	pred='C'	gold='C'	complete=True	duration_s=9.18
CALL MathVista-MC-300 MathVista-MC-300_170 geoguide_cautious
OK	MathVista-MC-300	MathVista-MC-300_170	geoguide_cautious	pred='C'	gold='C'	complete=True	duration_s=9.52
CALL MathVista-MC-300 MathVista-MC-300_212 raw
OK	MathVista-MC-300	MathVista-MC-300_212	raw	pred='A'	gold='A'	complete=True	duration_s=7.95
CALL MathVista-MC-300 MathVista-MC-300_212 structured_facts
OK	MathVista-MC-300	MathVista-MC-300_212	structured_facts	pred='A'	gold='A'	complete=True	duration_s=8.19
CALL MathVista-MC-300 MathVista-MC-300_212 perception_graph
OK	MathVista-MC-300	MathVista-MC-300_212	perception_graph	pred='A'	gold='A'	complete=True	duration_s=8.60
CALL MathVista-MC-300 MathVista-MC-300_212 construction_plan
OK	MathVista-MC-300	MathVista-MC-300_212	construction_plan	pred='A'	gold='A'	complete=True	duration_s=8.61
CALL MathVista-MC-300 MathVista-MC-300_212 geoguide_solver
OK	MathVista-MC-300	MathVista-MC-300_212	geoguide_solver	pred='A'	gold='A'	complete=True	duration_s=8.58
CALL MathVista-MC-300 MathVista-MC-300_212 geoguide_cautious
OK	MathVista-MC-300	MathVista-MC-300_212	geoguide_cautious	pred='A'	gold='A'	complete=True	duration_s=8.91
CALL MathVista-MC-300 MathVista-MC-300_681 raw
OK	MathVista-MC-300	MathVista-MC-300_681	raw	pred='D'	gold='D'	complete=True	duration_s=12.93
CALL MathVista-MC-300 MathVista-MC-300_681 structured_facts
OK	MathVista-MC-300	MathVista-MC-300_681	structured_facts	pred='D'	gold='D'	complete=True	duration_s=13.23
CALL MathVista-MC-300 MathVista-MC-300_681 perception_graph
OK	MathVista-MC-300	MathVista-MC-300_681	perception_graph	pred='D'	gold='D'	complete=True	duration_s=13.63
CALL MathVista-MC-300 MathVista-MC-300_681 construction_plan
OK	MathVista-MC-300	MathVista-MC-300_681	construction_plan	pred='D'	gold='D'	complete=True	duration_s=13.84
CALL MathVista-MC-300 MathVista-MC-300_681 geoguide_solver
OK	MathVista-MC-300	MathVista-MC-300_681	geoguide_solver	pred='D'	gold='D'	complete=True	duration_s=13.60
CALL MathVista-MC-300 MathVista-MC-300_681 geoguide_cautious
OK	MathVista-MC-300	MathVista-MC-300_681	geoguide_cautious	pred='D'	gold='D'	complete=True	duration_s=13.89
CALL MathVista-MC-300 MathVista-MC-300_555 raw
OK	MathVista-MC-300	MathVista-MC-300_555	raw	pred='B'	gold='B'	complete=True	duration_s=19.43
CALL MathVista-MC-300 MathVista-MC-300_555 structured_facts
OK	MathVista-MC-300	MathVista-MC-300_555	structured_facts	pred='B'	gold='B'	complete=True	duration_s=19.63
CALL MathVista-MC-300 MathVista-MC-300_555 perception_graph
OK	MathVista-MC-300	MathVista-MC-300_555	perception_graph	pred='B'	gold='B'	complete=True	duration_s=20.07
CALL MathVista-MC-300 MathVista-MC-300_555 construction_plan
OK	MathVista-MC-300	MathVista-MC-300_555	construction_plan	pred='B'	gold='B'	complete=True	duration_s=20.02
CALL MathVista-MC-300 MathVista-MC-300_555 geoguide_solver
OK	MathVista-MC-300	MathVista-MC-300_555	geoguide_solver	pred='B'	gold='B'	complete=True	duration_s=19.97
CALL MathVista-MC-300 MathVista-MC-300_555 geoguide_cautious
OK	MathVista-MC-300	MathVista-MC-300_555	geoguide_cautious	pred='B'	gold='B'	complete=True	duration_s=20.28
CALL MathVista-MC-300 MathVista-MC-300_6 raw
OK	MathVista-MC-300	MathVista-MC-300_6	raw	pred='A'	gold='A'	complete=True	duration_s=4.95
CALL MathVista-MC-300 MathVista-MC-300_6 structured_facts
OK	MathVista-MC-300	MathVista-MC-300_6	structured_facts	pred='A'	gold='A'	complete=True	duration_s=5.27
CALL MathVista-MC-300 MathVista-MC-300_6 perception_graph
OK	MathVista-MC-300	MathVista-MC-300_6	perception_graph	pred='A'	gold='A'	complete=True	duration_s=5.91
CALL MathVista-MC-300 MathVista-MC-300_6 construction_plan
FAIL	MathVista-MC-300	MathVista-MC-300_6	construction_plan	pred='D'	gold='A'	complete=True	duration_s=5.95
CALL MathVista-MC-300 MathVista-MC-300_6 geoguide_solver
FAIL	MathVista-MC-300	MathVista-MC-300_6	geoguide_solver	pred='D'	gold='A'	complete=True	duration_s=5.64
CALL MathVista-MC-300 MathVista-MC-300_6 geoguide_cautious
OK	MathVista-MC-300	MathVista-MC-300_6	geoguide_cautious	pred='A'	gold='A'	complete=True	duration_s=6.24
CALL MathVista-MC-300 MathVista-MC-300_286 raw
OK	MathVista-MC-300	MathVista-MC-300_286	raw	pred='D'	gold='D'	complete=True	duration_s=4.40
CALL MathVista-MC-300 MathVista-MC-300_286 structured_facts
OK	MathVista-MC-300	MathVista-MC-300_286	structured_facts	pred='D'	gold='D'	complete=True	duration_s=4.44
CALL MathVista-MC-300 MathVista-MC-300_286 perception_graph
OK	MathVista-MC-300	MathVista-MC-300_286	perception_graph	pred='D'	gold='D'	complete=True	duration_s=5.33
CALL MathVista-MC-300 MathVista-MC-300_286 construction_plan
OK	MathVista-MC-300	MathVista-MC-300_286	construction_plan	pred='D'	gold='D'	complete=True	duration_s=5.12
CALL MathVista-MC-300 MathVista-MC-300_286 geoguide_solver
OK	MathVista-MC-300	MathVista-MC-300_286	geoguide_solver	pred='D'	gold='D'	complete=True	duration_s=5.06
CALL MathVista-MC-300 MathVista-MC-300_286 geoguide_cautious
OK	MathVista-MC-300	MathVista-MC-300_286	geoguide_cautious	pred='D'	gold='D'	complete=True	duration_s=5.39
CALL MathVista-MC-300 MathVista-MC-300_541 raw
FAIL	MathVista-MC-300	MathVista-MC-300_541	raw	pred='E'	gold='D'	complete=True	duration_s=8.22
CALL MathVista-MC-300 MathVista-MC-300_541 structured_facts
FAIL	MathVista-MC-300	MathVista-MC-300_541	structured_facts	pred='E'	gold='D'	complete=True	duration_s=8.50
CALL MathVista-MC-300 MathVista-MC-300_541 perception_graph
FAIL	MathVista-MC-300	MathVista-MC-300_541	perception_graph	pred='E'	gold='D'	complete=True	duration_s=9.44
CALL MathVista-MC-300 MathVista-MC-300_541 construction_plan
FAIL	MathVista-MC-300	MathVista-MC-300_541	construction_plan	pred='E'	gold='D'	complete=True	duration_s=9.19
CALL MathVista-MC-300 MathVista-MC-300_541 geoguide_solver
FAIL	MathVista-MC-300	MathVista-MC-300_541	geoguide_solver	pred='E'	gold='D'	complete=True	duration_s=8.85
CALL MathVista-MC-300 MathVista-MC-300_541 geoguide_cautious
FAIL	MathVista-MC-300	MathVista-MC-300_541	geoguide_cautious	pred='E'	gold='D'	complete=True	duration_s=9.17
CALL MathVista-MC-300 MathVista-MC-300_292 raw
OK	MathVista-MC-300	MathVista-MC-300_292	raw	pred='B'	gold='B'	complete=True	duration_s=8.45
CALL MathVista-MC-300 MathVista-MC-300_292 structured_facts
OK	MathVista-MC-300	MathVista-MC-300_292	structured_facts	pred='B'	gold='B'	complete=True	duration_s=8.70
CALL MathVista-MC-300 MathVista-MC-300_292 perception_graph
OK	MathVista-MC-300	MathVista-MC-300_292	perception_graph	pred='B'	gold='B'	complete=True	duration_s=9.09
CALL MathVista-MC-300 MathVista-MC-300_292 construction_plan
OK	MathVista-MC-300	MathVista-MC-300_292	construction_plan	pred='B'	gold='B'	complete=True	duration_s=9.39
CALL MathVista-MC-300 MathVista-MC-300_292 geoguide_solver
OK	MathVista-MC-300	MathVista-MC-300_292	geoguide_solver	pred='B'	gold='B'	complete=True	duration_s=9.10
CALL MathVista-MC-300 MathVista-MC-300_292 geoguide_cautious
OK	MathVista-MC-300	MathVista-MC-300_292	geoguide_cautious	pred='B'	gold='B'	complete=True	duration_s=9.43
CALL MathVista-MC-300 MathVista-MC-300_884 raw
OK	MathVista-MC-300	MathVista-MC-300_884	raw	pred='D'	gold='D'	complete=True	duration_s=14.84
CALL MathVista-MC-300 MathVista-MC-300_884 structured_facts
OK	MathVista-MC-300	MathVista-MC-300_884	structured_facts	pred='D'	gold='D'	complete=True	duration_s=14.87
CALL MathVista-MC-300 MathVista-MC-300_884 perception_graph
OK	MathVista-MC-300	MathVista-MC-300_884	perception_graph	pred='D'	gold='D'	complete=True	duration_s=15.51
CALL MathVista-MC-300 MathVista-MC-300_884 construction_plan
OK	MathVista-MC-300	MathVista-MC-300_884	construction_plan	pred='D'	gold='D'	complete=True	duration_s=15.57
CALL MathVista-MC-300 MathVista-MC-300_884 geoguide_solver
OK	MathVista-MC-300	MathVista-MC-300_884	geoguide_solver	pred='D'	gold='D'	complete=True	duration_s=15.51
CALL MathVista-MC-300 MathVista-MC-300_884 geoguide_cautious
OK	MathVista-MC-300	MathVista-MC-300_884	geoguide_cautious	pred='D'	gold='D'	complete=True	duration_s=15.49
CALL MathVista-MC-300 MathVista-MC-300_670 raw
FAIL	MathVista-MC-300	MathVista-MC-300_670	raw	pred=''	gold='B'	complete=False	duration_s=129.86
CALL MathVista-MC-300 MathVista-MC-300_670 structured_facts
FAIL	MathVista-MC-300	MathVista-MC-300_670	structured_facts	pred=''	gold='B'	complete=False	duration_s=129.68
CALL MathVista-MC-300 MathVista-MC-300_670 perception_graph
FAIL	MathVista-MC-300	MathVista-MC-300_670	perception_graph	pred=''	gold='B'	complete=False	duration_s=129.87
CALL MathVista-MC-300 MathVista-MC-300_670 construction_plan
FAIL	MathVista-MC-300	MathVista-MC-300_670	construction_plan	pred=''	gold='B'	complete=False	duration_s=129.78
CALL MathVista-MC-300 MathVista-MC-300_670 geoguide_solver
FAIL	MathVista-MC-300	MathVista-MC-300_670	geoguide_solver	pred=''	gold='B'	complete=False	duration_s=129.62
CALL MathVista-MC-300 MathVista-MC-300_670 geoguide_cautious
FAIL	MathVista-MC-300	MathVista-MC-300_670	geoguide_cautious	pred=''	gold='B'	complete=False	duration_s=129.74
CALL MathVista-MC-300 MathVista-MC-300_43 raw
OK	MathVista-MC-300	MathVista-MC-300_43	raw	pred='C'	gold='C'	complete=True	duration_s=7.24
CALL MathVista-MC-300 MathVista-MC-300_43 structured_facts
OK	MathVista-MC-300	MathVista-MC-300_43	structured_facts	pred='C'	gold='C'	complete=True	duration_s=7.52
CALL MathVista-MC-300 MathVista-MC-300_43 perception_graph
OK	MathVista-MC-300	MathVista-MC-300_43	perception_graph	pred='C'	gold='C'	complete=True	duration_s=7.93
CALL MathVista-MC-300 MathVista-MC-300_43 construction_plan
OK	MathVista-MC-300	MathVista-MC-300_43	construction_plan	pred='C'	gold='C'	complete=True	duration_s=8.20
CALL MathVista-MC-300 MathVista-MC-300_43 geoguide_solver
OK	MathVista-MC-300	MathVista-MC-300_43	geoguide_solver	pred='C'	gold='C'	complete=True	duration_s=7.92
CALL MathVista-MC-300 MathVista-MC-300_43 geoguide_cautious
OK	MathVista-MC-300	MathVista-MC-300_43	geoguide_cautious	pred='C'	gold='C'	complete=True	duration_s=8.20
CALL MathVista-MC-300 MathVista-MC-300_33 raw
FAIL	MathVista-MC-300	MathVista-MC-300_33	raw	pred='B'	gold='C'	complete=True	duration_s=4.58
CALL MathVista-MC-300 MathVista-MC-300_33 structured_facts
FAIL	MathVista-MC-300	MathVista-MC-300_33	structured_facts	pred='B'	gold='C'	complete=True	duration_s=4.90
CALL MathVista-MC-300 MathVista-MC-300_33 perception_graph
FAIL	MathVista-MC-300	MathVista-MC-300_33	perception_graph	pred='B'	gold='C'	complete=True	duration_s=5.54
CALL MathVista-MC-300 MathVista-MC-300_33 construction_plan
FAIL	MathVista-MC-300	MathVista-MC-300_33	construction_plan	pred='B'	gold='C'	complete=True	duration_s=5.92
CALL MathVista-MC-300 MathVista-MC-300_33 geoguide_solver
FAIL	MathVista-MC-300	MathVista-MC-300_33	geoguide_solver	pred='B'	gold='C'	complete=True	duration_s=5.55
CALL MathVista-MC-300 MathVista-MC-300_33 geoguide_cautious
FAIL	MathVista-MC-300	MathVista-MC-300_33	geoguide_cautious	pred='B'	gold='C'	complete=True	duration_s=5.64
CALL MathVista-MC-300 MathVista-MC-300_668 raw
OK	MathVista-MC-300	MathVista-MC-300_668	raw	pred='A'	gold='A'	complete=True	duration_s=20.77
CALL MathVista-MC-300 MathVista-MC-300_668 structured_facts
OK	MathVista-MC-300	MathVista-MC-300_668	structured_facts	pred='A'	gold='A'	complete=True	duration_s=21.04
CALL MathVista-MC-300 MathVista-MC-300_668 perception_graph
OK	MathVista-MC-300	MathVista-MC-300_668	perception_graph	pred='A'	gold='A'	complete=True	duration_s=21.70
CALL MathVista-MC-300 MathVista-MC-300_668 construction_plan
OK	MathVista-MC-300	MathVista-MC-300_668	construction_plan	pred='A'	gold='A'	complete=True	duration_s=21.70
CALL MathVista-MC-300 MathVista-MC-300_668 geoguide_solver
OK	MathVista-MC-300	MathVista-MC-300_668	geoguide_solver	pred='A'	gold='A'	complete=True	duration_s=21.41
CALL MathVista-MC-300 MathVista-MC-300_668 geoguide_cautious
OK	MathVista-MC-300	MathVista-MC-300_668	geoguide_cautious	pred='A'	gold='A'	complete=True	duration_s=21.73
CALL MathVista-MC-300 MathVista-MC-300_863 raw
FAIL	MathVista-MC-300	MathVista-MC-300_863	raw	pred='B'	gold='A'	complete=True	duration_s=17.00
CALL MathVista-MC-300 MathVista-MC-300_863 structured_facts
FAIL	MathVista-MC-300	MathVista-MC-300_863	structured_facts	pred='B'	gold='A'	complete=True	duration_s=17.31
CALL MathVista-MC-300 MathVista-MC-300_863 perception_graph
FAIL	MathVista-MC-300	MathVista-MC-300_863	perception_graph	pred='B'	gold='A'	complete=True	duration_s=17.71
CALL MathVista-MC-300 MathVista-MC-300_863 construction_plan
FAIL	MathVista-MC-300	MathVista-MC-300_863	construction_plan	pred='B'	gold='A'	complete=True	duration_s=17.97
CALL MathVista-MC-300 MathVista-MC-300_863 geoguide_solver
FAIL	MathVista-MC-300	MathVista-MC-300_863	geoguide_solver	pred='B'	gold='A'	complete=True	duration_s=17.69
CALL MathVista-MC-300 MathVista-MC-300_863 geoguide_cautious
FAIL	MathVista-MC-300	MathVista-MC-300_863	geoguide_cautious	pred='B'	gold='A'	complete=True	duration_s=17.99
CALL MathVista-MC-300 MathVista-MC-300_446 raw
FAIL	MathVista-MC-300	MathVista-MC-300_446	raw	pred='A'	gold='C'	complete=True	duration_s=4.42
CALL MathVista-MC-300 MathVista-MC-300_446 structured_facts
FAIL	MathVista-MC-300	MathVista-MC-300_446	structured_facts	pred='A'	gold='C'	complete=True	duration_s=4.45
CALL MathVista-MC-300 MathVista-MC-300_446 perception_graph
FAIL	MathVista-MC-300	MathVista-MC-300_446	perception_graph	pred='A'	gold='C'	complete=True	duration_s=5.32
CALL MathVista-MC-300 MathVista-MC-300_446 construction_plan
FAIL	MathVista-MC-300	MathVista-MC-300_446	construction_plan	pred='A'	gold='C'	complete=True	duration_s=5.08
CALL MathVista-MC-300 MathVista-MC-300_446 geoguide_solver
FAIL	MathVista-MC-300	MathVista-MC-300_446	geoguide_solver	pred='A'	gold='C'	complete=True	duration_s=5.04
CALL MathVista-MC-300 MathVista-MC-300_446 geoguide_cautious
FAIL	MathVista-MC-300	MathVista-MC-300_446	geoguide_cautious	pred='A'	gold='C'	complete=True	duration_s=5.09
CALL MathVista-MC-300 MathVista-MC-300_951 raw
FAIL	MathVista-MC-300	MathVista-MC-300_951	raw	pred='C'	gold='B'	complete=True	duration_s=9.84
CALL MathVista-MC-300 MathVista-MC-300_951 structured_facts
FAIL	MathVista-MC-300	MathVista-MC-300_951	structured_facts	pred='C'	gold='B'	complete=True	duration_s=10.17
CALL MathVista-MC-300 MathVista-MC-300_951 perception_graph
FAIL	MathVista-MC-300	MathVista-MC-300_951	perception_graph	pred='C'	gold='B'	complete=True	duration_s=11.16
CALL MathVista-MC-300 MathVista-MC-300_951 construction_plan
FAIL	MathVista-MC-300	MathVista-MC-300_951	construction_plan	pred='C'	gold='B'	complete=True	duration_s=11.44
CALL MathVista-MC-300 MathVista-MC-300_951 geoguide_solver
FAIL	MathVista-MC-300	MathVista-MC-300_951	geoguide_solver	pred='C'	gold='B'	complete=True	duration_s=11.18
CALL MathVista-MC-300 MathVista-MC-300_951 geoguide_cautious
FAIL	MathVista-MC-300	MathVista-MC-300_951	geoguide_cautious	pred='C'	gold='B'	complete=True	duration_s=10.82
CALL MathVista-MC-300 MathVista-MC-300_35 raw
FAIL	MathVista-MC-300	MathVista-MC-300_35	raw	pred='A'	gold='B'	complete=True	duration_s=4.49
CALL MathVista-MC-300 MathVista-MC-300_35 structured_facts
FAIL	MathVista-MC-300	MathVista-MC-300_35	structured_facts	pred='A'	gold='B'	complete=True	duration_s=4.51
CALL MathVista-MC-300 MathVista-MC-300_35 perception_graph
FAIL	MathVista-MC-300	MathVista-MC-300_35	perception_graph	pred='A'	gold='B'	complete=True	duration_s=5.41
CALL MathVista-MC-300 MathVista-MC-300_35 construction_plan
FAIL	MathVista-MC-300	MathVista-MC-300_35	construction_plan	pred='A'	gold='B'	complete=True	duration_s=5.18
CALL MathVista-MC-300 MathVista-MC-300_35 geoguide_solver
FAIL	MathVista-MC-300	MathVista-MC-300_35	geoguide_solver	pred='A'	gold='B'	complete=True	duration_s=5.12
CALL MathVista-MC-300 MathVista-MC-300_35 geoguide_cautious
FAIL	MathVista-MC-300	MathVista-MC-300_35	geoguide_cautious	pred='A'	gold='B'	complete=True	duration_s=5.74
CALL MathVista-MC-300 MathVista-MC-300_930 raw
FAIL	MathVista-MC-300	MathVista-MC-300_930	raw	pred='B'	gold='A'	complete=True	duration_s=4.41
CALL MathVista-MC-300 MathVista-MC-300_930 structured_facts
FAIL	MathVista-MC-300	MathVista-MC-300_930	structured_facts	pred='B'	gold='A'	complete=True	duration_s=4.46
CALL MathVista-MC-300 MathVista-MC-300_930 perception_graph
FAIL	MathVista-MC-300	MathVista-MC-300_930	perception_graph	pred='B'	gold='A'	complete=True	duration_s=5.34
CALL MathVista-MC-300 MathVista-MC-300_930 construction_plan
FAIL	MathVista-MC-300	MathVista-MC-300_930	construction_plan	pred='B'	gold='A'	complete=True	duration_s=5.08
CALL MathVista-MC-300 MathVista-MC-300_930 geoguide_solver
FAIL	MathVista-MC-300	MathVista-MC-300_930	geoguide_solver	pred='B'	gold='A'	complete=True	duration_s=5.07
CALL MathVista-MC-300 MathVista-MC-300_930 geoguide_cautious
FAIL	MathVista-MC-300	MathVista-MC-300_930	geoguide_cautious	pred='B'	gold='A'	complete=True	duration_s=5.41
CALL MathVista-MC-300 MathVista-MC-300_154 raw
OK	MathVista-MC-300	MathVista-MC-300_154	raw	pred='B'	gold='B'	complete=True	duration_s=38.87
CALL MathVista-MC-300 MathVista-MC-300_154 structured_facts
OK	MathVista-MC-300	MathVista-MC-300_154	structured_facts	pred='B'	gold='B'	complete=True	duration_s=38.88
CALL MathVista-MC-300 MathVista-MC-300_154 perception_graph
OK	MathVista-MC-300	MathVista-MC-300_154	perception_graph	pred='B'	gold='B'	complete=True	duration_s=39.54
CALL MathVista-MC-300 MathVista-MC-300_154 construction_plan
OK	MathVista-MC-300	MathVista-MC-300_154	construction_plan	pred='B'	gold='B'	complete=True	duration_s=39.69
CALL MathVista-MC-300 MathVista-MC-300_154 geoguide_solver
OK	MathVista-MC-300	MathVista-MC-300_154	geoguide_solver	pred='B'	gold='B'	complete=True	duration_s=39.35
CALL MathVista-MC-300 MathVista-MC-300_154 geoguide_cautious
OK	MathVista-MC-300	MathVista-MC-300_154	geoguide_cautious	pred='B'	gold='B'	complete=True	duration_s=39.68
CALL MathVista-MC-300 MathVista-MC-300_850 raw
FAIL	MathVista-MC-300	MathVista-MC-300_850	raw	pred='B'	gold='A'	complete=True	duration_s=14.78
CALL MathVista-MC-300 MathVista-MC-300_850 structured_facts
FAIL	MathVista-MC-300	MathVista-MC-300_850	structured_facts	pred='B'	gold='A'	complete=True	duration_s=14.88
CALL MathVista-MC-300 MathVista-MC-300_850 perception_graph
FAIL	MathVista-MC-300	MathVista-MC-300_850	perception_graph	pred='B'	gold='A'	complete=True	duration_s=15.51
CALL MathVista-MC-300 MathVista-MC-300_850 construction_plan
FAIL	MathVista-MC-300	MathVista-MC-300_850	construction_plan	pred='B'	gold='A'	complete=True	duration_s=15.56
CALL MathVista-MC-300 MathVista-MC-300_850 geoguide_solver
FAIL	MathVista-MC-300	MathVista-MC-300_850	geoguide_solver	pred='B'	gold='A'	complete=True	duration_s=15.52
CALL MathVista-MC-300 MathVista-MC-300_850 geoguide_cautious
FAIL	MathVista-MC-300	MathVista-MC-300_850	geoguide_cautious	pred='B'	gold='A'	complete=True	duration_s=15.65
CALL MathVista-MC-300 MathVista-MC-300_927 raw
FAIL	MathVista-MC-300	MathVista-MC-300_927	raw	pred='B'	gold='A'	complete=True	duration_s=4.41
CALL MathVista-MC-300 MathVista-MC-300_927 structured_facts
FAIL	MathVista-MC-300	MathVista-MC-300_927	structured_facts	pred='B'	gold='A'	complete=True	duration_s=4.43
CALL MathVista-MC-300 MathVista-MC-300_927 perception_graph
FAIL	MathVista-MC-300	MathVista-MC-300_927	perception_graph	pred='D'	gold='A'	complete=True	duration_s=5.32
CALL MathVista-MC-300 MathVista-MC-300_927 construction_plan
FAIL	MathVista-MC-300	MathVista-MC-300_927	construction_plan	pred='D'	gold='A'	complete=True	duration_s=5.09
CALL MathVista-MC-300 MathVista-MC-300_927 geoguide_solver
FAIL	MathVista-MC-300	MathVista-MC-300_927	geoguide_solver	pred='D'	gold='A'	complete=True	duration_s=5.04
CALL MathVista-MC-300 MathVista-MC-300_927 geoguide_cautious
FAIL	MathVista-MC-300	MathVista-MC-300_927	geoguide_cautious	pred='D'	gold='A'	complete=True	duration_s=5.10
CALL MathVista-MC-300 MathVista-MC-300_24 raw
OK	MathVista-MC-300	MathVista-MC-300_24	raw	pred='B'	gold='B'	complete=True	duration_s=13.02
CALL MathVista-MC-300 MathVista-MC-300_24 structured_facts
OK	MathVista-MC-300	MathVista-MC-300_24	structured_facts	pred='B'	gold='B'	complete=True	duration_s=13.08
CALL MathVista-MC-300 MathVista-MC-300_24 perception_graph
OK	MathVista-MC-300	MathVista-MC-300_24	perception_graph	pred='B'	gold='B'	complete=True	duration_s=13.70
CALL MathVista-MC-300 MathVista-MC-300_24 construction_plan
OK	MathVista-MC-300	MathVista-MC-300_24	construction_plan	pred='B'	gold='B'	complete=True	duration_s=13.73
CALL MathVista-MC-300 MathVista-MC-300_24 geoguide_solver
OK	MathVista-MC-300	MathVista-MC-300_24	geoguide_solver	pred='B'	gold='B'	complete=True	duration_s=13.62
CALL MathVista-MC-300 MathVista-MC-300_24 geoguide_cautious
OK	MathVista-MC-300	MathVista-MC-300_24	geoguide_cautious	pred='B'	gold='B'	complete=True	duration_s=13.73
CALL MathVista-MC-300 MathVista-MC-300_172 raw
OK	MathVista-MC-300	MathVista-MC-300_172	raw	pred='B'	gold='B'	complete=True	duration_s=9.65
CALL MathVista-MC-300 MathVista-MC-300_172 structured_facts
OK	MathVista-MC-300	MathVista-MC-300_172	structured_facts	pred='B'	gold='B'	complete=True	duration_s=9.69
CALL MathVista-MC-300 MathVista-MC-300_172 perception_graph
OK	MathVista-MC-300	MathVista-MC-300_172	perception_graph	pred='B'	gold='B'	complete=True	duration_s=10.32
CALL MathVista-MC-300 MathVista-MC-300_172 construction_plan
OK	MathVista-MC-300	MathVista-MC-300_172	construction_plan	pred='B'	gold='B'	complete=True	duration_s=10.42
CALL MathVista-MC-300 MathVista-MC-300_172 geoguide_solver
OK	MathVista-MC-300	MathVista-MC-300_172	geoguide_solver	pred='B'	gold='B'	complete=True	duration_s=10.36
CALL MathVista-MC-300 MathVista-MC-300_172 geoguide_cautious
OK	MathVista-MC-300	MathVista-MC-300_172	geoguide_cautious	pred='B'	gold='B'	complete=True	duration_s=10.39
CALL MathVista-MC-300 MathVista-MC-300_123 raw
FAIL	MathVista-MC-300	MathVista-MC-300_123	raw	pred='E'	gold='D'	complete=True	duration_s=11.76
CALL MathVista-MC-300 MathVista-MC-300_123 structured_facts
FAIL	MathVista-MC-300	MathVista-MC-300_123	structured_facts	pred='E'	gold='D'	complete=True	duration_s=11.80
CALL MathVista-MC-300 MathVista-MC-300_123 perception_graph
FAIL	MathVista-MC-300	MathVista-MC-300_123	perception_graph	pred='E'	gold='D'	complete=True	duration_s=12.44
CALL MathVista-MC-300 MathVista-MC-300_123 construction_plan
FAIL	MathVista-MC-300	MathVista-MC-300_123	construction_plan	pred='E'	gold='D'	complete=True	duration_s=12.49
CALL MathVista-MC-300 MathVista-MC-300_123 geoguide_solver
FAIL	MathVista-MC-300	MathVista-MC-300_123	geoguide_solver	pred='E'	gold='D'	complete=True	duration_s=12.42
CALL MathVista-MC-300 MathVista-MC-300_123 geoguide_cautious
FAIL	MathVista-MC-300	MathVista-MC-300_123	geoguide_cautious	pred='E'	gold='D'	complete=True	duration_s=12.49
CALL MathVista-MC-300 MathVista-MC-300_895 raw
OK	MathVista-MC-300	MathVista-MC-300_895	raw	pred='E'	gold='E'	complete=True	duration_s=60.83
CALL MathVista-MC-300 MathVista-MC-300_895 structured_facts
OK	MathVista-MC-300	MathVista-MC-300_895	structured_facts	pred='E'	gold='E'	complete=True	duration_s=61.06
CALL MathVista-MC-300 MathVista-MC-300_895 perception_graph
OK	MathVista-MC-300	MathVista-MC-300_895	perception_graph	pred='E'	gold='E'	complete=True	duration_s=61.80
CALL MathVista-MC-300 MathVista-MC-300_895 construction_plan
OK	MathVista-MC-300	MathVista-MC-300_895	construction_plan	pred='E'	gold='E'	complete=True	duration_s=61.96
CALL MathVista-MC-300 MathVista-MC-300_895 geoguide_solver
OK	MathVista-MC-300	MathVista-MC-300_895	geoguide_solver	pred='E'	gold='E'	complete=True	duration_s=61.74
CALL MathVista-MC-300 MathVista-MC-300_895 geoguide_cautious
OK	MathVista-MC-300	MathVista-MC-300_895	geoguide_cautious	pred='E'	gold='E'	complete=True	duration_s=62.07
CALL MathVista-MC-300 MathVista-MC-300_277 raw
FAIL	MathVista-MC-300	MathVista-MC-300_277	raw	pred='B'	gold='D'	complete=True	duration_s=11.45
CALL MathVista-MC-300 MathVista-MC-300_277 structured_facts
FAIL	MathVista-MC-300	MathVista-MC-300_277	structured_facts	pred='B'	gold='D'	complete=True	duration_s=11.78
CALL MathVista-MC-300 MathVista-MC-300_277 perception_graph
FAIL	MathVista-MC-300	MathVista-MC-300_277	perception_graph	pred='B'	gold='D'	complete=True	duration_s=12.71
CALL MathVista-MC-300 MathVista-MC-300_277 construction_plan
FAIL	MathVista-MC-300	MathVista-MC-300_277	construction_plan	pred='B'	gold='D'	complete=True	duration_s=12.46
CALL MathVista-MC-300 MathVista-MC-300_277 geoguide_solver
FAIL	MathVista-MC-300	MathVista-MC-300_277	geoguide_solver	pred='B'	gold='D'	complete=True	duration_s=12.19
CALL MathVista-MC-300 MathVista-MC-300_277 geoguide_cautious
FAIL	MathVista-MC-300	MathVista-MC-300_277	geoguide_cautious	pred='B'	gold='D'	complete=True	duration_s=12.73
CALL MathVista-MC-300 MathVista-MC-300_738 raw
OK	MathVista-MC-300	MathVista-MC-300_738	raw	pred='B'	gold='B'	complete=True	duration_s=5.19
CALL MathVista-MC-300 MathVista-MC-300_738 structured_facts
OK	MathVista-MC-300	MathVista-MC-300_738	structured_facts	pred='B'	gold='B'	complete=True	duration_s=5.49
CALL MathVista-MC-300 MathVista-MC-300_738 perception_graph
OK	MathVista-MC-300	MathVista-MC-300_738	perception_graph	pred='B'	gold='B'	complete=True	duration_s=5.79
CALL MathVista-MC-300 MathVista-MC-300_738 construction_plan
OK	MathVista-MC-300	MathVista-MC-300_738	construction_plan	pred='B'	gold='B'	complete=True	duration_s=6.13
CALL MathVista-MC-300 MathVista-MC-300_738 geoguide_solver
OK	MathVista-MC-300	MathVista-MC-300_738	geoguide_solver	pred='B'	gold='B'	complete=True	duration_s=5.77
CALL MathVista-MC-300 MathVista-MC-300_738 geoguide_cautious
OK	MathVista-MC-300	MathVista-MC-300_738	geoguide_cautious	pred='B'	gold='B'	complete=True	duration_s=6.13
CALL MathVista-MC-300 MathVista-MC-300_485 raw
OK	MathVista-MC-300	MathVista-MC-300_485	raw	pred='C'	gold='C'	complete=True	duration_s=4.47
CALL MathVista-MC-300 MathVista-MC-300_485 structured_facts
OK	MathVista-MC-300	MathVista-MC-300_485	structured_facts	pred='C'	gold='C'	complete=True	duration_s=4.55
CALL MathVista-MC-300 MathVista-MC-300_485 perception_graph
FAIL	MathVista-MC-300	MathVista-MC-300_485	perception_graph	pred='D'	gold='C'	complete=True	duration_s=5.39
CALL MathVista-MC-300 MathVista-MC-300_485 construction_plan
OK	MathVista-MC-300	MathVista-MC-300_485	construction_plan	pred='C'	gold='C'	complete=True	duration_s=5.16
CALL MathVista-MC-300 MathVista-MC-300_485 geoguide_solver
OK	MathVista-MC-300	MathVista-MC-300_485	geoguide_solver	pred='C'	gold='C'	complete=True	duration_s=5.13
CALL MathVista-MC-300 MathVista-MC-300_485 geoguide_cautious
FAIL	MathVista-MC-300	MathVista-MC-300_485	geoguide_cautious	pred='D'	gold='C'	complete=True	duration_s=5.17
CALL MathVista-MC-300 MathVista-MC-300_870 raw
OK	MathVista-MC-300	MathVista-MC-300_870	raw	pred='A'	gold='A'	complete=True	duration_s=14.83
CALL MathVista-MC-300 MathVista-MC-300_870 structured_facts
OK	MathVista-MC-300	MathVista-MC-300_870	structured_facts	pred='A'	gold='A'	complete=True	duration_s=14.86
CALL MathVista-MC-300 MathVista-MC-300_870 perception_graph
FAIL	MathVista-MC-300	MathVista-MC-300_870	perception_graph	pred='B'	gold='A'	complete=True	duration_s=15.52
CALL MathVista-MC-300 MathVista-MC-300_870 construction_plan
FAIL	MathVista-MC-300	MathVista-MC-300_870	construction_plan	pred='B'	gold='A'	complete=True	duration_s=15.54
CALL MathVista-MC-300 MathVista-MC-300_870 geoguide_solver
FAIL	MathVista-MC-300	MathVista-MC-300_870	geoguide_solver	pred='B'	gold='A'	complete=True	duration_s=15.51
CALL MathVista-MC-300 MathVista-MC-300_870 geoguide_cautious
FAIL	MathVista-MC-300	MathVista-MC-300_870	geoguide_cautious	pred='B'	gold='A'	complete=True	duration_s=15.53
CALL MathVista-MC-300 MathVista-MC-300_625 raw
OK	MathVista-MC-300	MathVista-MC-300_625	raw	pred='A'	gold='A'	complete=True	duration_s=14.58
CALL MathVista-MC-300 MathVista-MC-300_625 structured_facts
OK	MathVista-MC-300	MathVista-MC-300_625	structured_facts	pred='A'	gold='A'	complete=True	duration_s=14.86
CALL MathVista-MC-300 MathVista-MC-300_625 perception_graph
FAIL	MathVista-MC-300	MathVista-MC-300_625	perception_graph	pred='B'	gold='A'	complete=True	duration_s=15.49
CALL MathVista-MC-300 MathVista-MC-300_625 construction_plan
OK	MathVista-MC-300	MathVista-MC-300_625	construction_plan	pred='A'	gold='A'	complete=True	duration_s=15.52
CALL MathVista-MC-300 MathVista-MC-300_625 geoguide_solver
OK	MathVista-MC-300	MathVista-MC-300_625	geoguide_solver	pred='A'	gold='A'	complete=True	duration_s=15.27
CALL MathVista-MC-300 MathVista-MC-300_625 geoguide_cautious
OK	MathVista-MC-300	MathVista-MC-300_625	geoguide_cautious	pred='A'	gold='A'	complete=True	duration_s=15.52
CALL MathVista-MC-300 MathVista-MC-300_916 raw
FAIL	MathVista-MC-300	MathVista-MC-300_916	raw	pred='B'	gold='C'	complete=True	duration_s=5.05
CALL MathVista-MC-300 MathVista-MC-300_916 structured_facts
FAIL	MathVista-MC-300	MathVista-MC-300_916	structured_facts	pred='B'	gold='C'	complete=True	duration_s=5.47
CALL MathVista-MC-300 MathVista-MC-300_916 perception_graph
FAIL	MathVista-MC-300	MathVista-MC-300_916	perception_graph	pred='B'	gold='C'	complete=True	duration_s=6.10
CALL MathVista-MC-300 MathVista-MC-300_916 construction_plan
FAIL	MathVista-MC-300	MathVista-MC-300_916	construction_plan	pred='B'	gold='C'	complete=True	duration_s=6.14
CALL MathVista-MC-300 MathVista-MC-300_916 geoguide_solver
FAIL	MathVista-MC-300	MathVista-MC-300_916	geoguide_solver	pred='B'	gold='C'	complete=True	duration_s=6.11
CALL MathVista-MC-300 MathVista-MC-300_916 geoguide_cautious
FAIL	MathVista-MC-300	MathVista-MC-300_916	geoguide_cautious	pred='B'	gold='C'	complete=True	duration_s=6.19
CALL MathVista-MC-300 MathVista-MC-300_915 raw
OK	MathVista-MC-300	MathVista-MC-300_915	raw	pred='C'	gold='C'	complete=True	duration_s=18.04
CALL MathVista-MC-300 MathVista-MC-300_915 structured_facts
OK	MathVista-MC-300	MathVista-MC-300_915	structured_facts	pred='C'	gold='C'	complete=True	duration_s=18.04
CALL MathVista-MC-300 MathVista-MC-300_915 perception_graph
OK	MathVista-MC-300	MathVista-MC-300_915	perception_graph	pred='C'	gold='C'	complete=True	duration_s=18.63
CALL MathVista-MC-300 MathVista-MC-300_915 construction_plan
OK	MathVista-MC-300	MathVista-MC-300_915	construction_plan	pred='C'	gold='C'	complete=True	duration_s=18.68
CALL MathVista-MC-300 MathVista-MC-300_915 geoguide_solver
OK	MathVista-MC-300	MathVista-MC-300_915	geoguide_solver	pred='C'	gold='C'	complete=True	duration_s=18.65
CALL MathVista-MC-300 MathVista-MC-300_915 geoguide_cautious
OK	MathVista-MC-300	MathVista-MC-300_915	geoguide_cautious	pred='C'	gold='C'	complete=True	duration_s=18.72
CALL MathVista-MC-300 MathVista-MC-300_456 raw
OK	MathVista-MC-300	MathVista-MC-300_456	raw	pred='A'	gold='A'	complete=True	duration_s=10.19
CALL MathVista-MC-300 MathVista-MC-300_456 structured_facts
OK	MathVista-MC-300	MathVista-MC-300_456	structured_facts	pred='A'	gold='A'	complete=True	duration_s=10.25
CALL MathVista-MC-300 MathVista-MC-300_456 perception_graph
OK	MathVista-MC-300	MathVista-MC-300_456	perception_graph	pred='A'	gold='A'	complete=True	duration_s=10.84
CALL MathVista-MC-300 MathVista-MC-300_456 construction_plan
OK	MathVista-MC-300	MathVista-MC-300_456	construction_plan	pred='A'	gold='A'	complete=True	duration_s=10.87
CALL MathVista-MC-300 MathVista-MC-300_456 geoguide_solver
OK	MathVista-MC-300	MathVista-MC-300_456	geoguide_solver	pred='A'	gold='A'	complete=True	duration_s=10.86
CALL MathVista-MC-300 MathVista-MC-300_456 geoguide_cautious
OK	MathVista-MC-300	MathVista-MC-300_456	geoguide_cautious	pred='A'	gold='A'	complete=True	duration_s=10.92
CALL MathVista-MC-300 MathVista-MC-300_425 raw
FAIL	MathVista-MC-300	MathVista-MC-300_425	raw	pred='B'	gold='A'	complete=True	duration_s=4.13
CALL MathVista-MC-300 MathVista-MC-300_425 structured_facts
FAIL	MathVista-MC-300	MathVista-MC-300_425	structured_facts	pred='B'	gold='A'	complete=True	duration_s=4.42
CALL MathVista-MC-300 MathVista-MC-300_425 perception_graph
FAIL	MathVista-MC-300	MathVista-MC-300_425	perception_graph	pred='B'	gold='A'	complete=True	duration_s=5.32
CALL MathVista-MC-300 MathVista-MC-300_425 construction_plan
FAIL	MathVista-MC-300	MathVista-MC-300_425	construction_plan	pred='B'	gold='A'	complete=True	duration_s=5.07
CALL MathVista-MC-300 MathVista-MC-300_425 geoguide_solver
FAIL	MathVista-MC-300	MathVista-MC-300_425	geoguide_solver	pred='B'	gold='A'	complete=True	duration_s=5.06
CALL MathVista-MC-300 MathVista-MC-300_425 geoguide_cautious
FAIL	MathVista-MC-300	MathVista-MC-300_425	geoguide_cautious	pred='B'	gold='A'	complete=True	duration_s=5.12
CALL MathVista-MC-300 MathVista-MC-300_470 raw
OK	MathVista-MC-300	MathVista-MC-300_470	raw	pred='C'	gold='C'	complete=True	duration_s=58.19
CALL MathVista-MC-300 MathVista-MC-300_470 structured_facts
OK	MathVista-MC-300	MathVista-MC-300_470	structured_facts	pred='C'	gold='C'	complete=True	duration_s=58.45
CALL MathVista-MC-300 MathVista-MC-300_470 perception_graph
OK	MathVista-MC-300	MathVista-MC-300_470	perception_graph	pred='C'	gold='C'	complete=True	duration_s=59.09
CALL MathVista-MC-300 MathVista-MC-300_470 construction_plan
OK	MathVista-MC-300	MathVista-MC-300_470	construction_plan	pred='C'	gold='C'	complete=True	duration_s=58.97
CALL MathVista-MC-300 MathVista-MC-300_470 geoguide_solver
OK	MathVista-MC-300	MathVista-MC-300_470	geoguide_solver	pred='C'	gold='C'	complete=True	duration_s=58.99
CALL MathVista-MC-300 MathVista-MC-300_470 geoguide_cautious
OK	MathVista-MC-300	MathVista-MC-300_470	geoguide_cautious	pred='C'	gold='C'	complete=True	duration_s=59.19
CALL MathVista-MC-300 MathVista-MC-300_656 raw
OK	MathVista-MC-300	MathVista-MC-300_656	raw	pred='A'	gold='A'	complete=True	duration_s=14.12
CALL MathVista-MC-300 MathVista-MC-300_656 structured_facts
OK	MathVista-MC-300	MathVista-MC-300_656	structured_facts	pred='A'	gold='A'	complete=True	duration_s=14.38
CALL MathVista-MC-300 MathVista-MC-300_656 perception_graph
OK	MathVista-MC-300	MathVista-MC-300_656	perception_graph	pred='A'	gold='A'	complete=True	duration_s=14.76
CALL MathVista-MC-300 MathVista-MC-300_656 construction_plan
FAIL	MathVista-MC-300	MathVista-MC-300_656	construction_plan	pred='B'	gold='A'	complete=True	duration_s=14.99
CALL MathVista-MC-300 MathVista-MC-300_656 geoguide_solver
OK	MathVista-MC-300	MathVista-MC-300_656	geoguide_solver	pred='A'	gold='A'	complete=True	duration_s=14.72
CALL MathVista-MC-300 MathVista-MC-300_656 geoguide_cautious
OK	MathVista-MC-300	MathVista-MC-300_656	geoguide_cautious	pred='A'	gold='A'	complete=True	duration_s=15.01
CALL MathVista-MC-300 MathVista-MC-300_633 raw
OK	MathVista-MC-300	MathVista-MC-300_633	raw	pred='B'	gold='B'	complete=True	duration_s=6.07
CALL MathVista-MC-300 MathVista-MC-300_633 structured_facts
OK	MathVista-MC-300	MathVista-MC-300_633	structured_facts	pred='B'	gold='B'	complete=True	duration_s=6.35
CALL MathVista-MC-300 MathVista-MC-300_633 perception_graph
OK	MathVista-MC-300	MathVista-MC-300_633	perception_graph	pred='B'	gold='B'	complete=True	duration_s=7.29
CALL MathVista-MC-300 MathVista-MC-300_633 construction_plan
OK	MathVista-MC-300	MathVista-MC-300_633	construction_plan	pred='B'	gold='B'	complete=True	duration_s=7.04
CALL MathVista-MC-300 MathVista-MC-300_633 geoguide_solver
OK	MathVista-MC-300	MathVista-MC-300_633	geoguide_solver	pred='B'	gold='B'	complete=True	duration_s=7.01
CALL MathVista-MC-300 MathVista-MC-300_633 geoguide_cautious
OK	MathVista-MC-300	MathVista-MC-300_633	geoguide_cautious	pred='B'	gold='B'	complete=True	duration_s=7.33
CALL MathVista-MC-300 MathVista-MC-300_298 raw
OK	MathVista-MC-300	MathVista-MC-300_298	raw	pred='A'	gold='A'	complete=True	duration_s=25.41
CALL MathVista-MC-300 MathVista-MC-300_298 structured_facts
OK	MathVista-MC-300	MathVista-MC-300_298	structured_facts	pred='A'	gold='A'	complete=True	duration_s=25.73
CALL MathVista-MC-300 MathVista-MC-300_298 perception_graph
OK	MathVista-MC-300	MathVista-MC-300_298	perception_graph	pred='A'	gold='A'	complete=True	duration_s=26.12
CALL MathVista-MC-300 MathVista-MC-300_298 construction_plan
OK	MathVista-MC-300	MathVista-MC-300_298	construction_plan	pred='A'	gold='A'	complete=True	duration_s=26.46
CALL MathVista-MC-300 MathVista-MC-300_298 geoguide_solver
OK	MathVista-MC-300	MathVista-MC-300_298	geoguide_solver	pred='A'	gold='A'	complete=True	duration_s=26.10
CALL MathVista-MC-300 MathVista-MC-300_298 geoguide_cautious
OK	MathVista-MC-300	MathVista-MC-300_298	geoguide_cautious	pred='A'	gold='A'	complete=True	duration_s=26.39
CALL MathVista-MC-300 MathVista-MC-300_756 raw
OK	MathVista-MC-300	MathVista-MC-300_756	raw	pred='C'	gold='C'	complete=True	duration_s=21.06
CALL MathVista-MC-300 MathVista-MC-300_756 structured_facts
OK	MathVista-MC-300	MathVista-MC-300_756	structured_facts	pred='C'	gold='C'	complete=True	duration_s=20.99
CALL MathVista-MC-300 MathVista-MC-300_756 perception_graph
OK	MathVista-MC-300	MathVista-MC-300_756	perception_graph	pred='C'	gold='C'	complete=True	duration_s=21.71
CALL MathVista-MC-300 MathVista-MC-300_756 construction_plan
OK	MathVista-MC-300	MathVista-MC-300_756	construction_plan	pred='C'	gold='C'	complete=True	duration_s=21.78
CALL MathVista-MC-300 MathVista-MC-300_756 geoguide_solver
OK	MathVista-MC-300	MathVista-MC-300_756	geoguide_solver	pred='C'	gold='C'	complete=True	duration_s=21.67
CALL MathVista-MC-300 MathVista-MC-300_756 geoguide_cautious
OK	MathVista-MC-300	MathVista-MC-300_756	geoguide_cautious	pred='C'	gold='C'	complete=True	duration_s=21.73
CALL MathVista-MC-300 MathVista-MC-300_51 raw
FAIL	MathVista-MC-300	MathVista-MC-300_51	raw	pred='B'	gold='A'	complete=True	duration_s=14.83
CALL MathVista-MC-300 MathVista-MC-300_51 structured_facts
FAIL	MathVista-MC-300	MathVista-MC-300_51	structured_facts	pred='B'	gold='A'	complete=True	duration_s=14.87
CALL MathVista-MC-300 MathVista-MC-300_51 perception_graph
FAIL	MathVista-MC-300	MathVista-MC-300_51	perception_graph	pred='B'	gold='A'	complete=True	duration_s=15.52
CALL MathVista-MC-300 MathVista-MC-300_51 construction_plan
FAIL	MathVista-MC-300	MathVista-MC-300_51	construction_plan	pred='B'	gold='A'	complete=True	duration_s=15.55
CALL MathVista-MC-300 MathVista-MC-300_51 geoguide_solver
FAIL	MathVista-MC-300	MathVista-MC-300_51	geoguide_solver	pred='B'	gold='A'	complete=True	duration_s=15.51
CALL MathVista-MC-300 MathVista-MC-300_51 geoguide_cautious
FAIL	MathVista-MC-300	MathVista-MC-300_51	geoguide_cautious	pred='B'	gold='A'	complete=True	duration_s=15.56
CALL MathVista-MC-300 MathVista-MC-300_769 raw
OK	MathVista-MC-300	MathVista-MC-300_769	raw	pred='B'	gold='B'	complete=True	duration_s=5.46
CALL MathVista-MC-300 MathVista-MC-300_769 structured_facts
OK	MathVista-MC-300	MathVista-MC-300_769	structured_facts	pred='B'	gold='B'	complete=True	duration_s=5.51
CALL MathVista-MC-300 MathVista-MC-300_769 perception_graph
OK	MathVista-MC-300	MathVista-MC-300_769	perception_graph	pred='B'	gold='B'	complete=True	duration_s=6.14
CALL MathVista-MC-300 MathVista-MC-300_769 construction_plan
OK	MathVista-MC-300	MathVista-MC-300_769	construction_plan	pred='B'	gold='B'	complete=True	duration_s=6.15
CALL MathVista-MC-300 MathVista-MC-300_769 geoguide_solver
OK	MathVista-MC-300	MathVista-MC-300_769	geoguide_solver	pred='B'	gold='B'	complete=True	duration_s=6.12
CALL MathVista-MC-300 MathVista-MC-300_769 geoguide_cautious
OK	MathVista-MC-300	MathVista-MC-300_769	geoguide_cautious	pred='B'	gold='B'	complete=True	duration_s=6.43
CALL MathVista-MC-300 MathVista-MC-300_234 raw
OK	MathVista-MC-300	MathVista-MC-300_234	raw	pred='C'	gold='C'	complete=True	duration_s=8.71
CALL MathVista-MC-300 MathVista-MC-300_234 structured_facts
OK	MathVista-MC-300	MathVista-MC-300_234	structured_facts	pred='C'	gold='C'	complete=True	duration_s=9.03
CALL MathVista-MC-300 MathVista-MC-300_234 perception_graph
OK	MathVista-MC-300	MathVista-MC-300_234	perception_graph	pred='C'	gold='C'	complete=True	duration_s=9.67
CALL MathVista-MC-300 MathVista-MC-300_234 construction_plan
OK	MathVista-MC-300	MathVista-MC-300_234	construction_plan	pred='C'	gold='C'	complete=True	duration_s=9.68
CALL MathVista-MC-300 MathVista-MC-300_234 geoguide_solver
OK	MathVista-MC-300	MathVista-MC-300_234	geoguide_solver	pred='C'	gold='C'	complete=True	duration_s=9.42
CALL MathVista-MC-300 MathVista-MC-300_234 geoguide_cautious
OK	MathVista-MC-300	MathVista-MC-300_234	geoguide_cautious	pred='C'	gold='C'	complete=True	duration_s=9.71
CALL MathVista-MC-300 MathVista-MC-300_642 raw
FAIL	MathVista-MC-300	MathVista-MC-300_642	raw	pred='B'	gold='E'	complete=True	duration_s=8.11
CALL MathVista-MC-300 MathVista-MC-300_642 structured_facts
FAIL	MathVista-MC-300	MathVista-MC-300_642	structured_facts	pred='B'	gold='E'	complete=True	duration_s=8.50
CALL MathVista-MC-300 MathVista-MC-300_642 perception_graph
FAIL	MathVista-MC-300	MathVista-MC-300_642	perception_graph	pred='B'	gold='E'	complete=True	duration_s=9.12
CALL MathVista-MC-300 MathVista-MC-300_642 construction_plan
FAIL	MathVista-MC-300	MathVista-MC-300_642	construction_plan	pred='B'	gold='E'	complete=True	duration_s=9.40
CALL MathVista-MC-300 MathVista-MC-300_642 geoguide_solver
FAIL	MathVista-MC-300	MathVista-MC-300_642	geoguide_solver	pred='B'	gold='E'	complete=True	duration_s=9.10
CALL MathVista-MC-300 MathVista-MC-300_642 geoguide_cautious
FAIL	MathVista-MC-300	MathVista-MC-300_642	geoguide_cautious	pred='B'	gold='E'	complete=True	duration_s=9.42
CALL MathVista-MC-300 MathVista-MC-300_532 raw
OK	MathVista-MC-300	MathVista-MC-300_532	raw	pred='B'	gold='B'	complete=True	duration_s=14.84
CALL MathVista-MC-300 MathVista-MC-300_532 structured_facts
OK	MathVista-MC-300	MathVista-MC-300_532	structured_facts	pred='B'	gold='B'	complete=True	duration_s=14.92
CALL MathVista-MC-300 MathVista-MC-300_532 perception_graph
OK	MathVista-MC-300	MathVista-MC-300_532	perception_graph	pred='B'	gold='B'	complete=True	duration_s=15.56
CALL MathVista-MC-300 MathVista-MC-300_532 construction_plan
OK	MathVista-MC-300	MathVista-MC-300_532	construction_plan	pred='B'	gold='B'	complete=True	duration_s=15.63
CALL MathVista-MC-300 MathVista-MC-300_532 geoguide_solver
OK	MathVista-MC-300	MathVista-MC-300_532	geoguide_solver	pred='B'	gold='B'	complete=True	duration_s=15.55
CALL MathVista-MC-300 MathVista-MC-300_532 geoguide_cautious
OK	MathVista-MC-300	MathVista-MC-300_532	geoguide_cautious	pred='B'	gold='B'	complete=True	duration_s=15.61
CALL MathVista-MC-300 MathVista-MC-300_155 raw
OK	MathVista-MC-300	MathVista-MC-300_155	raw	pred='A'	gold='A'	complete=True	duration_s=11.26
CALL MathVista-MC-300 MathVista-MC-300_155 structured_facts
OK	MathVista-MC-300	MathVista-MC-300_155	structured_facts	pred='A'	gold='A'	complete=True	duration_s=11.59
CALL MathVista-MC-300 MathVista-MC-300_155 perception_graph
OK	MathVista-MC-300	MathVista-MC-300_155	perception_graph	pred='A'	gold='A'	complete=True	duration_s=12.20
CALL MathVista-MC-300 MathVista-MC-300_155 construction_plan
OK	MathVista-MC-300	MathVista-MC-300_155	construction_plan	pred='A'	gold='A'	complete=True	duration_s=12.25
CALL MathVista-MC-300 MathVista-MC-300_155 geoguide_solver
OK	MathVista-MC-300	MathVista-MC-300_155	geoguide_solver	pred='A'	gold='A'	complete=True	duration_s=11.92
CALL MathVista-MC-300 MathVista-MC-300_155 geoguide_cautious
OK	MathVista-MC-300	MathVista-MC-300_155	geoguide_cautious	pred='A'	gold='A'	complete=True	duration_s=12.27
CALL MathVista-MC-300 MathVista-MC-300_515 raw
FAIL	MathVista-MC-300	MathVista-MC-300_515	raw	pred='C'	gold='B'	complete=True	duration_s=10.22
CALL MathVista-MC-300 MathVista-MC-300_515 structured_facts
FAIL	MathVista-MC-300	MathVista-MC-300_515	structured_facts	pred='C'	gold='B'	complete=True	duration_s=10.55
CALL MathVista-MC-300 MathVista-MC-300_515 perception_graph
FAIL	MathVista-MC-300	MathVista-MC-300_515	perception_graph	pred='C'	gold='B'	complete=True	duration_s=10.96
CALL MathVista-MC-300 MathVista-MC-300_515 construction_plan
FAIL	MathVista-MC-300	MathVista-MC-300_515	construction_plan	pred='C'	gold='B'	complete=True	duration_s=11.26
CALL MathVista-MC-300 MathVista-MC-300_515 geoguide_solver
FAIL	MathVista-MC-300	MathVista-MC-300_515	geoguide_solver	pred='C'	gold='B'	complete=True	duration_s=10.89
CALL MathVista-MC-300 MathVista-MC-300_515 geoguide_cautious
FAIL	MathVista-MC-300	MathVista-MC-300_515	geoguide_cautious	pred='C'	gold='B'	complete=True	duration_s=11.21
CALL MathVista-MC-300 MathVista-MC-300_957 raw
OK	MathVista-MC-300	MathVista-MC-300_957	raw	pred='A'	gold='A'	complete=True	duration_s=14.88
CALL MathVista-MC-300 MathVista-MC-300_957 structured_facts
OK	MathVista-MC-300	MathVista-MC-300_957	structured_facts	pred='A'	gold='A'	complete=True	duration_s=14.91
CALL MathVista-MC-300 MathVista-MC-300_957 perception_graph
FAIL	MathVista-MC-300	MathVista-MC-300_957	perception_graph	pred='B'	gold='A'	complete=True	duration_s=15.54
CALL MathVista-MC-300 MathVista-MC-300_957 construction_plan
FAIL	MathVista-MC-300	MathVista-MC-300_957	construction_plan	pred='B'	gold='A'	complete=True	duration_s=15.63
CALL MathVista-MC-300 MathVista-MC-300_957 geoguide_solver
FAIL	MathVista-MC-300	MathVista-MC-300_957	geoguide_solver	pred='B'	gold='A'	complete=True	duration_s=15.53
CALL MathVista-MC-300 MathVista-MC-300_957 geoguide_cautious
OK	MathVista-MC-300	MathVista-MC-300_957	geoguide_cautious	pred='A'	gold='A'	complete=True	duration_s=15.58
CALL MathVista-MC-300 MathVista-MC-300_523 raw
OK	MathVista-MC-300	MathVista-MC-300_523	raw	pred='C'	gold='C'	complete=True	duration_s=4.97
CALL MathVista-MC-300 MathVista-MC-300_523 structured_facts
OK	MathVista-MC-300	MathVista-MC-300_523	structured_facts	pred='C'	gold='C'	complete=True	duration_s=5.37
CALL MathVista-MC-300 MathVista-MC-300_523 perception_graph
OK	MathVista-MC-300	MathVista-MC-300_523	perception_graph	pred='C'	gold='C'	complete=True	duration_s=6.28
CALL MathVista-MC-300 MathVista-MC-300_523 construction_plan
OK	MathVista-MC-300	MathVista-MC-300_523	construction_plan	pred='C'	gold='C'	complete=True	duration_s=6.32
CALL MathVista-MC-300 MathVista-MC-300_523 geoguide_solver
OK	MathVista-MC-300	MathVista-MC-300_523	geoguide_solver	pred='C'	gold='C'	complete=True	duration_s=6.01
CALL MathVista-MC-300 MathVista-MC-300_523 geoguide_cautious
OK	MathVista-MC-300	MathVista-MC-300_523	geoguide_cautious	pred='C'	gold='C'	complete=True	duration_s=6.34
CALL MathVista-MC-300 MathVista-MC-300_760 raw
OK	MathVista-MC-300	MathVista-MC-300_760	raw	pred='A'	gold='A'	complete=True	duration_s=14.62
CALL MathVista-MC-300 MathVista-MC-300_760 structured_facts
OK	MathVista-MC-300	MathVista-MC-300_760	structured_facts	pred='A'	gold='A'	complete=True	duration_s=14.96
CALL MathVista-MC-300 MathVista-MC-300_760 perception_graph
OK	MathVista-MC-300	MathVista-MC-300_760	perception_graph	pred='A'	gold='A'	complete=True	duration_s=15.55
CALL MathVista-MC-300 MathVista-MC-300_760 construction_plan
OK	MathVista-MC-300	MathVista-MC-300_760	construction_plan	pred='A'	gold='A'	complete=True	duration_s=15.64
CALL MathVista-MC-300 MathVista-MC-300_760 geoguide_solver
OK	MathVista-MC-300	MathVista-MC-300_760	geoguide_solver	pred='A'	gold='A'	complete=True	duration_s=15.28
CALL MathVista-MC-300 MathVista-MC-300_760 geoguide_cautious
OK	MathVista-MC-300	MathVista-MC-300_760	geoguide_cautious	pred='A'	gold='A'	complete=True	duration_s=15.56
CALL MathVista-MC-300 MathVista-MC-300_507 raw
OK	MathVista-MC-300	MathVista-MC-300_507	raw	pred='C'	gold='C'	complete=True	duration_s=11.24
CALL MathVista-MC-300 MathVista-MC-300_507 structured_facts
OK	MathVista-MC-300	MathVista-MC-300_507	structured_facts	pred='C'	gold='C'	complete=True	duration_s=11.61
CALL MathVista-MC-300 MathVista-MC-300_507 perception_graph
OK	MathVista-MC-300	MathVista-MC-300_507	perception_graph	pred='C'	gold='C'	complete=True	duration_s=12.22
CALL MathVista-MC-300 MathVista-MC-300_507 construction_plan
OK	MathVista-MC-300	MathVista-MC-300_507	construction_plan	pred='C'	gold='C'	complete=True	duration_s=12.26
CALL MathVista-MC-300 MathVista-MC-300_507 geoguide_solver
OK	MathVista-MC-300	MathVista-MC-300_507	geoguide_solver	pred='C'	gold='C'	complete=True	duration_s=11.97
CALL MathVista-MC-300 MathVista-MC-300_507 geoguide_cautious
OK	MathVista-MC-300	MathVista-MC-300_507	geoguide_cautious	pred='C'	gold='C'	complete=True	duration_s=12.23
CALL MathVista-MC-300 MathVista-MC-300_790 raw
OK	MathVista-MC-300	MathVista-MC-300_790	raw	pred='C'	gold='C'	complete=True	duration_s=4.38
CALL MathVista-MC-300 MathVista-MC-300_790 structured_facts
OK	MathVista-MC-300	MathVista-MC-300_790	structured_facts	pred='C'	gold='C'	complete=True	duration_s=4.43
CALL MathVista-MC-300 MathVista-MC-300_790 perception_graph
OK	MathVista-MC-300	MathVista-MC-300_790	perception_graph	pred='C'	gold='C'	complete=True	duration_s=5.32
CALL MathVista-MC-300 MathVista-MC-300_790 construction_plan
OK	MathVista-MC-300	MathVista-MC-300_790	construction_plan	pred='C'	gold='C'	complete=True	duration_s=5.07
CALL MathVista-MC-300 MathVista-MC-300_790 geoguide_solver
OK	MathVista-MC-300	MathVista-MC-300_790	geoguide_solver	pred='C'	gold='C'	complete=True	duration_s=5.03
CALL MathVista-MC-300 MathVista-MC-300_790 geoguide_cautious
OK	MathVista-MC-300	MathVista-MC-300_790	geoguide_cautious	pred='C'	gold='C'	complete=True	duration_s=5.09
CALL MathVista-MC-300 MathVista-MC-300_334 raw
FAIL	MathVista-MC-300	MathVista-MC-300_334	raw	pred='B'	gold='A'	complete=True	duration_s=14.90
CALL MathVista-MC-300 MathVista-MC-300_334 structured_facts
FAIL	MathVista-MC-300	MathVista-MC-300_334	structured_facts	pred='B'	gold='A'	complete=True	duration_s=14.95
CALL MathVista-MC-300 MathVista-MC-300_334 perception_graph
FAIL	MathVista-MC-300	MathVista-MC-300_334	perception_graph	pred='B'	gold='A'	complete=True	duration_s=15.63
CALL MathVista-MC-300 MathVista-MC-300_334 construction_plan
FAIL	MathVista-MC-300	MathVista-MC-300_334	construction_plan	pred='B'	gold='A'	complete=True	duration_s=15.61
CALL MathVista-MC-300 MathVista-MC-300_334 geoguide_solver
OK	MathVista-MC-300	MathVista-MC-300_334	geoguide_solver	pred='A'	gold='A'	complete=True	duration_s=15.58
CALL MathVista-MC-300 MathVista-MC-300_334 geoguide_cautious
FAIL	MathVista-MC-300	MathVista-MC-300_334	geoguide_cautious	pred='B'	gold='A'	complete=True	duration_s=15.60
CALL MathVista-MC-300 MathVista-MC-300_493 raw
OK	MathVista-MC-300	MathVista-MC-300_493	raw	pred='B'	gold='B'	complete=True	duration_s=31.48
CALL MathVista-MC-300 MathVista-MC-300_493 structured_facts
OK	MathVista-MC-300	MathVista-MC-300_493	structured_facts	pred='B'	gold='B'	complete=True	duration_s=31.41
CALL MathVista-MC-300 MathVista-MC-300_493 perception_graph
OK	MathVista-MC-300	MathVista-MC-300_493	perception_graph	pred='B'	gold='B'	complete=True	duration_s=32.23
CALL MathVista-MC-300 MathVista-MC-300_493 construction_plan
OK	MathVista-MC-300	MathVista-MC-300_493	construction_plan	pred='B'	gold='B'	complete=True	duration_s=32.16
CALL MathVista-MC-300 MathVista-MC-300_493 geoguide_solver
OK	MathVista-MC-300	MathVista-MC-300_493	geoguide_solver	pred='B'	gold='B'	complete=True	duration_s=32.13
CALL MathVista-MC-300 MathVista-MC-300_493 geoguide_cautious
OK	MathVista-MC-300	MathVista-MC-300_493	geoguide_cautious	pred='B'	gold='B'	complete=True	duration_s=32.41
CALL MathVista-MC-300 MathVista-MC-300_834 raw
OK	MathVista-MC-300	MathVista-MC-300_834	raw	pred='A'	gold='A'	complete=True	duration_s=22.95
CALL MathVista-MC-300 MathVista-MC-300_834 structured_facts
OK	MathVista-MC-300	MathVista-MC-300_834	structured_facts	pred='A'	gold='A'	complete=True	duration_s=23.13
CALL MathVista-MC-300 MathVista-MC-300_834 perception_graph
OK	MathVista-MC-300	MathVista-MC-300_834	perception_graph	pred='A'	gold='A'	complete=True	duration_s=23.63
CALL MathVista-MC-300 MathVista-MC-300_834 construction_plan
OK	MathVista-MC-300	MathVista-MC-300_834	construction_plan	pred='A'	gold='A'	complete=True	duration_s=23.85
CALL MathVista-MC-300 MathVista-MC-300_834 geoguide_solver
OK	MathVista-MC-300	MathVista-MC-300_834	geoguide_solver	pred='A'	gold='A'	complete=True	duration_s=23.59
CALL MathVista-MC-300 MathVista-MC-300_834 geoguide_cautious
OK	MathVista-MC-300	MathVista-MC-300_834	geoguide_cautious	pred='A'	gold='A'	complete=True	duration_s=23.95
CALL MathVista-MC-300 MathVista-MC-300_647 raw
FAIL	MathVista-MC-300	MathVista-MC-300_647	raw	pred='C'	gold='B'	complete=True	duration_s=25.63
CALL MathVista-MC-300 MathVista-MC-300_647 structured_facts
FAIL	MathVista-MC-300	MathVista-MC-300_647	structured_facts	pred='C'	gold='B'	complete=True	duration_s=25.95
CALL MathVista-MC-300 MathVista-MC-300_647 perception_graph
FAIL	MathVista-MC-300	MathVista-MC-300_647	perception_graph	pred='C'	gold='B'	complete=True	duration_s=26.30
CALL MathVista-MC-300 MathVista-MC-300_647 construction_plan
FAIL	MathVista-MC-300	MathVista-MC-300_647	construction_plan	pred='C'	gold='B'	complete=True	duration_s=26.64
CALL MathVista-MC-300 MathVista-MC-300_647 geoguide_solver
FAIL	MathVista-MC-300	MathVista-MC-300_647	geoguide_solver	pred='C'	gold='B'	complete=True	duration_s=26.33
CALL MathVista-MC-300 MathVista-MC-300_647 geoguide_cautious
FAIL	MathVista-MC-300	MathVista-MC-300_647	geoguide_cautious	pred='C'	gold='B'	complete=True	duration_s=26.66
CALL MathVista-MC-300 MathVista-MC-300_333 raw
OK	MathVista-MC-300	MathVista-MC-300_333	raw	pred='A'	gold='A'	complete=True	duration_s=4.25
CALL MathVista-MC-300 MathVista-MC-300_333 structured_facts
OK	MathVista-MC-300	MathVista-MC-300_333	structured_facts	pred='A'	gold='A'	complete=True	duration_s=4.55
CALL MathVista-MC-300 MathVista-MC-300_333 perception_graph
FAIL	MathVista-MC-300	MathVista-MC-300_333	perception_graph	pred='D'	gold='A'	complete=True	duration_s=6.46
CALL MathVista-MC-300 MathVista-MC-300_333 construction_plan
OK	MathVista-MC-300	MathVista-MC-300_333	construction_plan	pred='A'	gold='A'	complete=True	duration_s=5.12
CALL MathVista-MC-300 MathVista-MC-300_333 geoguide_solver
OK	MathVista-MC-300	MathVista-MC-300_333	geoguide_solver	pred='A'	gold='A'	complete=True	duration_s=4.85
CALL MathVista-MC-300 MathVista-MC-300_333 geoguide_cautious
FAIL	MathVista-MC-300	MathVista-MC-300_333	geoguide_cautious	pred='D'	gold='A'	complete=True	duration_s=5.19
CALL MathVista-MC-300 MathVista-MC-300_817 raw
OK	MathVista-MC-300	MathVista-MC-300_817	raw	pred='B'	gold='B'	complete=True	duration_s=4.24
CALL MathVista-MC-300 MathVista-MC-300_817 structured_facts
OK	MathVista-MC-300	MathVista-MC-300_817	structured_facts	pred='B'	gold='B'	complete=True	duration_s=4.56
CALL MathVista-MC-300 MathVista-MC-300_817 perception_graph
OK	MathVista-MC-300	MathVista-MC-300_817	perception_graph	pred='B'	gold='B'	complete=True	duration_s=4.94
CALL MathVista-MC-300 MathVista-MC-300_817 construction_plan
OK	MathVista-MC-300	MathVista-MC-300_817	construction_plan	pred='B'	gold='B'	complete=True	duration_s=5.27
CALL MathVista-MC-300 MathVista-MC-300_817 geoguide_solver
OK	MathVista-MC-300	MathVista-MC-300_817	geoguide_solver	pred='B'	gold='B'	complete=True	duration_s=4.95
CALL MathVista-MC-300 MathVista-MC-300_817 geoguide_cautious
OK	MathVista-MC-300	MathVista-MC-300_817	geoguide_cautious	pred='B'	gold='B'	complete=True	duration_s=5.25
CALL MathVista-MC-300 MathVista-MC-300_320 raw
OK	MathVista-MC-300	MathVista-MC-300_320	raw	pred='B'	gold='B'	complete=True	duration_s=4.26
CALL MathVista-MC-300 MathVista-MC-300_320 structured_facts
OK	MathVista-MC-300	MathVista-MC-300_320	structured_facts	pred='B'	gold='B'	complete=True	duration_s=4.35
CALL MathVista-MC-300 MathVista-MC-300_320 perception_graph
OK	MathVista-MC-300	MathVista-MC-300_320	perception_graph	pred='B'	gold='B'	complete=True	duration_s=5.20
CALL MathVista-MC-300 MathVista-MC-300_320 construction_plan
OK	MathVista-MC-300	MathVista-MC-300_320	construction_plan	pred='B'	gold='B'	complete=True	duration_s=4.97
CALL MathVista-MC-300 MathVista-MC-300_320 geoguide_solver
OK	MathVista-MC-300	MathVista-MC-300_320	geoguide_solver	pred='B'	gold='B'	complete=True	duration_s=4.94
CALL MathVista-MC-300 MathVista-MC-300_320 geoguide_cautious
OK	MathVista-MC-300	MathVista-MC-300_320	geoguide_cautious	pred='B'	gold='B'	complete=True	duration_s=5.25
CALL MathVista-MC-300 MathVista-MC-300_809 raw
OK	MathVista-MC-300	MathVista-MC-300_809	raw	pred='E'	gold='E'	complete=True	duration_s=4.79
CALL MathVista-MC-300 MathVista-MC-300_809 structured_facts
OK	MathVista-MC-300	MathVista-MC-300_809	structured_facts	pred='E'	gold='E'	complete=True	duration_s=5.16
CALL MathVista-MC-300 MathVista-MC-300_809 perception_graph
OK	MathVista-MC-300	MathVista-MC-300_809	perception_graph	pred='E'	gold='E'	complete=True	duration_s=5.55
CALL MathVista-MC-300 MathVista-MC-300_809 construction_plan
OK	MathVista-MC-300	MathVista-MC-300_809	construction_plan	pred='E'	gold='E'	complete=True	duration_s=5.53
CALL MathVista-MC-300 MathVista-MC-300_809 geoguide_solver
OK	MathVista-MC-300	MathVista-MC-300_809	geoguide_solver	pred='E'	gold='E'	complete=True	duration_s=5.54
CALL MathVista-MC-300 MathVista-MC-300_809 geoguide_cautious
OK	MathVista-MC-300	MathVista-MC-300_809	geoguide_cautious	pred='E'	gold='E'	complete=True	duration_s=5.82
CALL MathVista-MC-300 MathVista-MC-300_685 raw
OK	MathVista-MC-300	MathVista-MC-300_685	raw	pred='B'	gold='B'	complete=True	duration_s=7.47
CALL MathVista-MC-300 MathVista-MC-300_685 structured_facts
OK	MathVista-MC-300	MathVista-MC-300_685	structured_facts	pred='B'	gold='B'	complete=True	duration_s=7.74
CALL MathVista-MC-300 MathVista-MC-300_685 perception_graph
OK	MathVista-MC-300	MathVista-MC-300_685	perception_graph	pred='B'	gold='B'	complete=True	duration_s=8.19
CALL MathVista-MC-300 MathVista-MC-300_685 construction_plan
OK	MathVista-MC-300	MathVista-MC-300_685	construction_plan	pred='B'	gold='B'	complete=True	duration_s=8.46
CALL MathVista-MC-300 MathVista-MC-300_685 geoguide_solver
OK	MathVista-MC-300	MathVista-MC-300_685	geoguide_solver	pred='B'	gold='B'	complete=True	duration_s=8.18
CALL MathVista-MC-300 MathVista-MC-300_685 geoguide_cautious
OK	MathVista-MC-300	MathVista-MC-300_685	geoguide_cautious	pred='B'	gold='B'	complete=True	duration_s=8.43
CALL MathVista-MC-300 MathVista-MC-300_28 raw
OK	MathVista-MC-300	MathVista-MC-300_28	raw	pred='C'	gold='C'	complete=True	duration_s=10.73
CALL MathVista-MC-300 MathVista-MC-300_28 structured_facts
OK	MathVista-MC-300	MathVista-MC-300_28	structured_facts	pred='C'	gold='C'	complete=True	duration_s=11.05
CALL MathVista-MC-300 MathVista-MC-300_28 perception_graph
OK	MathVista-MC-300	MathVista-MC-300_28	perception_graph	pred='C'	gold='C'	complete=True	duration_s=11.70
CALL MathVista-MC-300 MathVista-MC-300_28 construction_plan
OK	MathVista-MC-300	MathVista-MC-300_28	construction_plan	pred='C'	gold='C'	complete=True	duration_s=12.01
CALL MathVista-MC-300 MathVista-MC-300_28 geoguide_solver
OK	MathVista-MC-300	MathVista-MC-300_28	geoguide_solver	pred='C'	gold='C'	complete=True	duration_s=11.44
CALL MathVista-MC-300 MathVista-MC-300_28 geoguide_cautious
OK	MathVista-MC-300	MathVista-MC-300_28	geoguide_cautious	pred='C'	gold='C'	complete=True	duration_s=12.01
CALL MathVista-MC-300 MathVista-MC-300_30 raw
OK	MathVista-MC-300	MathVista-MC-300_30	raw	pred='B'	gold='B'	complete=True	duration_s=4.52
CALL MathVista-MC-300 MathVista-MC-300_30 structured_facts
OK	MathVista-MC-300	MathVista-MC-300_30	structured_facts	pred='B'	gold='B'	complete=True	duration_s=4.79
CALL MathVista-MC-300 MathVista-MC-300_30 perception_graph
OK	MathVista-MC-300	MathVista-MC-300_30	perception_graph	pred='B'	gold='B'	complete=True	duration_s=5.46
CALL MathVista-MC-300 MathVista-MC-300_30 construction_plan
OK	MathVista-MC-300	MathVista-MC-300_30	construction_plan	pred='B'	gold='B'	complete=True	duration_s=5.50
CALL MathVista-MC-300 MathVista-MC-300_30 geoguide_solver
OK	MathVista-MC-300	MathVista-MC-300_30	geoguide_solver	pred='B'	gold='B'	complete=True	duration_s=5.18
CALL MathVista-MC-300 MathVista-MC-300_30 geoguide_cautious
OK	MathVista-MC-300	MathVista-MC-300_30	geoguide_cautious	pred='B'	gold='B'	complete=True	duration_s=5.77
CALL MathVista-MC-300 MathVista-MC-300_599 raw
FAIL	MathVista-MC-300	MathVista-MC-300_599	raw	pred='C'	gold='A'	complete=True	duration_s=7.27
CALL MathVista-MC-300 MathVista-MC-300_599 structured_facts
FAIL	MathVista-MC-300	MathVista-MC-300_599	structured_facts	pred='B'	gold='A'	complete=True	duration_s=7.64
CALL MathVista-MC-300 MathVista-MC-300_599 perception_graph
FAIL	MathVista-MC-300	MathVista-MC-300_599	perception_graph	pred='B'	gold='A'	complete=True	duration_s=8.28
CALL MathVista-MC-300 MathVista-MC-300_599 construction_plan
FAIL	MathVista-MC-300	MathVista-MC-300_599	construction_plan	pred='B'	gold='A'	complete=True	duration_s=8.57
CALL MathVista-MC-300 MathVista-MC-300_599 geoguide_solver
FAIL	MathVista-MC-300	MathVista-MC-300_599	geoguide_solver	pred='C'	gold='A'	complete=True	duration_s=7.97
CALL MathVista-MC-300 MathVista-MC-300_599 geoguide_cautious
FAIL	MathVista-MC-300	MathVista-MC-300_599	geoguide_cautious	pred='C'	gold='A'	complete=True	duration_s=8.29
CALL MathVista-MC-300 MathVista-MC-300_301 raw
OK	MathVista-MC-300	MathVista-MC-300_301	raw	pred='A'	gold='A'	complete=True	duration_s=49.16
CALL MathVista-MC-300 MathVista-MC-300_301 structured_facts
OK	MathVista-MC-300	MathVista-MC-300_301	structured_facts	pred='A'	gold='A'	complete=True	duration_s=49.08
CALL MathVista-MC-300 MathVista-MC-300_301 perception_graph
OK	MathVista-MC-300	MathVista-MC-300_301	perception_graph	pred='A'	gold='A'	complete=True	duration_s=49.97
CALL MathVista-MC-300 MathVista-MC-300_301 construction_plan
OK	MathVista-MC-300	MathVista-MC-300_301	construction_plan	pred='A'	gold='A'	complete=True	duration_s=49.82
CALL MathVista-MC-300 MathVista-MC-300_301 geoguide_solver
OK	MathVista-MC-300	MathVista-MC-300_301	geoguide_solver	pred='A'	gold='A'	complete=True	duration_s=49.79
CALL MathVista-MC-300 MathVista-MC-300_301 geoguide_cautious
OK	MathVista-MC-300	MathVista-MC-300_301	geoguide_cautious	pred='A'	gold='A'	complete=True	duration_s=50.16
CALL MathVista-MC-300 MathVista-MC-300_495 raw
OK	MathVista-MC-300	MathVista-MC-300_495	raw	pred='B'	gold='B'	complete=True	duration_s=14.58
CALL MathVista-MC-300 MathVista-MC-300_495 structured_facts
OK	MathVista-MC-300	MathVista-MC-300_495	structured_facts	pred='B'	gold='B'	complete=True	duration_s=14.91
CALL MathVista-MC-300 MathVista-MC-300_495 perception_graph
OK	MathVista-MC-300	MathVista-MC-300_495	perception_graph	pred='B'	gold='B'	complete=True	duration_s=15.57
CALL MathVista-MC-300 MathVista-MC-300_495 construction_plan
OK	MathVista-MC-300	MathVista-MC-300_495	construction_plan	pred='B'	gold='B'	complete=True	duration_s=15.62
CALL MathVista-MC-300 MathVista-MC-300_495 geoguide_solver
OK	MathVista-MC-300	MathVista-MC-300_495	geoguide_solver	pred='B'	gold='B'	complete=True	duration_s=15.58
CALL MathVista-MC-300 MathVista-MC-300_495 geoguide_cautious
OK	MathVista-MC-300	MathVista-MC-300_495	geoguide_cautious	pred='B'	gold='B'	complete=True	duration_s=15.61
CALL MathVista-MC-300 MathVista-MC-300_337 raw
FAIL	MathVista-MC-300	MathVista-MC-300_337	raw	pred='D'	gold='B'	complete=True	duration_s=4.13
CALL MathVista-MC-300 MathVista-MC-300_337 structured_facts
FAIL	MathVista-MC-300	MathVista-MC-300_337	structured_facts	pred='D'	gold='B'	complete=True	duration_s=4.19
CALL MathVista-MC-300 MathVista-MC-300_337 perception_graph
FAIL	MathVista-MC-300	MathVista-MC-300_337	perception_graph	pred='D'	gold='B'	complete=True	duration_s=4.47
CALL MathVista-MC-300 MathVista-MC-300_337 construction_plan
FAIL	MathVista-MC-300	MathVista-MC-300_337	construction_plan	pred='D'	gold='B'	complete=True	duration_s=4.81
CALL MathVista-MC-300 MathVista-MC-300_337 geoguide_solver
FAIL	MathVista-MC-300	MathVista-MC-300_337	geoguide_solver	pred='D'	gold='B'	complete=True	duration_s=4.50
CALL MathVista-MC-300 MathVista-MC-300_337 geoguide_cautious
FAIL	MathVista-MC-300	MathVista-MC-300_337	geoguide_cautious	pred='D'	gold='B'	complete=True	duration_s=4.82
CALL MathVista-MC-300 MathVista-MC-300_200 raw
OK	MathVista-MC-300	MathVista-MC-300_200	raw	pred='A'	gold='A'	complete=True	duration_s=7.98
CALL MathVista-MC-300 MathVista-MC-300_200 structured_facts
OK	MathVista-MC-300	MathVista-MC-300_200	structured_facts	pred='A'	gold='A'	complete=True	duration_s=8.23
CALL MathVista-MC-300 MathVista-MC-300_200 perception_graph
OK	MathVista-MC-300	MathVista-MC-300_200	perception_graph	pred='A'	gold='A'	complete=True	duration_s=8.64
CALL MathVista-MC-300 MathVista-MC-300_200 construction_plan
OK	MathVista-MC-300	MathVista-MC-300_200	construction_plan	pred='A'	gold='A'	complete=True	duration_s=8.94
CALL MathVista-MC-300 MathVista-MC-300_200 geoguide_solver
OK	MathVista-MC-300	MathVista-MC-300_200	geoguide_solver	pred='A'	gold='A'	complete=True	duration_s=8.64
CALL MathVista-MC-300 MathVista-MC-300_200 geoguide_cautious
OK	MathVista-MC-300	MathVista-MC-300_200	geoguide_cautious	pred='A'	gold='A'	complete=True	duration_s=8.94
CALL MathVista-MC-300 MathVista-MC-300_23 raw
FAIL	MathVista-MC-300	MathVista-MC-300_23	raw	pred='C'	gold='B'	complete=True	duration_s=10.25
CALL MathVista-MC-300 MathVista-MC-300_23 structured_facts
FAIL	MathVista-MC-300	MathVista-MC-300_23	structured_facts	pred='C'	gold='B'	complete=True	duration_s=10.60
CALL MathVista-MC-300 MathVista-MC-300_23 perception_graph
FAIL	MathVista-MC-300	MathVista-MC-300_23	perception_graph	pred='C'	gold='B'	complete=True	duration_s=10.91
CALL MathVista-MC-300 MathVista-MC-300_23 construction_plan
FAIL	MathVista-MC-300	MathVista-MC-300_23	construction_plan	pred='C'	gold='B'	complete=True	duration_s=11.24
CALL MathVista-MC-300 MathVista-MC-300_23 geoguide_solver
FAIL	MathVista-MC-300	MathVista-MC-300_23	geoguide_solver	pred='C'	gold='B'	complete=True	duration_s=10.96
CALL MathVista-MC-300 MathVista-MC-300_23 geoguide_cautious
FAIL	MathVista-MC-300	MathVista-MC-300_23	geoguide_cautious	pred='C'	gold='B'	complete=True	duration_s=11.26
CALL MathVista-MC-300 MathVista-MC-300_152 raw
OK	MathVista-MC-300	MathVista-MC-300_152	raw	pred='C'	gold='C'	complete=True	duration_s=4.49
CALL MathVista-MC-300 MathVista-MC-300_152 structured_facts
OK	MathVista-MC-300	MathVista-MC-300_152	structured_facts	pred='C'	gold='C'	complete=True	duration_s=4.75
CALL MathVista-MC-300 MathVista-MC-300_152 perception_graph
OK	MathVista-MC-300	MathVista-MC-300_152	perception_graph	pred='C'	gold='C'	complete=True	duration_s=5.42
CALL MathVista-MC-300 MathVista-MC-300_152 construction_plan
OK	MathVista-MC-300	MathVista-MC-300_152	construction_plan	pred='C'	gold='C'	complete=True	duration_s=5.19
CALL MathVista-MC-300 MathVista-MC-300_152 geoguide_solver
OK	MathVista-MC-300	MathVista-MC-300_152	geoguide_solver	pred='C'	gold='C'	complete=True	duration_s=5.16
CALL MathVista-MC-300 MathVista-MC-300_152 geoguide_cautious
OK	MathVista-MC-300	MathVista-MC-300_152	geoguide_cautious	pred='C'	gold='C'	complete=True	duration_s=5.72
CALL MathVista-MC-300 MathVista-MC-300_622 raw
OK	MathVista-MC-300	MathVista-MC-300_622	raw	pred='B'	gold='B'	complete=True	duration_s=4.69
CALL MathVista-MC-300 MathVista-MC-300_622 structured_facts
OK	MathVista-MC-300	MathVista-MC-300_622	structured_facts	pred='B'	gold='B'	complete=True	duration_s=4.75
CALL MathVista-MC-300 MathVista-MC-300_622 perception_graph
FAIL	MathVista-MC-300	MathVista-MC-300_622	perception_graph	pred='D'	gold='B'	complete=True	duration_s=5.63
CALL MathVista-MC-300 MathVista-MC-300_622 construction_plan
FAIL	MathVista-MC-300	MathVista-MC-300_622	construction_plan	pred='A'	gold='B'	complete=True	duration_s=5.39
CALL MathVista-MC-300 MathVista-MC-300_622 geoguide_solver
FAIL	MathVista-MC-300	MathVista-MC-300_622	geoguide_solver	pred='A'	gold='B'	complete=True	duration_s=5.33
CALL MathVista-MC-300 MathVista-MC-300_622 geoguide_cautious
FAIL	MathVista-MC-300	MathVista-MC-300_622	geoguide_cautious	pred='D'	gold='B'	complete=True	duration_s=5.41
CALL MathVista-MC-300 MathVista-MC-300_176 raw
FAIL	MathVista-MC-300	MathVista-MC-300_176	raw	pred='B'	gold='D'	complete=True	duration_s=4.95
CALL MathVista-MC-300 MathVista-MC-300_176 structured_facts
FAIL	MathVista-MC-300	MathVista-MC-300_176	structured_facts	pred='B'	gold='D'	complete=True	duration_s=5.27
CALL MathVista-MC-300 MathVista-MC-300_176 perception_graph
FAIL	MathVista-MC-300	MathVista-MC-300_176	perception_graph	pred='B'	gold='D'	complete=True	duration_s=6.16
CALL MathVista-MC-300 MathVista-MC-300_176 construction_plan
FAIL	MathVista-MC-300	MathVista-MC-300_176	construction_plan	pred=''	gold='D'	complete=False	duration_s=8.56
CALL MathVista-MC-300 MathVista-MC-300_176 geoguide_solver
FAIL	MathVista-MC-300	MathVista-MC-300_176	geoguide_solver	pred=''	gold='D'	complete=False	duration_s=8.58
CALL MathVista-MC-300 MathVista-MC-300_176 geoguide_cautious
FAIL	MathVista-MC-300	MathVista-MC-300_176	geoguide_cautious	pred=''	gold='D'	complete=False	duration_s=8.61
CALL MathVista-MC-300 MathVista-MC-300_101 raw
OK	MathVista-MC-300	MathVista-MC-300_101	raw	pred='C'	gold='C'	complete=True	duration_s=22.14
CALL MathVista-MC-300 MathVista-MC-300_101 structured_facts
OK	MathVista-MC-300	MathVista-MC-300_101	structured_facts	pred='C'	gold='C'	complete=True	duration_s=22.17
CALL MathVista-MC-300 MathVista-MC-300_101 perception_graph
OK	MathVista-MC-300	MathVista-MC-300_101	perception_graph	pred='C'	gold='C'	complete=True	duration_s=22.83
CALL MathVista-MC-300 MathVista-MC-300_101 construction_plan
OK	MathVista-MC-300	MathVista-MC-300_101	construction_plan	pred='C'	gold='C'	complete=True	duration_s=22.83
CALL MathVista-MC-300 MathVista-MC-300_101 geoguide_solver
OK	MathVista-MC-300	MathVista-MC-300_101	geoguide_solver	pred='C'	gold='C'	complete=True	duration_s=22.79
CALL MathVista-MC-300 MathVista-MC-300_101 geoguide_cautious
OK	MathVista-MC-300	MathVista-MC-300_101	geoguide_cautious	pred='C'	gold='C'	complete=True	duration_s=23.07
CALL MathVista-MC-300 MathVista-MC-300_270 raw
FAIL	MathVista-MC-300	MathVista-MC-300_270	raw	pred='D'	gold='C'	complete=True	duration_s=4.50
CALL MathVista-MC-300 MathVista-MC-300_270 structured_facts
FAIL	MathVista-MC-300	MathVista-MC-300_270	structured_facts	pred='D'	gold='C'	complete=True	duration_s=4.80
CALL MathVista-MC-300 MathVista-MC-300_270 perception_graph
FAIL	MathVista-MC-300	MathVista-MC-300_270	perception_graph	pred='D'	gold='C'	complete=True	duration_s=5.17
CALL MathVista-MC-300 MathVista-MC-300_270 construction_plan
FAIL	MathVista-MC-300	MathVista-MC-300_270	construction_plan	pred='D'	gold='C'	complete=True	duration_s=5.46
CALL MathVista-MC-300 MathVista-MC-300_270 geoguide_solver
FAIL	MathVista-MC-300	MathVista-MC-300_270	geoguide_solver	pred='D'	gold='C'	complete=True	duration_s=5.17
CALL MathVista-MC-300 MathVista-MC-300_270 geoguide_cautious
FAIL	MathVista-MC-300	MathVista-MC-300_270	geoguide_cautious	pred='D'	gold='C'	complete=True	duration_s=5.47
CALL MathVista-MC-300 MathVista-MC-300_386 raw
OK	MathVista-MC-300	MathVista-MC-300_386	raw	pred='C'	gold='C'	complete=True	duration_s=4.10
CALL MathVista-MC-300 MathVista-MC-300_386 structured_facts
OK	MathVista-MC-300	MathVista-MC-300_386	structured_facts	pred='C'	gold='C'	complete=True	duration_s=4.39
CALL MathVista-MC-300 MathVista-MC-300_386 perception_graph
FAIL	MathVista-MC-300	MathVista-MC-300_386	perception_graph	pred='B'	gold='C'	complete=True	duration_s=4.71
CALL MathVista-MC-300 MathVista-MC-300_386 construction_plan
FAIL	MathVista-MC-300	MathVista-MC-300_386	construction_plan	pred='B'	gold='C'	complete=True	duration_s=4.77
CALL MathVista-MC-300 MathVista-MC-300_386 geoguide_solver
OK	MathVista-MC-300	MathVista-MC-300_386	geoguide_solver	pred='C'	gold='C'	complete=True	duration_s=4.69
CALL MathVista-MC-300 MathVista-MC-300_386 geoguide_cautious
OK	MathVista-MC-300	MathVista-MC-300_386	geoguide_cautious	pred='C'	gold='C'	complete=True	duration_s=5.08
CALL MathVista-MC-300 MathVista-MC-300_137 raw
OK	MathVista-MC-300	MathVista-MC-300_137	raw	pred='B'	gold='B'	complete=True	duration_s=4.17
CALL MathVista-MC-300 MathVista-MC-300_137 structured_facts
OK	MathVista-MC-300	MathVista-MC-300_137	structured_facts	pred='B'	gold='B'	complete=True	duration_s=4.48
CALL MathVista-MC-300 MathVista-MC-300_137 perception_graph
OK	MathVista-MC-300	MathVista-MC-300_137	perception_graph	pred='B'	gold='B'	complete=True	duration_s=4.79
CALL MathVista-MC-300 MathVista-MC-300_137 construction_plan
OK	MathVista-MC-300	MathVista-MC-300_137	construction_plan	pred='B'	gold='B'	complete=True	duration_s=4.85
CALL MathVista-MC-300 MathVista-MC-300_137 geoguide_solver
OK	MathVista-MC-300	MathVista-MC-300_137	geoguide_solver	pred='B'	gold='B'	complete=True	duration_s=4.79
CALL MathVista-MC-300 MathVista-MC-300_137 geoguide_cautious
OK	MathVista-MC-300	MathVista-MC-300_137	geoguide_cautious	pred='B'	gold='B'	complete=True	duration_s=5.14
CALL MathVista-MC-300 MathVista-MC-300_661 raw
FAIL	MathVista-MC-300	MathVista-MC-300_661	raw	pred=''	gold='B'	complete=False	duration_s=86.11
CALL MathVista-MC-300 MathVista-MC-300_661 structured_facts
FAIL	MathVista-MC-300	MathVista-MC-300_661	structured_facts	pred=''	gold='B'	complete=False	duration_s=85.60
CALL MathVista-MC-300 MathVista-MC-300_661 perception_graph
FAIL	MathVista-MC-300	MathVista-MC-300_661	perception_graph	pred=''	gold='B'	complete=False	duration_s=85.60
CALL MathVista-MC-300 MathVista-MC-300_661 construction_plan
FAIL	MathVista-MC-300	MathVista-MC-300_661	construction_plan	pred=''	gold='B'	complete=False	duration_s=85.68
CALL MathVista-MC-300 MathVista-MC-300_661 geoguide_solver
FAIL	MathVista-MC-300	MathVista-MC-300_661	geoguide_solver	pred=''	gold='B'	complete=False	duration_s=85.71
CALL MathVista-MC-300 MathVista-MC-300_661 geoguide_cautious
FAIL	MathVista-MC-300	MathVista-MC-300_661	geoguide_cautious	pred=''	gold='B'	complete=False	duration_s=85.74
CALL MathVista-MC-300 MathVista-MC-300_768 raw
OK	MathVista-MC-300	MathVista-MC-300_768	raw	pred='B'	gold='B'	complete=True	duration_s=7.35
CALL MathVista-MC-300 MathVista-MC-300_768 structured_facts
OK	MathVista-MC-300	MathVista-MC-300_768	structured_facts	pred='B'	gold='B'	complete=True	duration_s=7.53
CALL MathVista-MC-300 MathVista-MC-300_768 perception_graph
OK	MathVista-MC-300	MathVista-MC-300_768	perception_graph	pred='B'	gold='B'	complete=True	duration_s=7.95
CALL MathVista-MC-300 MathVista-MC-300_768 construction_plan
OK	MathVista-MC-300	MathVista-MC-300_768	construction_plan	pred='B'	gold='B'	complete=True	duration_s=8.22
CALL MathVista-MC-300 MathVista-MC-300_768 geoguide_solver
OK	MathVista-MC-300	MathVista-MC-300_768	geoguide_solver	pred='B'	gold='B'	complete=True	duration_s=7.92
CALL MathVista-MC-300 MathVista-MC-300_768 geoguide_cautious
OK	MathVista-MC-300	MathVista-MC-300_768	geoguide_cautious	pred='B'	gold='B'	complete=True	duration_s=8.23
CALL MathVista-MC-300 MathVista-MC-300_865 raw
OK	MathVista-MC-300	MathVista-MC-300_865	raw	pred='A'	gold='A'	complete=True	duration_s=9.67
CALL MathVista-MC-300 MathVista-MC-300_865 structured_facts
OK	MathVista-MC-300	MathVista-MC-300_865	structured_facts	pred='A'	gold='A'	complete=True	duration_s=9.72
CALL MathVista-MC-300 MathVista-MC-300_865 perception_graph
OK	MathVista-MC-300	MathVista-MC-300_865	perception_graph	pred='A'	gold='A'	complete=True	duration_s=10.36
CALL MathVista-MC-300 MathVista-MC-300_865 construction_plan
OK	MathVista-MC-300	MathVista-MC-300_865	construction_plan	pred='A'	gold='A'	complete=True	duration_s=10.37
CALL MathVista-MC-300 MathVista-MC-300_865 geoguide_solver
OK	MathVista-MC-300	MathVista-MC-300_865	geoguide_solver	pred='A'	gold='A'	complete=True	duration_s=10.07
CALL MathVista-MC-300 MathVista-MC-300_865 geoguide_cautious
OK	MathVista-MC-300	MathVista-MC-300_865	geoguide_cautious	pred='A'	gold='A'	complete=True	duration_s=10.40
CALL MathVista-MC-300 MathVista-MC-300_819 raw
FAIL	MathVista-MC-300	MathVista-MC-300_819	raw	pred='C'	gold='B'	complete=True	duration_s=7.98
CALL MathVista-MC-300 MathVista-MC-300_819 structured_facts
FAIL	MathVista-MC-300	MathVista-MC-300_819	structured_facts	pred='C'	gold='B'	complete=True	duration_s=8.25
CALL MathVista-MC-300 MathVista-MC-300_819 perception_graph
FAIL	MathVista-MC-300	MathVista-MC-300_819	perception_graph	pred='C'	gold='B'	complete=True	duration_s=8.91
CALL MathVista-MC-300 MathVista-MC-300_819 construction_plan
FAIL	MathVista-MC-300	MathVista-MC-300_819	construction_plan	pred='C'	gold='B'	complete=True	duration_s=8.92
CALL MathVista-MC-300 MathVista-MC-300_819 geoguide_solver
FAIL	MathVista-MC-300	MathVista-MC-300_819	geoguide_solver	pred='C'	gold='B'	complete=True	duration_s=8.88
CALL MathVista-MC-300 MathVista-MC-300_819 geoguide_cautious
FAIL	MathVista-MC-300	MathVista-MC-300_819	geoguide_cautious	pred='C'	gold='B'	complete=True	duration_s=8.91
CALL MathVista-MC-300 MathVista-MC-300_424 raw
OK	MathVista-MC-300	MathVista-MC-300_424	raw	pred='A'	gold='A'	complete=True	duration_s=12.85
CALL MathVista-MC-300 MathVista-MC-300_424 structured_facts
OK	MathVista-MC-300	MathVista-MC-300_424	structured_facts	pred='A'	gold='A'	complete=True	duration_s=12.91
CALL MathVista-MC-300 MathVista-MC-300_424 perception_graph
OK	MathVista-MC-300	MathVista-MC-300_424	perception_graph	pred='A'	gold='A'	complete=True	duration_s=13.55
CALL MathVista-MC-300 MathVista-MC-300_424 construction_plan
OK	MathVista-MC-300	MathVista-MC-300_424	construction_plan	pred='A'	gold='A'	complete=True	duration_s=13.61
CALL MathVista-MC-300 MathVista-MC-300_424 geoguide_solver
OK	MathVista-MC-300	MathVista-MC-300_424	geoguide_solver	pred='A'	gold='A'	complete=True	duration_s=13.51
CALL MathVista-MC-300 MathVista-MC-300_424 geoguide_cautious
OK	MathVista-MC-300	MathVista-MC-300_424	geoguide_cautious	pred='A'	gold='A'	complete=True	duration_s=13.61
CALL MathVista-MC-300 MathVista-MC-300_499 raw
OK	MathVista-MC-300	MathVista-MC-300_499	raw	pred='C'	gold='C'	complete=True	duration_s=8.75
CALL MathVista-MC-300 MathVista-MC-300_499 structured_facts
OK	MathVista-MC-300	MathVista-MC-300_499	structured_facts	pred='C'	gold='C'	complete=True	duration_s=9.17
CALL MathVista-MC-300 MathVista-MC-300_499 perception_graph
OK	MathVista-MC-300	MathVista-MC-300_499	perception_graph	pred='C'	gold='C'	complete=True	duration_s=9.55
CALL MathVista-MC-300 MathVista-MC-300_499 construction_plan
OK	MathVista-MC-300	MathVista-MC-300_499	construction_plan	pred='C'	gold='C'	complete=True	duration_s=9.82
CALL MathVista-MC-300 MathVista-MC-300_499 geoguide_solver
OK	MathVista-MC-300	MathVista-MC-300_499	geoguide_solver	pred='C'	gold='C'	complete=True	duration_s=9.52
CALL MathVista-MC-300 MathVista-MC-300_499 geoguide_cautious
OK	MathVista-MC-300	MathVista-MC-300_499	geoguide_cautious	pred='C'	gold='C'	complete=True	duration_s=9.81
CALL MathVista-MC-300 MathVista-MC-300_655 raw
OK	MathVista-MC-300	MathVista-MC-300_655	raw	pred='A'	gold='A'	complete=True	duration_s=20.73
CALL MathVista-MC-300 MathVista-MC-300_655 structured_facts
OK	MathVista-MC-300	MathVista-MC-300_655	structured_facts	pred='A'	gold='A'	complete=True	duration_s=21.05
CALL MathVista-MC-300 MathVista-MC-300_655 perception_graph
OK	MathVista-MC-300	MathVista-MC-300_655	perception_graph	pred='A'	gold='A'	complete=True	duration_s=21.66
CALL MathVista-MC-300 MathVista-MC-300_655 construction_plan
OK	MathVista-MC-300	MathVista-MC-300_655	construction_plan	pred='A'	gold='A'	complete=True	duration_s=21.71
CALL MathVista-MC-300 MathVista-MC-300_655 geoguide_solver
OK	MathVista-MC-300	MathVista-MC-300_655	geoguide_solver	pred='A'	gold='A'	complete=True	duration_s=21.38
CALL MathVista-MC-300 MathVista-MC-300_655 geoguide_cautious
OK	MathVista-MC-300	MathVista-MC-300_655	geoguide_cautious	pred='A'	gold='A'	complete=True	duration_s=21.74
CALL MathVista-MC-300 MathVista-MC-300_843 raw
OK	MathVista-MC-300	MathVista-MC-300_843	raw	pred='B'	gold='B'	complete=True	duration_s=14.04
CALL MathVista-MC-300 MathVista-MC-300_843 structured_facts
OK	MathVista-MC-300	MathVista-MC-300_843	structured_facts	pred='B'	gold='B'	complete=True	duration_s=14.34
CALL MathVista-MC-300 MathVista-MC-300_843 perception_graph
OK	MathVista-MC-300	MathVista-MC-300_843	perception_graph	pred='B'	gold='B'	complete=True	duration_s=14.75
CALL MathVista-MC-300 MathVista-MC-300_843 construction_plan
OK	MathVista-MC-300	MathVista-MC-300_843	construction_plan	pred='B'	gold='B'	complete=True	duration_s=15.01
CALL MathVista-MC-300 MathVista-MC-300_843 geoguide_solver
OK	MathVista-MC-300	MathVista-MC-300_843	geoguide_solver	pred='B'	gold='B'	complete=True	duration_s=14.72
CALL MathVista-MC-300 MathVista-MC-300_843 geoguide_cautious
OK	MathVista-MC-300	MathVista-MC-300_843	geoguide_cautious	pred='B'	gold='B'	complete=True	duration_s=15.02
CALL MathVista-MC-300 MathVista-MC-300_513 raw
OK	MathVista-MC-300	MathVista-MC-300_513	raw	pred='C'	gold='C'	complete=True	duration_s=17.33
CALL MathVista-MC-300 MathVista-MC-300_513 structured_facts
OK	MathVista-MC-300	MathVista-MC-300_513	structured_facts	pred='C'	gold='C'	complete=True	duration_s=17.63
CALL MathVista-MC-300 MathVista-MC-300_513 perception_graph
OK	MathVista-MC-300	MathVista-MC-300_513	perception_graph	pred='C'	gold='C'	complete=True	duration_s=18.01
CALL MathVista-MC-300 MathVista-MC-300_513 construction_plan
OK	MathVista-MC-300	MathVista-MC-300_513	construction_plan	pred='C'	gold='C'	complete=True	duration_s=18.40
CALL MathVista-MC-300 MathVista-MC-300_513 geoguide_solver
OK	MathVista-MC-300	MathVista-MC-300_513	geoguide_solver	pred='C'	gold='C'	complete=True	duration_s=18.00
CALL MathVista-MC-300 MathVista-MC-300_513 geoguide_cautious
OK	MathVista-MC-300	MathVista-MC-300_513	geoguide_cautious	pred='C'	gold='C'	complete=True	duration_s=18.41
CALL MathVista-MC-300 MathVista-MC-300_341 raw
OK	MathVista-MC-300	MathVista-MC-300_341	raw	pred='C'	gold='C'	complete=True	duration_s=3.85
CALL MathVista-MC-300 MathVista-MC-300_341 structured_facts
OK	MathVista-MC-300	MathVista-MC-300_341	structured_facts	pred='C'	gold='C'	complete=True	duration_s=4.16
CALL MathVista-MC-300 MathVista-MC-300_341 perception_graph
OK	MathVista-MC-300	MathVista-MC-300_341	perception_graph	pred='C'	gold='C'	complete=True	duration_s=4.76
CALL MathVista-MC-300 MathVista-MC-300_341 construction_plan
OK	MathVista-MC-300	MathVista-MC-300_341	construction_plan	pred='C'	gold='C'	complete=True	duration_s=4.80
CALL MathVista-MC-300 MathVista-MC-300_341 geoguide_solver
OK	MathVista-MC-300	MathVista-MC-300_341	geoguide_solver	pred='C'	gold='C'	complete=True	duration_s=4.46
CALL MathVista-MC-300 MathVista-MC-300_341 geoguide_cautious
OK	MathVista-MC-300	MathVista-MC-300_341	geoguide_cautious	pred='C'	gold='C'	complete=True	duration_s=4.80
CALL MathVista-MC-300 MathVista-MC-300_125 raw
OK	MathVista-MC-300	MathVista-MC-300_125	raw	pred='B'	gold='B'	complete=True	duration_s=39.06
CALL MathVista-MC-300 MathVista-MC-300_125 structured_facts
OK	MathVista-MC-300	MathVista-MC-300_125	structured_facts	pred='B'	gold='B'	complete=True	duration_s=39.23
CALL MathVista-MC-300 MathVista-MC-300_125 perception_graph
OK	MathVista-MC-300	MathVista-MC-300_125	perception_graph	pred='B'	gold='B'	complete=True	duration_s=40.13
CALL MathVista-MC-300 MathVista-MC-300_125 construction_plan
OK	MathVista-MC-300	MathVista-MC-300_125	construction_plan	pred='B'	gold='B'	complete=True	duration_s=40.00
CALL MathVista-MC-300 MathVista-MC-300_125 geoguide_solver
OK	MathVista-MC-300	MathVista-MC-300_125	geoguide_solver	pred='B'	gold='B'	complete=True	duration_s=39.75
CALL MathVista-MC-300 MathVista-MC-300_125 geoguide_cautious
OK	MathVista-MC-300	MathVista-MC-300_125	geoguide_cautious	pred='B'	gold='B'	complete=True	duration_s=39.94
CALL MathVista-MC-300 MathVista-MC-300_939 raw
OK	MathVista-MC-300	MathVista-MC-300_939	raw	pred='C'	gold='C'	complete=True	duration_s=41.59
CALL MathVista-MC-300 MathVista-MC-300_939 structured_facts
OK	MathVista-MC-300	MathVista-MC-300_939	structured_facts	pred='C'	gold='C'	complete=True	duration_s=41.73
CALL MathVista-MC-300 MathVista-MC-300_939 perception_graph
OK	MathVista-MC-300	MathVista-MC-300_939	perception_graph	pred='C'	gold='C'	complete=True	duration_s=42.72
CALL MathVista-MC-300 MathVista-MC-300_939 construction_plan
OK	MathVista-MC-300	MathVista-MC-300_939	construction_plan	pred='C'	gold='C'	complete=True	duration_s=42.54
CALL MathVista-MC-300 MathVista-MC-300_939 geoguide_solver
OK	MathVista-MC-300	MathVista-MC-300_939	geoguide_solver	pred='C'	gold='C'	complete=True	duration_s=42.53
CALL MathVista-MC-300 MathVista-MC-300_939 geoguide_cautious
OK	MathVista-MC-300	MathVista-MC-300_939	geoguide_cautious	pred='C'	gold='C'	complete=True	duration_s=42.68
CALL MathVista-MC-300 MathVista-MC-300_316 raw
OK	MathVista-MC-300	MathVista-MC-300_316	raw	pred='A'	gold='A'	complete=True	duration_s=4.46
CALL MathVista-MC-300 MathVista-MC-300_316 structured_facts
OK	MathVista-MC-300	MathVista-MC-300_316	structured_facts	pred='A'	gold='A'	complete=True	duration_s=4.78
CALL MathVista-MC-300 MathVista-MC-300_316 perception_graph
OK	MathVista-MC-300	MathVista-MC-300_316	perception_graph	pred='A'	gold='A'	complete=True	duration_s=5.15
CALL MathVista-MC-300 MathVista-MC-300_316 construction_plan
OK	MathVista-MC-300	MathVista-MC-300_316	construction_plan	pred='A'	gold='A'	complete=True	duration_s=5.45
CALL MathVista-MC-300 MathVista-MC-300_316 geoguide_solver
OK	MathVista-MC-300	MathVista-MC-300_316	geoguide_solver	pred='A'	gold='A'	complete=True	duration_s=5.14
CALL MathVista-MC-300 MathVista-MC-300_316 geoguide_cautious
OK	MathVista-MC-300	MathVista-MC-300_316	geoguide_cautious	pred='A'	gold='A'	complete=True	duration_s=5.45
CALL MathVista-MC-300 MathVista-MC-300_371 raw
OK	MathVista-MC-300	MathVista-MC-300_371	raw	pred='B'	gold='B'	complete=True	duration_s=4.15
CALL MathVista-MC-300 MathVista-MC-300_371 structured_facts
OK	MathVista-MC-300	MathVista-MC-300_371	structured_facts	pred='B'	gold='B'	complete=True	duration_s=4.42
CALL MathVista-MC-300 MathVista-MC-300_371 perception_graph
OK	MathVista-MC-300	MathVista-MC-300_371	perception_graph	pred='B'	gold='B'	complete=True	duration_s=5.04
CALL MathVista-MC-300 MathVista-MC-300_371 construction_plan
OK	MathVista-MC-300	MathVista-MC-300_371	construction_plan	pred='B'	gold='B'	complete=True	duration_s=5.09
CALL MathVista-MC-300 MathVista-MC-300_371 geoguide_solver
OK	MathVista-MC-300	MathVista-MC-300_371	geoguide_solver	pred='B'	gold='B'	complete=True	duration_s=5.08
CALL MathVista-MC-300 MathVista-MC-300_371 geoguide_cautious
OK	MathVista-MC-300	MathVista-MC-300_371	geoguide_cautious	pred='B'	gold='B'	complete=True	duration_s=5.11
CALL MathVista-MC-300 MathVista-MC-300_628 raw
OK	MathVista-MC-300	MathVista-MC-300_628	raw	pred='B'	gold='B'	complete=True	duration_s=4.40
CALL MathVista-MC-300 MathVista-MC-300_628 structured_facts
OK	MathVista-MC-300	MathVista-MC-300_628	structured_facts	pred='B'	gold='B'	complete=True	duration_s=4.46
CALL MathVista-MC-300 MathVista-MC-300_628 perception_graph
OK	MathVista-MC-300	MathVista-MC-300_628	perception_graph	pred='B'	gold='B'	complete=True	duration_s=5.32
CALL MathVista-MC-300 MathVista-MC-300_628 construction_plan
OK	MathVista-MC-300	MathVista-MC-300_628	construction_plan	pred='B'	gold='B'	complete=True	duration_s=5.12
CALL MathVista-MC-300 MathVista-MC-300_628 geoguide_solver
OK	MathVista-MC-300	MathVista-MC-300_628	geoguide_solver	pred='B'	gold='B'	complete=True	duration_s=5.07
CALL MathVista-MC-300 MathVista-MC-300_628 geoguide_cautious
OK	MathVista-MC-300	MathVista-MC-300_628	geoguide_cautious	pred='B'	gold='B'	complete=True	duration_s=5.10
CALL MathVista-MC-300 MathVista-MC-300_921 raw
FAIL	MathVista-MC-300	MathVista-MC-300_921	raw	pred='B'	gold='D'	complete=True	duration_s=4.60
CALL MathVista-MC-300 MathVista-MC-300_921 structured_facts
FAIL	MathVista-MC-300	MathVista-MC-300_921	structured_facts	pred='B'	gold='D'	complete=True	duration_s=4.45
CALL MathVista-MC-300 MathVista-MC-300_921 perception_graph
OK	MathVista-MC-300	MathVista-MC-300_921	perception_graph	pred='D'	gold='D'	complete=True	duration_s=5.58
CALL MathVista-MC-300 MathVista-MC-300_921 construction_plan
OK	MathVista-MC-300	MathVista-MC-300_921	construction_plan	pred='D'	gold='D'	complete=True	duration_s=5.66
CALL MathVista-MC-300 MathVista-MC-300_921 geoguide_solver
OK	MathVista-MC-300	MathVista-MC-300_921	geoguide_solver	pred='D'	gold='D'	complete=True	duration_s=5.30
CALL MathVista-MC-300 MathVista-MC-300_921 geoguide_cautious
OK	MathVista-MC-300	MathVista-MC-300_921	geoguide_cautious	pred='D'	gold='D'	complete=True	duration_s=5.65
CALL MathVista-MC-300 MathVista-MC-300_974 raw
OK	MathVista-MC-300	MathVista-MC-300_974	raw	pred='B'	gold='B'	complete=True	duration_s=14.65
CALL MathVista-MC-300 MathVista-MC-300_974 structured_facts
OK	MathVista-MC-300	MathVista-MC-300_974	structured_facts	pred='B'	gold='B'	complete=True	duration_s=14.96
CALL MathVista-MC-300 MathVista-MC-300_974 perception_graph
OK	MathVista-MC-300	MathVista-MC-300_974	perception_graph	pred='B'	gold='B'	complete=True	duration_s=15.56
CALL MathVista-MC-300 MathVista-MC-300_974 construction_plan
OK	MathVista-MC-300	MathVista-MC-300_974	construction_plan	pred='B'	gold='B'	complete=True	duration_s=15.60
CALL MathVista-MC-300 MathVista-MC-300_974 geoguide_solver
OK	MathVista-MC-300	MathVista-MC-300_974	geoguide_solver	pred='B'	gold='B'	complete=True	duration_s=15.29
CALL MathVista-MC-300 MathVista-MC-300_974 geoguide_cautious
OK	MathVista-MC-300	MathVista-MC-300_974	geoguide_cautious	pred='B'	gold='B'	complete=True	duration_s=15.59
CALL MathVista-MC-300 MathVista-MC-300_318 raw
FAIL	MathVista-MC-300	MathVista-MC-300_318	raw	pred='B'	gold='C'	complete=True	duration_s=4.14
CALL MathVista-MC-300 MathVista-MC-300_318 structured_facts
FAIL	MathVista-MC-300	MathVista-MC-300_318	structured_facts	pred='B'	gold='C'	complete=True	duration_s=4.43
CALL MathVista-MC-300 MathVista-MC-300_318 perception_graph
FAIL	MathVista-MC-300	MathVista-MC-300_318	perception_graph	pred='B'	gold='C'	complete=True	duration_s=5.05
CALL MathVista-MC-300 MathVista-MC-300_318 construction_plan
FAIL	MathVista-MC-300	MathVista-MC-300_318	construction_plan	pred='B'	gold='C'	complete=True	duration_s=5.07
CALL MathVista-MC-300 MathVista-MC-300_318 geoguide_solver
FAIL	MathVista-MC-300	MathVista-MC-300_318	geoguide_solver	pred='B'	gold='C'	complete=True	duration_s=4.73
CALL MathVista-MC-300 MathVista-MC-300_318 geoguide_cautious
FAIL	MathVista-MC-300	MathVista-MC-300_318	geoguide_cautious	pred='B'	gold='C'	complete=True	duration_s=5.09
CALL MathVista-MC-300 MathVista-MC-300_816 raw
OK	MathVista-MC-300	MathVista-MC-300_816	raw	pred='A'	gold='A'	complete=True	duration_s=5.23
CALL MathVista-MC-300 MathVista-MC-300_816 structured_facts
OK	MathVista-MC-300	MathVista-MC-300_816	structured_facts	pred='A'	gold='A'	complete=True	duration_s=5.50
CALL MathVista-MC-300 MathVista-MC-300_816 perception_graph
OK	MathVista-MC-300	MathVista-MC-300_816	perception_graph	pred='A'	gold='A'	complete=True	duration_s=6.15
CALL MathVista-MC-300 MathVista-MC-300_816 construction_plan
OK	MathVista-MC-300	MathVista-MC-300_816	construction_plan	pred='A'	gold='A'	complete=True	duration_s=6.15
CALL MathVista-MC-300 MathVista-MC-300_816 geoguide_solver
OK	MathVista-MC-300	MathVista-MC-300_816	geoguide_solver	pred='A'	gold='A'	complete=True	duration_s=6.14
CALL MathVista-MC-300 MathVista-MC-300_816 geoguide_cautious
OK	MathVista-MC-300	MathVista-MC-300_816	geoguide_cautious	pred='A'	gold='A'	complete=True	duration_s=6.17
CALL MathVista-MC-300 MathVista-MC-300_872 raw
FAIL	MathVista-MC-300	MathVista-MC-300_872	raw	pred='B'	gold='D'	complete=True	duration_s=35.55
CALL MathVista-MC-300 MathVista-MC-300_872 structured_facts
FAIL	MathVista-MC-300	MathVista-MC-300_872	structured_facts	pred='B'	gold='D'	complete=True	duration_s=35.75
CALL MathVista-MC-300 MathVista-MC-300_872 perception_graph
FAIL	MathVista-MC-300	MathVista-MC-300_872	perception_graph	pred='B'	gold='D'	complete=True	duration_s=35.93
CALL MathVista-MC-300 MathVista-MC-300_872 construction_plan
FAIL	MathVista-MC-300	MathVista-MC-300_872	construction_plan	pred='B'	gold='D'	complete=True	duration_s=36.34
CALL MathVista-MC-300 MathVista-MC-300_872 geoguide_solver
FAIL	MathVista-MC-300	MathVista-MC-300_872	geoguide_solver	pred='B'	gold='D'	complete=True	duration_s=35.91
CALL MathVista-MC-300 MathVista-MC-300_872 geoguide_cautious
FAIL	MathVista-MC-300	MathVista-MC-300_872	geoguide_cautious	pred='B'	gold='D'	complete=True	duration_s=36.29
CALL MathVista-MC-300 MathVista-MC-300_62 raw
OK	MathVista-MC-300	MathVista-MC-300_62	raw	pred='A'	gold='A'	complete=True	duration_s=4.20
CALL MathVista-MC-300 MathVista-MC-300_62 structured_facts
OK	MathVista-MC-300	MathVista-MC-300_62	structured_facts	pred='A'	gold='A'	complete=True	duration_s=4.52
CALL MathVista-MC-300 MathVista-MC-300_62 perception_graph
OK	MathVista-MC-300	MathVista-MC-300_62	perception_graph	pred='A'	gold='A'	complete=True	duration_s=5.37
CALL MathVista-MC-300 MathVista-MC-300_62 construction_plan
OK	MathVista-MC-300	MathVista-MC-300_62	construction_plan	pred='A'	gold='A'	complete=True	duration_s=5.14
CALL MathVista-MC-300 MathVista-MC-300_62 geoguide_solver
OK	MathVista-MC-300	MathVista-MC-300_62	geoguide_solver	pred='A'	gold='A'	complete=True	duration_s=5.13
CALL MathVista-MC-300 MathVista-MC-300_62 geoguide_cautious
OK	MathVista-MC-300	MathVista-MC-300_62	geoguide_cautious	pred='A'	gold='A'	complete=True	duration_s=5.43
CALL MathVista-MC-300 MathVista-MC-300_821 raw
OK	MathVista-MC-300	MathVista-MC-300_821	raw	pred='A'	gold='A'	complete=True	duration_s=8.73
CALL MathVista-MC-300 MathVista-MC-300_821 structured_facts
OK	MathVista-MC-300	MathVista-MC-300_821	structured_facts	pred='A'	gold='A'	complete=True	duration_s=9.05
CALL MathVista-MC-300 MathVista-MC-300_821 perception_graph
OK	MathVista-MC-300	MathVista-MC-300_821	perception_graph	pred='A'	gold='A'	complete=True	duration_s=9.70
CALL MathVista-MC-300 MathVista-MC-300_821 construction_plan
OK	MathVista-MC-300	MathVista-MC-300_821	construction_plan	pred='A'	gold='A'	complete=True	duration_s=9.74
CALL MathVista-MC-300 MathVista-MC-300_821 geoguide_solver
OK	MathVista-MC-300	MathVista-MC-300_821	geoguide_solver	pred='A'	gold='A'	complete=True	duration_s=9.41
CALL MathVista-MC-300 MathVista-MC-300_821 geoguide_cautious
OK	MathVista-MC-300	MathVista-MC-300_821	geoguide_cautious	pred='A'	gold='A'	complete=True	duration_s=9.74
CALL MathVista-MC-300 MathVista-MC-300_9 raw
FAIL	MathVista-MC-300	MathVista-MC-300_9	raw	pred='B'	gold='D'	complete=True	duration_s=4.45
CALL MathVista-MC-300 MathVista-MC-300_9 structured_facts
FAIL	MathVista-MC-300	MathVista-MC-300_9	structured_facts	pred='B'	gold='D'	complete=True	duration_s=4.50
CALL MathVista-MC-300 MathVista-MC-300_9 perception_graph
FAIL	MathVista-MC-300	MathVista-MC-300_9	perception_graph	pred='B'	gold='D'	complete=True	duration_s=5.41
CALL MathVista-MC-300 MathVista-MC-300_9 construction_plan
FAIL	MathVista-MC-300	MathVista-MC-300_9	construction_plan	pred='B'	gold='D'	complete=True	duration_s=5.17
CALL MathVista-MC-300 MathVista-MC-300_9 geoguide_solver
FAIL	MathVista-MC-300	MathVista-MC-300_9	geoguide_solver	pred='B'	gold='D'	complete=True	duration_s=5.11
CALL MathVista-MC-300 MathVista-MC-300_9 geoguide_cautious
FAIL	MathVista-MC-300	MathVista-MC-300_9	geoguide_cautious	pred='B'	gold='D'	complete=True	duration_s=5.19
CALL MathVista-MC-300 MathVista-MC-300_582 raw
OK	MathVista-MC-300	MathVista-MC-300_582	raw	pred='A'	gold='A'	complete=True	duration_s=10.75
CALL MathVista-MC-300 MathVista-MC-300_582 structured_facts
OK	MathVista-MC-300	MathVista-MC-300_582	structured_facts	pred='A'	gold='A'	complete=True	duration_s=11.02
CALL MathVista-MC-300 MathVista-MC-300_582 perception_graph
OK	MathVista-MC-300	MathVista-MC-300_582	perception_graph	pred='A'	gold='A'	complete=True	duration_s=11.42
CALL MathVista-MC-300 MathVista-MC-300_582 construction_plan
OK	MathVista-MC-300	MathVista-MC-300_582	construction_plan	pred='A'	gold='A'	complete=True	duration_s=11.70
CALL MathVista-MC-300 MathVista-MC-300_582 geoguide_solver
OK	MathVista-MC-300	MathVista-MC-300_582	geoguide_solver	pred='A'	gold='A'	complete=True	duration_s=11.39
CALL MathVista-MC-300 MathVista-MC-300_582 geoguide_cautious
OK	MathVista-MC-300	MathVista-MC-300_582	geoguide_cautious	pred='A'	gold='A'	complete=True	duration_s=11.69
CALL MathVista-MC-300 MathVista-MC-300_757 raw
OK	MathVista-MC-300	MathVista-MC-300_757	raw	pred='A'	gold='A'	complete=True	duration_s=4.56
CALL MathVista-MC-300 MathVista-MC-300_757 structured_facts
OK	MathVista-MC-300	MathVista-MC-300_757	structured_facts	pred='A'	gold='A'	complete=True	duration_s=4.89
CALL MathVista-MC-300 MathVista-MC-300_757 perception_graph
OK	MathVista-MC-300	MathVista-MC-300_757	perception_graph	pred='A'	gold='A'	complete=True	duration_s=5.50
CALL MathVista-MC-300 MathVista-MC-300_757 construction_plan
OK	MathVista-MC-300	MathVista-MC-300_757	construction_plan	pred='A'	gold='A'	complete=True	duration_s=5.51
CALL MathVista-MC-300 MathVista-MC-300_757 geoguide_solver
OK	MathVista-MC-300	MathVista-MC-300_757	geoguide_solver	pred='A'	gold='A'	complete=True	duration_s=5.22
CALL MathVista-MC-300 MathVista-MC-300_757 geoguide_cautious
OK	MathVista-MC-300	MathVista-MC-300_757	geoguide_cautious	pred='A'	gold='A'	complete=True	duration_s=5.53
CALL MathVista-MC-300 MathVista-MC-300_273 raw
FAIL	MathVista-MC-300	MathVista-MC-300_273	raw	pred='B'	gold='C'	complete=True	duration_s=4.68
CALL MathVista-MC-300 MathVista-MC-300_273 structured_facts
FAIL	MathVista-MC-300	MathVista-MC-300_273	structured_facts	pred='B'	gold='C'	complete=True	duration_s=5.00
CALL MathVista-MC-300 MathVista-MC-300_273 perception_graph
FAIL	MathVista-MC-300	MathVista-MC-300_273	perception_graph	pred='B'	gold='C'	complete=True	duration_s=5.37
CALL MathVista-MC-300 MathVista-MC-300_273 construction_plan
FAIL	MathVista-MC-300	MathVista-MC-300_273	construction_plan	pred='B'	gold='C'	complete=True	duration_s=5.69
CALL MathVista-MC-300 MathVista-MC-300_273 geoguide_solver
FAIL	MathVista-MC-300	MathVista-MC-300_273	geoguide_solver	pred='B'	gold='C'	complete=True	duration_s=5.37
CALL MathVista-MC-300 MathVista-MC-300_273 geoguide_cautious
FAIL	MathVista-MC-300	MathVista-MC-300_273	geoguide_cautious	pred='B'	gold='C'	complete=True	duration_s=5.71
CALL MathVista-MC-300 MathVista-MC-300_148 raw
OK	MathVista-MC-300	MathVista-MC-300_148	raw	pred='D'	gold='D'	complete=True	duration_s=5.17
CALL MathVista-MC-300 MathVista-MC-300_148 structured_facts
OK	MathVista-MC-300	MathVista-MC-300_148	structured_facts	pred='D'	gold='D'	complete=True	duration_s=5.52
CALL MathVista-MC-300 MathVista-MC-300_148 perception_graph
OK	MathVista-MC-300	MathVista-MC-300_148	perception_graph	pred='D'	gold='D'	complete=True	duration_s=5.78
CALL MathVista-MC-300 MathVista-MC-300_148 construction_plan
OK	MathVista-MC-300	MathVista-MC-300_148	construction_plan	pred='D'	gold='D'	complete=True	duration_s=6.11
CALL MathVista-MC-300 MathVista-MC-300_148 geoguide_solver
OK	MathVista-MC-300	MathVista-MC-300_148	geoguide_solver	pred='D'	gold='D'	complete=True	duration_s=5.79
CALL MathVista-MC-300 MathVista-MC-300_148 geoguide_cautious
OK	MathVista-MC-300	MathVista-MC-300_148	geoguide_cautious	pred='D'	gold='D'	complete=True	duration_s=6.13
CALL MathVista-MC-300 MathVista-MC-300_288 raw
FAIL	MathVista-MC-300	MathVista-MC-300_288	raw	pred='B'	gold='A'	complete=True	duration_s=62.82
CALL MathVista-MC-300 MathVista-MC-300_288 structured_facts
FAIL	MathVista-MC-300	MathVista-MC-300_288	structured_facts	pred='B'	gold='A'	complete=True	duration_s=63.30
CALL MathVista-MC-300 MathVista-MC-300_288 perception_graph
FAIL	MathVista-MC-300	MathVista-MC-300_288	perception_graph	pred='B'	gold='A'	complete=True	duration_s=63.74
CALL MathVista-MC-300 MathVista-MC-300_288 construction_plan
FAIL	MathVista-MC-300	MathVista-MC-300_288	construction_plan	pred='B'	gold='A'	complete=True	duration_s=64.05
CALL MathVista-MC-300 MathVista-MC-300_288 geoguide_solver
FAIL	MathVista-MC-300	MathVista-MC-300_288	geoguide_solver	pred='B'	gold='A'	complete=True	duration_s=63.68
CALL MathVista-MC-300 MathVista-MC-300_288 geoguide_cautious
FAIL	MathVista-MC-300	MathVista-MC-300_288	geoguide_cautious	pred='B'	gold='A'	complete=True	duration_s=64.03
CALL MathVista-MC-300 MathVista-MC-300_705 raw
OK	MathVista-MC-300	MathVista-MC-300_705	raw	pred='B'	gold='B'	complete=True	duration_s=10.34
CALL MathVista-MC-300 MathVista-MC-300_705 structured_facts
OK	MathVista-MC-300	MathVista-MC-300_705	structured_facts	pred='B'	gold='B'	complete=True	duration_s=10.68
CALL MathVista-MC-300 MathVista-MC-300_705 perception_graph
OK	MathVista-MC-300	MathVista-MC-300_705	perception_graph	pred='B'	gold='B'	complete=True	duration_s=11.06
CALL MathVista-MC-300 MathVista-MC-300_705 construction_plan
OK	MathVista-MC-300	MathVista-MC-300_705	construction_plan	pred='B'	gold='B'	complete=True	duration_s=11.36
CALL MathVista-MC-300 MathVista-MC-300_705 geoguide_solver
OK	MathVista-MC-300	MathVista-MC-300_705	geoguide_solver	pred='B'	gold='B'	complete=True	duration_s=11.04
CALL MathVista-MC-300 MathVista-MC-300_705 geoguide_cautious
OK	MathVista-MC-300	MathVista-MC-300_705	geoguide_cautious	pred='B'	gold='B'	complete=True	duration_s=11.38
CALL MathVista-MC-300 MathVista-MC-300_785 raw
OK	MathVista-MC-300	MathVista-MC-300_785	raw	pred='D'	gold='D'	complete=True	duration_s=6.16
CALL MathVista-MC-300 MathVista-MC-300_785 structured_facts
OK	MathVista-MC-300	MathVista-MC-300_785	structured_facts	pred='D'	gold='D'	complete=True	duration_s=6.45
CALL MathVista-MC-300 MathVista-MC-300_785 perception_graph
OK	MathVista-MC-300	MathVista-MC-300_785	perception_graph	pred='D'	gold='D'	complete=True	duration_s=7.11
CALL MathVista-MC-300 MathVista-MC-300_785 construction_plan
OK	MathVista-MC-300	MathVista-MC-300_785	construction_plan	pred='D'	gold='D'	complete=True	duration_s=7.12
CALL MathVista-MC-300 MathVista-MC-300_785 geoguide_solver
OK	MathVista-MC-300	MathVista-MC-300_785	geoguide_solver	pred='D'	gold='D'	complete=True	duration_s=6.86
CALL MathVista-MC-300 MathVista-MC-300_785 geoguide_cautious
OK	MathVista-MC-300	MathVista-MC-300_785	geoguide_cautious	pred='D'	gold='D'	complete=True	duration_s=7.17
CALL MathVista-MC-300 MathVista-MC-300_182 raw
OK	MathVista-MC-300	MathVista-MC-300_182	raw	pred='B'	gold='B'	complete=True	duration_s=10.71
CALL MathVista-MC-300 MathVista-MC-300_182 structured_facts
OK	MathVista-MC-300	MathVista-MC-300_182	structured_facts	pred='B'	gold='B'	complete=True	duration_s=11.05
CALL MathVista-MC-300 MathVista-MC-300_182 perception_graph
OK	MathVista-MC-300	MathVista-MC-300_182	perception_graph	pred='B'	gold='B'	complete=True	duration_s=11.41
CALL MathVista-MC-300 MathVista-MC-300_182 construction_plan
OK	MathVista-MC-300	MathVista-MC-300_182	construction_plan	pred='B'	gold='B'	complete=True	duration_s=11.41
CALL MathVista-MC-300 MathVista-MC-300_182 geoguide_solver
OK	MathVista-MC-300	MathVista-MC-300_182	geoguide_solver	pred='B'	gold='B'	complete=True	duration_s=11.34
CALL MathVista-MC-300 MathVista-MC-300_182 geoguide_cautious
OK	MathVista-MC-300	MathVista-MC-300_182	geoguide_cautious	pred='B'	gold='B'	complete=True	duration_s=11.71
CALL MathVista-MC-300 MathVista-MC-300_774 raw
OK	MathVista-MC-300	MathVista-MC-300_774	raw	pred='A'	gold='A'	complete=True	duration_s=14.57
CALL MathVista-MC-300 MathVista-MC-300_774 structured_facts
OK	MathVista-MC-300	MathVista-MC-300_774	structured_facts	pred='A'	gold='A'	complete=True	duration_s=14.91
CALL MathVista-MC-300 MathVista-MC-300_774 perception_graph
OK	MathVista-MC-300	MathVista-MC-300_774	perception_graph	pred='A'	gold='A'	complete=True	duration_s=15.49
CALL MathVista-MC-300 MathVista-MC-300_774 construction_plan
OK	MathVista-MC-300	MathVista-MC-300_774	construction_plan	pred='A'	gold='A'	complete=True	duration_s=15.53
CALL MathVista-MC-300 MathVista-MC-300_774 geoguide_solver
OK	MathVista-MC-300	MathVista-MC-300_774	geoguide_solver	pred='A'	gold='A'	complete=True	duration_s=15.24
CALL MathVista-MC-300 MathVista-MC-300_774 geoguide_cautious
OK	MathVista-MC-300	MathVista-MC-300_774	geoguide_cautious	pred='A'	gold='A'	complete=True	duration_s=15.54
CALL MathVista-MC-300 MathVista-MC-300_26 raw
OK	MathVista-MC-300	MathVista-MC-300_26	raw	pred='B'	gold='B'	complete=True	duration_s=14.05
CALL MathVista-MC-300 MathVista-MC-300_26 structured_facts
OK	MathVista-MC-300	MathVista-MC-300_26	structured_facts	pred='B'	gold='B'	complete=True	duration_s=14.38
CALL MathVista-MC-300 MathVista-MC-300_26 perception_graph
OK	MathVista-MC-300	MathVista-MC-300_26	perception_graph	pred='B'	gold='B'	complete=True	duration_s=14.74
CALL MathVista-MC-300 MathVista-MC-300_26 construction_plan
OK	MathVista-MC-300	MathVista-MC-300_26	construction_plan	pred='B'	gold='B'	complete=True	duration_s=15.04
CALL MathVista-MC-300 MathVista-MC-300_26 geoguide_solver
OK	MathVista-MC-300	MathVista-MC-300_26	geoguide_solver	pred='B'	gold='B'	complete=True	duration_s=14.67
CALL MathVista-MC-300 MathVista-MC-300_26 geoguide_cautious
OK	MathVista-MC-300	MathVista-MC-300_26	geoguide_cautious	pred='B'	gold='B'	complete=True	duration_s=14.97
CALL MathVista-MC-300 MathVista-MC-300_404 raw
OK	MathVista-MC-300	MathVista-MC-300_404	raw	pred='D'	gold='D'	complete=True	duration_s=4.11
CALL MathVista-MC-300 MathVista-MC-300_404 structured_facts
OK	MathVista-MC-300	MathVista-MC-300_404	structured_facts	pred='D'	gold='D'	complete=True	duration_s=4.44
CALL MathVista-MC-300 MathVista-MC-300_404 perception_graph
OK	MathVista-MC-300	MathVista-MC-300_404	perception_graph	pred='D'	gold='D'	complete=True	duration_s=5.05
CALL MathVista-MC-300 MathVista-MC-300_404 construction_plan
OK	MathVista-MC-300	MathVista-MC-300_404	construction_plan	pred='D'	gold='D'	complete=True	duration_s=5.09
CALL MathVista-MC-300 MathVista-MC-300_404 geoguide_solver
OK	MathVista-MC-300	MathVista-MC-300_404	geoguide_solver	pred='D'	gold='D'	complete=True	duration_s=4.75
CALL MathVista-MC-300 MathVista-MC-300_404 geoguide_cautious
OK	MathVista-MC-300	MathVista-MC-300_404	geoguide_cautious	pred='D'	gold='D'	complete=True	duration_s=5.09
CALL MathVista-MC-300 MathVista-MC-300_382 raw
OK	MathVista-MC-300	MathVista-MC-300_382	raw	pred='A'	gold='A'	complete=True	duration_s=9.70
CALL MathVista-MC-300 MathVista-MC-300_382 structured_facts
OK	MathVista-MC-300	MathVista-MC-300_382	structured_facts	pred='A'	gold='A'	complete=True	duration_s=9.76
CALL MathVista-MC-300 MathVista-MC-300_382 perception_graph
OK	MathVista-MC-300	MathVista-MC-300_382	perception_graph	pred='A'	gold='A'	complete=True	duration_s=10.32
CALL MathVista-MC-300 MathVista-MC-300_382 construction_plan
OK	MathVista-MC-300	MathVista-MC-300_382	construction_plan	pred='A'	gold='A'	complete=True	duration_s=10.40
CALL MathVista-MC-300 MathVista-MC-300_382 geoguide_solver
OK	MathVista-MC-300	MathVista-MC-300_382	geoguide_solver	pred='A'	gold='A'	complete=True	duration_s=10.35
CALL MathVista-MC-300 MathVista-MC-300_382 geoguide_cautious
OK	MathVista-MC-300	MathVista-MC-300_382	geoguide_cautious	pred='A'	gold='A'	complete=True	duration_s=10.67
CALL MathVista-MC-300 MathVista-MC-300_990 raw
OK	MathVista-MC-300	MathVista-MC-300_990	raw	pred='B'	gold='B'	complete=True	duration_s=11.92
CALL MathVista-MC-300 MathVista-MC-300_990 structured_facts
OK	MathVista-MC-300	MathVista-MC-300_990	structured_facts	pred='B'	gold='B'	complete=True	duration_s=12.27
CALL MathVista-MC-300 MathVista-MC-300_990 perception_graph
OK	MathVista-MC-300	MathVista-MC-300_990	perception_graph	pred='B'	gold='B'	complete=True	duration_s=12.63
CALL MathVista-MC-300 MathVista-MC-300_990 construction_plan
OK	MathVista-MC-300	MathVista-MC-300_990	construction_plan	pred='B'	gold='B'	complete=True	duration_s=12.91
CALL MathVista-MC-300 MathVista-MC-300_990 geoguide_solver
OK	MathVista-MC-300	MathVista-MC-300_990	geoguide_solver	pred='B'	gold='B'	complete=True	duration_s=12.61
CALL MathVista-MC-300 MathVista-MC-300_990 geoguide_cautious
OK	MathVista-MC-300	MathVista-MC-300_990	geoguide_cautious	pred='B'	gold='B'	complete=True	duration_s=13.20
CALL MathVista-MC-300 MathVista-MC-300_640 raw
OK	MathVista-MC-300	MathVista-MC-300_640	raw	pred='B'	gold='B'	complete=True	duration_s=4.43
CALL MathVista-MC-300 MathVista-MC-300_640 structured_facts
OK	MathVista-MC-300	MathVista-MC-300_640	structured_facts	pred='B'	gold='B'	complete=True	duration_s=4.69
CALL MathVista-MC-300 MathVista-MC-300_640 perception_graph
OK	MathVista-MC-300	MathVista-MC-300_640	perception_graph	pred='B'	gold='B'	complete=True	duration_s=5.07
CALL MathVista-MC-300 MathVista-MC-300_640 construction_plan
OK	MathVista-MC-300	MathVista-MC-300_640	construction_plan	pred='B'	gold='B'	complete=True	duration_s=5.37
CALL MathVista-MC-300 MathVista-MC-300_640 geoguide_solver
OK	MathVista-MC-300	MathVista-MC-300_640	geoguide_solver	pred='B'	gold='B'	complete=True	duration_s=5.07
CALL MathVista-MC-300 MathVista-MC-300_640 geoguide_cautious
OK	MathVista-MC-300	MathVista-MC-300_640	geoguide_cautious	pred='B'	gold='B'	complete=True	duration_s=5.66
CALL MathVista-MC-300 MathVista-MC-300_707 raw
FAIL	MathVista-MC-300	MathVista-MC-300_707	raw	pred='A'	gold='D'	complete=True	duration_s=4.52
CALL MathVista-MC-300 MathVista-MC-300_707 structured_facts
FAIL	MathVista-MC-300	MathVista-MC-300_707	structured_facts	pred='A'	gold='D'	complete=True	duration_s=4.87
CALL MathVista-MC-300 MathVista-MC-300_707 perception_graph
OK	MathVista-MC-300	MathVista-MC-300_707	perception_graph	pred='D'	gold='D'	complete=True	duration_s=5.74
CALL MathVista-MC-300 MathVista-MC-300_707 construction_plan
FAIL	MathVista-MC-300	MathVista-MC-300_707	construction_plan	pred='A'	gold='D'	complete=True	duration_s=5.46
CALL MathVista-MC-300 MathVista-MC-300_707 geoguide_solver
FAIL	MathVista-MC-300	MathVista-MC-300_707	geoguide_solver	pred='A'	gold='D'	complete=True	duration_s=5.45
CALL MathVista-MC-300 MathVista-MC-300_707 geoguide_cautious
FAIL	MathVista-MC-300	MathVista-MC-300_707	geoguide_cautious	pred='A'	gold='D'	complete=True	duration_s=5.51
CALL MathVista-MC-300 MathVista-MC-300_361 raw
OK	MathVista-MC-300	MathVista-MC-300_361	raw	pred='B'	gold='B'	complete=True	duration_s=13.15
CALL MathVista-MC-300 MathVista-MC-300_361 structured_facts
OK	MathVista-MC-300	MathVista-MC-300_361	structured_facts	pred='B'	gold='B'	complete=True	duration_s=13.49
CALL MathVista-MC-300 MathVista-MC-300_361 perception_graph
OK	MathVista-MC-300	MathVista-MC-300_361	perception_graph	pred='B'	gold='B'	complete=True	duration_s=13.85
CALL MathVista-MC-300 MathVista-MC-300_361 construction_plan
OK	MathVista-MC-300	MathVista-MC-300_361	construction_plan	pred='B'	gold='B'	complete=True	duration_s=14.11
CALL MathVista-MC-300 MathVista-MC-300_361 geoguide_solver
OK	MathVista-MC-300	MathVista-MC-300_361	geoguide_solver	pred='B'	gold='B'	complete=True	duration_s=13.80
CALL MathVista-MC-300 MathVista-MC-300_361 geoguide_cautious
OK	MathVista-MC-300	MathVista-MC-300_361	geoguide_cautious	pred='B'	gold='B'	complete=True	duration_s=14.21
CALL MathVista-MC-300 MathVista-MC-300_237 raw
OK	MathVista-MC-300	MathVista-MC-300_237	raw	pred='C'	gold='C'	complete=True	duration_s=6.97
CALL MathVista-MC-300 MathVista-MC-300_237 structured_facts
OK	MathVista-MC-300	MathVista-MC-300_237	structured_facts	pred='C'	gold='C'	complete=True	duration_s=7.28
CALL MathVista-MC-300 MathVista-MC-300_237 perception_graph
OK	MathVista-MC-300	MathVista-MC-300_237	perception_graph	pred='C'	gold='C'	complete=True	duration_s=7.64
CALL MathVista-MC-300 MathVista-MC-300_237 construction_plan
OK	MathVista-MC-300	MathVista-MC-300_237	construction_plan	pred='C'	gold='C'	complete=True	duration_s=7.94
CALL MathVista-MC-300 MathVista-MC-300_237 geoguide_solver
OK	MathVista-MC-300	MathVista-MC-300_237	geoguide_solver	pred='C'	gold='C'	complete=True	duration_s=7.64
CALL MathVista-MC-300 MathVista-MC-300_237 geoguide_cautious
OK	MathVista-MC-300	MathVista-MC-300_237	geoguide_cautious	pred='C'	gold='C'	complete=True	duration_s=7.94
CALL MathVista-MC-300 MathVista-MC-300_293 raw
OK	MathVista-MC-300	MathVista-MC-300_293	raw	pred='C'	gold='C'	complete=True	duration_s=4.12
CALL MathVista-MC-300 MathVista-MC-300_293 structured_facts
OK	MathVista-MC-300	MathVista-MC-300_293	structured_facts	pred='C'	gold='C'	complete=True	duration_s=4.40
CALL MathVista-MC-300 MathVista-MC-300_293 perception_graph
OK	MathVista-MC-300	MathVista-MC-300_293	perception_graph	pred='C'	gold='C'	complete=True	duration_s=4.75
CALL MathVista-MC-300 MathVista-MC-300_293 construction_plan
OK	MathVista-MC-300	MathVista-MC-300_293	construction_plan	pred='C'	gold='C'	complete=True	duration_s=5.07
CALL MathVista-MC-300 MathVista-MC-300_293 geoguide_solver
OK	MathVista-MC-300	MathVista-MC-300_293	geoguide_solver	pred='C'	gold='C'	complete=True	duration_s=4.74
CALL MathVista-MC-300 MathVista-MC-300_293 geoguide_cautious
OK	MathVista-MC-300	MathVista-MC-300_293	geoguide_cautious	pred='C'	gold='C'	complete=True	duration_s=5.06
CALL MathVista-MC-300 MathVista-MC-300_693 raw
OK	MathVista-MC-300	MathVista-MC-300_693	raw	pred='B'	gold='B'	complete=True	duration_s=12.91
CALL MathVista-MC-300 MathVista-MC-300_693 structured_facts
OK	MathVista-MC-300	MathVista-MC-300_693	structured_facts	pred='B'	gold='B'	complete=True	duration_s=12.95
CALL MathVista-MC-300 MathVista-MC-300_693 perception_graph
OK	MathVista-MC-300	MathVista-MC-300_693	perception_graph	pred='B'	gold='B'	complete=True	duration_s=13.58
CALL MathVista-MC-300 MathVista-MC-300_693 construction_plan
OK	MathVista-MC-300	MathVista-MC-300_693	construction_plan	pred='B'	gold='B'	complete=True	duration_s=13.66
CALL MathVista-MC-300 MathVista-MC-300_693 geoguide_solver
OK	MathVista-MC-300	MathVista-MC-300_693	geoguide_solver	pred='B'	gold='B'	complete=True	duration_s=13.56
CALL MathVista-MC-300 MathVista-MC-300_693 geoguide_cautious
OK	MathVista-MC-300	MathVista-MC-300_693	geoguide_cautious	pred='B'	gold='B'	complete=True	duration_s=13.64
CALL MathVista-MC-300 MathVista-MC-300_91 raw
OK	MathVista-MC-300	MathVista-MC-300_91	raw	pred='B'	gold='B'	complete=True	duration_s=14.59
CALL MathVista-MC-300 MathVista-MC-300_91 structured_facts
OK	MathVista-MC-300	MathVista-MC-300_91	structured_facts	pred='B'	gold='B'	complete=True	duration_s=14.89
CALL MathVista-MC-300 MathVista-MC-300_91 perception_graph
OK	MathVista-MC-300	MathVista-MC-300_91	perception_graph	pred='B'	gold='B'	complete=True	duration_s=15.56
CALL MathVista-MC-300 MathVista-MC-300_91 construction_plan
OK	MathVista-MC-300	MathVista-MC-300_91	construction_plan	pred='B'	gold='B'	complete=True	duration_s=15.58
CALL MathVista-MC-300 MathVista-MC-300_91 geoguide_solver
OK	MathVista-MC-300	MathVista-MC-300_91	geoguide_solver	pred='B'	gold='B'	complete=True	duration_s=15.30
CALL MathVista-MC-300 MathVista-MC-300_91 geoguide_cautious
OK	MathVista-MC-300	MathVista-MC-300_91	geoguide_cautious	pred='B'	gold='B'	complete=True	duration_s=15.62
CALL MathVista-MC-300 MathVista-MC-300_694 raw
FAIL	MathVista-MC-300	MathVista-MC-300_694	raw	pred='A'	gold='D'	complete=True	duration_s=4.27
CALL MathVista-MC-300 MathVista-MC-300_694 structured_facts
FAIL	MathVista-MC-300	MathVista-MC-300_694	structured_facts	pred='A'	gold='D'	complete=True	duration_s=4.32
CALL MathVista-MC-300 MathVista-MC-300_694 perception_graph
FAIL	MathVista-MC-300	MathVista-MC-300_694	perception_graph	pred='A'	gold='D'	complete=True	duration_s=5.18
CALL MathVista-MC-300 MathVista-MC-300_694 construction_plan
FAIL	MathVista-MC-300	MathVista-MC-300_694	construction_plan	pred='A'	gold='D'	complete=True	duration_s=4.95
CALL MathVista-MC-300 MathVista-MC-300_694 geoguide_solver
FAIL	MathVista-MC-300	MathVista-MC-300_694	geoguide_solver	pred='A'	gold='D'	complete=True	duration_s=4.90
CALL MathVista-MC-300 MathVista-MC-300_694 geoguide_cautious
FAIL	MathVista-MC-300	MathVista-MC-300_694	geoguide_cautious	pred='A'	gold='D'	complete=True	duration_s=5.25
CALL MathVista-MC-300 MathVista-MC-300_239 raw
OK	MathVista-MC-300	MathVista-MC-300_239	raw	pred='A'	gold='A'	complete=True	duration_s=14.11
CALL MathVista-MC-300 MathVista-MC-300_239 structured_facts
OK	MathVista-MC-300	MathVista-MC-300_239	structured_facts	pred='A'	gold='A'	complete=True	duration_s=14.43
CALL MathVista-MC-300 MathVista-MC-300_239 perception_graph
OK	MathVista-MC-300	MathVista-MC-300_239	perception_graph	pred='A'	gold='A'	complete=True	duration_s=14.81
CALL MathVista-MC-300 MathVista-MC-300_239 construction_plan
OK	MathVista-MC-300	MathVista-MC-300_239	construction_plan	pred='A'	gold='A'	complete=True	duration_s=15.05
CALL MathVista-MC-300 MathVista-MC-300_239 geoguide_solver
OK	MathVista-MC-300	MathVista-MC-300_239	geoguide_solver	pred='A'	gold='A'	complete=True	duration_s=14.76
CALL MathVista-MC-300 MathVista-MC-300_239 geoguide_cautious
OK	MathVista-MC-300	MathVista-MC-300_239	geoguide_cautious	pred='A'	gold='A'	complete=True	duration_s=15.04
CALL MathVista-MC-300 MathVista-MC-300_684 raw
OK	MathVista-MC-300	MathVista-MC-300_684	raw	pred='C'	gold='C'	complete=True	duration_s=13.20
CALL MathVista-MC-300 MathVista-MC-300_684 structured_facts
OK	MathVista-MC-300	MathVista-MC-300_684	structured_facts	pred='C'	gold='C'	complete=True	duration_s=13.52
CALL MathVista-MC-300 MathVista-MC-300_684 perception_graph
FAIL	MathVista-MC-300	MathVista-MC-300_684	perception_graph	pred='B'	gold='C'	complete=True	duration_s=14.15
CALL MathVista-MC-300 MathVista-MC-300_684 construction_plan
OK	MathVista-MC-300	MathVista-MC-300_684	construction_plan	pred='C'	gold='C'	complete=True	duration_s=14.14
CALL MathVista-MC-300 MathVista-MC-300_684 geoguide_solver
OK	MathVista-MC-300	MathVista-MC-300_684	geoguide_solver	pred='C'	gold='C'	complete=True	duration_s=13.82
CALL MathVista-MC-300 MathVista-MC-300_684 geoguide_cautious
OK	MathVista-MC-300	MathVista-MC-300_684	geoguide_cautious	pred='C'	gold='C'	complete=True	duration_s=14.39
CALL MathVista-MC-300 MathVista-MC-300_491 raw
OK	MathVista-MC-300	MathVista-MC-300_491	raw	pred='B'	gold='B'	complete=True	duration_s=10.22
CALL MathVista-MC-300 MathVista-MC-300_491 structured_facts
OK	MathVista-MC-300	MathVista-MC-300_491	structured_facts	pred='B'	gold='B'	complete=True	duration_s=10.23
CALL MathVista-MC-300 MathVista-MC-300_491 perception_graph
OK	MathVista-MC-300	MathVista-MC-300_491	perception_graph	pred='B'	gold='B'	complete=True	duration_s=10.88
CALL MathVista-MC-300 MathVista-MC-300_491 construction_plan
OK	MathVista-MC-300	MathVista-MC-300_491	construction_plan	pred='B'	gold='B'	complete=True	duration_s=11.20
CALL MathVista-MC-300 MathVista-MC-300_491 geoguide_solver
OK	MathVista-MC-300	MathVista-MC-300_491	geoguide_solver	pred='B'	gold='B'	complete=True	duration_s=10.89
CALL MathVista-MC-300 MathVista-MC-300_491 geoguide_cautious
OK	MathVista-MC-300	MathVista-MC-300_491	geoguide_cautious	pred='B'	gold='B'	complete=True	duration_s=10.93
CALL MathVista-MC-300 MathVista-MC-300_492 raw
FAIL	MathVista-MC-300	MathVista-MC-300_492	raw	pred='B'	gold='D'	complete=True	duration_s=4.81
CALL MathVista-MC-300 MathVista-MC-300_492 structured_facts
FAIL	MathVista-MC-300	MathVista-MC-300_492	structured_facts	pred='B'	gold='D'	complete=True	duration_s=5.15
CALL MathVista-MC-300 MathVista-MC-300_492 perception_graph
FAIL	MathVista-MC-300	MathVista-MC-300_492	perception_graph	pred='B'	gold='D'	complete=True	duration_s=6.09
CALL MathVista-MC-300 MathVista-MC-300_492 construction_plan
FAIL	MathVista-MC-300	MathVista-MC-300_492	construction_plan	pred='B'	gold='D'	complete=True	duration_s=6.40
CALL MathVista-MC-300 MathVista-MC-300_492 geoguide_solver
OK	MathVista-MC-300	MathVista-MC-300_492	geoguide_solver	pred='D'	gold='D'	complete=True	duration_s=5.82
CALL MathVista-MC-300 MathVista-MC-300_492 geoguide_cautious
OK	MathVista-MC-300	MathVista-MC-300_492	geoguide_cautious	pred='D'	gold='D'	complete=True	duration_s=6.13
CALL MathVista-MC-300 MathVista-MC-300_897 raw
FAIL	MathVista-MC-300	MathVista-MC-300_897	raw	pred='A'	gold='B'	complete=True	duration_s=4.39
CALL MathVista-MC-300 MathVista-MC-300_897 structured_facts
OK	MathVista-MC-300	MathVista-MC-300_897	structured_facts	pred='B'	gold='B'	complete=True	duration_s=4.70
CALL MathVista-MC-300 MathVista-MC-300_897 perception_graph
OK	MathVista-MC-300	MathVista-MC-300_897	perception_graph	pred='B'	gold='B'	complete=True	duration_s=5.60
CALL MathVista-MC-300 MathVista-MC-300_897 construction_plan
OK	MathVista-MC-300	MathVista-MC-300_897	construction_plan	pred='B'	gold='B'	complete=True	duration_s=5.59
CALL MathVista-MC-300 MathVista-MC-300_897 geoguide_solver
OK	MathVista-MC-300	MathVista-MC-300_897	geoguide_solver	pred='B'	gold='B'	complete=True	duration_s=5.29
CALL MathVista-MC-300 MathVista-MC-300_897 geoguide_cautious
OK	MathVista-MC-300	MathVista-MC-300_897	geoguide_cautious	pred='B'	gold='B'	complete=True	duration_s=5.66
CALL MathVista-MC-300 MathVista-MC-300_539 raw
OK	MathVista-MC-300	MathVista-MC-300_539	raw	pred='C'	gold='C'	complete=True	duration_s=4.25
CALL MathVista-MC-300 MathVista-MC-300_539 structured_facts
OK	MathVista-MC-300	MathVista-MC-300_539	structured_facts	pred='C'	gold='C'	complete=True	duration_s=4.54
CALL MathVista-MC-300 MathVista-MC-300_539 perception_graph
OK	MathVista-MC-300	MathVista-MC-300_539	perception_graph	pred='C'	gold='C'	complete=True	duration_s=5.13
CALL MathVista-MC-300 MathVista-MC-300_539 construction_plan
OK	MathVista-MC-300	MathVista-MC-300_539	construction_plan	pred='C'	gold='C'	complete=True	duration_s=5.18
CALL MathVista-MC-300 MathVista-MC-300_539 geoguide_solver
OK	MathVista-MC-300	MathVista-MC-300_539	geoguide_solver	pred='C'	gold='C'	complete=True	duration_s=4.82
CALL MathVista-MC-300 MathVista-MC-300_539 geoguide_cautious
OK	MathVista-MC-300	MathVista-MC-300_539	geoguide_cautious	pred='C'	gold='C'	complete=True	duration_s=5.16
CALL MathVista-MC-300 MathVista-MC-300_322 raw
OK	MathVista-MC-300	MathVista-MC-300_322	raw	pred='D'	gold='D'	complete=True	duration_s=4.46
CALL MathVista-MC-300 MathVista-MC-300_322 structured_facts
OK	MathVista-MC-300	MathVista-MC-300_322	structured_facts	pred='D'	gold='D'	complete=True	duration_s=4.73
CALL MathVista-MC-300 MathVista-MC-300_322 perception_graph
OK	MathVista-MC-300	MathVista-MC-300_322	perception_graph	pred='D'	gold='D'	complete=True	duration_s=5.10
CALL MathVista-MC-300 MathVista-MC-300_322 construction_plan
OK	MathVista-MC-300	MathVista-MC-300_322	construction_plan	pred='D'	gold='D'	complete=True	duration_s=5.44
CALL MathVista-MC-300 MathVista-MC-300_322 geoguide_solver
OK	MathVista-MC-300	MathVista-MC-300_322	geoguide_solver	pred='D'	gold='D'	complete=True	duration_s=5.09
CALL MathVista-MC-300 MathVista-MC-300_322 geoguide_cautious
OK	MathVista-MC-300	MathVista-MC-300_322	geoguide_cautious	pred='D'	gold='D'	complete=True	duration_s=5.45
CALL MathVista-MC-300 MathVista-MC-300_302 raw
OK	MathVista-MC-300	MathVista-MC-300_302	raw	pred='D'	gold='D'	complete=True	duration_s=7.87
CALL MathVista-MC-300 MathVista-MC-300_302 structured_facts
OK	MathVista-MC-300	MathVista-MC-300_302	structured_facts	pred='D'	gold='D'	complete=True	duration_s=8.09
CALL MathVista-MC-300 MathVista-MC-300_302 perception_graph
OK	MathVista-MC-300	MathVista-MC-300_302	perception_graph	pred='D'	gold='D'	complete=True	duration_s=8.49
CALL MathVista-MC-300 MathVista-MC-300_302 construction_plan
OK	MathVista-MC-300	MathVista-MC-300_302	construction_plan	pred='D'	gold='D'	complete=True	duration_s=8.80
CALL MathVista-MC-300 MathVista-MC-300_302 geoguide_solver
OK	MathVista-MC-300	MathVista-MC-300_302	geoguide_solver	pred='D'	gold='D'	complete=True	duration_s=8.49
CALL MathVista-MC-300 MathVista-MC-300_302 geoguide_cautious
OK	MathVista-MC-300	MathVista-MC-300_302	geoguide_cautious	pred='D'	gold='D'	complete=True	duration_s=8.79
CALL MathVista-MC-300 MathVista-MC-300_235 raw
OK	MathVista-MC-300	MathVista-MC-300_235	raw	pred='A'	gold='A'	complete=True	duration_s=5.52
CALL MathVista-MC-300 MathVista-MC-300_235 structured_facts
OK	MathVista-MC-300	MathVista-MC-300_235	structured_facts	pred='A'	gold='A'	complete=True	duration_s=5.81
CALL MathVista-MC-300 MathVista-MC-300_235 perception_graph
OK	MathVista-MC-300	MathVista-MC-300_235	perception_graph	pred='A'	gold='A'	complete=True	duration_s=6.45
CALL MathVista-MC-300 MathVista-MC-300_235 construction_plan
OK	MathVista-MC-300	MathVista-MC-300_235	construction_plan	pred='A'	gold='A'	complete=True	duration_s=6.46
CALL MathVista-MC-300 MathVista-MC-300_235 geoguide_solver
OK	MathVista-MC-300	MathVista-MC-300_235	geoguide_solver	pred='A'	gold='A'	complete=True	duration_s=6.13
CALL MathVista-MC-300 MathVista-MC-300_235 geoguide_cautious
OK	MathVista-MC-300	MathVista-MC-300_235	geoguide_cautious	pred='A'	gold='A'	complete=True	duration_s=6.51
CALL MathVista-MC-300 MathVista-MC-300_229 raw
FAIL	MathVista-MC-300	MathVista-MC-300_229	raw	pred=''	gold='E'	complete=False	duration_s=142.98
CALL MathVista-MC-300 MathVista-MC-300_229 structured_facts
FAIL	MathVista-MC-300	MathVista-MC-300_229	structured_facts	pred=''	gold='E'	complete=False	duration_s=142.38
CALL MathVista-MC-300 MathVista-MC-300_229 perception_graph
FAIL	MathVista-MC-300	MathVista-MC-300_229	perception_graph	pred=''	gold='E'	complete=False	duration_s=142.42
CALL MathVista-MC-300 MathVista-MC-300_229 construction_plan
FAIL	MathVista-MC-300	MathVista-MC-300_229	construction_plan	pred=''	gold='E'	complete=False	duration_s=142.43
CALL MathVista-MC-300 MathVista-MC-300_229 geoguide_solver
FAIL	MathVista-MC-300	MathVista-MC-300_229	geoguide_solver	pred=''	gold='E'	complete=False	duration_s=142.36
CALL MathVista-MC-300 MathVista-MC-300_229 geoguide_cautious
FAIL	MathVista-MC-300	MathVista-MC-300_229	geoguide_cautious	pred=''	gold='E'	complete=False	duration_s=142.24
CALL MathVista-MC-300 MathVista-MC-300_342 raw
FAIL	MathVista-MC-300	MathVista-MC-300_342	raw	pred='B'	gold='D'	complete=True	duration_s=6.27
CALL MathVista-MC-300 MathVista-MC-300_342 structured_facts
FAIL	MathVista-MC-300	MathVista-MC-300_342	structured_facts	pred='B'	gold='D'	complete=True	duration_s=6.30
CALL MathVista-MC-300 MathVista-MC-300_342 perception_graph
OK	MathVista-MC-300	MathVista-MC-300_342	perception_graph	pred='D'	gold='D'	complete=True	duration_s=7.23
CALL MathVista-MC-300 MathVista-MC-300_342 construction_plan
OK	MathVista-MC-300	MathVista-MC-300_342	construction_plan	pred='D'	gold='D'	complete=True	duration_s=7.23
CALL MathVista-MC-300 MathVista-MC-300_342 geoguide_solver
FAIL	MathVista-MC-300	MathVista-MC-300_342	geoguide_solver	pred='B'	gold='D'	complete=True	duration_s=6.94
CALL MathVista-MC-300 MathVista-MC-300_342 geoguide_cautious
OK	MathVista-MC-300	MathVista-MC-300_342	geoguide_cautious	pred='D'	gold='D'	complete=True	duration_s=7.52
CALL MathVista-MC-300 MathVista-MC-300_192 raw
OK	MathVista-MC-300	MathVista-MC-300_192	raw	pred='C'	gold='C'	complete=True	duration_s=4.46
CALL MathVista-MC-300 MathVista-MC-300_192 structured_facts
OK	MathVista-MC-300	MathVista-MC-300_192	structured_facts	pred='C'	gold='C'	complete=True	duration_s=4.77
CALL MathVista-MC-300 MathVista-MC-300_192 perception_graph
OK	MathVista-MC-300	MathVista-MC-300_192	perception_graph	pred='C'	gold='C'	complete=True	duration_s=5.13
CALL MathVista-MC-300 MathVista-MC-300_192 construction_plan
OK	MathVista-MC-300	MathVista-MC-300_192	construction_plan	pred='C'	gold='C'	complete=True	duration_s=5.48
CALL MathVista-MC-300 MathVista-MC-300_192 geoguide_solver
OK	MathVista-MC-300	MathVista-MC-300_192	geoguide_solver	pred='C'	gold='C'	complete=True	duration_s=5.13
CALL MathVista-MC-300 MathVista-MC-300_192 geoguide_cautious
OK	MathVista-MC-300	MathVista-MC-300_192	geoguide_cautious	pred='C'	gold='C'	complete=True	duration_s=5.45
CALL MathVista-MC-300 MathVista-MC-300_561 raw
OK	MathVista-MC-300	MathVista-MC-300_561	raw	pred='B'	gold='B'	complete=True	duration_s=14.82
CALL MathVista-MC-300 MathVista-MC-300_561 structured_facts
OK	MathVista-MC-300	MathVista-MC-300_561	structured_facts	pred='B'	gold='B'	complete=True	duration_s=14.90
CALL MathVista-MC-300 MathVista-MC-300_561 perception_graph
OK	MathVista-MC-300	MathVista-MC-300_561	perception_graph	pred='B'	gold='B'	complete=True	duration_s=15.53
CALL MathVista-MC-300 MathVista-MC-300_561 construction_plan
OK	MathVista-MC-300	MathVista-MC-300_561	construction_plan	pred='B'	gold='B'	complete=True	duration_s=15.53
CALL MathVista-MC-300 MathVista-MC-300_561 geoguide_solver
OK	MathVista-MC-300	MathVista-MC-300_561	geoguide_solver	pred='B'	gold='B'	complete=True	duration_s=15.51
CALL MathVista-MC-300 MathVista-MC-300_561 geoguide_cautious
OK	MathVista-MC-300	MathVista-MC-300_561	geoguide_cautious	pred='B'	gold='B'	complete=True	duration_s=15.86
CALL MathVista-MC-300 MathVista-MC-300_615 raw
OK	MathVista-MC-300	MathVista-MC-300_615	raw	pred='D'	gold='D'	complete=True	duration_s=5.48
CALL MathVista-MC-300 MathVista-MC-300_615 structured_facts
OK	MathVista-MC-300	MathVista-MC-300_615	structured_facts	pred='D'	gold='D'	complete=True	duration_s=5.79
CALL MathVista-MC-300 MathVista-MC-300_615 perception_graph
OK	MathVista-MC-300	MathVista-MC-300_615	perception_graph	pred='D'	gold='D'	complete=True	duration_s=6.44
CALL MathVista-MC-300 MathVista-MC-300_615 construction_plan
OK	MathVista-MC-300	MathVista-MC-300_615	construction_plan	pred='D'	gold='D'	complete=True	duration_s=6.75
CALL MathVista-MC-300 MathVista-MC-300_615 geoguide_solver
OK	MathVista-MC-300	MathVista-MC-300_615	geoguide_solver	pred='D'	gold='D'	complete=True	duration_s=6.14
CALL MathVista-MC-300 MathVista-MC-300_615 geoguide_cautious
OK	MathVista-MC-300	MathVista-MC-300_615	geoguide_cautious	pred='D'	gold='D'	complete=True	duration_s=6.76
CALL MathVista-MC-300 MathVista-MC-300_476 raw
OK	MathVista-MC-300	MathVista-MC-300_476	raw	pred='A'	gold='A'	complete=True	duration_s=10.38
CALL MathVista-MC-300 MathVista-MC-300_476 structured_facts
OK	MathVista-MC-300	MathVista-MC-300_476	structured_facts	pred='A'	gold='A'	complete=True	duration_s=10.72
CALL MathVista-MC-300 MathVista-MC-300_476 perception_graph
OK	MathVista-MC-300	MathVista-MC-300_476	perception_graph	pred='A'	gold='A'	complete=True	duration_s=11.10
CALL MathVista-MC-300 MathVista-MC-300_476 construction_plan
OK	MathVista-MC-300	MathVista-MC-300_476	construction_plan	pred='A'	gold='A'	complete=True	duration_s=11.40
CALL MathVista-MC-300 MathVista-MC-300_476 geoguide_solver
OK	MathVista-MC-300	MathVista-MC-300_476	geoguide_solver	pred='A'	gold='A'	complete=True	duration_s=11.08
CALL MathVista-MC-300 MathVista-MC-300_476 geoguide_cautious
OK	MathVista-MC-300	MathVista-MC-300_476	geoguide_cautious	pred='A'	gold='A'	complete=True	duration_s=11.64
CALL MathVista-MC-300 MathVista-MC-300_514 raw
OK	MathVista-MC-300	MathVista-MC-300_514	raw	pred='A'	gold='A'	complete=True	duration_s=6.44
CALL MathVista-MC-300 MathVista-MC-300_514 structured_facts
OK	MathVista-MC-300	MathVista-MC-300_514	structured_facts	pred='A'	gold='A'	complete=True	duration_s=6.69
CALL MathVista-MC-300 MathVista-MC-300_514 perception_graph
OK	MathVista-MC-300	MathVista-MC-300_514	perception_graph	pred='A'	gold='A'	complete=True	duration_s=7.09
CALL MathVista-MC-300 MathVista-MC-300_514 construction_plan
OK	MathVista-MC-300	MathVista-MC-300_514	construction_plan	pred='A'	gold='A'	complete=True	duration_s=7.11
CALL MathVista-MC-300 MathVista-MC-300_514 geoguide_solver
OK	MathVista-MC-300	MathVista-MC-300_514	geoguide_solver	pred='A'	gold='A'	complete=True	duration_s=7.05
CALL MathVista-MC-300 MathVista-MC-300_514 geoguide_cautious
OK	MathVista-MC-300	MathVista-MC-300_514	geoguide_cautious	pred='A'	gold='A'	complete=True	duration_s=7.41
CALL MathVista-MC-300 MathVista-MC-300_391 raw
OK	MathVista-MC-300	MathVista-MC-300_391	raw	pred='D'	gold='D'	complete=True	duration_s=4.16
CALL MathVista-MC-300 MathVista-MC-300_391 structured_facts
OK	MathVista-MC-300	MathVista-MC-300_391	structured_facts	pred='D'	gold='D'	complete=True	duration_s=4.44
CALL MathVista-MC-300 MathVista-MC-300_391 perception_graph
OK	MathVista-MC-300	MathVista-MC-300_391	perception_graph	pred='D'	gold='D'	complete=True	duration_s=4.83
CALL MathVista-MC-300 MathVista-MC-300_391 construction_plan
OK	MathVista-MC-300	MathVista-MC-300_391	construction_plan	pred='D'	gold='D'	complete=True	duration_s=5.13
CALL MathVista-MC-300 MathVista-MC-300_391 geoguide_solver
OK	MathVista-MC-300	MathVista-MC-300_391	geoguide_solver	pred='D'	gold='D'	complete=True	duration_s=4.85
CALL MathVista-MC-300 MathVista-MC-300_391 geoguide_cautious
OK	MathVista-MC-300	MathVista-MC-300_391	geoguide_cautious	pred='D'	gold='D'	complete=True	duration_s=5.17
CALL MathVista-MC-300 MathVista-MC-300_669 raw
FAIL	MathVista-MC-300	MathVista-MC-300_669	raw	pred='C'	gold='D'	complete=True	duration_s=4.74
CALL MathVista-MC-300 MathVista-MC-300_669 structured_facts
FAIL	MathVista-MC-300	MathVista-MC-300_669	structured_facts	pred='C'	gold='D'	complete=True	duration_s=5.07
CALL MathVista-MC-300 MathVista-MC-300_669 perception_graph
FAIL	MathVista-MC-300	MathVista-MC-300_669	perception_graph	pred='C'	gold='D'	complete=True	duration_s=5.73
CALL MathVista-MC-300 MathVista-MC-300_669 construction_plan
FAIL	MathVista-MC-300	MathVista-MC-300_669	construction_plan	pred='C'	gold='D'	complete=True	duration_s=5.74
CALL MathVista-MC-300 MathVista-MC-300_669 geoguide_solver
FAIL	MathVista-MC-300	MathVista-MC-300_669	geoguide_solver	pred='C'	gold='D'	complete=True	duration_s=5.44
CALL MathVista-MC-300 MathVista-MC-300_669 geoguide_cautious
FAIL	MathVista-MC-300	MathVista-MC-300_669	geoguide_cautious	pred='C'	gold='D'	complete=True	duration_s=5.76
CALL MathVista-MC-300 MathVista-MC-300_962 raw
OK	MathVista-MC-300	MathVista-MC-300_962	raw	pred='C'	gold='C'	complete=True	duration_s=5.96
CALL MathVista-MC-300 MathVista-MC-300_962 structured_facts
OK	MathVista-MC-300	MathVista-MC-300_962	structured_facts	pred='C'	gold='C'	complete=True	duration_s=6.04
CALL MathVista-MC-300 MathVista-MC-300_962 perception_graph
OK	MathVista-MC-300	MathVista-MC-300_962	perception_graph	pred='C'	gold='C'	complete=True	duration_s=6.65
CALL MathVista-MC-300 MathVista-MC-300_962 construction_plan
OK	MathVista-MC-300	MathVista-MC-300_962	construction_plan	pred='C'	gold='C'	complete=True	duration_s=6.68
CALL MathVista-MC-300 MathVista-MC-300_962 geoguide_solver
OK	MathVista-MC-300	MathVista-MC-300_962	geoguide_solver	pred='C'	gold='C'	complete=True	duration_s=6.61
CALL MathVista-MC-300 MathVista-MC-300_962 geoguide_cautious
OK	MathVista-MC-300	MathVista-MC-300_962	geoguide_cautious	pred='C'	gold='C'	complete=True	duration_s=6.69
CALL MathVista-MC-300 MathVista-MC-300_554 raw
OK	MathVista-MC-300	MathVista-MC-300_554	raw	pred='A'	gold='A'	complete=True	duration_s=8.97
CALL MathVista-MC-300 MathVista-MC-300_554 structured_facts
OK	MathVista-MC-300	MathVista-MC-300_554	structured_facts	pred='A'	gold='A'	complete=True	duration_s=9.24
CALL MathVista-MC-300 MathVista-MC-300_554 perception_graph
OK	MathVista-MC-300	MathVista-MC-300_554	perception_graph	pred='A'	gold='A'	complete=True	duration_s=9.90
CALL MathVista-MC-300 MathVista-MC-300_554 construction_plan
OK	MathVista-MC-300	MathVista-MC-300_554	construction_plan	pred='A'	gold='A'	complete=True	duration_s=9.94
CALL MathVista-MC-300 MathVista-MC-300_554 geoguide_solver
OK	MathVista-MC-300	MathVista-MC-300_554	geoguide_solver	pred='A'	gold='A'	complete=True	duration_s=9.64
CALL MathVista-MC-300 MathVista-MC-300_554 geoguide_cautious
OK	MathVista-MC-300	MathVista-MC-300_554	geoguide_cautious	pred='A'	gold='A'	complete=True	duration_s=9.97
CALL MathVista-MC-300 MathVista-MC-300_645 raw
OK	MathVista-MC-300	MathVista-MC-300_645	raw	pred='A'	gold='A'	complete=True	duration_s=4.22
CALL MathVista-MC-300 MathVista-MC-300_645 structured_facts
OK	MathVista-MC-300	MathVista-MC-300_645	structured_facts	pred='A'	gold='A'	complete=True	duration_s=4.52
CALL MathVista-MC-300 MathVista-MC-300_645 perception_graph
OK	MathVista-MC-300	MathVista-MC-300_645	perception_graph	pred='A'	gold='A'	complete=True	duration_s=5.39
CALL MathVista-MC-300 MathVista-MC-300_645 construction_plan
OK	MathVista-MC-300	MathVista-MC-300_645	construction_plan	pred='A'	gold='A'	complete=True	duration_s=5.15
CALL MathVista-MC-300 MathVista-MC-300_645 geoguide_solver
OK	MathVista-MC-300	MathVista-MC-300_645	geoguide_solver	pred='A'	gold='A'	complete=True	duration_s=4.85
CALL MathVista-MC-300 MathVista-MC-300_645 geoguide_cautious
OK	MathVista-MC-300	MathVista-MC-300_645	geoguide_cautious	pred='A'	gold='A'	complete=True	duration_s=5.46
CALL MathVista-MC-300 MathVista-MC-300_537 raw
OK	MathVista-MC-300	MathVista-MC-300_537	raw	pred='B'	gold='B'	complete=True	duration_s=14.59
CALL MathVista-MC-300 MathVista-MC-300_537 structured_facts
OK	MathVista-MC-300	MathVista-MC-300_537	structured_facts	pred='B'	gold='B'	complete=True	duration_s=14.94
CALL MathVista-MC-300 MathVista-MC-300_537 perception_graph
OK	MathVista-MC-300	MathVista-MC-300_537	perception_graph	pred='B'	gold='B'	complete=True	duration_s=15.59
CALL MathVista-MC-300 MathVista-MC-300_537 construction_plan
OK	MathVista-MC-300	MathVista-MC-300_537	construction_plan	pred='B'	gold='B'	complete=True	duration_s=15.58
CALL MathVista-MC-300 MathVista-MC-300_537 geoguide_solver
OK	MathVista-MC-300	MathVista-MC-300_537	geoguide_solver	pred='B'	gold='B'	complete=True	duration_s=15.30
CALL MathVista-MC-300 MathVista-MC-300_537 geoguide_cautious
OK	MathVista-MC-300	MathVista-MC-300_537	geoguide_cautious	pred='B'	gold='B'	complete=True	duration_s=15.62
CALL MathVista-MC-300 MathVista-MC-300_110 raw
OK	MathVista-MC-300	MathVista-MC-300_110	raw	pred='B'	gold='B'	complete=True	duration_s=24.87
CALL MathVista-MC-300 MathVista-MC-300_110 structured_facts
OK	MathVista-MC-300	MathVista-MC-300_110	structured_facts	pred='B'	gold='B'	complete=True	duration_s=24.87
CALL MathVista-MC-300 MathVista-MC-300_110 perception_graph
OK	MathVista-MC-300	MathVista-MC-300_110	perception_graph	pred='B'	gold='B'	complete=True	duration_s=25.60
CALL MathVista-MC-300 MathVista-MC-300_110 construction_plan
OK	MathVista-MC-300	MathVista-MC-300_110	construction_plan	pred='B'	gold='B'	complete=True	duration_s=25.61
CALL MathVista-MC-300 MathVista-MC-300_110 geoguide_solver
OK	MathVista-MC-300	MathVista-MC-300_110	geoguide_solver	pred='B'	gold='B'	complete=True	duration_s=25.52
CALL MathVista-MC-300 MathVista-MC-300_110 geoguide_cautious
OK	MathVista-MC-300	MathVista-MC-300_110	geoguide_cautious	pred='B'	gold='B'	complete=True	duration_s=25.91
CALL MathVista-MC-300 MathVista-MC-300_114 raw
OK	MathVista-MC-300	MathVista-MC-300_114	raw	pred='B'	gold='B'	complete=True	duration_s=6.15
CALL MathVista-MC-300 MathVista-MC-300_114 structured_facts
OK	MathVista-MC-300	MathVista-MC-300_114	structured_facts	pred='B'	gold='B'	complete=True	duration_s=6.45
CALL MathVista-MC-300 MathVista-MC-300_114 perception_graph
OK	MathVista-MC-300	MathVista-MC-300_114	perception_graph	pred='B'	gold='B'	complete=True	duration_s=7.12
CALL MathVista-MC-300 MathVista-MC-300_114 construction_plan
OK	MathVista-MC-300	MathVista-MC-300_114	construction_plan	pred='B'	gold='B'	complete=True	duration_s=6.87
CALL MathVista-MC-300 MathVista-MC-300_114 geoguide_solver
OK	MathVista-MC-300	MathVista-MC-300_114	geoguide_solver	pred='B'	gold='B'	complete=True	duration_s=6.56
CALL MathVista-MC-300 MathVista-MC-300_114 geoguide_cautious
OK	MathVista-MC-300	MathVista-MC-300_114	geoguide_cautious	pred='B'	gold='B'	complete=True	duration_s=6.90
CALL MathVista-MC-300 MathVista-MC-300_586 raw
OK	MathVista-MC-300	MathVista-MC-300_586	raw	pred='C'	gold='C'	complete=True	duration_s=4.56
CALL MathVista-MC-300 MathVista-MC-300_586 structured_facts
OK	MathVista-MC-300	MathVista-MC-300_586	structured_facts	pred='C'	gold='C'	complete=True	duration_s=5.12
CALL MathVista-MC-300 MathVista-MC-300_586 perception_graph
OK	MathVista-MC-300	MathVista-MC-300_586	perception_graph	pred='C'	gold='C'	complete=True	duration_s=5.79
CALL MathVista-MC-300 MathVista-MC-300_586 construction_plan
OK	MathVista-MC-300	MathVista-MC-300_586	construction_plan	pred='C'	gold='C'	complete=True	duration_s=5.83
CALL MathVista-MC-300 MathVista-MC-300_586 geoguide_solver
OK	MathVista-MC-300	MathVista-MC-300_586	geoguide_solver	pred='C'	gold='C'	complete=True	duration_s=5.52
CALL MathVista-MC-300 MathVista-MC-300_586 geoguide_cautious
OK	MathVista-MC-300	MathVista-MC-300_586	geoguide_cautious	pred='C'	gold='C'	complete=True	duration_s=5.82
CALL MathVista-MC-300 MathVista-MC-300_786 raw
OK	MathVista-MC-300	MathVista-MC-300_786	raw	pred='C'	gold='C'	complete=True	duration_s=4.10
CALL MathVista-MC-300 MathVista-MC-300_786 structured_facts
OK	MathVista-MC-300	MathVista-MC-300_786	structured_facts	pred='C'	gold='C'	complete=True	duration_s=4.41
CALL MathVista-MC-300 MathVista-MC-300_786 perception_graph
OK	MathVista-MC-300	MathVista-MC-300_786	perception_graph	pred='C'	gold='C'	complete=True	duration_s=4.75
CALL MathVista-MC-300 MathVista-MC-300_786 construction_plan
OK	MathVista-MC-300	MathVista-MC-300_786	construction_plan	pred='C'	gold='C'	complete=True	duration_s=5.05
CALL MathVista-MC-300 MathVista-MC-300_786 geoguide_solver
OK	MathVista-MC-300	MathVista-MC-300_786	geoguide_solver	pred='C'	gold='C'	complete=True	duration_s=4.73
CALL MathVista-MC-300 MathVista-MC-300_786 geoguide_cautious
OK	MathVista-MC-300	MathVista-MC-300_786	geoguide_cautious	pred='C'	gold='C'	complete=True	duration_s=5.08
CALL MathVista-MC-300 MathVista-MC-300_248 raw
OK	MathVista-MC-300	MathVista-MC-300_248	raw	pred='B'	gold='B'	complete=True	duration_s=14.64
CALL MathVista-MC-300 MathVista-MC-300_248 structured_facts
OK	MathVista-MC-300	MathVista-MC-300_248	structured_facts	pred='B'	gold='B'	complete=True	duration_s=14.91
CALL MathVista-MC-300 MathVista-MC-300_248 perception_graph
OK	MathVista-MC-300	MathVista-MC-300_248	perception_graph	pred='B'	gold='B'	complete=True	duration_s=15.56
CALL MathVista-MC-300 MathVista-MC-300_248 construction_plan
OK	MathVista-MC-300	MathVista-MC-300_248	construction_plan	pred='B'	gold='B'	complete=True	duration_s=15.61
CALL MathVista-MC-300 MathVista-MC-300_248 geoguide_solver
OK	MathVista-MC-300	MathVista-MC-300_248	geoguide_solver	pred='B'	gold='B'	complete=True	duration_s=15.60
CALL MathVista-MC-300 MathVista-MC-300_248 geoguide_cautious
OK	MathVista-MC-300	MathVista-MC-300_248	geoguide_cautious	pred='B'	gold='B'	complete=True	duration_s=15.67
CALL MathVista-MC-300 MathVista-MC-300_823 raw
OK	MathVista-MC-300	MathVista-MC-300_823	raw	pred='A'	gold='A'	complete=True	duration_s=60.28
CALL MathVista-MC-300 MathVista-MC-300_823 structured_facts
OK	MathVista-MC-300	MathVista-MC-300_823	structured_facts	pred='A'	gold='A'	complete=True	duration_s=60.39
CALL MathVista-MC-300 MathVista-MC-300_823 perception_graph
OK	MathVista-MC-300	MathVista-MC-300_823	perception_graph	pred='A'	gold='A'	complete=True	duration_s=61.15
CALL MathVista-MC-300 MathVista-MC-300_823 construction_plan
OK	MathVista-MC-300	MathVista-MC-300_823	construction_plan	pred='A'	gold='A'	complete=True	duration_s=61.26
CALL MathVista-MC-300 MathVista-MC-300_823 geoguide_solver
OK	MathVista-MC-300	MathVista-MC-300_823	geoguide_solver	pred='A'	gold='A'	complete=True	duration_s=61.18
CALL MathVista-MC-300 MathVista-MC-300_823 geoguide_cautious
OK	MathVista-MC-300	MathVista-MC-300_823	geoguide_cautious	pred='A'	gold='A'	complete=True	duration_s=61.38
CALL MathVista-MC-300 MathVista-MC-300_32 raw
OK	MathVista-MC-300	MathVista-MC-300_32	raw	pred='D'	gold='D'	complete=True	duration_s=4.41
CALL MathVista-MC-300 MathVista-MC-300_32 structured_facts
OK	MathVista-MC-300	MathVista-MC-300_32	structured_facts	pred='D'	gold='D'	complete=True	duration_s=4.70
CALL MathVista-MC-300 MathVista-MC-300_32 perception_graph
OK	MathVista-MC-300	MathVista-MC-300_32	perception_graph	pred='D'	gold='D'	complete=True	duration_s=5.62
CALL MathVista-MC-300 MathVista-MC-300_32 construction_plan
OK	MathVista-MC-300	MathVista-MC-300_32	construction_plan	pred='D'	gold='D'	complete=True	duration_s=5.35
CALL MathVista-MC-300 MathVista-MC-300_32 geoguide_solver
OK	MathVista-MC-300	MathVista-MC-300_32	geoguide_solver	pred='D'	gold='D'	complete=True	duration_s=5.01
CALL MathVista-MC-300 MathVista-MC-300_32 geoguide_cautious
OK	MathVista-MC-300	MathVista-MC-300_32	geoguide_cautious	pred='D'	gold='D'	complete=True	duration_s=5.36
CALL MathVista-MC-300 MathVista-MC-300_275 raw
FAIL	MathVista-MC-300	MathVista-MC-300_275	raw	pred='C'	gold='D'	complete=True	duration_s=4.75
CALL MathVista-MC-300 MathVista-MC-300_275 structured_facts
FAIL	MathVista-MC-300	MathVista-MC-300_275	structured_facts	pred='C'	gold='D'	complete=True	duration_s=5.01
CALL MathVista-MC-300 MathVista-MC-300_275 perception_graph
FAIL	MathVista-MC-300	MathVista-MC-300_275	perception_graph	pred='C'	gold='D'	complete=True	duration_s=5.68
CALL MathVista-MC-300 MathVista-MC-300_275 construction_plan
FAIL	MathVista-MC-300	MathVista-MC-300_275	construction_plan	pred='C'	gold='D'	complete=True	duration_s=5.70
CALL MathVista-MC-300 MathVista-MC-300_275 geoguide_solver
FAIL	MathVista-MC-300	MathVista-MC-300_275	geoguide_solver	pred='C'	gold='D'	complete=True	duration_s=5.70
CALL MathVista-MC-300 MathVista-MC-300_275 geoguide_cautious
FAIL	MathVista-MC-300	MathVista-MC-300_275	geoguide_cautious	pred='C'	gold='D'	complete=True	duration_s=5.74
CALL MathVista-MC-300 MathVista-MC-300_954 raw
FAIL	MathVista-MC-300	MathVista-MC-300_954	raw	pred='B'	gold='D'	complete=True	duration_s=7.14
CALL MathVista-MC-300 MathVista-MC-300_954 structured_facts
FAIL	MathVista-MC-300	MathVista-MC-300_954	structured_facts	pred='B'	gold='D'	complete=True	duration_s=7.41
CALL MathVista-MC-300 MathVista-MC-300_954 perception_graph
FAIL	MathVista-MC-300	MathVista-MC-300_954	perception_graph	pred='B'	gold='D'	complete=True	duration_s=8.05
CALL MathVista-MC-300 MathVista-MC-300_954 construction_plan
FAIL	MathVista-MC-300	MathVista-MC-300_954	construction_plan	pred='B'	gold='D'	complete=True	duration_s=8.08
CALL MathVista-MC-300 MathVista-MC-300_954 geoguide_solver
FAIL	MathVista-MC-300	MathVista-MC-300_954	geoguide_solver	pred='B'	gold='D'	complete=True	duration_s=7.77
CALL MathVista-MC-300 MathVista-MC-300_954 geoguide_cautious
FAIL	MathVista-MC-300	MathVista-MC-300_954	geoguide_cautious	pred='B'	gold='D'	complete=True	duration_s=8.12
CALL MathVista-MC-300 MathVista-MC-300_48 raw
FAIL	MathVista-MC-300	MathVista-MC-300_48	raw	pred='C'	gold='B'	complete=True	duration_s=12.33
CALL MathVista-MC-300 MathVista-MC-300_48 structured_facts
FAIL	MathVista-MC-300	MathVista-MC-300_48	structured_facts	pred='C'	gold='B'	complete=True	duration_s=12.71
CALL MathVista-MC-300 MathVista-MC-300_48 perception_graph
FAIL	MathVista-MC-300	MathVista-MC-300_48	perception_graph	pred='C'	gold='B'	complete=True	duration_s=13.08
CALL MathVista-MC-300 MathVista-MC-300_48 construction_plan
FAIL	MathVista-MC-300	MathVista-MC-300_48	construction_plan	pred='C'	gold='B'	complete=True	duration_s=13.38
CALL MathVista-MC-300 MathVista-MC-300_48 geoguide_solver
FAIL	MathVista-MC-300	MathVista-MC-300_48	geoguide_solver	pred='C'	gold='B'	complete=True	duration_s=13.04
CALL MathVista-MC-300 MathVista-MC-300_48 geoguide_cautious
FAIL	MathVista-MC-300	MathVista-MC-300_48	geoguide_cautious	pred='C'	gold='B'	complete=True	duration_s=13.34
CALL MathVista-MC-300 MathVista-MC-300_545 raw
OK	MathVista-MC-300	MathVista-MC-300_545	raw	pred='A'	gold='A'	complete=True	duration_s=14.13
CALL MathVista-MC-300 MathVista-MC-300_545 structured_facts
OK	MathVista-MC-300	MathVista-MC-300_545	structured_facts	pred='A'	gold='A'	complete=True	duration_s=14.40
CALL MathVista-MC-300 MathVista-MC-300_545 perception_graph
OK	MathVista-MC-300	MathVista-MC-300_545	perception_graph	pred='A'	gold='A'	complete=True	duration_s=14.79
CALL MathVista-MC-300 MathVista-MC-300_545 construction_plan
OK	MathVista-MC-300	MathVista-MC-300_545	construction_plan	pred='A'	gold='A'	complete=True	duration_s=15.05
CALL MathVista-MC-300 MathVista-MC-300_545 geoguide_solver
OK	MathVista-MC-300	MathVista-MC-300_545	geoguide_solver	pred='A'	gold='A'	complete=True	duration_s=14.75
CALL MathVista-MC-300 MathVista-MC-300_545 geoguide_cautious
OK	MathVista-MC-300	MathVista-MC-300_545	geoguide_cautious	pred='A'	gold='A'	complete=True	duration_s=15.08
CALL MathVista-MC-300 MathVista-MC-300_536 raw
OK	MathVista-MC-300	MathVista-MC-300_536	raw	pred='D'	gold='D'	complete=True	duration_s=4.48
CALL MathVista-MC-300 MathVista-MC-300_536 structured_facts
OK	MathVista-MC-300	MathVista-MC-300_536	structured_facts	pred='D'	gold='D'	complete=True	duration_s=4.76
CALL MathVista-MC-300 MathVista-MC-300_536 perception_graph
OK	MathVista-MC-300	MathVista-MC-300_536	perception_graph	pred='D'	gold='D'	complete=True	duration_s=5.16
CALL MathVista-MC-300 MathVista-MC-300_536 construction_plan
OK	MathVista-MC-300	MathVista-MC-300_536	construction_plan	pred='D'	gold='D'	complete=True	duration_s=5.21
CALL MathVista-MC-300 MathVista-MC-300_536 geoguide_solver
OK	MathVista-MC-300	MathVista-MC-300_536	geoguide_solver	pred='D'	gold='D'	complete=True	duration_s=5.14
CALL MathVista-MC-300 MathVista-MC-300_536 geoguide_cautious
OK	MathVista-MC-300	MathVista-MC-300_536	geoguide_cautious	pred='D'	gold='D'	complete=True	duration_s=5.46
CALL MathVista-MC-300 MathVista-MC-300_105 raw
OK	MathVista-MC-300	MathVista-MC-300_105	raw	pred='A'	gold='A'	complete=True	duration_s=13.60
CALL MathVista-MC-300 MathVista-MC-300_105 structured_facts
OK	MathVista-MC-300	MathVista-MC-300_105	structured_facts	pred='A'	gold='A'	complete=True	duration_s=13.92
CALL MathVista-MC-300 MathVista-MC-300_105 perception_graph
OK	MathVista-MC-300	MathVista-MC-300_105	perception_graph	pred='A'	gold='A'	complete=True	duration_s=14.29
CALL MathVista-MC-300 MathVista-MC-300_105 construction_plan
OK	MathVista-MC-300	MathVista-MC-300_105	construction_plan	pred='A'	gold='A'	complete=True	duration_s=14.58
CALL MathVista-MC-300 MathVista-MC-300_105 geoguide_solver
OK	MathVista-MC-300	MathVista-MC-300_105	geoguide_solver	pred='A'	gold='A'	complete=True	duration_s=14.29
CALL MathVista-MC-300 MathVista-MC-300_105 geoguide_cautious
OK	MathVista-MC-300	MathVista-MC-300_105	geoguide_cautious	pred='A'	gold='A'	complete=True	duration_s=14.60
CALL MathVista-MC-300 MathVista-MC-300_132 raw
FAIL	MathVista-MC-300	MathVista-MC-300_132	raw	pred='D'	gold='C'	complete=True	duration_s=4.48
CALL MathVista-MC-300 MathVista-MC-300_132 structured_facts
FAIL	MathVista-MC-300	MathVista-MC-300_132	structured_facts	pred='D'	gold='C'	complete=True	duration_s=4.55
CALL MathVista-MC-300 MathVista-MC-300_132 perception_graph
FAIL	MathVista-MC-300	MathVista-MC-300_132	perception_graph	pred='D'	gold='C'	complete=True	duration_s=5.14
CALL MathVista-MC-300 MathVista-MC-300_132 construction_plan
FAIL	MathVista-MC-300	MathVista-MC-300_132	construction_plan	pred='D'	gold='C'	complete=True	duration_s=5.17
CALL MathVista-MC-300 MathVista-MC-300_132 geoguide_solver
FAIL	MathVista-MC-300	MathVista-MC-300_132	geoguide_solver	pred='D'	gold='C'	complete=True	duration_s=5.12
CALL MathVista-MC-300 MathVista-MC-300_132 geoguide_cautious
FAIL	MathVista-MC-300	MathVista-MC-300_132	geoguide_cautious	pred='D'	gold='C'	complete=True	duration_s=5.19
CALL MathVista-MC-300 MathVista-MC-300_971 raw
OK	MathVista-MC-300	MathVista-MC-300_971	raw	pred='B'	gold='B'	complete=True	duration_s=13.03
CALL MathVista-MC-300 MathVista-MC-300_971 structured_facts
OK	MathVista-MC-300	MathVista-MC-300_971	structured_facts	pred='B'	gold='B'	complete=True	duration_s=13.09
CALL MathVista-MC-300 MathVista-MC-300_971 perception_graph
OK	MathVista-MC-300	MathVista-MC-300_971	perception_graph	pred='B'	gold='B'	complete=True	duration_s=13.73
CALL MathVista-MC-300 MathVista-MC-300_971 construction_plan
OK	MathVista-MC-300	MathVista-MC-300_971	construction_plan	pred='B'	gold='B'	complete=True	duration_s=13.73
CALL MathVista-MC-300 MathVista-MC-300_971 geoguide_solver
OK	MathVista-MC-300	MathVista-MC-300_971	geoguide_solver	pred='B'	gold='B'	complete=True	duration_s=13.74
CALL MathVista-MC-300 MathVista-MC-300_971 geoguide_cautious
OK	MathVista-MC-300	MathVista-MC-300_971	geoguide_cautious	pred='B'	gold='B'	complete=True	duration_s=13.74
CALL MathVista-MC-300 MathVista-MC-300_431 raw
OK	MathVista-MC-300	MathVista-MC-300_431	raw	pred='C'	gold='C'	complete=True	duration_s=6.67
CALL MathVista-MC-300 MathVista-MC-300_431 structured_facts
OK	MathVista-MC-300	MathVista-MC-300_431	structured_facts	pred='C'	gold='C'	complete=True	duration_s=6.99
CALL MathVista-MC-300 MathVista-MC-300_431 perception_graph
OK	MathVista-MC-300	MathVista-MC-300_431	perception_graph	pred='C'	gold='C'	complete=True	duration_s=7.35
CALL MathVista-MC-300 MathVista-MC-300_431 construction_plan
OK	MathVista-MC-300	MathVista-MC-300_431	construction_plan	pred='C'	gold='C'	complete=True	duration_s=7.67
CALL MathVista-MC-300 MathVista-MC-300_431 geoguide_solver
OK	MathVista-MC-300	MathVista-MC-300_431	geoguide_solver	pred='C'	gold='C'	complete=True	duration_s=7.36
CALL MathVista-MC-300 MathVista-MC-300_431 geoguide_cautious
OK	MathVista-MC-300	MathVista-MC-300_431	geoguide_cautious	pred='C'	gold='C'	complete=True	duration_s=7.66
CALL MathVista-MC-300 MathVista-MC-300_414 raw
OK	MathVista-MC-300	MathVista-MC-300_414	raw	pred='C'	gold='C'	complete=True	duration_s=9.73
CALL MathVista-MC-300 MathVista-MC-300_414 structured_facts
OK	MathVista-MC-300	MathVista-MC-300_414	structured_facts	pred='C'	gold='C'	complete=True	duration_s=10.06
CALL MathVista-MC-300 MathVista-MC-300_414 perception_graph
OK	MathVista-MC-300	MathVista-MC-300_414	perception_graph	pred='C'	gold='C'	complete=True	duration_s=10.43
CALL MathVista-MC-300 MathVista-MC-300_414 construction_plan
OK	MathVista-MC-300	MathVista-MC-300_414	construction_plan	pred='C'	gold='C'	complete=True	duration_s=10.72
CALL MathVista-MC-300 MathVista-MC-300_414 geoguide_solver
OK	MathVista-MC-300	MathVista-MC-300_414	geoguide_solver	pred='C'	gold='C'	complete=True	duration_s=10.40
CALL MathVista-MC-300 MathVista-MC-300_414 geoguide_cautious
OK	MathVista-MC-300	MathVista-MC-300_414	geoguide_cautious	pred='C'	gold='C'	complete=True	duration_s=11.02
CALL MathVista-MC-300 MathVista-MC-300_58 raw
OK	MathVista-MC-300	MathVista-MC-300_58	raw	pred='A'	gold='A'	complete=True	duration_s=14.06
CALL MathVista-MC-300 MathVista-MC-300_58 structured_facts
OK	MathVista-MC-300	MathVista-MC-300_58	structured_facts	pred='A'	gold='A'	complete=True	duration_s=14.40
CALL MathVista-MC-300 MathVista-MC-300_58 perception_graph
OK	MathVista-MC-300	MathVista-MC-300_58	perception_graph	pred='A'	gold='A'	complete=True	duration_s=14.73
CALL MathVista-MC-300 MathVista-MC-300_58 construction_plan
OK	MathVista-MC-300	MathVista-MC-300_58	construction_plan	pred='A'	gold='A'	complete=True	duration_s=15.09
CALL MathVista-MC-300 MathVista-MC-300_58 geoguide_solver
OK	MathVista-MC-300	MathVista-MC-300_58	geoguide_solver	pred='A'	gold='A'	complete=True	duration_s=14.75
CALL MathVista-MC-300 MathVista-MC-300_58 geoguide_cautious
OK	MathVista-MC-300	MathVista-MC-300_58	geoguide_cautious	pred='A'	gold='A'	complete=True	duration_s=15.09
CALL MathVista-MC-300 MathVista-MC-300_634 raw
OK	MathVista-MC-300	MathVista-MC-300_634	raw	pred='D'	gold='D'	complete=True	duration_s=4.47
CALL MathVista-MC-300 MathVista-MC-300_634 structured_facts
OK	MathVista-MC-300	MathVista-MC-300_634	structured_facts	pred='D'	gold='D'	complete=True	duration_s=4.54
CALL MathVista-MC-300 MathVista-MC-300_634 perception_graph
OK	MathVista-MC-300	MathVista-MC-300_634	perception_graph	pred='D'	gold='D'	complete=True	duration_s=5.39
CALL MathVista-MC-300 MathVista-MC-300_634 construction_plan
OK	MathVista-MC-300	MathVista-MC-300_634	construction_plan	pred='D'	gold='D'	complete=True	duration_s=5.17
CALL MathVista-MC-300 MathVista-MC-300_634 geoguide_solver
OK	MathVista-MC-300	MathVista-MC-300_634	geoguide_solver	pred='D'	gold='D'	complete=True	duration_s=5.14
CALL MathVista-MC-300 MathVista-MC-300_634 geoguide_cautious
OK	MathVista-MC-300	MathVista-MC-300_634	geoguide_cautious	pred='D'	gold='D'	complete=True	duration_s=5.18
CALL MathVista-MC-300 MathVista-MC-300_876 raw
OK	MathVista-MC-300	MathVista-MC-300_876	raw	pred='C'	gold='C'	complete=True	duration_s=4.66
CALL MathVista-MC-300 MathVista-MC-300_876 structured_facts
OK	MathVista-MC-300	MathVista-MC-300_876	structured_facts	pred='C'	gold='C'	complete=True	duration_s=4.93
CALL MathVista-MC-300 MathVista-MC-300_876 perception_graph
OK	MathVista-MC-300	MathVista-MC-300_876	perception_graph	pred='C'	gold='C'	complete=True	duration_s=5.53
CALL MathVista-MC-300 MathVista-MC-300_876 construction_plan
OK	MathVista-MC-300	MathVista-MC-300_876	construction_plan	pred='C'	gold='C'	complete=True	duration_s=5.58
CALL MathVista-MC-300 MathVista-MC-300_876 geoguide_solver
OK	MathVista-MC-300	MathVista-MC-300_876	geoguide_solver	pred='C'	gold='C'	complete=True	duration_s=5.49
CALL MathVista-MC-300 MathVista-MC-300_876 geoguide_cautious
OK	MathVista-MC-300	MathVista-MC-300_876	geoguide_cautious	pred='C'	gold='C'	complete=True	duration_s=5.60
CALL MathVista-MC-300 MathVista-MC-300_779 raw
OK	MathVista-MC-300	MathVista-MC-300_779	raw	pred='A'	gold='A'	complete=True	duration_s=40.36
CALL MathVista-MC-300 MathVista-MC-300_779 structured_facts
OK	MathVista-MC-300	MathVista-MC-300_779	structured_facts	pred='A'	gold='A'	complete=True	duration_s=40.14
CALL MathVista-MC-300 MathVista-MC-300_779 perception_graph
FAIL	MathVista-MC-300	MathVista-MC-300_779	perception_graph	pred='B'	gold='A'	complete=True	duration_s=41.13
CALL MathVista-MC-300 MathVista-MC-300_779 construction_plan
FAIL	MathVista-MC-300	MathVista-MC-300_779	construction_plan	pred='B'	gold='A'	complete=True	duration_s=41.18
CALL MathVista-MC-300 MathVista-MC-300_779 geoguide_solver
FAIL	MathVista-MC-300	MathVista-MC-300_779	geoguide_solver	pred='B'	gold='A'	complete=True	duration_s=41.08
CALL MathVista-MC-300 MathVista-MC-300_779 geoguide_cautious
FAIL	MathVista-MC-300	MathVista-MC-300_779	geoguide_cautious	pred='B'	gold='A'	complete=True	duration_s=41.11
CALL MathVista-MC-300 MathVista-MC-300_445 raw
OK	MathVista-MC-300	MathVista-MC-300_445	raw	pred='A'	gold='A'	complete=True	duration_s=8.47
CALL MathVista-MC-300 MathVista-MC-300_445 structured_facts
OK	MathVista-MC-300	MathVista-MC-300_445	structured_facts	pred='A'	gold='A'	complete=True	duration_s=8.72
CALL MathVista-MC-300 MathVista-MC-300_445 perception_graph
OK	MathVista-MC-300	MathVista-MC-300_445	perception_graph	pred='A'	gold='A'	complete=True	duration_s=9.13
CALL MathVista-MC-300 MathVista-MC-300_445 construction_plan
OK	MathVista-MC-300	MathVista-MC-300_445	construction_plan	pred='A'	gold='A'	complete=True	duration_s=9.38
CALL MathVista-MC-300 MathVista-MC-300_445 geoguide_solver
OK	MathVista-MC-300	MathVista-MC-300_445	geoguide_solver	pred='A'	gold='A'	complete=True	duration_s=9.07
CALL MathVista-MC-300 MathVista-MC-300_445 geoguide_cautious
OK	MathVista-MC-300	MathVista-MC-300_445	geoguide_cautious	pred='A'	gold='A'	complete=True	duration_s=9.44
CALL MathVista-MC-300 MathVista-MC-300_660 raw
OK	MathVista-MC-300	MathVista-MC-300_660	raw	pred='B'	gold='B'	complete=True	duration_s=14.57
CALL MathVista-MC-300 MathVista-MC-300_660 structured_facts
OK	MathVista-MC-300	MathVista-MC-300_660	structured_facts	pred='B'	gold='B'	complete=True	duration_s=14.90
CALL MathVista-MC-300 MathVista-MC-300_660 perception_graph
OK	MathVista-MC-300	MathVista-MC-300_660	perception_graph	pred='B'	gold='B'	complete=True	duration_s=15.53
CALL MathVista-MC-300 MathVista-MC-300_660 construction_plan
OK	MathVista-MC-300	MathVista-MC-300_660	construction_plan	pred='B'	gold='B'	complete=True	duration_s=15.52
CALL MathVista-MC-300 MathVista-MC-300_660 geoguide_solver
OK	MathVista-MC-300	MathVista-MC-300_660	geoguide_solver	pred='B'	gold='B'	complete=True	duration_s=15.24
CALL MathVista-MC-300 MathVista-MC-300_660 geoguide_cautious
OK	MathVista-MC-300	MathVista-MC-300_660	geoguide_cautious	pred='B'	gold='B'	complete=True	duration_s=15.52
CALL MathVista-MC-300 MathVista-MC-300_465 raw
FAIL	MathVista-MC-300	MathVista-MC-300_465	raw	pred='B'	gold='A'	complete=True	duration_s=11.69
CALL MathVista-MC-300 MathVista-MC-300_465 structured_facts
FAIL	MathVista-MC-300	MathVista-MC-300_465	structured_facts	pred='B'	gold='A'	complete=True	duration_s=12.02
CALL MathVista-MC-300 MathVista-MC-300_465 perception_graph
FAIL	MathVista-MC-300	MathVista-MC-300_465	perception_graph	pred='B'	gold='A'	complete=True	duration_s=12.39
CALL MathVista-MC-300 MathVista-MC-300_465 construction_plan
FAIL	MathVista-MC-300	MathVista-MC-300_465	construction_plan	pred='B'	gold='A'	complete=True	duration_s=12.66
CALL MathVista-MC-300 MathVista-MC-300_465 geoguide_solver
FAIL	MathVista-MC-300	MathVista-MC-300_465	geoguide_solver	pred='B'	gold='A'	complete=True	duration_s=12.36
CALL MathVista-MC-300 MathVista-MC-300_465 geoguide_cautious
FAIL	MathVista-MC-300	MathVista-MC-300_465	geoguide_cautious	pred='B'	gold='A'	complete=True	duration_s=12.74
CALL MathVista-MC-300 MathVista-MC-300_991 raw
OK	MathVista-MC-300	MathVista-MC-300_991	raw	pred='C'	gold='C'	complete=True	duration_s=11.27
CALL MathVista-MC-300 MathVista-MC-300_991 structured_facts
OK	MathVista-MC-300	MathVista-MC-300_991	structured_facts	pred='C'	gold='C'	complete=True	duration_s=11.59
CALL MathVista-MC-300 MathVista-MC-300_991 perception_graph
OK	MathVista-MC-300	MathVista-MC-300_991	perception_graph	pred='C'	gold='C'	complete=True	duration_s=12.15
CALL MathVista-MC-300 MathVista-MC-300_991 construction_plan
OK	MathVista-MC-300	MathVista-MC-300_991	construction_plan	pred='C'	gold='C'	complete=True	duration_s=12.22
CALL MathVista-MC-300 MathVista-MC-300_991 geoguide_solver
OK	MathVista-MC-300	MathVista-MC-300_991	geoguide_solver	pred='C'	gold='C'	complete=True	duration_s=11.96
CALL MathVista-MC-300 MathVista-MC-300_991 geoguide_cautious
OK	MathVista-MC-300	MathVista-MC-300_991	geoguide_cautious	pred='C'	gold='C'	complete=True	duration_s=12.22
CALL MathVista-MC-300 MathVista-MC-300_402 raw
OK	MathVista-MC-300	MathVista-MC-300_402	raw	pred='C'	gold='C'	complete=True	duration_s=31.08
CALL MathVista-MC-300 MathVista-MC-300_402 structured_facts
OK	MathVista-MC-300	MathVista-MC-300_402	structured_facts	pred='C'	gold='C'	complete=True	duration_s=31.42
CALL MathVista-MC-300 MathVista-MC-300_402 perception_graph
OK	MathVista-MC-300	MathVista-MC-300_402	perception_graph	pred='C'	gold='C'	complete=True	duration_s=32.03
CALL MathVista-MC-300 MathVista-MC-300_402 construction_plan
OK	MathVista-MC-300	MathVista-MC-300_402	construction_plan	pred='C'	gold='C'	complete=True	duration_s=32.29
CALL MathVista-MC-300 MathVista-MC-300_402 geoguide_solver
OK	MathVista-MC-300	MathVista-MC-300_402	geoguide_solver	pred='C'	gold='C'	complete=True	duration_s=32.03
CALL MathVista-MC-300 MathVista-MC-300_402 geoguide_cautious
OK	MathVista-MC-300	MathVista-MC-300_402	geoguide_cautious	pred='C'	gold='C'	complete=True	duration_s=32.39
CALL MathVista-MC-300 MathVista-MC-300_635 raw
OK	MathVista-MC-300	MathVista-MC-300_635	raw	pred='B'	gold='B'	complete=True	duration_s=4.22
CALL MathVista-MC-300 MathVista-MC-300_635 structured_facts
OK	MathVista-MC-300	MathVista-MC-300_635	structured_facts	pred='B'	gold='B'	complete=True	duration_s=4.78
CALL MathVista-MC-300 MathVista-MC-300_635 perception_graph
OK	MathVista-MC-300	MathVista-MC-300_635	perception_graph	pred='B'	gold='B'	complete=True	duration_s=5.19
CALL MathVista-MC-300 MathVista-MC-300_635 construction_plan
OK	MathVista-MC-300	MathVista-MC-300_635	construction_plan	pred='B'	gold='B'	complete=True	duration_s=5.45
CALL MathVista-MC-300 MathVista-MC-300_635 geoguide_solver
OK	MathVista-MC-300	MathVista-MC-300_635	geoguide_solver	pred='B'	gold='B'	complete=True	duration_s=5.16
CALL MathVista-MC-300 MathVista-MC-300_635 geoguide_cautious
OK	MathVista-MC-300	MathVista-MC-300_635	geoguide_cautious	pred='B'	gold='B'	complete=True	duration_s=5.47
CALL MathVista-MC-300 MathVista-MC-300_598 raw
OK	MathVista-MC-300	MathVista-MC-300_598	raw	pred='A'	gold='A'	complete=True	duration_s=13.16
CALL MathVista-MC-300 MathVista-MC-300_598 structured_facts
OK	MathVista-MC-300	MathVista-MC-300_598	structured_facts	pred='A'	gold='A'	complete=True	duration_s=13.48
CALL MathVista-MC-300 MathVista-MC-300_598 perception_graph
OK	MathVista-MC-300	MathVista-MC-300_598	perception_graph	pred='A'	gold='A'	complete=True	duration_s=14.07
CALL MathVista-MC-300 MathVista-MC-300_598 construction_plan
OK	MathVista-MC-300	MathVista-MC-300_598	construction_plan	pred='A'	gold='A'	complete=True	duration_s=14.10
CALL MathVista-MC-300 MathVista-MC-300_598 geoguide_solver
OK	MathVista-MC-300	MathVista-MC-300_598	geoguide_solver	pred='A'	gold='A'	complete=True	duration_s=13.81
CALL MathVista-MC-300 MathVista-MC-300_598 geoguide_cautious
OK	MathVista-MC-300	MathVista-MC-300_598	geoguide_cautious	pred='A'	gold='A'	complete=True	duration_s=14.08
CALL MathVista-MC-300 MathVista-MC-300_736 raw
OK	MathVista-MC-300	MathVista-MC-300_736	raw	pred='C'	gold='C'	complete=True	duration_s=4.39
CALL MathVista-MC-300 MathVista-MC-300_736 structured_facts
OK	MathVista-MC-300	MathVista-MC-300_736	structured_facts	pred='C'	gold='C'	complete=True	duration_s=4.67
CALL MathVista-MC-300 MathVista-MC-300_736 perception_graph
OK	MathVista-MC-300	MathVista-MC-300_736	perception_graph	pred='C'	gold='C'	complete=True	duration_s=5.33
CALL MathVista-MC-300 MathVista-MC-300_736 construction_plan
OK	MathVista-MC-300	MathVista-MC-300_736	construction_plan	pred='C'	gold='C'	complete=True	duration_s=5.38
CALL MathVista-MC-300 MathVista-MC-300_736 geoguide_solver
OK	MathVista-MC-300	MathVista-MC-300_736	geoguide_solver	pred='C'	gold='C'	complete=True	duration_s=5.06
CALL MathVista-MC-300 MathVista-MC-300_736 geoguide_cautious
OK	MathVista-MC-300	MathVista-MC-300_736	geoguide_cautious	pred='C'	gold='C'	complete=True	duration_s=5.41
CALL MathVista-MC-300 MathVista-MC-300_882 raw
FAIL	MathVista-MC-300	MathVista-MC-300_882	raw	pred='B'	gold='A'	complete=True	duration_s=12.50
CALL MathVista-MC-300 MathVista-MC-300_882 structured_facts
FAIL	MathVista-MC-300	MathVista-MC-300_882	structured_facts	pred='B'	gold='A'	complete=True	duration_s=12.52
CALL MathVista-MC-300 MathVista-MC-300_882 perception_graph
FAIL	MathVista-MC-300	MathVista-MC-300_882	perception_graph	pred='B'	gold='A'	complete=True	duration_s=13.14
CALL MathVista-MC-300 MathVista-MC-300_882 construction_plan
FAIL	MathVista-MC-300	MathVista-MC-300_882	construction_plan	pred='B'	gold='A'	complete=True	duration_s=13.19
CALL MathVista-MC-300 MathVista-MC-300_882 geoguide_solver
FAIL	MathVista-MC-300	MathVista-MC-300_882	geoguide_solver	pred='B'	gold='A'	complete=True	duration_s=12.84
CALL MathVista-MC-300 MathVista-MC-300_882 geoguide_cautious
FAIL	MathVista-MC-300	MathVista-MC-300_882	geoguide_cautious	pred='B'	gold='A'	complete=True	duration_s=13.16
CALL MathVista-MC-300 MathVista-MC-300_356 raw
OK	MathVista-MC-300	MathVista-MC-300_356	raw	pred='B'	gold='B'	complete=True	duration_s=14.52
CALL MathVista-MC-300 MathVista-MC-300_356 structured_facts
OK	MathVista-MC-300	MathVista-MC-300_356	structured_facts	pred='B'	gold='B'	complete=True	duration_s=14.87
CALL MathVista-MC-300 MathVista-MC-300_356 perception_graph
OK	MathVista-MC-300	MathVista-MC-300_356	perception_graph	pred='B'	gold='B'	complete=True	duration_s=15.54
CALL MathVista-MC-300 MathVista-MC-300_356 construction_plan
OK	MathVista-MC-300	MathVista-MC-300_356	construction_plan	pred='B'	gold='B'	complete=True	duration_s=15.53
CALL MathVista-MC-300 MathVista-MC-300_356 geoguide_solver
OK	MathVista-MC-300	MathVista-MC-300_356	geoguide_solver	pred='B'	gold='B'	complete=True	duration_s=15.19
CALL MathVista-MC-300 MathVista-MC-300_356 geoguide_cautious
OK	MathVista-MC-300	MathVista-MC-300_356	geoguide_cautious	pred='B'	gold='B'	complete=True	duration_s=15.57
CALL MathVista-MC-300 MathVista-MC-300_250 raw
OK	MathVista-MC-300	MathVista-MC-300_250	raw	pred='C'	gold='C'	complete=True	duration_s=4.81
CALL MathVista-MC-300 MathVista-MC-300_250 structured_facts
OK	MathVista-MC-300	MathVista-MC-300_250	structured_facts	pred='C'	gold='C'	complete=True	duration_s=5.12
CALL MathVista-MC-300 MathVista-MC-300_250 perception_graph
OK	MathVista-MC-300	MathVista-MC-300_250	perception_graph	pred='C'	gold='C'	complete=True	duration_s=5.82
CALL MathVista-MC-300 MathVista-MC-300_250 construction_plan
OK	MathVista-MC-300	MathVista-MC-300_250	construction_plan	pred='C'	gold='C'	complete=True	duration_s=6.13
CALL MathVista-MC-300 MathVista-MC-300_250 geoguide_solver
OK	MathVista-MC-300	MathVista-MC-300_250	geoguide_solver	pred='C'	gold='C'	complete=True	duration_s=5.52
CALL MathVista-MC-300 MathVista-MC-300_250 geoguide_cautious
OK	MathVista-MC-300	MathVista-MC-300_250	geoguide_cautious	pred='C'	gold='C'	complete=True	duration_s=6.14
CALL MathVista-MC-300 MathVista-MC-300_735 raw
OK	MathVista-MC-300	MathVista-MC-300_735	raw	pred='B'	gold='B'	complete=True	duration_s=14.87
CALL MathVista-MC-300 MathVista-MC-300_735 structured_facts
OK	MathVista-MC-300	MathVista-MC-300_735	structured_facts	pred='B'	gold='B'	complete=True	duration_s=14.93
CALL MathVista-MC-300 MathVista-MC-300_735 perception_graph
OK	MathVista-MC-300	MathVista-MC-300_735	perception_graph	pred='B'	gold='B'	complete=True	duration_s=15.60
CALL MathVista-MC-300 MathVista-MC-300_735 construction_plan
OK	MathVista-MC-300	MathVista-MC-300_735	construction_plan	pred='B'	gold='B'	complete=True	duration_s=15.60
CALL MathVista-MC-300 MathVista-MC-300_735 geoguide_solver
OK	MathVista-MC-300	MathVista-MC-300_735	geoguide_solver	pred='B'	gold='B'	complete=True	duration_s=15.57
CALL MathVista-MC-300 MathVista-MC-300_735 geoguide_cautious
OK	MathVista-MC-300	MathVista-MC-300_735	geoguide_cautious	pred='B'	gold='B'	complete=True	duration_s=15.61
CALL MathVista-MC-300 MathVista-MC-300_783 raw
OK	MathVista-MC-300	MathVista-MC-300_783	raw	pred='B'	gold='B'	complete=True	duration_s=4.42
CALL MathVista-MC-300 MathVista-MC-300_783 structured_facts
OK	MathVista-MC-300	MathVista-MC-300_783	structured_facts	pred='B'	gold='B'	complete=True	duration_s=4.73
CALL MathVista-MC-300 MathVista-MC-300_783 perception_graph
OK	MathVista-MC-300	MathVista-MC-300_783	perception_graph	pred='B'	gold='B'	complete=True	duration_s=5.39
CALL MathVista-MC-300 MathVista-MC-300_783 construction_plan
OK	MathVista-MC-300	MathVista-MC-300_783	construction_plan	pred='B'	gold='B'	complete=True	duration_s=5.43
CALL MathVista-MC-300 MathVista-MC-300_783 geoguide_solver
OK	MathVista-MC-300	MathVista-MC-300_783	geoguide_solver	pred='B'	gold='B'	complete=True	duration_s=5.14
CALL MathVista-MC-300 MathVista-MC-300_783 geoguide_cautious
OK	MathVista-MC-300	MathVista-MC-300_783	geoguide_cautious	pred='B'	gold='B'	complete=True	duration_s=5.71
CALL MathVista-MC-300 MathVista-MC-300_557 raw
FAIL	MathVista-MC-300	MathVista-MC-300_557	raw	pred='C'	gold='B'	complete=True	duration_s=4.51
CALL MathVista-MC-300 MathVista-MC-300_557 structured_facts
FAIL	MathVista-MC-300	MathVista-MC-300_557	structured_facts	pred='C'	gold='B'	complete=True	duration_s=4.77
CALL MathVista-MC-300 MathVista-MC-300_557 perception_graph
FAIL	MathVista-MC-300	MathVista-MC-300_557	perception_graph	pred='C'	gold='B'	complete=True	duration_s=5.46
CALL MathVista-MC-300 MathVista-MC-300_557 construction_plan
FAIL	MathVista-MC-300	MathVista-MC-300_557	construction_plan	pred='C'	gold='B'	complete=True	duration_s=5.48
CALL MathVista-MC-300 MathVista-MC-300_557 geoguide_solver
FAIL	MathVista-MC-300	MathVista-MC-300_557	geoguide_solver	pred='C'	gold='B'	complete=True	duration_s=5.17
CALL MathVista-MC-300 MathVista-MC-300_557 geoguide_cautious
FAIL	MathVista-MC-300	MathVista-MC-300_557	geoguide_cautious	pred='C'	gold='B'	complete=True	duration_s=5.51
CALL MathVista-MC-300 MathVista-MC-300_807 raw
FAIL	MathVista-MC-300	MathVista-MC-300_807	raw	pred='C'	gold='B'	complete=True	duration_s=7.46
CALL MathVista-MC-300 MathVista-MC-300_807 structured_facts
FAIL	MathVista-MC-300	MathVista-MC-300_807	structured_facts	pred='C'	gold='B'	complete=True	duration_s=7.75
CALL MathVista-MC-300 MathVista-MC-300_807 perception_graph
FAIL	MathVista-MC-300	MathVista-MC-300_807	perception_graph	pred='C'	gold='B'	complete=True	duration_s=8.16
CALL MathVista-MC-300 MathVista-MC-300_807 construction_plan
FAIL	MathVista-MC-300	MathVista-MC-300_807	construction_plan	pred='C'	gold='B'	complete=True	duration_s=8.41
CALL MathVista-MC-300 MathVista-MC-300_807 geoguide_solver
FAIL	MathVista-MC-300	MathVista-MC-300_807	geoguide_solver	pred='C'	gold='B'	complete=True	duration_s=8.10
CALL MathVista-MC-300 MathVista-MC-300_807 geoguide_cautious
FAIL	MathVista-MC-300	MathVista-MC-300_807	geoguide_cautious	pred='C'	gold='B'	complete=True	duration_s=8.43
CALL MathVista-MC-300 MathVista-MC-300_480 raw
OK	MathVista-MC-300	MathVista-MC-300_480	raw	pred='B'	gold='B'	complete=True	duration_s=14.59
CALL MathVista-MC-300 MathVista-MC-300_480 structured_facts
OK	MathVista-MC-300	MathVista-MC-300_480	structured_facts	pred='B'	gold='B'	complete=True	duration_s=14.91
CALL MathVista-MC-300 MathVista-MC-300_480 perception_graph
OK	MathVista-MC-300	MathVista-MC-300_480	perception_graph	pred='B'	gold='B'	complete=True	duration_s=15.50
CALL MathVista-MC-300 MathVista-MC-300_480 construction_plan
OK	MathVista-MC-300	MathVista-MC-300_480	construction_plan	pred='B'	gold='B'	complete=True	duration_s=15.55
CALL MathVista-MC-300 MathVista-MC-300_480 geoguide_solver
OK	MathVista-MC-300	MathVista-MC-300_480	geoguide_solver	pred='B'	gold='B'	complete=True	duration_s=15.53
CALL MathVista-MC-300 MathVista-MC-300_480 geoguide_cautious
OK	MathVista-MC-300	MathVista-MC-300_480	geoguide_cautious	pred='B'	gold='B'	complete=True	duration_s=15.56
CALL MathVista-MC-300 MathVista-MC-300_426 raw
OK	MathVista-MC-300	MathVista-MC-300_426	raw	pred='B'	gold='B'	complete=True	duration_s=4.17
CALL MathVista-MC-300 MathVista-MC-300_426 structured_facts
OK	MathVista-MC-300	MathVista-MC-300_426	structured_facts	pred='B'	gold='B'	complete=True	duration_s=4.41
CALL MathVista-MC-300 MathVista-MC-300_426 perception_graph
OK	MathVista-MC-300	MathVista-MC-300_426	perception_graph	pred='B'	gold='B'	complete=True	duration_s=4.73
CALL MathVista-MC-300 MathVista-MC-300_426 construction_plan
OK	MathVista-MC-300	MathVista-MC-300_426	construction_plan	pred='B'	gold='B'	complete=True	duration_s=5.07
CALL MathVista-MC-300 MathVista-MC-300_426 geoguide_solver
OK	MathVista-MC-300	MathVista-MC-300_426	geoguide_solver	pred='B'	gold='B'	complete=True	duration_s=4.73
CALL MathVista-MC-300 MathVista-MC-300_426 geoguide_cautious
OK	MathVista-MC-300	MathVista-MC-300_426	geoguide_cautious	pred='B'	gold='B'	complete=True	duration_s=5.06
CALL MathVista-MC-300 MathVista-MC-300_18 raw
OK	MathVista-MC-300	MathVista-MC-300_18	raw	pred='B'	gold='B'	complete=True	duration_s=5.45
CALL MathVista-MC-300 MathVista-MC-300_18 structured_facts
OK	MathVista-MC-300	MathVista-MC-300_18	structured_facts	pred='B'	gold='B'	complete=True	duration_s=5.84
CALL MathVista-MC-300 MathVista-MC-300_18 perception_graph
OK	MathVista-MC-300	MathVista-MC-300_18	perception_graph	pred='B'	gold='B'	complete=True	duration_s=6.17
CALL MathVista-MC-300 MathVista-MC-300_18 construction_plan
OK	MathVista-MC-300	MathVista-MC-300_18	construction_plan	pred='B'	gold='B'	complete=True	duration_s=6.46
CALL MathVista-MC-300 MathVista-MC-300_18 geoguide_solver
OK	MathVista-MC-300	MathVista-MC-300_18	geoguide_solver	pred='B'	gold='B'	complete=True	duration_s=6.17
CALL MathVista-MC-300 MathVista-MC-300_18 geoguide_cautious
OK	MathVista-MC-300	MathVista-MC-300_18	geoguide_cautious	pred='B'	gold='B'	complete=True	duration_s=6.51
CALL MathVista-MC-300 MathVista-MC-300_329 raw
FAIL	MathVista-MC-300	MathVista-MC-300_329	raw	pred=''	gold='A'	complete=False	duration_s=202.89
CALL MathVista-MC-300 MathVista-MC-300_329 structured_facts
FAIL	MathVista-MC-300	MathVista-MC-300_329	structured_facts	pred=''	gold='A'	complete=False	duration_s=202.24
CALL MathVista-MC-300 MathVista-MC-300_329 perception_graph
FAIL	MathVista-MC-300	MathVista-MC-300_329	perception_graph	pred=''	gold='A'	complete=False	duration_s=202.85
CALL MathVista-MC-300 MathVista-MC-300_329 construction_plan
FAIL	MathVista-MC-300	MathVista-MC-300_329	construction_plan	pred=''	gold='A'	complete=False	duration_s=202.82
CALL MathVista-MC-300 MathVista-MC-300_329 geoguide_solver
FAIL	MathVista-MC-300	MathVista-MC-300_329	geoguide_solver	pred=''	gold='A'	complete=False	duration_s=202.68
CALL MathVista-MC-300 MathVista-MC-300_329 geoguide_cautious
FAIL	MathVista-MC-300	MathVista-MC-300_329	geoguide_cautious	pred=''	gold='A'	complete=False	duration_s=202.81
CALL MathVista-MC-300 MathVista-MC-300_227 raw
OK	MathVista-MC-300	MathVista-MC-300_227	raw	pred='A'	gold='A'	complete=True	duration_s=10.77
CALL MathVista-MC-300 MathVista-MC-300_227 structured_facts
OK	MathVista-MC-300	MathVista-MC-300_227	structured_facts	pred='A'	gold='A'	complete=True	duration_s=11.08
CALL MathVista-MC-300 MathVista-MC-300_227 perception_graph
OK	MathVista-MC-300	MathVista-MC-300_227	perception_graph	pred='A'	gold='A'	complete=True	duration_s=11.41
CALL MathVista-MC-300 MathVista-MC-300_227 construction_plan
OK	MathVista-MC-300	MathVista-MC-300_227	construction_plan	pred='A'	gold='A'	complete=True	duration_s=11.39
CALL MathVista-MC-300 MathVista-MC-300_227 geoguide_solver
OK	MathVista-MC-300	MathVista-MC-300_227	geoguide_solver	pred='A'	gold='A'	complete=True	duration_s=11.36
CALL MathVista-MC-300 MathVista-MC-300_227 geoguide_cautious
OK	MathVista-MC-300	MathVista-MC-300_227	geoguide_cautious	pred='A'	gold='A'	complete=True	duration_s=11.69
CALL MathVista-MC-300 MathVista-MC-300_17 raw
OK	MathVista-MC-300	MathVista-MC-300_17	raw	pred='A'	gold='A'	complete=True	duration_s=4.13
CALL MathVista-MC-300 MathVista-MC-300_17 structured_facts
OK	MathVista-MC-300	MathVista-MC-300_17	structured_facts	pred='A'	gold='A'	complete=True	duration_s=4.40
CALL MathVista-MC-300 MathVista-MC-300_17 perception_graph
OK	MathVista-MC-300	MathVista-MC-300_17	perception_graph	pred='A'	gold='A'	complete=True	duration_s=5.30
CALL MathVista-MC-300 MathVista-MC-300_17 construction_plan
OK	MathVista-MC-300	MathVista-MC-300_17	construction_plan	pred='A'	gold='A'	complete=True	duration_s=5.08
CALL MathVista-MC-300 MathVista-MC-300_17 geoguide_solver
OK	MathVista-MC-300	MathVista-MC-300_17	geoguide_solver	pred='A'	gold='A'	complete=True	duration_s=5.06
CALL MathVista-MC-300 MathVista-MC-300_17 geoguide_cautious
OK	MathVista-MC-300	MathVista-MC-300_17	geoguide_cautious	pred='A'	gold='A'	complete=True	duration_s=5.08
CALL MathVista-MC-300 MathVista-MC-300_781 raw
OK	MathVista-MC-300	MathVista-MC-300_781	raw	pred='C'	gold='C'	complete=True	duration_s=11.98
CALL MathVista-MC-300 MathVista-MC-300_781 structured_facts
OK	MathVista-MC-300	MathVista-MC-300_781	structured_facts	pred='C'	gold='C'	complete=True	duration_s=12.33
CALL MathVista-MC-300 MathVista-MC-300_781 perception_graph
OK	MathVista-MC-300	MathVista-MC-300_781	perception_graph	pred='C'	gold='C'	complete=True	duration_s=12.66
CALL MathVista-MC-300 MathVista-MC-300_781 construction_plan
OK	MathVista-MC-300	MathVista-MC-300_781	construction_plan	pred='C'	gold='C'	complete=True	duration_s=12.99
CALL MathVista-MC-300 MathVista-MC-300_781 geoguide_solver
OK	MathVista-MC-300	MathVista-MC-300_781	geoguide_solver	pred='C'	gold='C'	complete=True	duration_s=12.68
CALL MathVista-MC-300 MathVista-MC-300_781 geoguide_cautious
OK	MathVista-MC-300	MathVista-MC-300_781	geoguide_cautious	pred='C'	gold='C'	complete=True	duration_s=13.28
CALL MathVista-MC-300 MathVista-MC-300_677 raw
OK	MathVista-MC-300	MathVista-MC-300_677	raw	pred='B'	gold='B'	complete=True	duration_s=14.89
CALL MathVista-MC-300 MathVista-MC-300_677 structured_facts
OK	MathVista-MC-300	MathVista-MC-300_677	structured_facts	pred='B'	gold='B'	complete=True	duration_s=14.93
CALL MathVista-MC-300 MathVista-MC-300_677 perception_graph
OK	MathVista-MC-300	MathVista-MC-300_677	perception_graph	pred='B'	gold='B'	complete=True	duration_s=15.58
CALL MathVista-MC-300 MathVista-MC-300_677 construction_plan
OK	MathVista-MC-300	MathVista-MC-300_677	construction_plan	pred='B'	gold='B'	complete=True	duration_s=15.63
CALL MathVista-MC-300 MathVista-MC-300_677 geoguide_solver
OK	MathVista-MC-300	MathVista-MC-300_677	geoguide_solver	pred='B'	gold='B'	complete=True	duration_s=15.57
CALL MathVista-MC-300 MathVista-MC-300_677 geoguide_cautious
OK	MathVista-MC-300	MathVista-MC-300_677	geoguide_cautious	pred='B'	gold='B'	complete=True	duration_s=15.87
CALL MathVista-MC-300 MathVista-MC-300_815 raw
OK	MathVista-MC-300	MathVista-MC-300_815	raw	pred='B'	gold='B'	complete=True	duration_s=5.37
CALL MathVista-MC-300 MathVista-MC-300_815 structured_facts
OK	MathVista-MC-300	MathVista-MC-300_815	structured_facts	pred='B'	gold='B'	complete=True	duration_s=5.64
CALL MathVista-MC-300 MathVista-MC-300_815 perception_graph
OK	MathVista-MC-300	MathVista-MC-300_815	perception_graph	pred='B'	gold='B'	complete=True	duration_s=6.53
CALL MathVista-MC-300 MathVista-MC-300_815 construction_plan
OK	MathVista-MC-300	MathVista-MC-300_815	construction_plan	pred='B'	gold='B'	complete=True	duration_s=6.60
CALL MathVista-MC-300 MathVista-MC-300_815 geoguide_solver
OK	MathVista-MC-300	MathVista-MC-300_815	geoguide_solver	pred='B'	gold='B'	complete=True	duration_s=6.23
CALL MathVista-MC-300 MathVista-MC-300_815 geoguide_cautious
OK	MathVista-MC-300	MathVista-MC-300_815	geoguide_cautious	pred='B'	gold='B'	complete=True	duration_s=6.61
CALL MathVista-MC-300 MathVista-MC-300_477 raw
FAIL	MathVista-MC-300	MathVista-MC-300_477	raw	pred=''	gold='A'	complete=False	duration_s=4.31
CALL MathVista-MC-300 MathVista-MC-300_477 structured_facts
FAIL	MathVista-MC-300	MathVista-MC-300_477	structured_facts	pred='E'	gold='A'	complete=True	duration_s=4.49
CALL MathVista-MC-300 MathVista-MC-300_477 perception_graph
FAIL	MathVista-MC-300	MathVista-MC-300_477	perception_graph	pred='E'	gold='A'	complete=True	duration_s=5.14
CALL MathVista-MC-300 MathVista-MC-300_477 construction_plan
FAIL	MathVista-MC-300	MathVista-MC-300_477	construction_plan	pred='E'	gold='A'	complete=True	duration_s=5.14
CALL MathVista-MC-300 MathVista-MC-300_477 geoguide_solver
FAIL	MathVista-MC-300	MathVista-MC-300_477	geoguide_solver	pred='E'	gold='A'	complete=True	duration_s=4.84
CALL MathVista-MC-300 MathVista-MC-300_477 geoguide_cautious
FAIL	MathVista-MC-300	MathVista-MC-300_477	geoguide_cautious	pred='E'	gold='A'	complete=True	duration_s=5.20
CALL MathVista-MC-300 MathVista-MC-300_938 raw
FAIL	MathVista-MC-300	MathVista-MC-300_938	raw	pred='A'	gold='D'	complete=True	duration_s=6.34
CALL MathVista-MC-300 MathVista-MC-300_938 structured_facts
FAIL	MathVista-MC-300	MathVista-MC-300_938	structured_facts	pred='A'	gold='D'	complete=True	duration_s=6.65
CALL MathVista-MC-300 MathVista-MC-300_938 perception_graph
FAIL	MathVista-MC-300	MathVista-MC-300_938	perception_graph	pred='A'	gold='D'	complete=True	duration_s=7.31
CALL MathVista-MC-300 MathVista-MC-300_938 construction_plan
FAIL	MathVista-MC-300	MathVista-MC-300_938	construction_plan	pred='A'	gold='D'	complete=True	duration_s=7.34
CALL MathVista-MC-300 MathVista-MC-300_938 geoguide_solver
FAIL	MathVista-MC-300	MathVista-MC-300_938	geoguide_solver	pred='A'	gold='D'	complete=True	duration_s=7.06
CALL MathVista-MC-300 MathVista-MC-300_938 geoguide_cautious
FAIL	MathVista-MC-300	MathVista-MC-300_938	geoguide_cautious	pred='A'	gold='D'	complete=True	duration_s=7.64
CALL MathVista-MC-300 MathVista-MC-300_228 raw
FAIL	MathVista-MC-300	MathVista-MC-300_228	raw	pred='B'	gold='A'	complete=True	duration_s=4.42
CALL MathVista-MC-300 MathVista-MC-300_228 structured_facts
FAIL	MathVista-MC-300	MathVista-MC-300_228	structured_facts	pred='B'	gold='A'	complete=True	duration_s=4.71
CALL MathVista-MC-300 MathVista-MC-300_228 perception_graph
FAIL	MathVista-MC-300	MathVista-MC-300_228	perception_graph	pred='B'	gold='A'	complete=True	duration_s=5.67
CALL MathVista-MC-300 MathVista-MC-300_228 construction_plan
FAIL	MathVista-MC-300	MathVista-MC-300_228	construction_plan	pred='B'	gold='A'	complete=True	duration_s=5.73
CALL MathVista-MC-300 MathVista-MC-300_228 geoguide_solver
FAIL	MathVista-MC-300	MathVista-MC-300_228	geoguide_solver	pred='B'	gold='A'	complete=True	duration_s=5.11
CALL MathVista-MC-300 MathVista-MC-300_228 geoguide_cautious
FAIL	MathVista-MC-300	MathVista-MC-300_228	geoguide_cautious	pred='B'	gold='A'	complete=True	duration_s=5.72
CALL MathVista-MC-300 MathVista-MC-300_881 raw
OK	MathVista-MC-300	MathVista-MC-300_881	raw	pred='A'	gold='A'	complete=True	duration_s=11.57
CALL MathVista-MC-300 MathVista-MC-300_881 structured_facts
OK	MathVista-MC-300	MathVista-MC-300_881	structured_facts	pred='A'	gold='A'	complete=True	duration_s=11.64
CALL MathVista-MC-300 MathVista-MC-300_881 perception_graph
OK	MathVista-MC-300	MathVista-MC-300_881	perception_graph	pred='A'	gold='A'	complete=True	duration_s=12.27
CALL MathVista-MC-300 MathVista-MC-300_881 construction_plan
OK	MathVista-MC-300	MathVista-MC-300_881	construction_plan	pred='A'	gold='A'	complete=True	duration_s=12.29
CALL MathVista-MC-300 MathVista-MC-300_881 geoguide_solver
OK	MathVista-MC-300	MathVista-MC-300_881	geoguide_solver	pred='A'	gold='A'	complete=True	duration_s=12.25
CALL MathVista-MC-300 MathVista-MC-300_881 geoguide_cautious
OK	MathVista-MC-300	MathVista-MC-300_881	geoguide_cautious	pred='A'	gold='A'	complete=True	duration_s=12.31
CALL MathVista-MC-300 MathVista-MC-300_314 raw
OK	MathVista-MC-300	MathVista-MC-300_314	raw	pred='B'	gold='B'	complete=True	duration_s=9.71
CALL MathVista-MC-300 MathVista-MC-300_314 structured_facts
OK	MathVista-MC-300	MathVista-MC-300_314	structured_facts	pred='B'	gold='B'	complete=True	duration_s=9.70
CALL MathVista-MC-300 MathVista-MC-300_314 perception_graph
OK	MathVista-MC-300	MathVista-MC-300_314	perception_graph	pred='B'	gold='B'	complete=True	duration_s=10.37
CALL MathVista-MC-300 MathVista-MC-300_314 construction_plan
OK	MathVista-MC-300	MathVista-MC-300_314	construction_plan	pred='B'	gold='B'	complete=True	duration_s=10.41
CALL MathVista-MC-300 MathVista-MC-300_314 geoguide_solver
OK	MathVista-MC-300	MathVista-MC-300_314	geoguide_solver	pred='B'	gold='B'	complete=True	duration_s=10.09
CALL MathVista-MC-300 MathVista-MC-300_314 geoguide_cautious
OK	MathVista-MC-300	MathVista-MC-300_314	geoguide_cautious	pred='B'	gold='B'	complete=True	duration_s=10.40
CALL MathVista-MC-300 MathVista-MC-300_587 raw
OK	MathVista-MC-300	MathVista-MC-300_587	raw	pred='B'	gold='B'	complete=True	duration_s=4.79
CALL MathVista-MC-300 MathVista-MC-300_587 structured_facts
OK	MathVista-MC-300	MathVista-MC-300_587	structured_facts	pred='B'	gold='B'	complete=True	duration_s=5.18
CALL MathVista-MC-300 MathVista-MC-300_587 perception_graph
OK	MathVista-MC-300	MathVista-MC-300_587	perception_graph	pred='B'	gold='B'	complete=True	duration_s=6.10
CALL MathVista-MC-300 MathVista-MC-300_587 construction_plan
OK	MathVista-MC-300	MathVista-MC-300_587	construction_plan	pred='B'	gold='B'	complete=True	duration_s=5.86
CALL MathVista-MC-300 MathVista-MC-300_587 geoguide_solver
OK	MathVista-MC-300	MathVista-MC-300_587	geoguide_solver	pred='B'	gold='B'	complete=True	duration_s=5.80
CALL MathVista-MC-300 MathVista-MC-300_587 geoguide_cautious
OK	MathVista-MC-300	MathVista-MC-300_587	geoguide_cautious	pred='B'	gold='B'	complete=True	duration_s=6.14
CALL MathVista-MC-300 MathVista-MC-300_717 raw
OK	MathVista-MC-300	MathVista-MC-300_717	raw	pred='B'	gold='B'	complete=True	duration_s=6.07
CALL MathVista-MC-300 MathVista-MC-300_717 structured_facts
OK	MathVista-MC-300	MathVista-MC-300_717	structured_facts	pred='B'	gold='B'	complete=True	duration_s=6.33
CALL MathVista-MC-300 MathVista-MC-300_717 perception_graph
FAIL	MathVista-MC-300	MathVista-MC-300_717	perception_graph	pred='A'	gold='B'	complete=True	duration_s=6.75
CALL MathVista-MC-300 MathVista-MC-300_717 construction_plan
FAIL	MathVista-MC-300	MathVista-MC-300_717	construction_plan	pred='A'	gold='B'	complete=True	duration_s=6.77
CALL MathVista-MC-300 MathVista-MC-300_717 geoguide_solver
FAIL	MathVista-MC-300	MathVista-MC-300_717	geoguide_solver	pred='A'	gold='B'	complete=True	duration_s=6.75
CALL MathVista-MC-300 MathVista-MC-300_717 geoguide_cautious
FAIL	MathVista-MC-300	MathVista-MC-300_717	geoguide_cautious	pred='A'	gold='B'	complete=True	duration_s=7.04
CALL MathVista-MC-300 MathVista-MC-300_826 raw
FAIL	MathVista-MC-300	MathVista-MC-300_826	raw	pred='A'	gold='C'	complete=True	duration_s=14.89
CALL MathVista-MC-300 MathVista-MC-300_826 structured_facts
FAIL	MathVista-MC-300	MathVista-MC-300_826	structured_facts	pred='A'	gold='C'	complete=True	duration_s=14.95
CALL MathVista-MC-300 MathVista-MC-300_826 perception_graph
FAIL	MathVista-MC-300	MathVista-MC-300_826	perception_graph	pred='A'	gold='C'	complete=True	duration_s=15.53
CALL MathVista-MC-300 MathVista-MC-300_826 construction_plan
FAIL	MathVista-MC-300	MathVista-MC-300_826	construction_plan	pred='A'	gold='C'	complete=True	duration_s=15.57
CALL MathVista-MC-300 MathVista-MC-300_826 geoguide_solver
FAIL	MathVista-MC-300	MathVista-MC-300_826	geoguide_solver	pred='A'	gold='C'	complete=True	duration_s=15.52
CALL MathVista-MC-300 MathVista-MC-300_826 geoguide_cautious
FAIL	MathVista-MC-300	MathVista-MC-300_826	geoguide_cautious	pred='A'	gold='C'	complete=True	duration_s=15.55
CALL MathVista-MC-300 MathVista-MC-300_800 raw
OK	MathVista-MC-300	MathVista-MC-300_800	raw	pred='B'	gold='B'	complete=True	duration_s=11.22
CALL MathVista-MC-300 MathVista-MC-300_800 structured_facts
OK	MathVista-MC-300	MathVista-MC-300_800	structured_facts	pred='B'	gold='B'	complete=True	duration_s=11.55
CALL MathVista-MC-300 MathVista-MC-300_800 perception_graph
OK	MathVista-MC-300	MathVista-MC-300_800	perception_graph	pred='B'	gold='B'	complete=True	duration_s=11.92
CALL MathVista-MC-300 MathVista-MC-300_800 construction_plan
OK	MathVista-MC-300	MathVista-MC-300_800	construction_plan	pred='B'	gold='B'	complete=True	duration_s=12.20
CALL MathVista-MC-300 MathVista-MC-300_800 geoguide_solver
OK	MathVista-MC-300	MathVista-MC-300_800	geoguide_solver	pred='B'	gold='B'	complete=True	duration_s=11.93
CALL MathVista-MC-300 MathVista-MC-300_800 geoguide_cautious
OK	MathVista-MC-300	MathVista-MC-300_800	geoguide_cautious	pred='B'	gold='B'	complete=True	duration_s=12.20
CALL MathVista-MC-300 MathVista-MC-300_272 raw
FAIL	MathVista-MC-300	MathVista-MC-300_272	raw	pred='D'	gold='C'	complete=True	duration_s=3.87
CALL MathVista-MC-300 MathVista-MC-300_272 structured_facts
FAIL	MathVista-MC-300	MathVista-MC-300_272	structured_facts	pred='D'	gold='C'	complete=True	duration_s=4.16
CALL MathVista-MC-300 MathVista-MC-300_272 perception_graph
FAIL	MathVista-MC-300	MathVista-MC-300_272	perception_graph	pred='D'	gold='C'	complete=True	duration_s=4.49
CALL MathVista-MC-300 MathVista-MC-300_272 construction_plan
FAIL	MathVista-MC-300	MathVista-MC-300_272	construction_plan	pred='D'	gold='C'	complete=True	duration_s=4.79
CALL MathVista-MC-300 MathVista-MC-300_272 geoguide_solver
FAIL	MathVista-MC-300	MathVista-MC-300_272	geoguide_solver	pred='D'	gold='C'	complete=True	duration_s=4.46
CALL MathVista-MC-300 MathVista-MC-300_272 geoguide_cautious
FAIL	MathVista-MC-300	MathVista-MC-300_272	geoguide_cautious	pred='D'	gold='C'	complete=True	duration_s=4.82
CALL MathVista-MC-300 MathVista-MC-300_538 raw
OK	MathVista-MC-300	MathVista-MC-300_538	raw	pred='A'	gold='A'	complete=True	duration_s=4.48
CALL MathVista-MC-300 MathVista-MC-300_538 structured_facts
OK	MathVista-MC-300	MathVista-MC-300_538	structured_facts	pred='A'	gold='A'	complete=True	duration_s=4.80
CALL MathVista-MC-300 MathVista-MC-300_538 perception_graph
OK	MathVista-MC-300	MathVista-MC-300_538	perception_graph	pred='A'	gold='A'	complete=True	duration_s=5.45
CALL MathVista-MC-300 MathVista-MC-300_538 construction_plan
OK	MathVista-MC-300	MathVista-MC-300_538	construction_plan	pred='A'	gold='A'	complete=True	duration_s=5.52
CALL MathVista-MC-300 MathVista-MC-300_538 geoguide_solver
OK	MathVista-MC-300	MathVista-MC-300_538	geoguide_solver	pred='A'	gold='A'	complete=True	duration_s=5.21
CALL MathVista-MC-300 MathVista-MC-300_538 geoguide_cautious
OK	MathVista-MC-300	MathVista-MC-300_538	geoguide_cautious	pred='A'	gold='A'	complete=True	duration_s=5.81
CALL MathVista-MC-300 MathVista-MC-300_887 raw
OK	MathVista-MC-300	MathVista-MC-300_887	raw	pred='A'	gold='A'	complete=True	duration_s=4.50
CALL MathVista-MC-300 MathVista-MC-300_887 structured_facts
OK	MathVista-MC-300	MathVista-MC-300_887	structured_facts	pred='A'	gold='A'	complete=True	duration_s=4.81
CALL MathVista-MC-300 MathVista-MC-300_887 perception_graph
OK	MathVista-MC-300	MathVista-MC-300_887	perception_graph	pred='A'	gold='A'	complete=True	duration_s=5.21
CALL MathVista-MC-300 MathVista-MC-300_887 construction_plan
OK	MathVista-MC-300	MathVista-MC-300_887	construction_plan	pred='A'	gold='A'	complete=True	duration_s=5.48
CALL MathVista-MC-300 MathVista-MC-300_887 geoguide_solver
OK	MathVista-MC-300	MathVista-MC-300_887	geoguide_solver	pred='A'	gold='A'	complete=True	duration_s=5.18
CALL MathVista-MC-300 MathVista-MC-300_887 geoguide_cautious
OK	MathVista-MC-300	MathVista-MC-300_887	geoguide_cautious	pred='A'	gold='A'	complete=True	duration_s=5.49
CALL MathVista-MC-300 MathVista-MC-300_486 raw
OK	MathVista-MC-300	MathVista-MC-300_486	raw	pred='D'	gold='D'	complete=True	duration_s=4.23
CALL MathVista-MC-300 MathVista-MC-300_486 structured_facts
OK	MathVista-MC-300	MathVista-MC-300_486	structured_facts	pred='D'	gold='D'	complete=True	duration_s=4.54
CALL MathVista-MC-300 MathVista-MC-300_486 perception_graph
OK	MathVista-MC-300	MathVista-MC-300_486	perception_graph	pred='D'	gold='D'	complete=True	duration_s=4.82
CALL MathVista-MC-300 MathVista-MC-300_486 construction_plan
OK	MathVista-MC-300	MathVista-MC-300_486	construction_plan	pred='D'	gold='D'	complete=True	duration_s=5.15
CALL MathVista-MC-300 MathVista-MC-300_486 geoguide_solver
OK	MathVista-MC-300	MathVista-MC-300_486	geoguide_solver	pred='D'	gold='D'	complete=True	duration_s=4.84
CALL MathVista-MC-300 MathVista-MC-300_486 geoguide_cautious
OK	MathVista-MC-300	MathVista-MC-300_486	geoguide_cautious	pred='D'	gold='D'	complete=True	duration_s=5.18
CALL MathVista-MC-300 MathVista-MC-300_206 raw
OK	MathVista-MC-300	MathVista-MC-300_206	raw	pred='B'	gold='B'	complete=True	duration_s=21.36
CALL MathVista-MC-300 MathVista-MC-300_206 structured_facts
OK	MathVista-MC-300	MathVista-MC-300_206	structured_facts	pred='B'	gold='B'	complete=True	duration_s=21.31
CALL MathVista-MC-300 MathVista-MC-300_206 perception_graph
OK	MathVista-MC-300	MathVista-MC-300_206	perception_graph	pred='B'	gold='B'	complete=True	duration_s=22.04
CALL MathVista-MC-300 MathVista-MC-300_206 construction_plan
OK	MathVista-MC-300	MathVista-MC-300_206	construction_plan	pred='B'	gold='B'	complete=True	duration_s=22.04
CALL MathVista-MC-300 MathVista-MC-300_206 geoguide_solver
OK	MathVista-MC-300	MathVista-MC-300_206	geoguide_solver	pred='B'	gold='B'	complete=True	duration_s=22.00
CALL MathVista-MC-300 MathVista-MC-300_206 geoguide_cautious
OK	MathVista-MC-300	MathVista-MC-300_206	geoguide_cautious	pred='B'	gold='B'	complete=True	duration_s=22.63
CALL MathVista-MC-300 MathVista-MC-300_419 raw
FAIL	MathVista-MC-300	MathVista-MC-300_419	raw	pred=''	gold='B'	complete=False	duration_s=4.29
CALL MathVista-MC-300 MathVista-MC-300_419 structured_facts
FAIL	MathVista-MC-300	MathVista-MC-300_419	structured_facts	pred='E'	gold='B'	complete=True	duration_s=4.53
CALL MathVista-MC-300 MathVista-MC-300_419 perception_graph
FAIL	MathVista-MC-300	MathVista-MC-300_419	perception_graph	pred='E'	gold='B'	complete=True	duration_s=5.40
CALL MathVista-MC-300 MathVista-MC-300_419 construction_plan
FAIL	MathVista-MC-300	MathVista-MC-300_419	construction_plan	pred=''	gold='B'	complete=False	duration_s=5.23
CALL MathVista-MC-300 MathVista-MC-300_419 geoguide_solver
FAIL	MathVista-MC-300	MathVista-MC-300_419	geoguide_solver	pred=''	gold='B'	complete=False	duration_s=4.93
CALL MathVista-MC-300 MathVista-MC-300_419 geoguide_cautious
FAIL	MathVista-MC-300	MathVista-MC-300_419	geoguide_cautious	pred='E'	gold='B'	complete=True	duration_s=5.15
CALL MathVista-MC-300 MathVista-MC-300_150 raw
FAIL	MathVista-MC-300	MathVista-MC-300_150	raw	pred='B'	gold='A'	complete=True	duration_s=4.43
CALL MathVista-MC-300 MathVista-MC-300_150 structured_facts
FAIL	MathVista-MC-300	MathVista-MC-300_150	structured_facts	pred='B'	gold='A'	complete=True	duration_s=4.73
CALL MathVista-MC-300 MathVista-MC-300_150 perception_graph
FAIL	MathVista-MC-300	MathVista-MC-300_150	perception_graph	pred='B'	gold='A'	complete=True	duration_s=5.37
CALL MathVista-MC-300 MathVista-MC-300_150 construction_plan
FAIL	MathVista-MC-300	MathVista-MC-300_150	construction_plan	pred='B'	gold='A'	complete=True	duration_s=5.45
CALL MathVista-MC-300 MathVista-MC-300_150 geoguide_solver
FAIL	MathVista-MC-300	MathVista-MC-300_150	geoguide_solver	pred='B'	gold='A'	complete=True	duration_s=5.11
CALL MathVista-MC-300 MathVista-MC-300_150 geoguide_cautious
FAIL	MathVista-MC-300	MathVista-MC-300_150	geoguide_cautious	pred='B'	gold='A'	complete=True	duration_s=5.41
CALL MathVista-MC-300 MathVista-MC-300_271 raw
OK	MathVista-MC-300	MathVista-MC-300_271	raw	pred='C'	gold='C'	complete=True	duration_s=6.69
CALL MathVista-MC-300 MathVista-MC-300_271 structured_facts
OK	MathVista-MC-300	MathVista-MC-300_271	structured_facts	pred='C'	gold='C'	complete=True	duration_s=6.69
CALL MathVista-MC-300 MathVista-MC-300_271 perception_graph
OK	MathVista-MC-300	MathVista-MC-300_271	perception_graph	pred='C'	gold='C'	complete=True	duration_s=7.61
CALL MathVista-MC-300 MathVista-MC-300_271 construction_plan
OK	MathVista-MC-300	MathVista-MC-300_271	construction_plan	pred='C'	gold='C'	complete=True	duration_s=7.38
CALL MathVista-MC-300 MathVista-MC-300_271 geoguide_solver
OK	MathVista-MC-300	MathVista-MC-300_271	geoguide_solver	pred='C'	gold='C'	complete=True	duration_s=7.32
CALL MathVista-MC-300 MathVista-MC-300_271 geoguide_cautious
OK	MathVista-MC-300	MathVista-MC-300_271	geoguide_cautious	pred='C'	gold='C'	complete=True	duration_s=7.66
CALL MathVista-MC-300 MathVista-MC-300_724 raw
OK	MathVista-MC-300	MathVista-MC-300_724	raw	pred='A'	gold='A'	complete=True	duration_s=11.74
CALL MathVista-MC-300 MathVista-MC-300_724 structured_facts
OK	MathVista-MC-300	MathVista-MC-300_724	structured_facts	pred='A'	gold='A'	complete=True	duration_s=12.09
CALL MathVista-MC-300 MathVista-MC-300_724 perception_graph
OK	MathVista-MC-300	MathVista-MC-300_724	perception_graph	pred='A'	gold='A'	complete=True	duration_s=12.74
CALL MathVista-MC-300 MathVista-MC-300_724 construction_plan
OK	MathVista-MC-300	MathVista-MC-300_724	construction_plan	pred='A'	gold='A'	complete=True	duration_s=12.75
CALL MathVista-MC-300 MathVista-MC-300_724 geoguide_solver
OK	MathVista-MC-300	MathVista-MC-300_724	geoguide_solver	pred='A'	gold='A'	complete=True	duration_s=12.70
CALL MathVista-MC-300 MathVista-MC-300_724 geoguide_cautious
OK	MathVista-MC-300	MathVista-MC-300_724	geoguide_cautious	pred='A'	gold='A'	complete=True	duration_s=12.77
CALL MathVista-MC-300 MathVista-MC-300_135 raw
FAIL	MathVista-MC-300	MathVista-MC-300_135	raw	pred='B'	gold='A'	complete=True	duration_s=14.92
CALL MathVista-MC-300 MathVista-MC-300_135 structured_facts
FAIL	MathVista-MC-300	MathVista-MC-300_135	structured_facts	pred='B'	gold='A'	complete=True	duration_s=14.92
CALL MathVista-MC-300 MathVista-MC-300_135 perception_graph
FAIL	MathVista-MC-300	MathVista-MC-300_135	perception_graph	pred='B'	gold='A'	complete=True	duration_s=15.56
CALL MathVista-MC-300 MathVista-MC-300_135 construction_plan
FAIL	MathVista-MC-300	MathVista-MC-300_135	construction_plan	pred='B'	gold='A'	complete=True	duration_s=15.86
CALL MathVista-MC-300 MathVista-MC-300_135 geoguide_solver
FAIL	MathVista-MC-300	MathVista-MC-300_135	geoguide_solver	pred='B'	gold='A'	complete=True	duration_s=15.58
CALL MathVista-MC-300 MathVista-MC-300_135 geoguide_cautious
FAIL	MathVista-MC-300	MathVista-MC-300_135	geoguide_cautious	pred='B'	gold='A'	complete=True	duration_s=15.85
CALL MathVista-MC-300 MathVista-MC-300_61 raw
OK	MathVista-MC-300	MathVista-MC-300_61	raw	pred='B'	gold='B'	complete=True	duration_s=7.99
CALL MathVista-MC-300 MathVista-MC-300_61 structured_facts
OK	MathVista-MC-300	MathVista-MC-300_61	structured_facts	pred='B'	gold='B'	complete=True	duration_s=8.19
CALL MathVista-MC-300 MathVista-MC-300_61 perception_graph
OK	MathVista-MC-300	MathVista-MC-300_61	perception_graph	pred='B'	gold='B'	complete=True	duration_s=8.60
CALL MathVista-MC-300 MathVista-MC-300_61 construction_plan
OK	MathVista-MC-300	MathVista-MC-300_61	construction_plan	pred='B'	gold='B'	complete=True	duration_s=8.65
CALL MathVista-MC-300 MathVista-MC-300_61 geoguide_solver
OK	MathVista-MC-300	MathVista-MC-300_61	geoguide_solver	pred='B'	gold='B'	complete=True	duration_s=8.62
CALL MathVista-MC-300 MathVista-MC-300_61 geoguide_cautious
OK	MathVista-MC-300	MathVista-MC-300_61	geoguide_cautious	pred='B'	gold='B'	complete=True	duration_s=8.94
CALL MathVista-MC-300 MathVista-MC-300_687 raw
OK	MathVista-MC-300	MathVista-MC-300_687	raw	pred='A'	gold='A'	complete=True	duration_s=10.78
CALL MathVista-MC-300 MathVista-MC-300_687 structured_facts
OK	MathVista-MC-300	MathVista-MC-300_687	structured_facts	pred='A'	gold='A'	complete=True	duration_s=11.09
CALL MathVista-MC-300 MathVista-MC-300_687 perception_graph
OK	MathVista-MC-300	MathVista-MC-300_687	perception_graph	pred='A'	gold='A'	complete=True	duration_s=12.02
CALL MathVista-MC-300 MathVista-MC-300_687 construction_plan
OK	MathVista-MC-300	MathVista-MC-300_687	construction_plan	pred='A'	gold='A'	complete=True	duration_s=11.75
CALL MathVista-MC-300 MathVista-MC-300_687 geoguide_solver
OK	MathVista-MC-300	MathVista-MC-300_687	geoguide_solver	pred='A'	gold='A'	complete=True	duration_s=11.48
CALL MathVista-MC-300 MathVista-MC-300_687 geoguide_cautious
OK	MathVista-MC-300	MathVista-MC-300_687	geoguide_cautious	pred='A'	gold='A'	complete=True	duration_s=12.01
CALL MathVista-MC-300 MathVista-MC-300_112 raw
OK	MathVista-MC-300	MathVista-MC-300_112	raw	pred='B'	gold='B'	complete=True	duration_s=14.60
CALL MathVista-MC-300 MathVista-MC-300_112 structured_facts
OK	MathVista-MC-300	MathVista-MC-300_112	structured_facts	pred='B'	gold='B'	complete=True	duration_s=14.91
CALL MathVista-MC-300 MathVista-MC-300_112 perception_graph
OK	MathVista-MC-300	MathVista-MC-300_112	perception_graph	pred='B'	gold='B'	complete=True	duration_s=15.58
CALL MathVista-MC-300 MathVista-MC-300_112 construction_plan
OK	MathVista-MC-300	MathVista-MC-300_112	construction_plan	pred='B'	gold='B'	complete=True	duration_s=15.59
CALL MathVista-MC-300 MathVista-MC-300_112 geoguide_solver
OK	MathVista-MC-300	MathVista-MC-300_112	geoguide_solver	pred='B'	gold='B'	complete=True	duration_s=15.26
CALL MathVista-MC-300 MathVista-MC-300_112 geoguide_cautious
OK	MathVista-MC-300	MathVista-MC-300_112	geoguide_cautious	pred='B'	gold='B'	complete=True	duration_s=15.60
CALL MathVista-MC-300 MathVista-MC-300_95 raw
FAIL	MathVista-MC-300	MathVista-MC-300_95	raw	pred='C'	gold='D'	complete=True	duration_s=4.38
CALL MathVista-MC-300 MathVista-MC-300_95 structured_facts
FAIL	MathVista-MC-300	MathVista-MC-300_95	structured_facts	pred='C'	gold='D'	complete=True	duration_s=4.69
CALL MathVista-MC-300 MathVista-MC-300_95 perception_graph
OK	MathVista-MC-300	MathVista-MC-300_95	perception_graph	pred='D'	gold='D'	complete=True	duration_s=5.07
CALL MathVista-MC-300 MathVista-MC-300_95 construction_plan
OK	MathVista-MC-300	MathVista-MC-300_95	construction_plan	pred='D'	gold='D'	complete=True	duration_s=5.39
CALL MathVista-MC-300 MathVista-MC-300_95 geoguide_solver
OK	MathVista-MC-300	MathVista-MC-300_95	geoguide_solver	pred='D'	gold='D'	complete=True	duration_s=5.06
CALL MathVista-MC-300 MathVista-MC-300_95 geoguide_cautious
OK	MathVista-MC-300	MathVista-MC-300_95	geoguide_cautious	pred='D'	gold='D'	complete=True	duration_s=5.41
CALL MathVista-MC-300 MathVista-MC-300_543 raw
FAIL	MathVista-MC-300	MathVista-MC-300_543	raw	pred='B'	gold='A'	complete=True	duration_s=14.62
CALL MathVista-MC-300 MathVista-MC-300_543 structured_facts
FAIL	MathVista-MC-300	MathVista-MC-300_543	structured_facts	pred='B'	gold='A'	complete=True	duration_s=14.91
CALL MathVista-MC-300 MathVista-MC-300_543 perception_graph
OK	MathVista-MC-300	MathVista-MC-300_543	perception_graph	pred='A'	gold='A'	complete=True	duration_s=15.57
CALL MathVista-MC-300 MathVista-MC-300_543 construction_plan
FAIL	MathVista-MC-300	MathVista-MC-300_543	construction_plan	pred='B'	gold='A'	complete=True	duration_s=15.57
CALL MathVista-MC-300 MathVista-MC-300_543 geoguide_solver
OK	MathVista-MC-300	MathVista-MC-300_543	geoguide_solver	pred='A'	gold='A'	complete=True	duration_s=15.24
CALL MathVista-MC-300 MathVista-MC-300_543 geoguide_cautious
FAIL	MathVista-MC-300	MathVista-MC-300_543	geoguide_cautious	pred='B'	gold='A'	complete=True	duration_s=15.56
CALL MathVista-MC-300 MathVista-MC-300_338 raw
OK	MathVista-MC-300	MathVista-MC-300_338	raw	pred='B'	gold='B'	complete=True	duration_s=4.42
CALL MathVista-MC-300 MathVista-MC-300_338 structured_facts
OK	MathVista-MC-300	MathVista-MC-300_338	structured_facts	pred='B'	gold='B'	complete=True	duration_s=4.67
CALL MathVista-MC-300 MathVista-MC-300_338 perception_graph
OK	MathVista-MC-300	MathVista-MC-300_338	perception_graph	pred='B'	gold='B'	complete=True	duration_s=5.08
CALL MathVista-MC-300 MathVista-MC-300_338 construction_plan
OK	MathVista-MC-300	MathVista-MC-300_338	construction_plan	pred='B'	gold='B'	complete=True	duration_s=5.41
CALL MathVista-MC-300 MathVista-MC-300_338 geoguide_solver
OK	MathVista-MC-300	MathVista-MC-300_338	geoguide_solver	pred='B'	gold='B'	complete=True	duration_s=5.10
CALL MathVista-MC-300 MathVista-MC-300_338 geoguide_cautious
OK	MathVista-MC-300	MathVista-MC-300_338	geoguide_cautious	pred='B'	gold='B'	complete=True	duration_s=5.40
CALL MathVista-MC-300 MathVista-MC-300_812 raw
FAIL	MathVista-MC-300	MathVista-MC-300_812	raw	pred='B'	gold='A'	complete=True	duration_s=50.65
CALL MathVista-MC-300 MathVista-MC-300_812 structured_facts
FAIL	MathVista-MC-300	MathVista-MC-300_812	structured_facts	pred='B'	gold='A'	complete=True	duration_s=50.44
CALL MathVista-MC-300 MathVista-MC-300_812 perception_graph
FAIL	MathVista-MC-300	MathVista-MC-300_812	perception_graph	pred='B'	gold='A'	complete=True	duration_s=51.34
CALL MathVista-MC-300 MathVista-MC-300_812 construction_plan
FAIL	MathVista-MC-300	MathVista-MC-300_812	construction_plan	pred='B'	gold='A'	complete=True	duration_s=51.23
CALL MathVista-MC-300 MathVista-MC-300_812 geoguide_solver
FAIL	MathVista-MC-300	MathVista-MC-300_812	geoguide_solver	pred='B'	gold='A'	complete=True	duration_s=51.29
CALL MathVista-MC-300 MathVista-MC-300_812 geoguide_cautious
FAIL	MathVista-MC-300	MathVista-MC-300_812	geoguide_cautious	pred='B'	gold='A'	complete=True	duration_s=51.00
CALL MathVista-MC-300 MathVista-MC-300_455 raw
FAIL	MathVista-MC-300	MathVista-MC-300_455	raw	pred='B'	gold='A'	complete=True	duration_s=10.31
CALL MathVista-MC-300 MathVista-MC-300_455 structured_facts
FAIL	MathVista-MC-300	MathVista-MC-300_455	structured_facts	pred='B'	gold='A'	complete=True	duration_s=10.65
CALL MathVista-MC-300 MathVista-MC-300_455 perception_graph
FAIL	MathVista-MC-300	MathVista-MC-300_455	perception_graph	pred='B'	gold='A'	complete=True	duration_s=11.24
CALL MathVista-MC-300 MathVista-MC-300_455 construction_plan
FAIL	MathVista-MC-300	MathVista-MC-300_455	construction_plan	pred='B'	gold='A'	complete=True	duration_s=11.55
CALL MathVista-MC-300 MathVista-MC-300_455 geoguide_solver
FAIL	MathVista-MC-300	MathVista-MC-300_455	geoguide_solver	pred='B'	gold='A'	complete=True	duration_s=11.00
CALL MathVista-MC-300 MathVista-MC-300_455 geoguide_cautious
FAIL	MathVista-MC-300	MathVista-MC-300_455	geoguide_cautious	pred='B'	gold='A'	complete=True	duration_s=11.59
CALL MathVista-MC-300 MathVista-MC-300_355 raw
OK	MathVista-MC-300	MathVista-MC-300_355	raw	pred='B'	gold='B'	complete=True	duration_s=4.41
CALL MathVista-MC-300 MathVista-MC-300_355 structured_facts
OK	MathVista-MC-300	MathVista-MC-300_355	structured_facts	pred='B'	gold='B'	complete=True	duration_s=4.71
CALL MathVista-MC-300 MathVista-MC-300_355 perception_graph
OK	MathVista-MC-300	MathVista-MC-300_355	perception_graph	pred='B'	gold='B'	complete=True	duration_s=5.08
CALL MathVista-MC-300 MathVista-MC-300_355 construction_plan
OK	MathVista-MC-300	MathVista-MC-300_355	construction_plan	pred='B'	gold='B'	complete=True	duration_s=5.42
CALL MathVista-MC-300 MathVista-MC-300_355 geoguide_solver
OK	MathVista-MC-300	MathVista-MC-300_355	geoguide_solver	pred='B'	gold='B'	complete=True	duration_s=5.08
CALL MathVista-MC-300 MathVista-MC-300_355 geoguide_cautious
OK	MathVista-MC-300	MathVista-MC-300_355	geoguide_cautious	pred='B'	gold='B'	complete=True	duration_s=5.43
CALL MathVista-MC-300 MathVista-MC-300_665 raw
FAIL	MathVista-MC-300	MathVista-MC-300_665	raw	pred='B'	gold='D'	complete=True	duration_s=4.40
CALL MathVista-MC-300 MathVista-MC-300_665 structured_facts
FAIL	MathVista-MC-300	MathVista-MC-300_665	structured_facts	pred='B'	gold='D'	complete=True	duration_s=4.71
CALL MathVista-MC-300 MathVista-MC-300_665 perception_graph
FAIL	MathVista-MC-300	MathVista-MC-300_665	perception_graph	pred='B'	gold='D'	complete=True	duration_s=5.28
CALL MathVista-MC-300 MathVista-MC-300_665 construction_plan
FAIL	MathVista-MC-300	MathVista-MC-300_665	construction_plan	pred='B'	gold='D'	complete=True	duration_s=5.34
CALL MathVista-MC-300 MathVista-MC-300_665 geoguide_solver
FAIL	MathVista-MC-300	MathVista-MC-300_665	geoguide_solver	pred='B'	gold='D'	complete=True	duration_s=5.29
CALL MathVista-MC-300 MathVista-MC-300_665 geoguide_cautious
FAIL	MathVista-MC-300	MathVista-MC-300_665	geoguide_cautious	pred='B'	gold='D'	complete=True	duration_s=5.63
CALL MathVista-MC-300 MathVista-MC-300_805 raw
FAIL	MathVista-MC-300	MathVista-MC-300_805	raw	pred='A'	gold='B'	complete=True	duration_s=13.73
CALL MathVista-MC-300 MathVista-MC-300_805 structured_facts
FAIL	MathVista-MC-300	MathVista-MC-300_805	structured_facts	pred='A'	gold='B'	complete=True	duration_s=14.02
CALL MathVista-MC-300 MathVista-MC-300_805 perception_graph
FAIL	MathVista-MC-300	MathVista-MC-300_805	perception_graph	pred='A'	gold='B'	complete=True	duration_s=14.42
CALL MathVista-MC-300 MathVista-MC-300_805 construction_plan
FAIL	MathVista-MC-300	MathVista-MC-300_805	construction_plan	pred='A'	gold='B'	complete=True	duration_s=14.74
CALL MathVista-MC-300 MathVista-MC-300_805 geoguide_solver
FAIL	MathVista-MC-300	MathVista-MC-300_805	geoguide_solver	pred='A'	gold='B'	complete=True	duration_s=14.43
CALL MathVista-MC-300 MathVista-MC-300_805 geoguide_cautious
FAIL	MathVista-MC-300	MathVista-MC-300_805	geoguide_cautious	pred='A'	gold='B'	complete=True	duration_s=14.75
CALL MathVista-MC-300 MathVista-MC-300_846 raw
FAIL	MathVista-MC-300	MathVista-MC-300_846	raw	pred='B'	gold='A'	complete=True	duration_s=14.01
CALL MathVista-MC-300 MathVista-MC-300_846 structured_facts
FAIL	MathVista-MC-300	MathVista-MC-300_846	structured_facts	pred='B'	gold='A'	complete=True	duration_s=14.38
CALL MathVista-MC-300 MathVista-MC-300_846 perception_graph
FAIL	MathVista-MC-300	MathVista-MC-300_846	perception_graph	pred='B'	gold='A'	complete=True	duration_s=14.72
CALL MathVista-MC-300 MathVista-MC-300_846 construction_plan
FAIL	MathVista-MC-300	MathVista-MC-300_846	construction_plan	pred='B'	gold='A'	complete=True	duration_s=15.07
CALL MathVista-MC-300 MathVista-MC-300_846 geoguide_solver
FAIL	MathVista-MC-300	MathVista-MC-300_846	geoguide_solver	pred='B'	gold='A'	complete=True	duration_s=14.71
CALL MathVista-MC-300 MathVista-MC-300_846 geoguide_cautious
FAIL	MathVista-MC-300	MathVista-MC-300_846	geoguide_cautious	pred='B'	gold='A'	complete=True	duration_s=14.99
CALL MathVista-MC-300 MathVista-MC-300_526 raw
OK	MathVista-MC-300	MathVista-MC-300_526	raw	pred='A'	gold='A'	complete=True	duration_s=4.42
CALL MathVista-MC-300 MathVista-MC-300_526 structured_facts
OK	MathVista-MC-300	MathVista-MC-300_526	structured_facts	pred='A'	gold='A'	complete=True	duration_s=4.71
CALL MathVista-MC-300 MathVista-MC-300_526 perception_graph
OK	MathVista-MC-300	MathVista-MC-300_526	perception_graph	pred='A'	gold='A'	complete=True	duration_s=5.02
CALL MathVista-MC-300 MathVista-MC-300_526 construction_plan
OK	MathVista-MC-300	MathVista-MC-300_526	construction_plan	pred='A'	gold='A'	complete=True	duration_s=5.05
CALL MathVista-MC-300 MathVista-MC-300_526 geoguide_solver
OK	MathVista-MC-300	MathVista-MC-300_526	geoguide_solver	pred='A'	gold='A'	complete=True	duration_s=5.02
CALL MathVista-MC-300 MathVista-MC-300_526 geoguide_cautious
OK	MathVista-MC-300	MathVista-MC-300_526	geoguide_cautious	pred='A'	gold='A'	complete=True	duration_s=5.36
CALL MathVista-MC-300 MathVista-MC-300_621 raw
FAIL	MathVista-MC-300	MathVista-MC-300_621	raw	pred='C'	gold='E'	complete=True	duration_s=6.50
CALL MathVista-MC-300 MathVista-MC-300_621 structured_facts
FAIL	MathVista-MC-300	MathVista-MC-300_621	structured_facts	pred='C'	gold='E'	complete=True	duration_s=7.06
CALL MathVista-MC-300 MathVista-MC-300_621 perception_graph
OK	MathVista-MC-300	MathVista-MC-300_621	perception_graph	pred='E'	gold='E'	complete=True	duration_s=7.72
CALL MathVista-MC-300 MathVista-MC-300_621 construction_plan
OK	MathVista-MC-300	MathVista-MC-300_621	construction_plan	pred='E'	gold='E'	complete=True	duration_s=8.05
CALL MathVista-MC-300 MathVista-MC-300_621 geoguide_solver
OK	MathVista-MC-300	MathVista-MC-300_621	geoguide_solver	pred='E'	gold='E'	complete=True	duration_s=7.73
CALL MathVista-MC-300 MathVista-MC-300_621 geoguide_cautious
OK	MathVista-MC-300	MathVista-MC-300_621	geoguide_cautious	pred='E'	gold='E'	complete=True	duration_s=8.04
CALL MathVista-MC-300 MathVista-MC-300_992 raw
OK	MathVista-MC-300	MathVista-MC-300_992	raw	pred='B'	gold='B'	complete=True	duration_s=14.87
CALL MathVista-MC-300 MathVista-MC-300_992 structured_facts
FAIL	MathVista-MC-300	MathVista-MC-300_992	structured_facts	pred='A'	gold='B'	complete=True	duration_s=14.93
CALL MathVista-MC-300 MathVista-MC-300_992 perception_graph
FAIL	MathVista-MC-300	MathVista-MC-300_992	perception_graph	pred='A'	gold='B'	complete=True	duration_s=15.57
CALL MathVista-MC-300 MathVista-MC-300_992 construction_plan
FAIL	MathVista-MC-300	MathVista-MC-300_992	construction_plan	pred='A'	gold='B'	complete=True	duration_s=15.56
CALL MathVista-MC-300 MathVista-MC-300_992 geoguide_solver
FAIL	MathVista-MC-300	MathVista-MC-300_992	geoguide_solver	pred='A'	gold='B'	complete=True	duration_s=15.55
CALL MathVista-MC-300 MathVista-MC-300_992 geoguide_cautious
FAIL	MathVista-MC-300	MathVista-MC-300_992	geoguide_cautious	pred='A'	gold='B'	complete=True	duration_s=15.59
CALL MathVista-MC-300 MathVista-MC-300_773 raw
OK	MathVista-MC-300	MathVista-MC-300_773	raw	pred='B'	gold='B'	complete=True	duration_s=4.39
CALL MathVista-MC-300 MathVista-MC-300_773 structured_facts
OK	MathVista-MC-300	MathVista-MC-300_773	structured_facts	pred='B'	gold='B'	complete=True	duration_s=4.70
CALL MathVista-MC-300 MathVista-MC-300_773 perception_graph
OK	MathVista-MC-300	MathVista-MC-300_773	perception_graph	pred='B'	gold='B'	complete=True	duration_s=5.63
CALL MathVista-MC-300 MathVista-MC-300_773 construction_plan
OK	MathVista-MC-300	MathVista-MC-300_773	construction_plan	pred='B'	gold='B'	complete=True	duration_s=5.67
CALL MathVista-MC-300 MathVista-MC-300_773 geoguide_solver
OK	MathVista-MC-300	MathVista-MC-300_773	geoguide_solver	pred='B'	gold='B'	complete=True	duration_s=5.10
CALL MathVista-MC-300 MathVista-MC-300_773 geoguide_cautious
OK	MathVista-MC-300	MathVista-MC-300_773	geoguide_cautious	pred='B'	gold='B'	complete=True	duration_s=5.70
CALL MathVista-MC-300 MathVista-MC-300_754 raw
OK	MathVista-MC-300	MathVista-MC-300_754	raw	pred='A'	gold='A'	complete=True	duration_s=8.18
CALL MathVista-MC-300 MathVista-MC-300_754 structured_facts
OK	MathVista-MC-300	MathVista-MC-300_754	structured_facts	pred='A'	gold='A'	complete=True	duration_s=8.47
CALL MathVista-MC-300 MathVista-MC-300_754 perception_graph
OK	MathVista-MC-300	MathVista-MC-300_754	perception_graph	pred='A'	gold='A'	complete=True	duration_s=8.85
CALL MathVista-MC-300 MathVista-MC-300_754 construction_plan
OK	MathVista-MC-300	MathVista-MC-300_754	construction_plan	pred='A'	gold='A'	complete=True	duration_s=8.84
CALL MathVista-MC-300 MathVista-MC-300_754 geoguide_solver
OK	MathVista-MC-300	MathVista-MC-300_754	geoguide_solver	pred='A'	gold='A'	complete=True	duration_s=8.81
CALL MathVista-MC-300 MathVista-MC-300_754 geoguide_cautious
OK	MathVista-MC-300	MathVista-MC-300_754	geoguide_cautious	pred='A'	gold='A'	complete=True	duration_s=9.14
CALL MathVista-MC-300 MathVista-MC-300_663 raw
FAIL	MathVista-MC-300	MathVista-MC-300_663	raw	pred='E'	gold='B'	complete=True	duration_s=4.23
CALL MathVista-MC-300 MathVista-MC-300_663 structured_facts
FAIL	MathVista-MC-300	MathVista-MC-300_663	structured_facts	pred='E'	gold='B'	complete=True	duration_s=4.54
CALL MathVista-MC-300 MathVista-MC-300_663 perception_graph
FAIL	MathVista-MC-300	MathVista-MC-300_663	perception_graph	pred='E'	gold='B'	complete=True	duration_s=5.11
CALL MathVista-MC-300 MathVista-MC-300_663 construction_plan
FAIL	MathVista-MC-300	MathVista-MC-300_663	construction_plan	pred='E'	gold='B'	complete=True	duration_s=5.16
CALL MathVista-MC-300 MathVista-MC-300_663 geoguide_solver
FAIL	MathVista-MC-300	MathVista-MC-300_663	geoguide_solver	pred=''	gold='B'	complete=False	duration_s=4.90
CALL MathVista-MC-300 MathVista-MC-300_663 geoguide_cautious
FAIL	MathVista-MC-300	MathVista-MC-300_663	geoguide_cautious	pred='E'	gold='B'	complete=True	duration_s=5.13
CALL MathVista-MC-300 MathVista-MC-300_761 raw
OK	MathVista-MC-300	MathVista-MC-300_761	raw	pred='D'	gold='D'	complete=True	duration_s=6.91
CALL MathVista-MC-300 MathVista-MC-300_761 structured_facts
OK	MathVista-MC-300	MathVista-MC-300_761	structured_facts	pred='D'	gold='D'	complete=True	duration_s=7.20
CALL MathVista-MC-300 MathVista-MC-300_761 perception_graph
OK	MathVista-MC-300	MathVista-MC-300_761	perception_graph	pred='D'	gold='D'	complete=True	duration_s=7.56
CALL MathVista-MC-300 MathVista-MC-300_761 construction_plan
OK	MathVista-MC-300	MathVista-MC-300_761	construction_plan	pred='D'	gold='D'	complete=True	duration_s=7.85
CALL MathVista-MC-300 MathVista-MC-300_761 geoguide_solver
OK	MathVista-MC-300	MathVista-MC-300_761	geoguide_solver	pred='D'	gold='D'	complete=True	duration_s=7.54
CALL MathVista-MC-300 MathVista-MC-300_761 geoguide_cautious
OK	MathVista-MC-300	MathVista-MC-300_761	geoguide_cautious	pred='D'	gold='D'	complete=True	duration_s=7.87
CALL MathVista-MC-300 MathVista-MC-300_325 raw
OK	MathVista-MC-300	MathVista-MC-300_325	raw	pred='B'	gold='B'	complete=True	duration_s=8.44
CALL MathVista-MC-300 MathVista-MC-300_325 structured_facts
OK	MathVista-MC-300	MathVista-MC-300_325	structured_facts	pred='B'	gold='B'	complete=True	duration_s=8.72
CALL MathVista-MC-300 MathVista-MC-300_325 perception_graph
OK	MathVista-MC-300	MathVista-MC-300_325	perception_graph	pred='B'	gold='B'	complete=True	duration_s=9.39
CALL MathVista-MC-300 MathVista-MC-300_325 construction_plan
OK	MathVista-MC-300	MathVista-MC-300_325	construction_plan	pred='B'	gold='B'	complete=True	duration_s=9.50
CALL MathVista-MC-300 MathVista-MC-300_325 geoguide_solver
OK	MathVista-MC-300	MathVista-MC-300_325	geoguide_solver	pred='B'	gold='B'	complete=True	duration_s=9.39
CALL MathVista-MC-300 MathVista-MC-300_325 geoguide_cautious
OK	MathVista-MC-300	MathVista-MC-300_325	geoguide_cautious	pred='B'	gold='B'	complete=True	duration_s=9.43
CALL MathVista-MC-300 MathVista-MC-300_970 raw
OK	MathVista-MC-300	MathVista-MC-300_970	raw	pred='C'	gold='C'	complete=True	duration_s=4.46
CALL MathVista-MC-300 MathVista-MC-300_970 structured_facts
OK	MathVista-MC-300	MathVista-MC-300_970	structured_facts	pred='C'	gold='C'	complete=True	duration_s=4.52
CALL MathVista-MC-300 MathVista-MC-300_970 perception_graph
OK	MathVista-MC-300	MathVista-MC-300_970	perception_graph	pred='C'	gold='C'	complete=True	duration_s=5.16
CALL MathVista-MC-300 MathVista-MC-300_970 construction_plan
OK	MathVista-MC-300	MathVista-MC-300_970	construction_plan	pred='C'	gold='C'	complete=True	duration_s=5.16
CALL MathVista-MC-300 MathVista-MC-300_970 geoguide_solver
OK	MathVista-MC-300	MathVista-MC-300_970	geoguide_solver	pred='C'	gold='C'	complete=True	duration_s=5.14
CALL MathVista-MC-300 MathVista-MC-300_970 geoguide_cautious
OK	MathVista-MC-300	MathVista-MC-300_970	geoguide_cautious	pred='C'	gold='C'	complete=True	duration_s=5.46
CALL MathVista-MC-300 MathVista-MC-300_697 raw
OK	MathVista-MC-300	MathVista-MC-300_697	raw	pred='C'	gold='C'	complete=True	duration_s=4.41
CALL MathVista-MC-300 MathVista-MC-300_697 structured_facts
OK	MathVista-MC-300	MathVista-MC-300_697	structured_facts	pred='C'	gold='C'	complete=True	duration_s=4.71
CALL MathVista-MC-300 MathVista-MC-300_697 perception_graph
OK	MathVista-MC-300	MathVista-MC-300_697	perception_graph	pred='C'	gold='C'	complete=True	duration_s=5.69
CALL MathVista-MC-300 MathVista-MC-300_697 construction_plan
OK	MathVista-MC-300	MathVista-MC-300_697	construction_plan	pred='C'	gold='C'	complete=True	duration_s=5.48
CALL MathVista-MC-300 MathVista-MC-300_697 geoguide_solver
OK	MathVista-MC-300	MathVista-MC-300_697	geoguide_solver	pred='C'	gold='C'	complete=True	duration_s=5.39
CALL MathVista-MC-300 MathVista-MC-300_697 geoguide_cautious
OK	MathVista-MC-300	MathVista-MC-300_697	geoguide_cautious	pred='C'	gold='C'	complete=True	duration_s=5.74
CALL MathVista-MC-300 MathVista-MC-300_913 raw
OK	MathVista-MC-300	MathVista-MC-300_913	raw	pred='A'	gold='A'	complete=True	duration_s=14.08
CALL MathVista-MC-300 MathVista-MC-300_913 structured_facts
OK	MathVista-MC-300	MathVista-MC-300_913	structured_facts	pred='A'	gold='A'	complete=True	duration_s=14.40
CALL MathVista-MC-300 MathVista-MC-300_913 perception_graph
OK	MathVista-MC-300	MathVista-MC-300_913	perception_graph	pred='A'	gold='A'	complete=True	duration_s=14.82
CALL MathVista-MC-300 MathVista-MC-300_913 construction_plan
OK	MathVista-MC-300	MathVista-MC-300_913	construction_plan	pred='A'	gold='A'	complete=True	duration_s=15.06
CALL MathVista-MC-300 MathVista-MC-300_913 geoguide_solver
OK	MathVista-MC-300	MathVista-MC-300_913	geoguide_solver	pred='A'	gold='A'	complete=True	duration_s=14.75
CALL MathVista-MC-300 MathVista-MC-300_913 geoguide_cautious
OK	MathVista-MC-300	MathVista-MC-300_913	geoguide_cautious	pred='A'	gold='A'	complete=True	duration_s=15.05
CALL MathVista-MC-300 MathVista-MC-300_908 raw
OK	MathVista-MC-300	MathVista-MC-300_908	raw	pred='C'	gold='C'	complete=True	duration_s=8.12
CALL MathVista-MC-300 MathVista-MC-300_908 structured_facts
OK	MathVista-MC-300	MathVista-MC-300_908	structured_facts	pred='C'	gold='C'	complete=True	duration_s=8.40
CALL MathVista-MC-300 MathVista-MC-300_908 perception_graph
OK	MathVista-MC-300	MathVista-MC-300_908	perception_graph	pred='C'	gold='C'	complete=True	duration_s=9.05
CALL MathVista-MC-300 MathVista-MC-300_908 construction_plan
OK	MathVista-MC-300	MathVista-MC-300_908	construction_plan	pred='C'	gold='C'	complete=True	duration_s=9.08
CALL MathVista-MC-300 MathVista-MC-300_908 geoguide_solver
OK	MathVista-MC-300	MathVista-MC-300_908	geoguide_solver	pred='C'	gold='C'	complete=True	duration_s=9.03
CALL MathVista-MC-300 MathVista-MC-300_908 geoguide_cautious
OK	MathVista-MC-300	MathVista-MC-300_908	geoguide_cautious	pred='C'	gold='C'	complete=True	duration_s=9.09
CALL MathVista-MC-300 MathVista-MC-300_378 raw
FAIL	MathVista-MC-300	MathVista-MC-300_378	raw	pred='B'	gold='D'	complete=True	duration_s=4.19
CALL MathVista-MC-300 MathVista-MC-300_378 structured_facts
FAIL	MathVista-MC-300	MathVista-MC-300_378	structured_facts	pred='B'	gold='D'	complete=True	duration_s=4.49
CALL MathVista-MC-300 MathVista-MC-300_378 perception_graph
OK	MathVista-MC-300	MathVista-MC-300_378	perception_graph	pred='D'	gold='D'	complete=True	duration_s=5.10
CALL MathVista-MC-300 MathVista-MC-300_378 construction_plan
OK	MathVista-MC-300	MathVista-MC-300_378	construction_plan	pred='D'	gold='D'	complete=True	duration_s=5.16
CALL MathVista-MC-300 MathVista-MC-300_378 geoguide_solver
OK	MathVista-MC-300	MathVista-MC-300_378	geoguide_solver	pred='D'	gold='D'	complete=True	duration_s=4.84
CALL MathVista-MC-300 MathVista-MC-300_378 geoguide_cautious
OK	MathVista-MC-300	MathVista-MC-300_378	geoguide_cautious	pred='D'	gold='D'	complete=True	duration_s=5.13
CALL MathVista-MC-300 MathVista-MC-300_856 raw
OK	MathVista-MC-300	MathVista-MC-300_856	raw	pred='C'	gold='C'	complete=True	duration_s=5.70
CALL MathVista-MC-300 MathVista-MC-300_856 structured_facts
OK	MathVista-MC-300	MathVista-MC-300_856	structured_facts	pred='C'	gold='C'	complete=True	duration_s=5.99
CALL MathVista-MC-300 MathVista-MC-300_856 perception_graph
OK	MathVista-MC-300	MathVista-MC-300_856	perception_graph	pred='C'	gold='C'	complete=True	duration_s=6.61
CALL MathVista-MC-300 MathVista-MC-300_856 construction_plan
OK	MathVista-MC-300	MathVista-MC-300_856	construction_plan	pred='C'	gold='C'	complete=True	duration_s=6.66
CALL MathVista-MC-300 MathVista-MC-300_856 geoguide_solver
OK	MathVista-MC-300	MathVista-MC-300_856	geoguide_solver	pred='C'	gold='C'	complete=True	duration_s=6.32
CALL MathVista-MC-300 MathVista-MC-300_856 geoguide_cautious
OK	MathVista-MC-300	MathVista-MC-300_856	geoguide_cautious	pred='C'	gold='C'	complete=True	duration_s=6.69
CALL MathVista-MC-300 MathVista-MC-300_776 raw
OK	MathVista-MC-300	MathVista-MC-300_776	raw	pred='B'	gold='B'	complete=True	duration_s=12.45
CALL MathVista-MC-300 MathVista-MC-300_776 structured_facts
OK	MathVista-MC-300	MathVista-MC-300_776	structured_facts	pred='B'	gold='B'	complete=True	duration_s=12.78
CALL MathVista-MC-300 MathVista-MC-300_776 perception_graph
OK	MathVista-MC-300	MathVista-MC-300_776	perception_graph	pred='B'	gold='B'	complete=True	duration_s=13.40
CALL MathVista-MC-300 MathVista-MC-300_776 construction_plan
OK	MathVista-MC-300	MathVista-MC-300_776	construction_plan	pred='B'	gold='B'	complete=True	duration_s=13.48
CALL MathVista-MC-300 MathVista-MC-300_776 geoguide_solver
OK	MathVista-MC-300	MathVista-MC-300_776	geoguide_solver	pred='B'	gold='B'	complete=True	duration_s=12.50
CALL MathVista-MC-300 MathVista-MC-300_776 geoguide_cautious
OK	MathVista-MC-300	MathVista-MC-300_776	geoguide_cautious	pred='B'	gold='B'	complete=True	duration_s=13.12
CALL MathVista-MC-300 MathVista-MC-300_644 raw
FAIL	MathVista-MC-300	MathVista-MC-300_644	raw	pred='B'	gold='A'	complete=True	duration_s=10.48
CALL MathVista-MC-300 MathVista-MC-300_644 structured_facts
FAIL	MathVista-MC-300	MathVista-MC-300_644	structured_facts	pred='B'	gold='A'	complete=True	duration_s=10.80
CALL MathVista-MC-300 MathVista-MC-300_644 perception_graph
FAIL	MathVista-MC-300	MathVista-MC-300_644	perception_graph	pred='B'	gold='A'	complete=True	duration_s=11.43
CALL MathVista-MC-300 MathVista-MC-300_644 construction_plan
FAIL	MathVista-MC-300	MathVista-MC-300_644	construction_plan	pred='B'	gold='A'	complete=True	duration_s=11.75
CALL MathVista-MC-300 MathVista-MC-300_644 geoguide_solver
FAIL	MathVista-MC-300	MathVista-MC-300_644	geoguide_solver	pred='B'	gold='A'	complete=True	duration_s=11.43
CALL MathVista-MC-300 MathVista-MC-300_644 geoguide_cautious
FAIL	MathVista-MC-300	MathVista-MC-300_644	geoguide_cautious	pred='B'	gold='A'	complete=True	duration_s=11.75
CALL MathVista-MC-300 MathVista-MC-300_747 raw
OK	MathVista-MC-300	MathVista-MC-300_747	raw	pred='C'	gold='C'	complete=True	duration_s=12.12
CALL MathVista-MC-300 MathVista-MC-300_747 structured_facts
OK	MathVista-MC-300	MathVista-MC-300_747	structured_facts	pred='C'	gold='C'	complete=True	duration_s=12.39
CALL MathVista-MC-300 MathVista-MC-300_747 perception_graph
OK	MathVista-MC-300	MathVista-MC-300_747	perception_graph	pred='C'	gold='C'	complete=True	duration_s=12.98
CALL MathVista-MC-300 MathVista-MC-300_747 construction_plan
OK	MathVista-MC-300	MathVista-MC-300_747	construction_plan	pred='C'	gold='C'	complete=True	duration_s=13.06
CALL MathVista-MC-300 MathVista-MC-300_747 geoguide_solver
OK	MathVista-MC-300	MathVista-MC-300_747	geoguide_solver	pred='C'	gold='C'	complete=True	duration_s=12.76
CALL MathVista-MC-300 MathVista-MC-300_747 geoguide_cautious
OK	MathVista-MC-300	MathVista-MC-300_747	geoguide_cautious	pred='C'	gold='C'	complete=True	duration_s=13.01
CALL MathVista-MC-300 MathVista-MC-300_548 raw
OK	MathVista-MC-300	MathVista-MC-300_548	raw	pred='A'	gold='A'	complete=True	duration_s=14.56
CALL MathVista-MC-300 MathVista-MC-300_548 structured_facts
OK	MathVista-MC-300	MathVista-MC-300_548	structured_facts	pred='A'	gold='A'	complete=True	duration_s=14.85
CALL MathVista-MC-300 MathVista-MC-300_548 perception_graph
OK	MathVista-MC-300	MathVista-MC-300_548	perception_graph	pred='A'	gold='A'	complete=True	duration_s=15.25
CALL MathVista-MC-300 MathVista-MC-300_548 construction_plan
OK	MathVista-MC-300	MathVista-MC-300_548	construction_plan	pred='A'	gold='A'	complete=True	duration_s=15.56
CALL MathVista-MC-300 MathVista-MC-300_548 geoguide_solver
OK	MathVista-MC-300	MathVista-MC-300_548	geoguide_solver	pred='A'	gold='A'	complete=True	duration_s=15.23
CALL MathVista-MC-300 MathVista-MC-300_548 geoguide_cautious
OK	MathVista-MC-300	MathVista-MC-300_548	geoguide_cautious	pred='A'	gold='A'	complete=True	duration_s=15.54
CALL MathVista-MC-300 MathVista-MC-300_319 raw
OK	MathVista-MC-300	MathVista-MC-300_319	raw	pred='A'	gold='A'	complete=True	duration_s=14.53
CALL MathVista-MC-300 MathVista-MC-300_319 structured_facts
OK	MathVista-MC-300	MathVista-MC-300_319	structured_facts	pred='A'	gold='A'	complete=True	duration_s=14.88
CALL MathVista-MC-300 MathVista-MC-300_319 perception_graph
OK	MathVista-MC-300	MathVista-MC-300_319	perception_graph	pred='A'	gold='A'	complete=True	duration_s=15.55
CALL MathVista-MC-300 MathVista-MC-300_319 construction_plan
OK	MathVista-MC-300	MathVista-MC-300_319	construction_plan	pred='A'	gold='A'	complete=True	duration_s=15.54
CALL MathVista-MC-300 MathVista-MC-300_319 geoguide_solver
OK	MathVista-MC-300	MathVista-MC-300_319	geoguide_solver	pred='A'	gold='A'	complete=True	duration_s=15.23
CALL MathVista-MC-300 MathVista-MC-300_319 geoguide_cautious
OK	MathVista-MC-300	MathVista-MC-300_319	geoguide_cautious	pred='A'	gold='A'	complete=True	duration_s=15.55
CALL MathVista-MC-300 MathVista-MC-300_147 raw
OK	MathVista-MC-300	MathVista-MC-300_147	raw	pred='B'	gold='B'	complete=True	duration_s=11.80
CALL MathVista-MC-300 MathVista-MC-300_147 structured_facts
OK	MathVista-MC-300	MathVista-MC-300_147	structured_facts	pred='B'	gold='B'	complete=True	duration_s=12.11
CALL MathVista-MC-300 MathVista-MC-300_147 perception_graph
OK	MathVista-MC-300	MathVista-MC-300_147	perception_graph	pred='B'	gold='B'	complete=True	duration_s=12.47
CALL MathVista-MC-300 MathVista-MC-300_147 construction_plan
OK	MathVista-MC-300	MathVista-MC-300_147	construction_plan	pred='B'	gold='B'	complete=True	duration_s=12.77
CALL MathVista-MC-300 MathVista-MC-300_147 geoguide_solver
OK	MathVista-MC-300	MathVista-MC-300_147	geoguide_solver	pred='B'	gold='B'	complete=True	duration_s=12.48
CALL MathVista-MC-300 MathVista-MC-300_147 geoguide_cautious
FAIL	MathVista-MC-300	MathVista-MC-300_147	geoguide_cautious	pred='C'	gold='B'	complete=True	duration_s=12.82
CALL MathVista-MC-300 MathVista-MC-300_715 raw
FAIL	MathVista-MC-300	MathVista-MC-300_715	raw	pred=''	gold='B'	complete=False	duration_s=142.91
CALL MathVista-MC-300 MathVista-MC-300_715 structured_facts
FAIL	MathVista-MC-300	MathVista-MC-300_715	structured_facts	pred=''	gold='B'	complete=False	duration_s=142.52
CALL MathVista-MC-300 MathVista-MC-300_715 perception_graph
FAIL	MathVista-MC-300	MathVista-MC-300_715	perception_graph	pred=''	gold='B'	complete=False	duration_s=142.51
CALL MathVista-MC-300 MathVista-MC-300_715 construction_plan
FAIL	MathVista-MC-300	MathVista-MC-300_715	construction_plan	pred=''	gold='B'	complete=False	duration_s=142.43
CALL MathVista-MC-300 MathVista-MC-300_715 geoguide_solver
FAIL	MathVista-MC-300	MathVista-MC-300_715	geoguide_solver	pred=''	gold='B'	complete=False	duration_s=142.70
CALL MathVista-MC-300 MathVista-MC-300_715 geoguide_cautious
FAIL	MathVista-MC-300	MathVista-MC-300_715	geoguide_cautious	pred=''	gold='B'	complete=False	duration_s=142.75
CALL MathVista-MC-300 MathVista-MC-300_25 raw
OK	MathVista-MC-300	MathVista-MC-300_25	raw	pred='B'	gold='B'	complete=True	duration_s=14.05
CALL MathVista-MC-300 MathVista-MC-300_25 structured_facts
OK	MathVista-MC-300	MathVista-MC-300_25	structured_facts	pred='B'	gold='B'	complete=True	duration_s=14.41
CALL MathVista-MC-300 MathVista-MC-300_25 perception_graph
OK	MathVista-MC-300	MathVista-MC-300_25	perception_graph	pred='B'	gold='B'	complete=True	duration_s=14.71
CALL MathVista-MC-300 MathVista-MC-300_25 construction_plan
OK	MathVista-MC-300	MathVista-MC-300_25	construction_plan	pred='B'	gold='B'	complete=True	duration_s=15.03
CALL MathVista-MC-300 MathVista-MC-300_25 geoguide_solver
OK	MathVista-MC-300	MathVista-MC-300_25	geoguide_solver	pred='B'	gold='B'	complete=True	duration_s=14.69
CALL MathVista-MC-300 MathVista-MC-300_25 geoguide_cautious
OK	MathVista-MC-300	MathVista-MC-300_25	geoguide_cautious	pred='B'	gold='B'	complete=True	duration_s=14.99
CALL MathVista-MC-300 MathVista-MC-300_563 raw
OK	MathVista-MC-300	MathVista-MC-300_563	raw	pred='B'	gold='B'	complete=True	duration_s=12.87
CALL MathVista-MC-300 MathVista-MC-300_563 structured_facts
OK	MathVista-MC-300	MathVista-MC-300_563	structured_facts	pred='B'	gold='B'	complete=True	duration_s=13.22
CALL MathVista-MC-300 MathVista-MC-300_563 perception_graph
OK	MathVista-MC-300	MathVista-MC-300_563	perception_graph	pred='B'	gold='B'	complete=True	duration_s=13.58
CALL MathVista-MC-300 MathVista-MC-300_563 construction_plan
OK	MathVista-MC-300	MathVista-MC-300_563	construction_plan	pred='B'	gold='B'	complete=True	duration_s=13.62
CALL MathVista-MC-300 MathVista-MC-300_563 geoguide_solver
OK	MathVista-MC-300	MathVista-MC-300_563	geoguide_solver	pred='B'	gold='B'	complete=True	duration_s=13.56
CALL MathVista-MC-300 MathVista-MC-300_563 geoguide_cautious
OK	MathVista-MC-300	MathVista-MC-300_563	geoguide_cautious	pred='B'	gold='B'	complete=True	duration_s=13.91
CALL MathVista-MC-300 MathVista-MC-300_7 raw
FAIL	MathVista-MC-300	MathVista-MC-300_7	raw	pred='E'	gold='B'	complete=True	duration_s=4.21
CALL MathVista-MC-300 MathVista-MC-300_7 structured_facts
FAIL	MathVista-MC-300	MathVista-MC-300_7	structured_facts	pred='E'	gold='B'	complete=True	duration_s=4.49
CALL MathVista-MC-300 MathVista-MC-300_7 perception_graph
FAIL	MathVista-MC-300	MathVista-MC-300_7	perception_graph	pred='E'	gold='B'	complete=True	duration_s=5.12
CALL MathVista-MC-300 MathVista-MC-300_7 construction_plan
FAIL	MathVista-MC-300	MathVista-MC-300_7	construction_plan	pred='E'	gold='B'	complete=True	duration_s=5.16
CALL MathVista-MC-300 MathVista-MC-300_7 geoguide_solver
FAIL	MathVista-MC-300	MathVista-MC-300_7	geoguide_solver	pred='E'	gold='B'	complete=True	duration_s=4.79
CALL MathVista-MC-300 MathVista-MC-300_7 geoguide_cautious
FAIL	MathVista-MC-300	MathVista-MC-300_7	geoguide_cautious	pred='E'	gold='B'	complete=True	duration_s=5.16
CALL MathVista-MC-300 MathVista-MC-300_179 raw
OK	MathVista-MC-300	MathVista-MC-300_179	raw	pred='D'	gold='D'	complete=True	duration_s=4.70
CALL MathVista-MC-300 MathVista-MC-300_179 structured_facts
OK	MathVista-MC-300	MathVista-MC-300_179	structured_facts	pred='D'	gold='D'	complete=True	duration_s=4.73
CALL MathVista-MC-300 MathVista-MC-300_179 perception_graph
OK	MathVista-MC-300	MathVista-MC-300_179	perception_graph	pred='D'	gold='D'	complete=True	duration_s=5.37
CALL MathVista-MC-300 MathVista-MC-300_179 construction_plan
OK	MathVista-MC-300	MathVista-MC-300_179	construction_plan	pred='D'	gold='D'	complete=True	duration_s=5.36
CALL MathVista-MC-300 MathVista-MC-300_179 geoguide_solver
OK	MathVista-MC-300	MathVista-MC-300_179	geoguide_solver	pred='D'	gold='D'	complete=True	duration_s=5.35
CALL MathVista-MC-300 MathVista-MC-300_179 geoguide_cautious
OK	MathVista-MC-300	MathVista-MC-300_179	geoguide_cautious	pred='D'	gold='D'	complete=True	duration_s=5.37
CALL MathVista-MC-300 MathVista-MC-300_178 raw
OK	MathVista-MC-300	MathVista-MC-300_178	raw	pred='C'	gold='C'	complete=True	duration_s=4.83
CALL MathVista-MC-300 MathVista-MC-300_178 structured_facts
OK	MathVista-MC-300	MathVista-MC-300_178	structured_facts	pred='C'	gold='C'	complete=True	duration_s=5.10
CALL MathVista-MC-300 MathVista-MC-300_178 perception_graph
OK	MathVista-MC-300	MathVista-MC-300_178	perception_graph	pred='C'	gold='C'	complete=True	duration_s=5.75
CALL MathVista-MC-300 MathVista-MC-300_178 construction_plan
OK	MathVista-MC-300	MathVista-MC-300_178	construction_plan	pred='C'	gold='C'	complete=True	duration_s=5.51
CALL MathVista-MC-300 MathVista-MC-300_178 geoguide_solver
OK	MathVista-MC-300	MathVista-MC-300_178	geoguide_solver	pred='C'	gold='C'	complete=True	duration_s=5.48
CALL MathVista-MC-300 MathVista-MC-300_178 geoguide_cautious
OK	MathVista-MC-300	MathVista-MC-300_178	geoguide_cautious	pred='C'	gold='C'	complete=True	duration_s=5.79
CALL MathVista-MC-300 MathVista-MC-300_675 raw
FAIL	MathVista-MC-300	MathVista-MC-300_675	raw	pred='D'	gold='B'	complete=True	duration_s=4.51
CALL MathVista-MC-300 MathVista-MC-300_675 structured_facts
FAIL	MathVista-MC-300	MathVista-MC-300_675	structured_facts	pred='D'	gold='B'	complete=True	duration_s=5.14
CALL MathVista-MC-300 MathVista-MC-300_675 perception_graph
FAIL	MathVista-MC-300	MathVista-MC-300_675	perception_graph	pred='D'	gold='B'	complete=True	duration_s=5.51
CALL MathVista-MC-300 MathVista-MC-300_675 construction_plan
FAIL	MathVista-MC-300	MathVista-MC-300_675	construction_plan	pred='D'	gold='B'	complete=True	duration_s=5.85
CALL MathVista-MC-300 MathVista-MC-300_675 geoguide_solver
FAIL	MathVista-MC-300	MathVista-MC-300_675	geoguide_solver	pred='D'	gold='B'	complete=True	duration_s=5.53
CALL MathVista-MC-300 MathVista-MC-300_675 geoguide_cautious
FAIL	MathVista-MC-300	MathVista-MC-300_675	geoguide_cautious	pred='D'	gold='B'	complete=True	duration_s=5.84
CALL MathVista-MC-300 MathVista-MC-300_143 raw
OK	MathVista-MC-300	MathVista-MC-300_143	raw	pred='C'	gold='C'	complete=True	duration_s=4.72
CALL MathVista-MC-300 MathVista-MC-300_143 structured_facts
OK	MathVista-MC-300	MathVista-MC-300_143	structured_facts	pred='C'	gold='C'	complete=True	duration_s=5.06
CALL MathVista-MC-300 MathVista-MC-300_143 perception_graph
OK	MathVista-MC-300	MathVista-MC-300_143	perception_graph	pred='C'	gold='C'	complete=True	duration_s=5.45
CALL MathVista-MC-300 MathVista-MC-300_143 construction_plan
OK	MathVista-MC-300	MathVista-MC-300_143	construction_plan	pred='C'	gold='C'	complete=True	duration_s=5.76
CALL MathVista-MC-300 MathVista-MC-300_143 geoguide_solver
OK	MathVista-MC-300	MathVista-MC-300_143	geoguide_solver	pred='C'	gold='C'	complete=True	duration_s=5.42
CALL MathVista-MC-300 MathVista-MC-300_143 geoguide_cautious
OK	MathVista-MC-300	MathVista-MC-300_143	geoguide_cautious	pred='C'	gold='C'	complete=True	duration_s=5.74
CALL MathVista-MC-300 MathVista-MC-300_751 raw
OK	MathVista-MC-300	MathVista-MC-300_751	raw	pred='A'	gold='A'	complete=True	duration_s=14.81
CALL MathVista-MC-300 MathVista-MC-300_751 structured_facts
OK	MathVista-MC-300	MathVista-MC-300_751	structured_facts	pred='A'	gold='A'	complete=True	duration_s=14.77
CALL MathVista-MC-300 MathVista-MC-300_751 perception_graph
OK	MathVista-MC-300	MathVista-MC-300_751	perception_graph	pred='A'	gold='A'	complete=True	duration_s=15.46
CALL MathVista-MC-300 MathVista-MC-300_751 construction_plan
OK	MathVista-MC-300	MathVista-MC-300_751	construction_plan	pred='A'	gold='A'	complete=True	duration_s=15.48
CALL MathVista-MC-300 MathVista-MC-300_751 geoguide_solver
OK	MathVista-MC-300	MathVista-MC-300_751	geoguide_solver	pred='A'	gold='A'	complete=True	duration_s=15.45
CALL MathVista-MC-300 MathVista-MC-300_751 geoguide_cautious
OK	MathVista-MC-300	MathVista-MC-300_751	geoguide_cautious	pred='A'	gold='A'	complete=True	duration_s=15.45
CALL MathVista-MC-300 MathVista-MC-300_287 raw
OK	MathVista-MC-300	MathVista-MC-300_287	raw	pred='B'	gold='B'	complete=True	duration_s=6.47
CALL MathVista-MC-300 MathVista-MC-300_287 structured_facts
OK	MathVista-MC-300	MathVista-MC-300_287	structured_facts	pred='B'	gold='B'	complete=True	duration_s=6.74
CALL MathVista-MC-300 MathVista-MC-300_287 perception_graph
OK	MathVista-MC-300	MathVista-MC-300_287	perception_graph	pred='B'	gold='B'	complete=True	duration_s=7.11
CALL MathVista-MC-300 MathVista-MC-300_287 construction_plan
OK	MathVista-MC-300	MathVista-MC-300_287	construction_plan	pred='B'	gold='B'	complete=True	duration_s=7.45
CALL MathVista-MC-300 MathVista-MC-300_287 geoguide_solver
OK	MathVista-MC-300	MathVista-MC-300_287	geoguide_solver	pred='B'	gold='B'	complete=True	duration_s=7.09
CALL MathVista-MC-300 MathVista-MC-300_287 geoguide_cautious
OK	MathVista-MC-300	MathVista-MC-300_287	geoguide_cautious	pred='B'	gold='B'	complete=True	duration_s=7.42
CALL MathVista-MC-300 MathVista-MC-300_244 raw
OK	MathVista-MC-300	MathVista-MC-300_244	raw	pred='B'	gold='B'	complete=True	duration_s=9.70
CALL MathVista-MC-300 MathVista-MC-300_244 structured_facts
OK	MathVista-MC-300	MathVista-MC-300_244	structured_facts	pred='B'	gold='B'	complete=True	duration_s=9.74
CALL MathVista-MC-300 MathVista-MC-300_244 perception_graph
OK	MathVista-MC-300	MathVista-MC-300_244	perception_graph	pred='B'	gold='B'	complete=True	duration_s=10.39
CALL MathVista-MC-300 MathVista-MC-300_244 construction_plan
OK	MathVista-MC-300	MathVista-MC-300_244	construction_plan	pred='B'	gold='B'	complete=True	duration_s=10.71
CALL MathVista-MC-300 MathVista-MC-300_244 geoguide_solver
OK	MathVista-MC-300	MathVista-MC-300_244	geoguide_solver	pred='B'	gold='B'	complete=True	duration_s=10.36
CALL MathVista-MC-300 MathVista-MC-300_244 geoguide_cautious
OK	MathVista-MC-300	MathVista-MC-300_244	geoguide_cautious	pred='B'	gold='B'	complete=True	duration_s=10.73
CALL MathVista-MC-300 MathVista-MC-300_280 raw
OK	MathVista-MC-300	MathVista-MC-300_280	raw	pred='B'	gold='B'	complete=True	duration_s=4.23
CALL MathVista-MC-300 MathVista-MC-300_280 structured_facts
OK	MathVista-MC-300	MathVista-MC-300_280	structured_facts	pred='B'	gold='B'	complete=True	duration_s=4.52
CALL MathVista-MC-300 MathVista-MC-300_280 perception_graph
OK	MathVista-MC-300	MathVista-MC-300_280	perception_graph	pred='B'	gold='B'	complete=True	duration_s=5.38
CALL MathVista-MC-300 MathVista-MC-300_280 construction_plan
OK	MathVista-MC-300	MathVista-MC-300_280	construction_plan	pred='B'	gold='B'	complete=True	duration_s=5.17
CALL MathVista-MC-300 MathVista-MC-300_280 geoguide_solver
OK	MathVista-MC-300	MathVista-MC-300_280	geoguide_solver	pred='B'	gold='B'	complete=True	duration_s=5.16
CALL MathVista-MC-300 MathVista-MC-300_280 geoguide_cautious
OK	MathVista-MC-300	MathVista-MC-300_280	geoguide_cautious	pred='B'	gold='B'	complete=True	duration_s=5.44
CALL MathVista-MC-300 MathVista-MC-300_92 raw
OK	MathVista-MC-300	MathVista-MC-300_92	raw	pred='B'	gold='B'	complete=True	duration_s=9.69
CALL MathVista-MC-300 MathVista-MC-300_92 structured_facts
OK	MathVista-MC-300	MathVista-MC-300_92	structured_facts	pred='B'	gold='B'	complete=True	duration_s=9.75
CALL MathVista-MC-300 MathVista-MC-300_92 perception_graph
OK	MathVista-MC-300	MathVista-MC-300_92	perception_graph	pred='B'	gold='B'	complete=True	duration_s=10.41
CALL MathVista-MC-300 MathVista-MC-300_92 construction_plan
OK	MathVista-MC-300	MathVista-MC-300_92	construction_plan	pred='B'	gold='B'	complete=True	duration_s=10.41
CALL MathVista-MC-300 MathVista-MC-300_92 geoguide_solver
OK	MathVista-MC-300	MathVista-MC-300_92	geoguide_solver	pred='B'	gold='B'	complete=True	duration_s=10.39
CALL MathVista-MC-300 MathVista-MC-300_92 geoguide_cautious
OK	MathVista-MC-300	MathVista-MC-300_92	geoguide_cautious	pred='B'	gold='B'	complete=True	duration_s=10.46
{
  "datasets": {
    "Geometry3K-300": {
      "variants": {
        "raw": {
          "n": 300,
          "complete": 299,
          "correct": 158,
          "accuracy": 0.5266666666666666,
          "avg_duration_s": 7.453552222251892,
          "errors": 0
        },
        "structured_facts": {
          "n": 300,
          "complete": 300,
          "correct": 161,
          "accuracy": 0.5366666666666666,
          "avg_duration_s": 7.948917527198791,
          "errors": 0
        },
        "perception_graph": {
          "n": 300,
          "complete": 300,
          "correct": 158,
          "accuracy": 0.5266666666666666,
          "avg_duration_s": 8.355728429158528,
          "errors": 0
        },
        "construction_plan": {
          "n": 300,
          "complete": 300,
          "correct": 167,
          "accuracy": 0.5566666666666666,
          "avg_duration_s": 8.812071359157562,
          "errors": 0
        },
        "geoguide_solver": {
          "n": 300,
          "complete": 298,
          "correct": 160,
          "accuracy": 0.5333333333333333,
          "avg_duration_s": 8.52884303410848,
          "errors": 0
        },
        "geoguide_cautious": {
          "n": 300,
          "complete": 297,
          "correct": 157,
          "accuracy": 0.5233333333333333,
          "avg_duration_s": 8.909360141754151,
          "errors": 0
        }
      },
      "pairwise_vs_raw": {
        "structured_facts": {
          "win": 9,
          "loss": 6,
          "net": 3,
          "both_correct": 152,
          "both_wrong": 132,
          "incomplete": 1,
          "examples": {
            "win": [
              "geometry3k_test_2834",
              "geometry3k_test_2727",
              "geometry3k_test_2971",
              "geometry3k_test_2953",
              "geometry3k_test_2645",
              "geometry3k_test_2534"
            ],
            "loss": [
              "geometry3k_test_2964",
              "geometry3k_test_2565",
              "geometry3k_test_2955",
              "geometry3k_test_2644",
              "geometry3k_test_2440",
              "geometry3k_test_2522"
            ]
          }
        },
        "perception_graph": {
          "win": 11,
          "loss": 12,
          "net": -1,
          "both_correct": 146,
          "both_wrong": 130,
          "incomplete": 1,
          "examples": {
            "win": [
              "geometry3k_test_2783",
              "geometry3k_test_2771",
              "geometry3k_test_2971",
              "geometry3k_test_2983",
              "geometry3k_test_2887",
              "geometry3k_test_2645"
            ],
            "loss": [
              "geometry3k_test_2873",
              "geometry3k_test_2565",
              "geometry3k_test_2603",
              "geometry3k_test_2717",
              "geometry3k_test_2791",
              "geometry3k_test_2561"
            ]
          }
        },
        "construction_plan": {
          "win": 19,
          "loss": 10,
          "net": 9,
          "both_correct": 148,
          "both_wrong": 122,
          "incomplete": 1,
          "examples": {
            "win": [
              "geometry3k_test_2783",
              "geometry3k_test_2556",
              "geometry3k_test_2771",
              "geometry3k_test_2971",
              "geometry3k_test_2983",
              "geometry3k_test_2645"
            ],
            "loss": [
              "geometry3k_test_2626",
              "geometry3k_test_2565",
              "geometry3k_test_2955",
              "geometry3k_test_2709",
              "geometry3k_test_2603",
              "geometry3k_test_2717"
            ]
          }
        },
        "geoguide_solver": {
          "win": 12,
          "loss": 10,
          "net": 2,
          "both_correct": 148,
          "both_wrong": 128,
          "incomplete": 2,
          "examples": {
            "win": [
              "geometry3k_test_2783",
              "geometry3k_test_2771",
              "geometry3k_test_2928",
              "geometry3k_test_2983",
              "geometry3k_test_2645",
              "geometry3k_test_2520"
            ],
            "loss": [
              "geometry3k_test_2565",
              "geometry3k_test_2955",
              "geometry3k_test_2709",
              "geometry3k_test_2603",
              "geometry3k_test_2868",
              "geometry3k_test_2598"
            ]
          }
        },
        "geoguide_cautious": {
          "win": 18,
          "loss": 18,
          "net": 0,
          "both_correct": 139,
          "both_wrong": 122,
          "incomplete": 3,
          "examples": {
            "win": [
              "geometry3k_test_2721",
              "geometry3k_test_2783",
              "geometry3k_test_2556",
              "geometry3k_test_2727",
              "geometry3k_test_2971",
              "geometry3k_test_2950"
            ],
            "loss": [
              "geometry3k_test_2768",
              "geometry3k_test_2670",
              "geometry3k_test_2626",
              "geometry3k_test_2565",
              "geometry3k_test_2709",
              "geometry3k_test_2603"
            ]
          }
        }
      }
    },
    "MathVista-MC-300": {
      "variants": {
        "raw": {
          "n": 300,
          "complete": 292,
          "correct": 214,
          "accuracy": 0.7133333333333334,
          "avg_duration_s": 13.403251581192016,
          "errors": 5
        },
        "structured_facts": {
          "n": 300,
          "complete": 294,
          "correct": 209,
          "accuracy": 0.6966666666666667,
          "avg_duration_s": 13.626923398971558,
          "errors": 5
        },
        "perception_graph": {
          "n": 300,
          "complete": 294,
          "correct": 206,
          "accuracy": 0.6866666666666666,
          "avg_duration_s": 14.2240376718839,
          "errors": 5
        },
        "construction_plan": {
          "n": 300,
          "complete": 292,
          "correct": 208,
          "accuracy": 0.6933333333333334,
          "avg_duration_s": 14.319267228444417,
          "errors": 5
        },
        "geoguide_solver": {
          "n": 300,
          "complete": 291,
          "correct": 212,
          "accuracy": 0.7066666666666667,
          "avg_duration_s": 14.095770782629648,
          "errors": 5
        },
        "geoguide_cautious": {
          "n": 300,
          "complete": 293,
          "correct": 207,
          "accuracy": 0.69,
          "avg_duration_s": 14.37782329082489,
          "errors": 5
        }
      },
      "pairwise_vs_raw": {
        "structured_facts": {
          "win": 1,
          "loss": 6,
          "net": -5,
          "both_correct": 208,
          "both_wrong": 77,
          "incomplete": 8,
          "examples": {
            "win": [
              "MathVista-MC-300_897"
            ],
            "loss": [
              "MathVista-MC-300_381",
              "MathVista-MC-300_498",
              "MathVista-MC-300_119",
              "MathVista-MC-300_510",
              "MathVista-MC-300_726",
              "MathVista-MC-300_992"
            ]
          }
        },
        "perception_graph": {
          "win": 8,
          "loss": 16,
          "net": -8,
          "both_correct": 198,
          "both_wrong": 70,
          "incomplete": 8,
          "examples": {
            "win": [
              "MathVista-MC-300_921",
              "MathVista-MC-300_707",
              "MathVista-MC-300_897",
              "MathVista-MC-300_342",
              "MathVista-MC-300_95",
              "MathVista-MC-300_543"
            ],
            "loss": [
              "MathVista-MC-300_381",
              "MathVista-MC-300_498",
              "MathVista-MC-300_119",
              "MathVista-MC-300_413",
              "MathVista-MC-300_443",
              "MathVista-MC-300_485"
            ]
          }
        },
        "construction_plan": {
          "win": 6,
          "loss": 12,
          "net": -6,
          "both_correct": 202,
          "both_wrong": 71,
          "incomplete": 9,
          "examples": {
            "win": [
              "MathVista-MC-300_921",
              "MathVista-MC-300_897",
              "MathVista-MC-300_342",
              "MathVista-MC-300_95",
              "MathVista-MC-300_621",
              "MathVista-MC-300_378"
            ],
            "loss": [
              "MathVista-MC-300_381",
              "MathVista-MC-300_498",
              "MathVista-MC-300_119",
              "MathVista-MC-300_6",
              "MathVista-MC-300_870",
              "MathVista-MC-300_656"
            ]
          }
        },
        "geoguide_solver": {
          "win": 8,
          "loss": 10,
          "net": -2,
          "both_correct": 204,
          "both_wrong": 68,
          "incomplete": 10,
          "examples": {
            "win": [
              "MathVista-MC-300_334",
              "MathVista-MC-300_921",
              "MathVista-MC-300_492",
              "MathVista-MC-300_897",
              "MathVista-MC-300_95",
              "MathVista-MC-300_543"
            ],
            "loss": [
              "MathVista-MC-300_381",
              "MathVista-MC-300_498",
              "MathVista-MC-300_119",
              "MathVista-MC-300_6",
              "MathVista-MC-300_870",
              "MathVista-MC-300_957"
            ]
          }
        },
        "geoguide_cautious": {
          "win": 7,
          "loss": 14,
          "net": -7,
          "both_correct": 200,
          "both_wrong": 70,
          "incomplete": 9,
          "examples": {
            "win": [
              "MathVista-MC-300_921",
              "MathVista-MC-300_492",
              "MathVista-MC-300_897",
              "MathVista-MC-300_342",
              "MathVista-MC-300_95",
              "MathVista-MC-300_621"
            ],
            "loss": [
              "MathVista-MC-300_381",
              "MathVista-MC-300_498",
              "MathVista-MC-300_762",
              "MathVista-MC-300_119",
              "MathVista-MC-300_726",
              "MathVista-MC-300_413"
            ]
          }
        }
      }
    }
  },
  "overall": {
    "raw": {
      "n": 600,
      "correct": 372,
      "accuracy": 0.62
    },
    "structured_facts": {
      "n": 600,
      "correct": 370,
      "accuracy": 0.6166666666666667
    },
    "perception_graph": {
      "n": 600,
      "correct": 364,
      "accuracy": 0.6066666666666667
    },
    "construction_plan": {
      "n": 600,
      "correct": 375,
      "accuracy": 0.625
    },
    "geoguide_solver": {
      "n": 600,
      "correct": 372,
      "accuracy": 0.62
    },
    "geoguide_cautious": {
      "n": 600,
      "correct": 364,
      "accuracy": 0.6066666666666667
    }
  }
}
