`torch_dtype` is deprecated! Use `dtype` instead!
Loading checkpoint shards:   0%|          | 0/4 [00:00<?, ?it/s]Loading checkpoint shards:  25%|██▌       | 1/4 [00:05<00:17,  5.98s/it]Loading checkpoint shards:  50%|█████     | 2/4 [00:12<00:13,  6.56s/it]Loading checkpoint shards:  75%|███████▌  | 3/4 [00:20<00:06,  6.82s/it]Loading checkpoint shards: 100%|██████████| 4/4 [00:22<00:00,  5.07s/it]Loading checkpoint shards: 100%|██████████| 4/4 [00:22<00:00,  5.62s/it]
CALL geometry3k_test_2401 raw
The following generation flags are not valid and may be ignored: ['temperature', 'top_p', 'top_k']. Set `TRANSFORMERS_VERBOSITY=info` for more details.
OK	geometry3k_test_2401	raw	pred='B'	gold='B'	complete=True	new_tokens=2	duration_s=4.98
CALL geometry3k_test_2401 clean_topk6_cautious
OK	geometry3k_test_2401	clean_topk6_cautious	pred='B'	gold='B'	complete=True	new_tokens=2	duration_s=4.72
CALL geometry3k_test_2401 clean_topk6_trusted
OK	geometry3k_test_2401	clean_topk6_trusted	pred='B'	gold='B'	complete=True	new_tokens=2	duration_s=4.69
CALL geometry3k_test_2401 clean_topk6_selfverify
OK	geometry3k_test_2401	clean_topk6_selfverify	pred='B'	gold='B'	complete=True	new_tokens=2	duration_s=4.73
CALL geometry3k_test_2401 confidence_gated_topk6
OK	geometry3k_test_2401	confidence_gated_topk6	pred='B'	gold='B'	complete=True	new_tokens=2	duration_s=5.40
CALL geometry3k_test_2401 irrelevant_trusted
OK	geometry3k_test_2401	irrelevant_trusted	pred='B'	gold='B'	complete=True	new_tokens=2	duration_s=4.72
CALL geometry3k_test_2401 irrelevant_warned
OK	geometry3k_test_2401	irrelevant_warned	pred='B'	gold='B'	complete=True	new_tokens=2	duration_s=4.74
CALL geometry3k_test_2401 corrupt_trusted
OK	geometry3k_test_2401	corrupt_trusted	pred='B'	gold='B'	complete=True	new_tokens=2	duration_s=4.73
CALL geometry3k_test_2401 corrupt_warned
OK	geometry3k_test_2401	corrupt_warned	pred='B'	gold='B'	complete=True	new_tokens=2	duration_s=4.74
CALL geometry3k_test_2401 contradictory_trusted
OK	geometry3k_test_2401	contradictory_trusted	pred='B'	gold='B'	complete=True	new_tokens=2	duration_s=4.73
CALL geometry3k_test_2401 contradictory_selfverify
OK	geometry3k_test_2401	contradictory_selfverify	pred='B'	gold='B'	complete=True	new_tokens=2	duration_s=4.75
CALL geometry3k_test_2402 raw
OK	geometry3k_test_2402	raw	pred='A'	gold='A'	complete=True	new_tokens=2	duration_s=4.52
CALL geometry3k_test_2402 clean_topk6_cautious
OK	geometry3k_test_2402	clean_topk6_cautious	pred='A'	gold='A'	complete=True	new_tokens=2	duration_s=5.08
CALL geometry3k_test_2402 clean_topk6_trusted
OK	geometry3k_test_2402	clean_topk6_trusted	pred='A'	gold='A'	complete=True	new_tokens=2	duration_s=5.07
CALL geometry3k_test_2402 clean_topk6_selfverify
OK	geometry3k_test_2402	clean_topk6_selfverify	pred='A'	gold='A'	complete=True	new_tokens=2	duration_s=5.10
CALL geometry3k_test_2402 confidence_gated_topk6
OK	geometry3k_test_2402	confidence_gated_topk6	pred='A'	gold='A'	complete=True	new_tokens=2	duration_s=5.79
CALL geometry3k_test_2402 irrelevant_trusted
OK	geometry3k_test_2402	irrelevant_trusted	pred='A'	gold='A'	complete=True	new_tokens=2	duration_s=5.14
CALL geometry3k_test_2402 irrelevant_warned
OK	geometry3k_test_2402	irrelevant_warned	pred='A'	gold='A'	complete=True	new_tokens=2	duration_s=5.40
CALL geometry3k_test_2402 corrupt_trusted
OK	geometry3k_test_2402	corrupt_trusted	pred='A'	gold='A'	complete=True	new_tokens=2	duration_s=5.09
CALL geometry3k_test_2402 corrupt_warned
OK	geometry3k_test_2402	corrupt_warned	pred='A'	gold='A'	complete=True	new_tokens=2	duration_s=5.08
CALL geometry3k_test_2402 contradictory_trusted
OK	geometry3k_test_2402	contradictory_trusted	pred='A'	gold='A'	complete=True	new_tokens=2	duration_s=5.10
CALL geometry3k_test_2402 contradictory_selfverify
OK	geometry3k_test_2402	contradictory_selfverify	pred='A'	gold='A'	complete=True	new_tokens=2	duration_s=5.11
CALL geometry3k_test_2403 raw
FAIL	geometry3k_test_2403	raw	pred='B'	gold='A'	complete=True	new_tokens=8	duration_s=5.04
CALL geometry3k_test_2403 clean_topk6_cautious
FAIL	geometry3k_test_2403	clean_topk6_cautious	pred='B'	gold='A'	complete=True	new_tokens=8	duration_s=5.62
CALL geometry3k_test_2403 clean_topk6_trusted
FAIL	geometry3k_test_2403	clean_topk6_trusted	pred='B'	gold='A'	complete=True	new_tokens=2	duration_s=5.09
CALL geometry3k_test_2403 clean_topk6_selfverify
FAIL	geometry3k_test_2403	clean_topk6_selfverify	pred='B'	gold='A'	complete=True	new_tokens=2	duration_s=5.10
CALL geometry3k_test_2403 confidence_gated_topk6
FAIL	geometry3k_test_2403	confidence_gated_topk6	pred='B'	gold='A'	complete=True	new_tokens=2	duration_s=5.82
CALL geometry3k_test_2403 irrelevant_trusted
FAIL	geometry3k_test_2403	irrelevant_trusted	pred='B'	gold='A'	complete=True	new_tokens=8	duration_s=5.64
CALL geometry3k_test_2403 irrelevant_warned
FAIL	geometry3k_test_2403	irrelevant_warned	pred='B'	gold='A'	complete=True	new_tokens=8	duration_s=5.64
CALL geometry3k_test_2403 corrupt_trusted
FAIL	geometry3k_test_2403	corrupt_trusted	pred='B'	gold='A'	complete=True	new_tokens=2	duration_s=5.11
CALL geometry3k_test_2403 corrupt_warned
FAIL	geometry3k_test_2403	corrupt_warned	pred='B'	gold='A'	complete=True	new_tokens=2	duration_s=5.10
CALL geometry3k_test_2403 contradictory_trusted
FAIL	geometry3k_test_2403	contradictory_trusted	pred='B'	gold='A'	complete=True	new_tokens=2	duration_s=5.11
CALL geometry3k_test_2403 contradictory_selfverify
FAIL	geometry3k_test_2403	contradictory_selfverify	pred='B'	gold='A'	complete=True	new_tokens=2	duration_s=5.12
CALL geometry3k_test_2404 raw
FAIL	geometry3k_test_2404	raw	pred='A'	gold='B'	complete=True	new_tokens=2	duration_s=4.17
CALL geometry3k_test_2404 clean_topk6_cautious
FAIL	geometry3k_test_2404	clean_topk6_cautious	pred='A'	gold='B'	complete=True	new_tokens=2	duration_s=4.77
CALL geometry3k_test_2404 clean_topk6_trusted
FAIL	geometry3k_test_2404	clean_topk6_trusted	pred='A'	gold='B'	complete=True	new_tokens=2	duration_s=4.78
CALL geometry3k_test_2404 clean_topk6_selfverify
FAIL	geometry3k_test_2404	clean_topk6_selfverify	pred='A'	gold='B'	complete=True	new_tokens=2	duration_s=4.80
CALL geometry3k_test_2404 confidence_gated_topk6
FAIL	geometry3k_test_2404	confidence_gated_topk6	pred='A'	gold='B'	complete=True	new_tokens=2	duration_s=5.20
CALL geometry3k_test_2404 irrelevant_trusted
FAIL	geometry3k_test_2404	irrelevant_trusted	pred='A'	gold='B'	complete=True	new_tokens=2	duration_s=4.75
CALL geometry3k_test_2404 irrelevant_warned
FAIL	geometry3k_test_2404	irrelevant_warned	pred='A'	gold='B'	complete=True	new_tokens=2	duration_s=4.77
CALL geometry3k_test_2404 corrupt_trusted
FAIL	geometry3k_test_2404	corrupt_trusted	pred='A'	gold='B'	complete=True	new_tokens=2	duration_s=4.81
CALL geometry3k_test_2404 corrupt_warned
FAIL	geometry3k_test_2404	corrupt_warned	pred='A'	gold='B'	complete=True	new_tokens=2	duration_s=4.82
CALL geometry3k_test_2404 contradictory_trusted
FAIL	geometry3k_test_2404	contradictory_trusted	pred='A'	gold='B'	complete=True	new_tokens=2	duration_s=4.85
CALL geometry3k_test_2404 contradictory_selfverify
FAIL	geometry3k_test_2404	contradictory_selfverify	pred='A'	gold='B'	complete=True	new_tokens=2	duration_s=4.82
CALL geometry3k_test_2405 raw
FAIL	geometry3k_test_2405	raw	pred='C'	gold='D'	complete=True	new_tokens=2	duration_s=9.64
CALL geometry3k_test_2405 clean_topk6_cautious
FAIL	geometry3k_test_2405	clean_topk6_cautious	pred='C'	gold='D'	complete=True	new_tokens=2	duration_s=10.28
CALL geometry3k_test_2405 clean_topk6_trusted
FAIL	geometry3k_test_2405	clean_topk6_trusted	pred='C'	gold='D'	complete=True	new_tokens=2	duration_s=10.40
CALL geometry3k_test_2405 clean_topk6_selfverify
FAIL	geometry3k_test_2405	clean_topk6_selfverify	pred='C'	gold='D'	complete=True	new_tokens=2	duration_s=11.66
CALL geometry3k_test_2405 confidence_gated_topk6
FAIL	geometry3k_test_2405	confidence_gated_topk6	pred='C'	gold='D'	complete=True	new_tokens=2	duration_s=10.91
CALL geometry3k_test_2405 irrelevant_trusted
FAIL	geometry3k_test_2405	irrelevant_trusted	pred='C'	gold='D'	complete=True	new_tokens=2	duration_s=10.21
CALL geometry3k_test_2405 irrelevant_warned
FAIL	geometry3k_test_2405	irrelevant_warned	pred='C'	gold='D'	complete=True	new_tokens=2	duration_s=10.38
CALL geometry3k_test_2405 corrupt_trusted
FAIL	geometry3k_test_2405	corrupt_trusted	pred='C'	gold='D'	complete=True	new_tokens=2	duration_s=10.31
CALL geometry3k_test_2405 corrupt_warned
FAIL	geometry3k_test_2405	corrupt_warned	pred='C'	gold='D'	complete=True	new_tokens=2	duration_s=10.25
CALL geometry3k_test_2405 contradictory_trusted
FAIL	geometry3k_test_2405	contradictory_trusted	pred='C'	gold='D'	complete=True	new_tokens=2	duration_s=10.27
CALL geometry3k_test_2405 contradictory_selfverify
FAIL	geometry3k_test_2405	contradictory_selfverify	pred='C'	gold='D'	complete=True	new_tokens=2	duration_s=10.54
CALL geometry3k_test_2406 raw
FAIL	geometry3k_test_2406	raw	pred='B'	gold='A'	complete=True	new_tokens=2	duration_s=10.06
CALL geometry3k_test_2406 clean_topk6_cautious
FAIL	geometry3k_test_2406	clean_topk6_cautious	pred='B'	gold='A'	complete=True	new_tokens=2	duration_s=10.75
CALL geometry3k_test_2406 clean_topk6_trusted
FAIL	geometry3k_test_2406	clean_topk6_trusted	pred='B'	gold='A'	complete=True	new_tokens=2	duration_s=10.88
CALL geometry3k_test_2406 clean_topk6_selfverify
FAIL	geometry3k_test_2406	clean_topk6_selfverify	pred='B'	gold='A'	complete=True	new_tokens=2	duration_s=10.69
CALL geometry3k_test_2406 confidence_gated_topk6
FAIL	geometry3k_test_2406	confidence_gated_topk6	pred='B'	gold='A'	complete=True	new_tokens=2	duration_s=11.21
CALL geometry3k_test_2406 irrelevant_trusted
FAIL	geometry3k_test_2406	irrelevant_trusted	pred='B'	gold='A'	complete=True	new_tokens=2	duration_s=10.42
CALL geometry3k_test_2406 irrelevant_warned
FAIL	geometry3k_test_2406	irrelevant_warned	pred='B'	gold='A'	complete=True	new_tokens=2	duration_s=10.47
CALL geometry3k_test_2406 corrupt_trusted
FAIL	geometry3k_test_2406	corrupt_trusted	pred='B'	gold='A'	complete=True	new_tokens=2	duration_s=10.74
CALL geometry3k_test_2406 corrupt_warned
FAIL	geometry3k_test_2406	corrupt_warned	pred='B'	gold='A'	complete=True	new_tokens=2	duration_s=10.72
CALL geometry3k_test_2406 contradictory_trusted
FAIL	geometry3k_test_2406	contradictory_trusted	pred='B'	gold='A'	complete=True	new_tokens=2	duration_s=10.78
CALL geometry3k_test_2406 contradictory_selfverify
FAIL	geometry3k_test_2406	contradictory_selfverify	pred='B'	gold='A'	complete=True	new_tokens=2	duration_s=10.85
CALL geometry3k_test_2407 raw
FAIL	geometry3k_test_2407	raw	pred='B'	gold='C'	complete=True	new_tokens=2	duration_s=9.83
CALL geometry3k_test_2407 clean_topk6_cautious
OK	geometry3k_test_2407	clean_topk6_cautious	pred='C'	gold='C'	complete=True	new_tokens=2	duration_s=10.43
CALL geometry3k_test_2407 clean_topk6_trusted
FAIL	geometry3k_test_2407	clean_topk6_trusted	pred='B'	gold='C'	complete=True	new_tokens=2	duration_s=10.43
CALL geometry3k_test_2407 clean_topk6_selfverify
OK	geometry3k_test_2407	clean_topk6_selfverify	pred='C'	gold='C'	complete=True	new_tokens=2	duration_s=10.55
CALL geometry3k_test_2407 confidence_gated_topk6
FAIL	geometry3k_test_2407	confidence_gated_topk6	pred='B'	gold='C'	complete=True	new_tokens=2	duration_s=11.17
CALL geometry3k_test_2407 irrelevant_trusted
FAIL	geometry3k_test_2407	irrelevant_trusted	pred='B'	gold='C'	complete=True	new_tokens=2	duration_s=10.51
CALL geometry3k_test_2407 irrelevant_warned
FAIL	geometry3k_test_2407	irrelevant_warned	pred='B'	gold='C'	complete=True	new_tokens=2	duration_s=10.45
CALL geometry3k_test_2407 corrupt_trusted
FAIL	geometry3k_test_2407	corrupt_trusted	pred='B'	gold='C'	complete=True	new_tokens=2	duration_s=10.51
CALL geometry3k_test_2407 corrupt_warned
FAIL	geometry3k_test_2407	corrupt_warned	pred='B'	gold='C'	complete=True	new_tokens=2	duration_s=12.46
CALL geometry3k_test_2407 contradictory_trusted
FAIL	geometry3k_test_2407	contradictory_trusted	pred='B'	gold='C'	complete=True	new_tokens=2	duration_s=12.51
CALL geometry3k_test_2407 contradictory_selfverify
FAIL	geometry3k_test_2407	contradictory_selfverify	pred='B'	gold='C'	complete=True	new_tokens=2	duration_s=10.45
CALL geometry3k_test_2408 raw
FAIL	geometry3k_test_2408	raw	pred='A'	gold='C'	complete=True	new_tokens=2	duration_s=9.07
CALL geometry3k_test_2408 clean_topk6_cautious
FAIL	geometry3k_test_2408	clean_topk6_cautious	pred='B'	gold='C'	complete=True	new_tokens=2	duration_s=9.43
CALL geometry3k_test_2408 clean_topk6_trusted
FAIL	geometry3k_test_2408	clean_topk6_trusted	pred='B'	gold='C'	complete=True	new_tokens=2	duration_s=9.46
CALL geometry3k_test_2408 clean_topk6_selfverify
FAIL	geometry3k_test_2408	clean_topk6_selfverify	pred='A'	gold='C'	complete=True	new_tokens=2	duration_s=9.43
CALL geometry3k_test_2408 confidence_gated_topk6
FAIL	geometry3k_test_2408	confidence_gated_topk6	pred='A'	gold='C'	complete=True	new_tokens=6	duration_s=10.46
CALL geometry3k_test_2408 irrelevant_trusted
FAIL	geometry3k_test_2408	irrelevant_trusted	pred='A'	gold='C'	complete=True	new_tokens=2	duration_s=9.74
CALL geometry3k_test_2408 irrelevant_warned
FAIL	geometry3k_test_2408	irrelevant_warned	pred='A'	gold='C'	complete=True	new_tokens=2	duration_s=9.72
CALL geometry3k_test_2408 corrupt_trusted
FAIL	geometry3k_test_2408	corrupt_trusted	pred=''	gold='C'	complete=False	new_tokens=32	duration_s=12.16
CALL geometry3k_test_2408 corrupt_warned
FAIL	geometry3k_test_2408	corrupt_warned	pred='A'	gold='C'	complete=True	new_tokens=2	duration_s=9.62
CALL geometry3k_test_2408 contradictory_trusted
FAIL	geometry3k_test_2408	contradictory_trusted	pred='A'	gold='C'	complete=True	new_tokens=6	duration_s=12.99
CALL geometry3k_test_2408 contradictory_selfverify
FAIL	geometry3k_test_2408	contradictory_selfverify	pred='A'	gold='C'	complete=True	new_tokens=2	duration_s=12.44
CALL geometry3k_test_2409 raw
OK	geometry3k_test_2409	raw	pred='C'	gold='C'	complete=True	new_tokens=2	duration_s=5.85
CALL geometry3k_test_2409 clean_topk6_cautious
OK	geometry3k_test_2409	clean_topk6_cautious	pred='C'	gold='C'	complete=True	new_tokens=2	duration_s=6.96
CALL geometry3k_test_2409 clean_topk6_trusted
OK	geometry3k_test_2409	clean_topk6_trusted	pred='C'	gold='C'	complete=True	new_tokens=2	duration_s=4.89
CALL geometry3k_test_2409 clean_topk6_selfverify
OK	geometry3k_test_2409	clean_topk6_selfverify	pred='C'	gold='C'	complete=True	new_tokens=2	duration_s=4.84
CALL geometry3k_test_2409 confidence_gated_topk6
OK	geometry3k_test_2409	confidence_gated_topk6	pred='C'	gold='C'	complete=True	new_tokens=2	duration_s=4.82
CALL geometry3k_test_2409 irrelevant_trusted
OK	geometry3k_test_2409	irrelevant_trusted	pred='C'	gold='C'	complete=True	new_tokens=2	duration_s=4.85
CALL geometry3k_test_2409 irrelevant_warned
OK	geometry3k_test_2409	irrelevant_warned	pred='C'	gold='C'	complete=True	new_tokens=2	duration_s=4.84
CALL geometry3k_test_2409 corrupt_trusted
FAIL	geometry3k_test_2409	corrupt_trusted	pred='D'	gold='C'	complete=True	new_tokens=2	duration_s=4.85
CALL geometry3k_test_2409 corrupt_warned
OK	geometry3k_test_2409	corrupt_warned	pred='C'	gold='C'	complete=True	new_tokens=2	duration_s=4.84
CALL geometry3k_test_2409 contradictory_trusted
FAIL	geometry3k_test_2409	contradictory_trusted	pred='D'	gold='C'	complete=True	new_tokens=2	duration_s=4.99
CALL geometry3k_test_2409 contradictory_selfverify
OK	geometry3k_test_2409	contradictory_selfverify	pred='C'	gold='C'	complete=True	new_tokens=2	duration_s=4.95
CALL geometry3k_test_2410 raw
FAIL	geometry3k_test_2410	raw	pred='C'	gold='D'	complete=True	new_tokens=2	duration_s=5.82
CALL geometry3k_test_2410 clean_topk6_cautious
FAIL	geometry3k_test_2410	clean_topk6_cautious	pred='C'	gold='D'	complete=True	new_tokens=2	duration_s=6.15
CALL geometry3k_test_2410 clean_topk6_trusted
FAIL	geometry3k_test_2410	clean_topk6_trusted	pred='C'	gold='D'	complete=True	new_tokens=2	duration_s=6.25
CALL geometry3k_test_2410 clean_topk6_selfverify
FAIL	geometry3k_test_2410	clean_topk6_selfverify	pred='C'	gold='D'	complete=True	new_tokens=2	duration_s=6.17
CALL geometry3k_test_2410 confidence_gated_topk6
FAIL	geometry3k_test_2410	confidence_gated_topk6	pred='C'	gold='D'	complete=True	new_tokens=2	duration_s=7.15
CALL geometry3k_test_2410 irrelevant_trusted
FAIL	geometry3k_test_2410	irrelevant_trusted	pred='C'	gold='D'	complete=True	new_tokens=2	duration_s=6.29
CALL geometry3k_test_2410 irrelevant_warned
FAIL	geometry3k_test_2410	irrelevant_warned	pred='C'	gold='D'	complete=True	new_tokens=2	duration_s=6.28
CALL geometry3k_test_2410 corrupt_trusted
FAIL	geometry3k_test_2410	corrupt_trusted	pred='C'	gold='D'	complete=True	new_tokens=2	duration_s=6.17
CALL geometry3k_test_2410 corrupt_warned
FAIL	geometry3k_test_2410	corrupt_warned	pred='C'	gold='D'	complete=True	new_tokens=2	duration_s=6.26
CALL geometry3k_test_2410 contradictory_trusted
FAIL	geometry3k_test_2410	contradictory_trusted	pred='C'	gold='D'	complete=True	new_tokens=2	duration_s=6.20
CALL geometry3k_test_2410 contradictory_selfverify
FAIL	geometry3k_test_2410	contradictory_selfverify	pred='C'	gold='D'	complete=True	new_tokens=2	duration_s=6.19
CALL geometry3k_test_2411 raw
FAIL	geometry3k_test_2411	raw	pred='C'	gold='B'	complete=True	new_tokens=2	duration_s=4.63
CALL geometry3k_test_2411 clean_topk6_cautious
FAIL	geometry3k_test_2411	clean_topk6_cautious	pred='C'	gold='B'	complete=True	new_tokens=2	duration_s=5.06
CALL geometry3k_test_2411 clean_topk6_trusted
FAIL	geometry3k_test_2411	clean_topk6_trusted	pred='C'	gold='B'	complete=True	new_tokens=2	duration_s=5.04
CALL geometry3k_test_2411 clean_topk6_selfverify
FAIL	geometry3k_test_2411	clean_topk6_selfverify	pred='C'	gold='B'	complete=True	new_tokens=2	duration_s=5.39
CALL geometry3k_test_2411 confidence_gated_topk6
FAIL	geometry3k_test_2411	confidence_gated_topk6	pred='C'	gold='B'	complete=True	new_tokens=2	duration_s=5.87
CALL geometry3k_test_2411 irrelevant_trusted
FAIL	geometry3k_test_2411	irrelevant_trusted	pred='C'	gold='B'	complete=True	new_tokens=2	duration_s=5.46
CALL geometry3k_test_2411 irrelevant_warned
FAIL	geometry3k_test_2411	irrelevant_warned	pred='C'	gold='B'	complete=True	new_tokens=2	duration_s=5.58
CALL geometry3k_test_2411 corrupt_trusted
FAIL	geometry3k_test_2411	corrupt_trusted	pred='C'	gold='B'	complete=True	new_tokens=2	duration_s=5.41
CALL geometry3k_test_2411 corrupt_warned
FAIL	geometry3k_test_2411	corrupt_warned	pred='C'	gold='B'	complete=True	new_tokens=2	duration_s=5.40
CALL geometry3k_test_2411 contradictory_trusted
FAIL	geometry3k_test_2411	contradictory_trusted	pred='C'	gold='B'	complete=True	new_tokens=2	duration_s=5.42
CALL geometry3k_test_2411 contradictory_selfverify
FAIL	geometry3k_test_2411	contradictory_selfverify	pred='C'	gold='B'	complete=True	new_tokens=2	duration_s=5.43
CALL geometry3k_test_2412 raw
OK	geometry3k_test_2412	raw	pred='A'	gold='A'	complete=True	new_tokens=2	duration_s=5.09
CALL geometry3k_test_2412 clean_topk6_cautious
OK	geometry3k_test_2412	clean_topk6_cautious	pred='A'	gold='A'	complete=True	new_tokens=2	duration_s=5.62
CALL geometry3k_test_2412 clean_topk6_trusted
OK	geometry3k_test_2412	clean_topk6_trusted	pred='A'	gold='A'	complete=True	new_tokens=2	duration_s=5.55
CALL geometry3k_test_2412 clean_topk6_selfverify
OK	geometry3k_test_2412	clean_topk6_selfverify	pred='A'	gold='A'	complete=True	new_tokens=2	duration_s=7.18
CALL geometry3k_test_2412 confidence_gated_topk6
OK	geometry3k_test_2412	confidence_gated_topk6	pred='A'	gold='A'	complete=True	new_tokens=2	duration_s=8.45
CALL geometry3k_test_2412 irrelevant_trusted
OK	geometry3k_test_2412	irrelevant_trusted	pred='A'	gold='A'	complete=True	new_tokens=2	duration_s=7.05
CALL geometry3k_test_2412 irrelevant_warned
OK	geometry3k_test_2412	irrelevant_warned	pred='A'	gold='A'	complete=True	new_tokens=2	duration_s=7.08
CALL geometry3k_test_2412 corrupt_trusted
OK	geometry3k_test_2412	corrupt_trusted	pred='A'	gold='A'	complete=True	new_tokens=2	duration_s=5.62
CALL geometry3k_test_2412 corrupt_warned
OK	geometry3k_test_2412	corrupt_warned	pred='A'	gold='A'	complete=True	new_tokens=2	duration_s=5.57
CALL geometry3k_test_2412 contradictory_trusted
OK	geometry3k_test_2412	contradictory_trusted	pred='A'	gold='A'	complete=True	new_tokens=2	duration_s=5.55
CALL geometry3k_test_2412 contradictory_selfverify
OK	geometry3k_test_2412	contradictory_selfverify	pred='A'	gold='A'	complete=True	new_tokens=2	duration_s=5.57
CALL geometry3k_test_2413 raw
FAIL	geometry3k_test_2413	raw	pred='C'	gold='B'	complete=True	new_tokens=2	duration_s=4.65
CALL geometry3k_test_2413 clean_topk6_cautious
FAIL	geometry3k_test_2413	clean_topk6_cautious	pred='C'	gold='B'	complete=True	new_tokens=2	duration_s=5.52
CALL geometry3k_test_2413 clean_topk6_trusted
FAIL	geometry3k_test_2413	clean_topk6_trusted	pred='C'	gold='B'	complete=True	new_tokens=2	duration_s=5.48
CALL geometry3k_test_2413 clean_topk6_selfverify
FAIL	geometry3k_test_2413	clean_topk6_selfverify	pred='C'	gold='B'	complete=True	new_tokens=2	duration_s=5.57
CALL geometry3k_test_2413 confidence_gated_topk6
FAIL	geometry3k_test_2413	confidence_gated_topk6	pred='C'	gold='B'	complete=True	new_tokens=2	duration_s=7.84
CALL geometry3k_test_2413 irrelevant_trusted
FAIL	geometry3k_test_2413	irrelevant_trusted	pred='C'	gold='B'	complete=True	new_tokens=2	duration_s=7.02
CALL geometry3k_test_2413 irrelevant_warned
FAIL	geometry3k_test_2413	irrelevant_warned	pred='C'	gold='B'	complete=True	new_tokens=2	duration_s=5.45
CALL geometry3k_test_2413 corrupt_trusted
FAIL	geometry3k_test_2413	corrupt_trusted	pred='C'	gold='B'	complete=True	new_tokens=2	duration_s=5.49
CALL geometry3k_test_2413 corrupt_warned
FAIL	geometry3k_test_2413	corrupt_warned	pred='C'	gold='B'	complete=True	new_tokens=2	duration_s=5.48
CALL geometry3k_test_2413 contradictory_trusted
FAIL	geometry3k_test_2413	contradictory_trusted	pred='C'	gold='B'	complete=True	new_tokens=2	duration_s=5.60
CALL geometry3k_test_2413 contradictory_selfverify
FAIL	geometry3k_test_2413	contradictory_selfverify	pred='C'	gold='B'	complete=True	new_tokens=2	duration_s=5.59
CALL geometry3k_test_2414 raw
OK	geometry3k_test_2414	raw	pred='B'	gold='B'	complete=True	new_tokens=2	duration_s=4.74
CALL geometry3k_test_2414 clean_topk6_cautious
OK	geometry3k_test_2414	clean_topk6_cautious	pred='B'	gold='B'	complete=True	new_tokens=2	duration_s=5.57
CALL geometry3k_test_2414 clean_topk6_trusted
OK	geometry3k_test_2414	clean_topk6_trusted	pred='B'	gold='B'	complete=True	new_tokens=2	duration_s=5.56
CALL geometry3k_test_2414 clean_topk6_selfverify
OK	geometry3k_test_2414	clean_topk6_selfverify	pred='B'	gold='B'	complete=True	new_tokens=2	duration_s=5.67
CALL geometry3k_test_2414 confidence_gated_topk6
OK	geometry3k_test_2414	confidence_gated_topk6	pred='B'	gold='B'	complete=True	new_tokens=2	duration_s=6.20
CALL geometry3k_test_2414 irrelevant_trusted
OK	geometry3k_test_2414	irrelevant_trusted	pred='B'	gold='B'	complete=True	new_tokens=2	duration_s=6.73
CALL geometry3k_test_2414 irrelevant_warned
OK	geometry3k_test_2414	irrelevant_warned	pred='B'	gold='B'	complete=True	new_tokens=2	duration_s=5.65
CALL geometry3k_test_2414 corrupt_trusted
OK	geometry3k_test_2414	corrupt_trusted	pred='B'	gold='B'	complete=True	new_tokens=2	duration_s=5.64
CALL geometry3k_test_2414 corrupt_warned
OK	geometry3k_test_2414	corrupt_warned	pred='B'	gold='B'	complete=True	new_tokens=2	duration_s=5.66
CALL geometry3k_test_2414 contradictory_trusted
OK	geometry3k_test_2414	contradictory_trusted	pred='B'	gold='B'	complete=True	new_tokens=2	duration_s=5.54
CALL geometry3k_test_2414 contradictory_selfverify
OK	geometry3k_test_2414	contradictory_selfverify	pred='B'	gold='B'	complete=True	new_tokens=2	duration_s=5.57
CALL geometry3k_test_2415 raw
FAIL	geometry3k_test_2415	raw	pred='B'	gold='A'	complete=True	new_tokens=2	duration_s=5.46
CALL geometry3k_test_2415 clean_topk6_cautious
FAIL	geometry3k_test_2415	clean_topk6_cautious	pred='B'	gold='A'	complete=True	new_tokens=2	duration_s=6.32
CALL geometry3k_test_2415 clean_topk6_trusted
FAIL	geometry3k_test_2415	clean_topk6_trusted	pred='B'	gold='A'	complete=True	new_tokens=2	duration_s=6.32
CALL geometry3k_test_2415 clean_topk6_selfverify
FAIL	geometry3k_test_2415	clean_topk6_selfverify	pred='B'	gold='A'	complete=True	new_tokens=2	duration_s=6.27
CALL geometry3k_test_2415 confidence_gated_topk6
FAIL	geometry3k_test_2415	confidence_gated_topk6	pred='B'	gold='A'	complete=True	new_tokens=2	duration_s=7.33
CALL geometry3k_test_2415 irrelevant_trusted
FAIL	geometry3k_test_2415	irrelevant_trusted	pred='B'	gold='A'	complete=True	new_tokens=2	duration_s=6.20
CALL geometry3k_test_2415 irrelevant_warned
FAIL	geometry3k_test_2415	irrelevant_warned	pred='B'	gold='A'	complete=True	new_tokens=2	duration_s=6.21
CALL geometry3k_test_2415 corrupt_trusted
FAIL	geometry3k_test_2415	corrupt_trusted	pred='B'	gold='A'	complete=True	new_tokens=2	duration_s=8.18
CALL geometry3k_test_2415 corrupt_warned
FAIL	geometry3k_test_2415	corrupt_warned	pred='B'	gold='A'	complete=True	new_tokens=2	duration_s=8.07
CALL geometry3k_test_2415 contradictory_trusted
FAIL	geometry3k_test_2415	contradictory_trusted	pred='B'	gold='A'	complete=True	new_tokens=2	duration_s=8.06
CALL geometry3k_test_2415 contradictory_selfverify
FAIL	geometry3k_test_2415	contradictory_selfverify	pred='B'	gold='A'	complete=True	new_tokens=2	duration_s=8.07
CALL geometry3k_test_2416 raw
OK	geometry3k_test_2416	raw	pred='B'	gold='B'	complete=True	new_tokens=2	duration_s=6.61
CALL geometry3k_test_2416 clean_topk6_cautious
OK	geometry3k_test_2416	clean_topk6_cautious	pred='B'	gold='B'	complete=True	new_tokens=2	duration_s=5.81
CALL geometry3k_test_2416 clean_topk6_trusted
OK	geometry3k_test_2416	clean_topk6_trusted	pred='B'	gold='B'	complete=True	new_tokens=2	duration_s=5.12
CALL geometry3k_test_2416 clean_topk6_selfverify
OK	geometry3k_test_2416	clean_topk6_selfverify	pred='B'	gold='B'	complete=True	new_tokens=2	duration_s=5.10
CALL geometry3k_test_2416 confidence_gated_topk6
OK	geometry3k_test_2416	confidence_gated_topk6	pred='B'	gold='B'	complete=True	new_tokens=2	duration_s=5.54
CALL geometry3k_test_2416 irrelevant_trusted
OK	geometry3k_test_2416	irrelevant_trusted	pred='B'	gold='B'	complete=True	new_tokens=2	duration_s=4.81
CALL geometry3k_test_2416 irrelevant_warned
OK	geometry3k_test_2416	irrelevant_warned	pred='B'	gold='B'	complete=True	new_tokens=2	duration_s=5.07
CALL geometry3k_test_2416 corrupt_trusted
OK	geometry3k_test_2416	corrupt_trusted	pred='B'	gold='B'	complete=True	new_tokens=2	duration_s=5.07
CALL geometry3k_test_2416 corrupt_warned
OK	geometry3k_test_2416	corrupt_warned	pred='B'	gold='B'	complete=True	new_tokens=2	duration_s=5.06
CALL geometry3k_test_2416 contradictory_trusted
OK	geometry3k_test_2416	contradictory_trusted	pred='B'	gold='B'	complete=True	new_tokens=2	duration_s=5.09
CALL geometry3k_test_2416 contradictory_selfverify
OK	geometry3k_test_2416	contradictory_selfverify	pred='B'	gold='B'	complete=True	new_tokens=2	duration_s=5.10
CALL geometry3k_test_2417 raw
FAIL	geometry3k_test_2417	raw	pred='B'	gold='C'	complete=True	new_tokens=2	duration_s=12.13
CALL geometry3k_test_2417 clean_topk6_cautious
FAIL	geometry3k_test_2417	clean_topk6_cautious	pred='B'	gold='C'	complete=True	new_tokens=2	duration_s=12.76
CALL geometry3k_test_2417 clean_topk6_trusted
FAIL	geometry3k_test_2417	clean_topk6_trusted	pred='B'	gold='C'	complete=True	new_tokens=2	duration_s=12.83
CALL geometry3k_test_2417 clean_topk6_selfverify
FAIL	geometry3k_test_2417	clean_topk6_selfverify	pred='B'	gold='C'	complete=True	new_tokens=2	duration_s=12.76
CALL geometry3k_test_2417 confidence_gated_topk6
FAIL	geometry3k_test_2417	confidence_gated_topk6	pred='B'	gold='C'	complete=True	new_tokens=2	duration_s=15.93
CALL geometry3k_test_2417 irrelevant_trusted
FAIL	geometry3k_test_2417	irrelevant_trusted	pred='B'	gold='C'	complete=True	new_tokens=2	duration_s=16.48
CALL geometry3k_test_2417 irrelevant_warned
FAIL	geometry3k_test_2417	irrelevant_warned	pred='B'	gold='C'	complete=True	new_tokens=2	duration_s=16.59
CALL geometry3k_test_2417 corrupt_trusted
FAIL	geometry3k_test_2417	corrupt_trusted	pred='B'	gold='C'	complete=True	new_tokens=2	duration_s=16.60
CALL geometry3k_test_2417 corrupt_warned
FAIL	geometry3k_test_2417	corrupt_warned	pred='B'	gold='C'	complete=True	new_tokens=2	duration_s=20.54
CALL geometry3k_test_2417 contradictory_trusted
FAIL	geometry3k_test_2417	contradictory_trusted	pred='B'	gold='C'	complete=True	new_tokens=2	duration_s=20.65
CALL geometry3k_test_2417 contradictory_selfverify
FAIL	geometry3k_test_2417	contradictory_selfverify	pred='B'	gold='C'	complete=True	new_tokens=2	duration_s=17.86
CALL geometry3k_test_2418 raw
FAIL	geometry3k_test_2418	raw	pred='C'	gold='D'	complete=True	new_tokens=2	duration_s=5.95
CALL geometry3k_test_2418 clean_topk6_cautious
FAIL	geometry3k_test_2418	clean_topk6_cautious	pred='C'	gold='D'	complete=True	new_tokens=2	duration_s=7.31
CALL geometry3k_test_2418 clean_topk6_trusted
FAIL	geometry3k_test_2418	clean_topk6_trusted	pred='C'	gold='D'	complete=True	new_tokens=2	duration_s=7.29
CALL geometry3k_test_2418 clean_topk6_selfverify
FAIL	geometry3k_test_2418	clean_topk6_selfverify	pred='C'	gold='D'	complete=True	new_tokens=2	duration_s=7.30
CALL geometry3k_test_2418 confidence_gated_topk6
FAIL	geometry3k_test_2418	confidence_gated_topk6	pred='C'	gold='D'	complete=True	new_tokens=2	duration_s=8.92
CALL geometry3k_test_2418 irrelevant_trusted
OK	geometry3k_test_2418	irrelevant_trusted	pred='D'	gold='D'	complete=True	new_tokens=2	duration_s=7.29
CALL geometry3k_test_2418 irrelevant_warned
OK	geometry3k_test_2418	irrelevant_warned	pred='D'	gold='D'	complete=True	new_tokens=2	duration_s=7.31
CALL geometry3k_test_2418 corrupt_trusted
FAIL	geometry3k_test_2418	corrupt_trusted	pred='C'	gold='D'	complete=True	new_tokens=2	duration_s=7.36
CALL geometry3k_test_2418 corrupt_warned
OK	geometry3k_test_2418	corrupt_warned	pred='D'	gold='D'	complete=True	new_tokens=2	duration_s=7.28
CALL geometry3k_test_2418 contradictory_trusted
FAIL	geometry3k_test_2418	contradictory_trusted	pred='C'	gold='D'	complete=True	new_tokens=2	duration_s=8.43
CALL geometry3k_test_2418 contradictory_selfverify
OK	geometry3k_test_2418	contradictory_selfverify	pred='D'	gold='D'	complete=True	new_tokens=2	duration_s=5.92
CALL geometry3k_test_2419 raw
OK	geometry3k_test_2419	raw	pred='B'	gold='B'	complete=True	new_tokens=2	duration_s=8.97
CALL geometry3k_test_2419 clean_topk6_cautious
OK	geometry3k_test_2419	clean_topk6_cautious	pred='B'	gold='B'	complete=True	new_tokens=2	duration_s=9.53
CALL geometry3k_test_2419 clean_topk6_trusted
OK	geometry3k_test_2419	clean_topk6_trusted	pred='B'	gold='B'	complete=True	new_tokens=2	duration_s=9.20
CALL geometry3k_test_2419 clean_topk6_selfverify
OK	geometry3k_test_2419	clean_topk6_selfverify	pred='B'	gold='B'	complete=True	new_tokens=2	duration_s=9.50
CALL geometry3k_test_2419 confidence_gated_topk6
OK	geometry3k_test_2419	confidence_gated_topk6	pred='B'	gold='B'	complete=True	new_tokens=2	duration_s=10.31
CALL geometry3k_test_2419 irrelevant_trusted
OK	geometry3k_test_2419	irrelevant_trusted	pred='B'	gold='B'	complete=True	new_tokens=2	duration_s=9.15
CALL geometry3k_test_2419 irrelevant_warned
OK	geometry3k_test_2419	irrelevant_warned	pred='B'	gold='B'	complete=True	new_tokens=2	duration_s=9.52
CALL geometry3k_test_2419 corrupt_trusted
OK	geometry3k_test_2419	corrupt_trusted	pred='B'	gold='B'	complete=True	new_tokens=2	duration_s=9.68
CALL geometry3k_test_2419 corrupt_warned
OK	geometry3k_test_2419	corrupt_warned	pred='B'	gold='B'	complete=True	new_tokens=2	duration_s=10.12
CALL geometry3k_test_2419 contradictory_trusted
OK	geometry3k_test_2419	contradictory_trusted	pred='B'	gold='B'	complete=True	new_tokens=2	duration_s=10.40
CALL geometry3k_test_2419 contradictory_selfverify
OK	geometry3k_test_2419	contradictory_selfverify	pred='B'	gold='B'	complete=True	new_tokens=2	duration_s=10.45
CALL geometry3k_test_2420 raw
FAIL	geometry3k_test_2420	raw	pred='C'	gold='D'	complete=True	new_tokens=2	duration_s=5.70
CALL geometry3k_test_2420 clean_topk6_cautious
FAIL	geometry3k_test_2420	clean_topk6_cautious	pred='C'	gold='D'	complete=True	new_tokens=2	duration_s=6.63
CALL geometry3k_test_2420 clean_topk6_trusted
FAIL	geometry3k_test_2420	clean_topk6_trusted	pred='C'	gold='D'	complete=True	new_tokens=2	duration_s=8.57
CALL geometry3k_test_2420 clean_topk6_selfverify
FAIL	geometry3k_test_2420	clean_topk6_selfverify	pred='C'	gold='D'	complete=True	new_tokens=2	duration_s=8.56
CALL geometry3k_test_2420 confidence_gated_topk6
FAIL	geometry3k_test_2420	confidence_gated_topk6	pred='C'	gold='D'	complete=True	new_tokens=2	duration_s=7.45
CALL geometry3k_test_2420 irrelevant_trusted
FAIL	geometry3k_test_2420	irrelevant_trusted	pred='C'	gold='D'	complete=True	new_tokens=2	duration_s=6.51
CALL geometry3k_test_2420 irrelevant_warned
FAIL	geometry3k_test_2420	irrelevant_warned	pred='C'	gold='D'	complete=True	new_tokens=2	duration_s=6.51
CALL geometry3k_test_2420 corrupt_trusted
FAIL	geometry3k_test_2420	corrupt_trusted	pred='C'	gold='D'	complete=True	new_tokens=2	duration_s=6.61
CALL geometry3k_test_2420 corrupt_warned
FAIL	geometry3k_test_2420	corrupt_warned	pred='C'	gold='D'	complete=True	new_tokens=2	duration_s=8.68
CALL geometry3k_test_2420 contradictory_trusted
FAIL	geometry3k_test_2420	contradictory_trusted	pred='C'	gold='D'	complete=True	new_tokens=2	duration_s=8.57
CALL geometry3k_test_2420 contradictory_selfverify
FAIL	geometry3k_test_2420	contradictory_selfverify	pred='C'	gold='D'	complete=True	new_tokens=2	duration_s=8.58
CALL geometry3k_test_2421 raw
FAIL	geometry3k_test_2421	raw	pred='A'	gold='C'	complete=True	new_tokens=2	duration_s=5.31
CALL geometry3k_test_2421 clean_topk6_cautious
FAIL	geometry3k_test_2421	clean_topk6_cautious	pred='A'	gold='C'	complete=True	new_tokens=2	duration_s=5.17
CALL geometry3k_test_2421 clean_topk6_trusted
FAIL	geometry3k_test_2421	clean_topk6_trusted	pred='A'	gold='C'	complete=True	new_tokens=2	duration_s=5.17
CALL geometry3k_test_2421 clean_topk6_selfverify
FAIL	geometry3k_test_2421	clean_topk6_selfverify	pred='A'	gold='C'	complete=True	new_tokens=2	duration_s=5.19
CALL geometry3k_test_2421 confidence_gated_topk6
FAIL	geometry3k_test_2421	confidence_gated_topk6	pred='A'	gold='C'	complete=True	new_tokens=2	duration_s=5.87
CALL geometry3k_test_2421 irrelevant_trusted
FAIL	geometry3k_test_2421	irrelevant_trusted	pred='A'	gold='C'	complete=True	new_tokens=2	duration_s=5.17
CALL geometry3k_test_2421 irrelevant_warned
FAIL	geometry3k_test_2421	irrelevant_warned	pred='A'	gold='C'	complete=True	new_tokens=2	duration_s=5.18
CALL geometry3k_test_2421 corrupt_trusted
OK	geometry3k_test_2421	corrupt_trusted	pred='C'	gold='C'	complete=True	new_tokens=2	duration_s=5.15
CALL geometry3k_test_2421 corrupt_warned
FAIL	geometry3k_test_2421	corrupt_warned	pred='A'	gold='C'	complete=True	new_tokens=2	duration_s=5.14
CALL geometry3k_test_2421 contradictory_trusted
OK	geometry3k_test_2421	contradictory_trusted	pred='C'	gold='C'	complete=True	new_tokens=2	duration_s=5.14
CALL geometry3k_test_2421 contradictory_selfverify
FAIL	geometry3k_test_2421	contradictory_selfverify	pred='A'	gold='C'	complete=True	new_tokens=2	duration_s=5.17
CALL geometry3k_test_2422 raw
FAIL	geometry3k_test_2422	raw	pred='C'	gold='B'	complete=True	new_tokens=2	duration_s=8.39
CALL geometry3k_test_2422 clean_topk6_cautious
FAIL	geometry3k_test_2422	clean_topk6_cautious	pred='C'	gold='B'	complete=True	new_tokens=2	duration_s=8.68
CALL geometry3k_test_2422 clean_topk6_trusted
FAIL	geometry3k_test_2422	clean_topk6_trusted	pred='C'	gold='B'	complete=True	new_tokens=2	duration_s=8.65
CALL geometry3k_test_2422 clean_topk6_selfverify
FAIL	geometry3k_test_2422	clean_topk6_selfverify	pred='C'	gold='B'	complete=True	new_tokens=2	duration_s=8.94
CALL geometry3k_test_2422 confidence_gated_topk6
FAIL	geometry3k_test_2422	confidence_gated_topk6	pred='C'	gold='B'	complete=True	new_tokens=2	duration_s=9.36
CALL geometry3k_test_2422 irrelevant_trusted
FAIL	geometry3k_test_2422	irrelevant_trusted	pred='C'	gold='B'	complete=True	new_tokens=2	duration_s=8.77
CALL geometry3k_test_2422 irrelevant_warned
FAIL	geometry3k_test_2422	irrelevant_warned	pred='C'	gold='B'	complete=True	new_tokens=2	duration_s=9.46
CALL geometry3k_test_2422 corrupt_trusted
FAIL	geometry3k_test_2422	corrupt_trusted	pred='C'	gold='B'	complete=True	new_tokens=2	duration_s=9.91
CALL geometry3k_test_2422 corrupt_warned
FAIL	geometry3k_test_2422	corrupt_warned	pred='C'	gold='B'	complete=True	new_tokens=2	duration_s=9.94
CALL geometry3k_test_2422 contradictory_trusted
FAIL	geometry3k_test_2422	contradictory_trusted	pred='C'	gold='B'	complete=True	new_tokens=2	duration_s=9.97
CALL geometry3k_test_2422 contradictory_selfverify
FAIL	geometry3k_test_2422	contradictory_selfverify	pred='C'	gold='B'	complete=True	new_tokens=2	duration_s=9.86
CALL geometry3k_test_2423 raw
OK	geometry3k_test_2423	raw	pred='C'	gold='C'	complete=True	new_tokens=2	duration_s=13.02
CALL geometry3k_test_2423 clean_topk6_cautious
OK	geometry3k_test_2423	clean_topk6_cautious	pred='C'	gold='C'	complete=True	new_tokens=2	duration_s=19.04
CALL geometry3k_test_2423 clean_topk6_trusted
OK	geometry3k_test_2423	clean_topk6_trusted	pred='C'	gold='C'	complete=True	new_tokens=2	duration_s=14.03
CALL geometry3k_test_2423 clean_topk6_selfverify
OK	geometry3k_test_2423	clean_topk6_selfverify	pred='C'	gold='C'	complete=True	new_tokens=2	duration_s=13.95
CALL geometry3k_test_2423 confidence_gated_topk6
OK	geometry3k_test_2423	confidence_gated_topk6	pred='C'	gold='C'	complete=True	new_tokens=2	duration_s=14.99
CALL geometry3k_test_2423 irrelevant_trusted
OK	geometry3k_test_2423	irrelevant_trusted	pred='C'	gold='C'	complete=True	new_tokens=2	duration_s=13.79
CALL geometry3k_test_2423 irrelevant_warned
OK	geometry3k_test_2423	irrelevant_warned	pred='C'	gold='C'	complete=True	new_tokens=2	duration_s=13.96
CALL geometry3k_test_2423 corrupt_trusted
OK	geometry3k_test_2423	corrupt_trusted	pred='C'	gold='C'	complete=True	new_tokens=2	duration_s=13.99
CALL geometry3k_test_2423 corrupt_warned
OK	geometry3k_test_2423	corrupt_warned	pred='C'	gold='C'	complete=True	new_tokens=2	duration_s=13.98
CALL geometry3k_test_2423 contradictory_trusted
OK	geometry3k_test_2423	contradictory_trusted	pred='C'	gold='C'	complete=True	new_tokens=2	duration_s=13.88
CALL geometry3k_test_2423 contradictory_selfverify
OK	geometry3k_test_2423	contradictory_selfverify	pred='C'	gold='C'	complete=True	new_tokens=2	duration_s=13.92
CALL geometry3k_test_2424 raw
FAIL	geometry3k_test_2424	raw	pred='B'	gold='A'	complete=True	new_tokens=2	duration_s=4.66
CALL geometry3k_test_2424 clean_topk6_cautious
FAIL	geometry3k_test_2424	clean_topk6_cautious	pred='B'	gold='A'	complete=True	new_tokens=2	duration_s=6.98
CALL geometry3k_test_2424 clean_topk6_trusted
FAIL	geometry3k_test_2424	clean_topk6_trusted	pred='B'	gold='A'	complete=True	new_tokens=2	duration_s=6.97
CALL geometry3k_test_2424 clean_topk6_selfverify
FAIL	geometry3k_test_2424	clean_topk6_selfverify	pred='B'	gold='A'	complete=True	new_tokens=2	duration_s=6.72
CALL geometry3k_test_2424 confidence_gated_topk6
FAIL	geometry3k_test_2424	confidence_gated_topk6	pred='B'	gold='A'	complete=True	new_tokens=2	duration_s=5.33
CALL geometry3k_test_2424 irrelevant_trusted
FAIL	geometry3k_test_2424	irrelevant_trusted	pred='B'	gold='A'	complete=True	new_tokens=2	duration_s=4.56
CALL geometry3k_test_2424 irrelevant_warned
FAIL	geometry3k_test_2424	irrelevant_warned	pred='B'	gold='A'	complete=True	new_tokens=2	duration_s=4.84
CALL geometry3k_test_2424 corrupt_trusted
FAIL	geometry3k_test_2424	corrupt_trusted	pred='B'	gold='A'	complete=True	new_tokens=2	duration_s=4.86
CALL geometry3k_test_2424 corrupt_warned
FAIL	geometry3k_test_2424	corrupt_warned	pred='B'	gold='A'	complete=True	new_tokens=2	duration_s=4.84
CALL geometry3k_test_2424 contradictory_trusted
FAIL	geometry3k_test_2424	contradictory_trusted	pred='B'	gold='A'	complete=True	new_tokens=2	duration_s=4.90
CALL geometry3k_test_2424 contradictory_selfverify
FAIL	geometry3k_test_2424	contradictory_selfverify	pred='B'	gold='A'	complete=True	new_tokens=2	duration_s=4.98
CALL geometry3k_test_2425 raw
OK	geometry3k_test_2425	raw	pred='B'	gold='B'	complete=True	new_tokens=8	duration_s=4.54
CALL geometry3k_test_2425 clean_topk6_cautious
OK	geometry3k_test_2425	clean_topk6_cautious	pred='B'	gold='B'	complete=True	new_tokens=8	duration_s=5.69
CALL geometry3k_test_2425 clean_topk6_trusted
OK	geometry3k_test_2425	clean_topk6_trusted	pred='B'	gold='B'	complete=True	new_tokens=2	duration_s=4.48
CALL geometry3k_test_2425 clean_topk6_selfverify
OK	geometry3k_test_2425	clean_topk6_selfverify	pred='B'	gold='B'	complete=True	new_tokens=2	duration_s=5.00
CALL geometry3k_test_2425 confidence_gated_topk6
OK	geometry3k_test_2425	confidence_gated_topk6	pred='B'	gold='B'	complete=True	new_tokens=2	duration_s=5.00
CALL geometry3k_test_2425 irrelevant_trusted
OK	geometry3k_test_2425	irrelevant_trusted	pred='B'	gold='B'	complete=True	new_tokens=8	duration_s=5.16
CALL geometry3k_test_2425 irrelevant_warned
OK	geometry3k_test_2425	irrelevant_warned	pred='B'	gold='B'	complete=True	new_tokens=8	duration_s=6.25
CALL geometry3k_test_2425 corrupt_trusted
OK	geometry3k_test_2425	corrupt_trusted	pred='B'	gold='B'	complete=True	new_tokens=2	duration_s=4.65
CALL geometry3k_test_2425 corrupt_warned
OK	geometry3k_test_2425	corrupt_warned	pred='B'	gold='B'	complete=True	new_tokens=2	duration_s=4.50
CALL geometry3k_test_2425 contradictory_trusted
OK	geometry3k_test_2425	contradictory_trusted	pred='B'	gold='B'	complete=True	new_tokens=2	duration_s=4.48
CALL geometry3k_test_2425 contradictory_selfverify
OK	geometry3k_test_2425	contradictory_selfverify	pred='B'	gold='B'	complete=True	new_tokens=2	duration_s=4.52
CALL geometry3k_test_2426 raw
OK	geometry3k_test_2426	raw	pred='C'	gold='C'	complete=True	new_tokens=2	duration_s=6.24
CALL geometry3k_test_2426 clean_topk6_cautious
OK	geometry3k_test_2426	clean_topk6_cautious	pred='C'	gold='C'	complete=True	new_tokens=2	duration_s=6.60
CALL geometry3k_test_2426 clean_topk6_trusted
OK	geometry3k_test_2426	clean_topk6_trusted	pred='C'	gold='C'	complete=True	new_tokens=2	duration_s=6.58
CALL geometry3k_test_2426 clean_topk6_selfverify
OK	geometry3k_test_2426	clean_topk6_selfverify	pred='C'	gold='C'	complete=True	new_tokens=2	duration_s=6.58
CALL geometry3k_test_2426 confidence_gated_topk6
OK	geometry3k_test_2426	confidence_gated_topk6	pred='C'	gold='C'	complete=True	new_tokens=2	duration_s=7.58
CALL geometry3k_test_2426 irrelevant_trusted
OK	geometry3k_test_2426	irrelevant_trusted	pred='C'	gold='C'	complete=True	new_tokens=2	duration_s=6.59
CALL geometry3k_test_2426 irrelevant_warned
OK	geometry3k_test_2426	irrelevant_warned	pred='C'	gold='C'	complete=True	new_tokens=2	duration_s=6.56
CALL geometry3k_test_2426 corrupt_trusted
OK	geometry3k_test_2426	corrupt_trusted	pred='C'	gold='C'	complete=True	new_tokens=2	duration_s=6.56
CALL geometry3k_test_2426 corrupt_warned
OK	geometry3k_test_2426	corrupt_warned	pred='C'	gold='C'	complete=True	new_tokens=2	duration_s=6.58
CALL geometry3k_test_2426 contradictory_trusted
OK	geometry3k_test_2426	contradictory_trusted	pred='C'	gold='C'	complete=True	new_tokens=2	duration_s=6.58
CALL geometry3k_test_2426 contradictory_selfverify
OK	geometry3k_test_2426	contradictory_selfverify	pred='C'	gold='C'	complete=True	new_tokens=2	duration_s=6.56
CALL geometry3k_test_2427 raw
OK	geometry3k_test_2427	raw	pred='A'	gold='A'	complete=True	new_tokens=2	duration_s=4.12
CALL geometry3k_test_2427 clean_topk6_cautious
OK	geometry3k_test_2427	clean_topk6_cautious	pred='A'	gold='A'	complete=True	new_tokens=2	duration_s=4.71
CALL geometry3k_test_2427 clean_topk6_trusted
OK	geometry3k_test_2427	clean_topk6_trusted	pred='A'	gold='A'	complete=True	new_tokens=2	duration_s=4.48
CALL geometry3k_test_2427 clean_topk6_selfverify
OK	geometry3k_test_2427	clean_topk6_selfverify	pred='A'	gold='A'	complete=True	new_tokens=2	duration_s=4.72
CALL geometry3k_test_2427 confidence_gated_topk6
OK	geometry3k_test_2427	confidence_gated_topk6	pred='A'	gold='A'	complete=True	new_tokens=2	duration_s=4.73
CALL geometry3k_test_2427 irrelevant_trusted
OK	geometry3k_test_2427	irrelevant_trusted	pred='A'	gold='A'	complete=True	new_tokens=2	duration_s=4.71
CALL geometry3k_test_2427 irrelevant_warned
OK	geometry3k_test_2427	irrelevant_warned	pred='A'	gold='A'	complete=True	new_tokens=2	duration_s=4.72
CALL geometry3k_test_2427 corrupt_trusted
FAIL	geometry3k_test_2427	corrupt_trusted	pred='C'	gold='A'	complete=True	new_tokens=2	duration_s=4.45
CALL geometry3k_test_2427 corrupt_warned
OK	geometry3k_test_2427	corrupt_warned	pred='A'	gold='A'	complete=True	new_tokens=2	duration_s=4.46
CALL geometry3k_test_2427 contradictory_trusted
FAIL	geometry3k_test_2427	contradictory_trusted	pred='C'	gold='A'	complete=True	new_tokens=2	duration_s=4.45
CALL geometry3k_test_2427 contradictory_selfverify
OK	geometry3k_test_2427	contradictory_selfverify	pred='A'	gold='A'	complete=True	new_tokens=2	duration_s=4.53
CALL geometry3k_test_2428 raw
OK	geometry3k_test_2428	raw	pred='B'	gold='B'	complete=True	new_tokens=2	duration_s=4.62
CALL geometry3k_test_2428 clean_topk6_cautious
OK	geometry3k_test_2428	clean_topk6_cautious	pred='B'	gold='B'	complete=True	new_tokens=2	duration_s=5.21
CALL geometry3k_test_2428 clean_topk6_trusted
OK	geometry3k_test_2428	clean_topk6_trusted	pred='B'	gold='B'	complete=True	new_tokens=2	duration_s=5.22
CALL geometry3k_test_2428 clean_topk6_selfverify
OK	geometry3k_test_2428	clean_topk6_selfverify	pred='B'	gold='B'	complete=True	new_tokens=2	duration_s=5.22
CALL geometry3k_test_2428 confidence_gated_topk6
OK	geometry3k_test_2428	confidence_gated_topk6	pred='B'	gold='B'	complete=True	new_tokens=2	duration_s=5.58
CALL geometry3k_test_2428 irrelevant_trusted
OK	geometry3k_test_2428	irrelevant_trusted	pred='B'	gold='B'	complete=True	new_tokens=2	duration_s=5.20
CALL geometry3k_test_2428 irrelevant_warned
OK	geometry3k_test_2428	irrelevant_warned	pred='B'	gold='B'	complete=True	new_tokens=2	duration_s=5.51
CALL geometry3k_test_2428 corrupt_trusted
OK	geometry3k_test_2428	corrupt_trusted	pred='B'	gold='B'	complete=True	new_tokens=2	duration_s=5.19
CALL geometry3k_test_2428 corrupt_warned
OK	geometry3k_test_2428	corrupt_warned	pred='B'	gold='B'	complete=True	new_tokens=2	duration_s=5.17
CALL geometry3k_test_2428 contradictory_trusted
OK	geometry3k_test_2428	contradictory_trusted	pred='B'	gold='B'	complete=True	new_tokens=2	duration_s=5.19
CALL geometry3k_test_2428 contradictory_selfverify
OK	geometry3k_test_2428	contradictory_selfverify	pred='B'	gold='B'	complete=True	new_tokens=2	duration_s=5.21
CALL geometry3k_test_2429 raw
FAIL	geometry3k_test_2429	raw	pred='B'	gold='C'	complete=True	new_tokens=2	duration_s=4.54
CALL geometry3k_test_2429 clean_topk6_cautious
FAIL	geometry3k_test_2429	clean_topk6_cautious	pred='B'	gold='C'	complete=True	new_tokens=2	duration_s=5.14
CALL geometry3k_test_2429 clean_topk6_trusted
FAIL	geometry3k_test_2429	clean_topk6_trusted	pred='B'	gold='C'	complete=True	new_tokens=2	duration_s=5.16
CALL geometry3k_test_2429 clean_topk6_selfverify
FAIL	geometry3k_test_2429	clean_topk6_selfverify	pred='B'	gold='C'	complete=True	new_tokens=2	duration_s=5.13
CALL geometry3k_test_2429 confidence_gated_topk6
FAIL	geometry3k_test_2429	confidence_gated_topk6	pred='B'	gold='C'	complete=True	new_tokens=2	duration_s=5.89
CALL geometry3k_test_2429 irrelevant_trusted
FAIL	geometry3k_test_2429	irrelevant_trusted	pred='B'	gold='C'	complete=True	new_tokens=2	duration_s=5.15
CALL geometry3k_test_2429 irrelevant_warned
FAIL	geometry3k_test_2429	irrelevant_warned	pred='B'	gold='C'	complete=True	new_tokens=2	duration_s=5.14
CALL geometry3k_test_2429 corrupt_trusted
FAIL	geometry3k_test_2429	corrupt_trusted	pred='B'	gold='C'	complete=True	new_tokens=2	duration_s=5.15
CALL geometry3k_test_2429 corrupt_warned
FAIL	geometry3k_test_2429	corrupt_warned	pred='B'	gold='C'	complete=True	new_tokens=2	duration_s=5.16
CALL geometry3k_test_2429 contradictory_trusted
FAIL	geometry3k_test_2429	contradictory_trusted	pred='B'	gold='C'	complete=True	new_tokens=2	duration_s=5.14
CALL geometry3k_test_2429 contradictory_selfverify
FAIL	geometry3k_test_2429	contradictory_selfverify	pred='B'	gold='C'	complete=True	new_tokens=2	duration_s=5.16
CALL geometry3k_test_2430 raw
FAIL	geometry3k_test_2430	raw	pred='B'	gold='D'	complete=True	new_tokens=2	duration_s=11.22
CALL geometry3k_test_2430 clean_topk6_cautious
FAIL	geometry3k_test_2430	clean_topk6_cautious	pred='B'	gold='D'	complete=True	new_tokens=6	duration_s=12.28
CALL geometry3k_test_2430 clean_topk6_trusted
FAIL	geometry3k_test_2430	clean_topk6_trusted	pred='B'	gold='D'	complete=True	new_tokens=6	duration_s=12.27
CALL geometry3k_test_2430 clean_topk6_selfverify
FAIL	geometry3k_test_2430	clean_topk6_selfverify	pred='B'	gold='D'	complete=True	new_tokens=2	duration_s=11.91
CALL geometry3k_test_2430 confidence_gated_topk6
FAIL	geometry3k_test_2430	confidence_gated_topk6	pred='B'	gold='D'	complete=True	new_tokens=2	duration_s=12.56
CALL geometry3k_test_2430 irrelevant_trusted
FAIL	geometry3k_test_2430	irrelevant_trusted	pred='B'	gold='D'	complete=True	new_tokens=2	duration_s=11.91
CALL geometry3k_test_2430 irrelevant_warned
FAIL	geometry3k_test_2430	irrelevant_warned	pred='B'	gold='D'	complete=True	new_tokens=2	duration_s=11.90
CALL geometry3k_test_2430 corrupt_trusted
FAIL	geometry3k_test_2430	corrupt_trusted	pred='B'	gold='D'	complete=True	new_tokens=6	duration_s=12.29
CALL geometry3k_test_2430 corrupt_warned
FAIL	geometry3k_test_2430	corrupt_warned	pred='B'	gold='D'	complete=True	new_tokens=2	duration_s=11.88
CALL geometry3k_test_2430 contradictory_trusted
FAIL	geometry3k_test_2430	contradictory_trusted	pred='B'	gold='D'	complete=True	new_tokens=6	duration_s=12.23
CALL geometry3k_test_2430 contradictory_selfverify
FAIL	geometry3k_test_2430	contradictory_selfverify	pred='B'	gold='D'	complete=True	new_tokens=2	duration_s=11.85
CALL geometry3k_test_2431 raw
OK	geometry3k_test_2431	raw	pred='C'	gold='C'	complete=True	new_tokens=2	duration_s=4.77
CALL geometry3k_test_2431 clean_topk6_cautious
OK	geometry3k_test_2431	clean_topk6_cautious	pred='C'	gold='C'	complete=True	new_tokens=2	duration_s=5.14
CALL geometry3k_test_2431 clean_topk6_trusted
OK	geometry3k_test_2431	clean_topk6_trusted	pred='C'	gold='C'	complete=True	new_tokens=2	duration_s=5.12
CALL geometry3k_test_2431 clean_topk6_selfverify
OK	geometry3k_test_2431	clean_topk6_selfverify	pred='C'	gold='C'	complete=True	new_tokens=2	duration_s=5.44
CALL geometry3k_test_2431 confidence_gated_topk6
OK	geometry3k_test_2431	confidence_gated_topk6	pred='C'	gold='C'	complete=True	new_tokens=2	duration_s=6.12
CALL geometry3k_test_2431 irrelevant_trusted
OK	geometry3k_test_2431	irrelevant_trusted	pred='C'	gold='C'	complete=True	new_tokens=2	duration_s=5.11
CALL geometry3k_test_2431 irrelevant_warned
OK	geometry3k_test_2431	irrelevant_warned	pred='C'	gold='C'	complete=True	new_tokens=2	duration_s=5.12
CALL geometry3k_test_2431 corrupt_trusted
OK	geometry3k_test_2431	corrupt_trusted	pred='C'	gold='C'	complete=True	new_tokens=2	duration_s=5.14
CALL geometry3k_test_2431 corrupt_warned
OK	geometry3k_test_2431	corrupt_warned	pred='C'	gold='C'	complete=True	new_tokens=2	duration_s=5.15
CALL geometry3k_test_2431 contradictory_trusted
OK	geometry3k_test_2431	contradictory_trusted	pred='C'	gold='C'	complete=True	new_tokens=2	duration_s=5.13
CALL geometry3k_test_2431 contradictory_selfverify
OK	geometry3k_test_2431	contradictory_selfverify	pred='C'	gold='C'	complete=True	new_tokens=2	duration_s=5.16
CALL geometry3k_test_2432 raw
OK	geometry3k_test_2432	raw	pred='D'	gold='D'	complete=True	new_tokens=2	duration_s=4.40
CALL geometry3k_test_2432 clean_topk6_cautious
OK	geometry3k_test_2432	clean_topk6_cautious	pred='D'	gold='D'	complete=True	new_tokens=2	duration_s=5.00
CALL geometry3k_test_2432 clean_topk6_trusted
OK	geometry3k_test_2432	clean_topk6_trusted	pred='D'	gold='D'	complete=True	new_tokens=2	duration_s=4.96
CALL geometry3k_test_2432 clean_topk6_selfverify
OK	geometry3k_test_2432	clean_topk6_selfverify	pred='D'	gold='D'	complete=True	new_tokens=2	duration_s=4.99
CALL geometry3k_test_2432 confidence_gated_topk6
OK	geometry3k_test_2432	confidence_gated_topk6	pred='D'	gold='D'	complete=True	new_tokens=2	duration_s=5.71
CALL geometry3k_test_2432 irrelevant_trusted
OK	geometry3k_test_2432	irrelevant_trusted	pred='D'	gold='D'	complete=True	new_tokens=2	duration_s=4.97
CALL geometry3k_test_2432 irrelevant_warned
OK	geometry3k_test_2432	irrelevant_warned	pred='D'	gold='D'	complete=True	new_tokens=2	duration_s=4.99
CALL geometry3k_test_2432 corrupt_trusted
OK	geometry3k_test_2432	corrupt_trusted	pred='D'	gold='D'	complete=True	new_tokens=2	duration_s=5.00
CALL geometry3k_test_2432 corrupt_warned
OK	geometry3k_test_2432	corrupt_warned	pred='D'	gold='D'	complete=True	new_tokens=2	duration_s=4.96
CALL geometry3k_test_2432 contradictory_trusted
OK	geometry3k_test_2432	contradictory_trusted	pred='D'	gold='D'	complete=True	new_tokens=2	duration_s=4.98
CALL geometry3k_test_2432 contradictory_selfverify
OK	geometry3k_test_2432	contradictory_selfverify	pred='D'	gold='D'	complete=True	new_tokens=2	duration_s=4.99
CALL geometry3k_test_2433 raw
OK	geometry3k_test_2433	raw	pred='C'	gold='C'	complete=True	new_tokens=20	duration_s=5.75
CALL geometry3k_test_2433 clean_topk6_cautious
OK	geometry3k_test_2433	clean_topk6_cautious	pred='C'	gold='C'	complete=True	new_tokens=2	duration_s=4.75
CALL geometry3k_test_2433 clean_topk6_trusted
OK	geometry3k_test_2433	clean_topk6_trusted	pred='C'	gold='C'	complete=True	new_tokens=2	duration_s=4.72
CALL geometry3k_test_2433 clean_topk6_selfverify
OK	geometry3k_test_2433	clean_topk6_selfverify	pred='C'	gold='C'	complete=True	new_tokens=2	duration_s=4.74
CALL geometry3k_test_2433 confidence_gated_topk6
OK	geometry3k_test_2433	confidence_gated_topk6	pred='C'	gold='C'	complete=True	new_tokens=2	duration_s=4.72
CALL geometry3k_test_2433 irrelevant_trusted
OK	geometry3k_test_2433	irrelevant_trusted	pred='C'	gold='C'	complete=True	new_tokens=2	duration_s=4.74
CALL geometry3k_test_2433 irrelevant_warned
OK	geometry3k_test_2433	irrelevant_warned	pred='C'	gold='C'	complete=True	new_tokens=2	duration_s=4.72
CALL geometry3k_test_2433 corrupt_trusted
OK	geometry3k_test_2433	corrupt_trusted	pred='C'	gold='C'	complete=True	new_tokens=2	duration_s=4.74
CALL geometry3k_test_2433 corrupt_warned
OK	geometry3k_test_2433	corrupt_warned	pred='C'	gold='C'	complete=True	new_tokens=2	duration_s=4.74
CALL geometry3k_test_2433 contradictory_trusted
OK	geometry3k_test_2433	contradictory_trusted	pred='C'	gold='C'	complete=True	new_tokens=2	duration_s=4.73
CALL geometry3k_test_2433 contradictory_selfverify
OK	geometry3k_test_2433	contradictory_selfverify	pred='C'	gold='C'	complete=True	new_tokens=2	duration_s=4.73
CALL geometry3k_test_2434 raw
OK	geometry3k_test_2434	raw	pred='C'	gold='C'	complete=True	new_tokens=2	duration_s=4.42
CALL geometry3k_test_2434 clean_topk6_cautious
OK	geometry3k_test_2434	clean_topk6_cautious	pred='C'	gold='C'	complete=True	new_tokens=2	duration_s=5.06
CALL geometry3k_test_2434 clean_topk6_trusted
OK	geometry3k_test_2434	clean_topk6_trusted	pred='C'	gold='C'	complete=True	new_tokens=2	duration_s=5.03
CALL geometry3k_test_2434 clean_topk6_selfverify
OK	geometry3k_test_2434	clean_topk6_selfverify	pred='C'	gold='C'	complete=True	new_tokens=2	duration_s=5.04
CALL geometry3k_test_2434 confidence_gated_topk6
OK	geometry3k_test_2434	confidence_gated_topk6	pred='C'	gold='C'	complete=True	new_tokens=2	duration_s=5.70
CALL geometry3k_test_2434 irrelevant_trusted
OK	geometry3k_test_2434	irrelevant_trusted	pred='C'	gold='C'	complete=True	new_tokens=2	duration_s=5.05
CALL geometry3k_test_2434 irrelevant_warned
OK	geometry3k_test_2434	irrelevant_warned	pred='C'	gold='C'	complete=True	new_tokens=2	duration_s=5.08
CALL geometry3k_test_2434 corrupt_trusted
OK	geometry3k_test_2434	corrupt_trusted	pred='C'	gold='C'	complete=True	new_tokens=2	duration_s=5.05
CALL geometry3k_test_2434 corrupt_warned
OK	geometry3k_test_2434	corrupt_warned	pred='C'	gold='C'	complete=True	new_tokens=2	duration_s=5.04
CALL geometry3k_test_2434 contradictory_trusted
OK	geometry3k_test_2434	contradictory_trusted	pred='C'	gold='C'	complete=True	new_tokens=2	duration_s=5.03
CALL geometry3k_test_2434 contradictory_selfverify
OK	geometry3k_test_2434	contradictory_selfverify	pred='C'	gold='C'	complete=True	new_tokens=2	duration_s=5.04
CALL geometry3k_test_2435 raw
OK	geometry3k_test_2435	raw	pred='D'	gold='D'	complete=True	new_tokens=7	duration_s=4.41
CALL geometry3k_test_2435 clean_topk6_cautious
OK	geometry3k_test_2435	clean_topk6_cautious	pred='D'	gold='D'	complete=True	new_tokens=2	duration_s=4.32
CALL geometry3k_test_2435 clean_topk6_trusted
OK	geometry3k_test_2435	clean_topk6_trusted	pred='D'	gold='D'	complete=True	new_tokens=2	duration_s=4.30
CALL geometry3k_test_2435 clean_topk6_selfverify
OK	geometry3k_test_2435	clean_topk6_selfverify	pred='D'	gold='D'	complete=True	new_tokens=2	duration_s=4.30
CALL geometry3k_test_2435 confidence_gated_topk6
OK	geometry3k_test_2435	confidence_gated_topk6	pred='D'	gold='D'	complete=True	new_tokens=2	duration_s=4.33
CALL geometry3k_test_2435 irrelevant_trusted
OK	geometry3k_test_2435	irrelevant_trusted	pred='D'	gold='D'	complete=True	new_tokens=7	duration_s=4.76
CALL geometry3k_test_2435 irrelevant_warned
OK	geometry3k_test_2435	irrelevant_warned	pred='D'	gold='D'	complete=True	new_tokens=7	duration_s=5.01
CALL geometry3k_test_2435 corrupt_trusted
OK	geometry3k_test_2435	corrupt_trusted	pred='D'	gold='D'	complete=True	new_tokens=2	duration_s=4.31
CALL geometry3k_test_2435 corrupt_warned
OK	geometry3k_test_2435	corrupt_warned	pred='D'	gold='D'	complete=True	new_tokens=2	duration_s=4.29
CALL geometry3k_test_2435 contradictory_trusted
OK	geometry3k_test_2435	contradictory_trusted	pred='D'	gold='D'	complete=True	new_tokens=2	duration_s=4.29
CALL geometry3k_test_2435 contradictory_selfverify
OK	geometry3k_test_2435	contradictory_selfverify	pred='D'	gold='D'	complete=True	new_tokens=2	duration_s=4.31
CALL geometry3k_test_2436 raw
FAIL	geometry3k_test_2436	raw	pred='B'	gold='D'	complete=True	new_tokens=2	duration_s=5.63
CALL geometry3k_test_2436 clean_topk6_cautious
FAIL	geometry3k_test_2436	clean_topk6_cautious	pred='B'	gold='D'	complete=True	new_tokens=2	duration_s=6.31
CALL geometry3k_test_2436 clean_topk6_trusted
FAIL	geometry3k_test_2436	clean_topk6_trusted	pred='B'	gold='D'	complete=True	new_tokens=2	duration_s=6.28
CALL geometry3k_test_2436 clean_topk6_selfverify
FAIL	geometry3k_test_2436	clean_topk6_selfverify	pred='B'	gold='D'	complete=True	new_tokens=2	duration_s=6.27
CALL geometry3k_test_2436 confidence_gated_topk6
FAIL	geometry3k_test_2436	confidence_gated_topk6	pred='B'	gold='D'	complete=True	new_tokens=2	duration_s=6.97
CALL geometry3k_test_2436 irrelevant_trusted
FAIL	geometry3k_test_2436	irrelevant_trusted	pred='B'	gold='D'	complete=True	new_tokens=2	duration_s=5.96
CALL geometry3k_test_2436 irrelevant_warned
FAIL	geometry3k_test_2436	irrelevant_warned	pred='B'	gold='D'	complete=True	new_tokens=2	duration_s=5.99
CALL geometry3k_test_2436 corrupt_trusted
FAIL	geometry3k_test_2436	corrupt_trusted	pred='B'	gold='D'	complete=True	new_tokens=2	duration_s=6.28
CALL geometry3k_test_2436 corrupt_warned
FAIL	geometry3k_test_2436	corrupt_warned	pred='B'	gold='D'	complete=True	new_tokens=2	duration_s=6.29
CALL geometry3k_test_2436 contradictory_trusted
FAIL	geometry3k_test_2436	contradictory_trusted	pred='B'	gold='D'	complete=True	new_tokens=2	duration_s=6.29
CALL geometry3k_test_2436 contradictory_selfverify
FAIL	geometry3k_test_2436	contradictory_selfverify	pred='B'	gold='D'	complete=True	new_tokens=2	duration_s=6.30
CALL geometry3k_test_2437 raw
FAIL	geometry3k_test_2437	raw	pred='C'	gold='B'	complete=True	new_tokens=2	duration_s=5.84
CALL geometry3k_test_2437 clean_topk6_cautious
FAIL	geometry3k_test_2437	clean_topk6_cautious	pred='C'	gold='B'	complete=True	new_tokens=2	duration_s=6.47
CALL geometry3k_test_2437 clean_topk6_trusted
FAIL	geometry3k_test_2437	clean_topk6_trusted	pred='C'	gold='B'	complete=True	new_tokens=2	duration_s=6.15
CALL geometry3k_test_2437 clean_topk6_selfverify
FAIL	geometry3k_test_2437	clean_topk6_selfverify	pred='C'	gold='B'	complete=True	new_tokens=2	duration_s=6.53
CALL geometry3k_test_2437 confidence_gated_topk6
FAIL	geometry3k_test_2437	confidence_gated_topk6	pred='C'	gold='B'	complete=True	new_tokens=2	duration_s=6.85
CALL geometry3k_test_2437 irrelevant_trusted
FAIL	geometry3k_test_2437	irrelevant_trusted	pred='C'	gold='B'	complete=True	new_tokens=2	duration_s=6.12
CALL geometry3k_test_2437 irrelevant_warned
FAIL	geometry3k_test_2437	irrelevant_warned	pred='C'	gold='B'	complete=True	new_tokens=2	duration_s=6.16
CALL geometry3k_test_2437 corrupt_trusted
FAIL	geometry3k_test_2437	corrupt_trusted	pred='C'	gold='B'	complete=True	new_tokens=7	duration_s=6.90
CALL geometry3k_test_2437 corrupt_warned
FAIL	geometry3k_test_2437	corrupt_warned	pred='C'	gold='B'	complete=True	new_tokens=2	duration_s=6.47
CALL geometry3k_test_2437 contradictory_trusted
FAIL	geometry3k_test_2437	contradictory_trusted	pred='C'	gold='B'	complete=True	new_tokens=2	duration_s=6.49
CALL geometry3k_test_2437 contradictory_selfverify
FAIL	geometry3k_test_2437	contradictory_selfverify	pred='C'	gold='B'	complete=True	new_tokens=2	duration_s=6.47
CALL geometry3k_test_2438 raw
FAIL	geometry3k_test_2438	raw	pred='A'	gold='B'	complete=True	new_tokens=2	duration_s=17.64
CALL geometry3k_test_2438 clean_topk6_cautious
FAIL	geometry3k_test_2438	clean_topk6_cautious	pred='D'	gold='B'	complete=True	new_tokens=2	duration_s=18.27
CALL geometry3k_test_2438 clean_topk6_trusted
FAIL	geometry3k_test_2438	clean_topk6_trusted	pred='D'	gold='B'	complete=True	new_tokens=2	duration_s=18.26
CALL geometry3k_test_2438 clean_topk6_selfverify
FAIL	geometry3k_test_2438	clean_topk6_selfverify	pred='D'	gold='B'	complete=True	new_tokens=2	duration_s=18.27
CALL geometry3k_test_2438 confidence_gated_topk6
FAIL	geometry3k_test_2438	confidence_gated_topk6	pred='D'	gold='B'	complete=True	new_tokens=2	duration_s=18.89
CALL geometry3k_test_2438 irrelevant_trusted
FAIL	geometry3k_test_2438	irrelevant_trusted	pred='D'	gold='B'	complete=True	new_tokens=2	duration_s=18.18
CALL geometry3k_test_2438 irrelevant_warned
FAIL	geometry3k_test_2438	irrelevant_warned	pred='D'	gold='B'	complete=True	new_tokens=2	duration_s=18.25
CALL geometry3k_test_2438 corrupt_trusted
FAIL	geometry3k_test_2438	corrupt_trusted	pred='D'	gold='B'	complete=True	new_tokens=2	duration_s=18.21
CALL geometry3k_test_2438 corrupt_warned
FAIL	geometry3k_test_2438	corrupt_warned	pred='D'	gold='B'	complete=True	new_tokens=2	duration_s=18.20
CALL geometry3k_test_2438 contradictory_trusted
FAIL	geometry3k_test_2438	contradictory_trusted	pred='D'	gold='B'	complete=True	new_tokens=2	duration_s=18.23
CALL geometry3k_test_2438 contradictory_selfverify
FAIL	geometry3k_test_2438	contradictory_selfverify	pred='D'	gold='B'	complete=True	new_tokens=2	duration_s=18.24
CALL geometry3k_test_2439 raw
OK	geometry3k_test_2439	raw	pred='A'	gold='A'	complete=True	new_tokens=2	duration_s=6.86
CALL geometry3k_test_2439 clean_topk6_cautious
OK	geometry3k_test_2439	clean_topk6_cautious	pred='A'	gold='A'	complete=True	new_tokens=2	duration_s=7.22
CALL geometry3k_test_2439 clean_topk6_trusted
OK	geometry3k_test_2439	clean_topk6_trusted	pred='A'	gold='A'	complete=True	new_tokens=2	duration_s=7.16
CALL geometry3k_test_2439 clean_topk6_selfverify
OK	geometry3k_test_2439	clean_topk6_selfverify	pred='A'	gold='A'	complete=True	new_tokens=2	duration_s=7.20
CALL geometry3k_test_2439 confidence_gated_topk6
OK	geometry3k_test_2439	confidence_gated_topk6	pred='A'	gold='A'	complete=True	new_tokens=2	duration_s=7.58
CALL geometry3k_test_2439 irrelevant_trusted
OK	geometry3k_test_2439	irrelevant_trusted	pred='A'	gold='A'	complete=True	new_tokens=2	duration_s=7.51
CALL geometry3k_test_2439 irrelevant_warned
OK	geometry3k_test_2439	irrelevant_warned	pred='A'	gold='A'	complete=True	new_tokens=2	duration_s=7.53
CALL geometry3k_test_2439 corrupt_trusted
OK	geometry3k_test_2439	corrupt_trusted	pred='A'	gold='A'	complete=True	new_tokens=2	duration_s=7.19
CALL geometry3k_test_2439 corrupt_warned
OK	geometry3k_test_2439	corrupt_warned	pred='A'	gold='A'	complete=True	new_tokens=2	duration_s=7.19
CALL geometry3k_test_2439 contradictory_trusted
OK	geometry3k_test_2439	contradictory_trusted	pred='A'	gold='A'	complete=True	new_tokens=2	duration_s=7.15
CALL geometry3k_test_2439 contradictory_selfverify
OK	geometry3k_test_2439	contradictory_selfverify	pred='A'	gold='A'	complete=True	new_tokens=2	duration_s=7.18
CALL geometry3k_test_2440 raw
OK	geometry3k_test_2440	raw	pred='C'	gold='C'	complete=True	new_tokens=2	duration_s=5.87
CALL geometry3k_test_2440 clean_topk6_cautious
OK	geometry3k_test_2440	clean_topk6_cautious	pred='C'	gold='C'	complete=True	new_tokens=2	duration_s=6.50
CALL geometry3k_test_2440 clean_topk6_trusted
FAIL	geometry3k_test_2440	clean_topk6_trusted	pred='B'	gold='C'	complete=True	new_tokens=2	duration_s=6.48
CALL geometry3k_test_2440 clean_topk6_selfverify
OK	geometry3k_test_2440	clean_topk6_selfverify	pred='C'	gold='C'	complete=True	new_tokens=2	duration_s=6.48
CALL geometry3k_test_2440 confidence_gated_topk6
FAIL	geometry3k_test_2440	confidence_gated_topk6	pred='B'	gold='C'	complete=True	new_tokens=2	duration_s=7.45
CALL geometry3k_test_2440 irrelevant_trusted
OK	geometry3k_test_2440	irrelevant_trusted	pred='C'	gold='C'	complete=True	new_tokens=2	duration_s=6.81
CALL geometry3k_test_2440 irrelevant_warned
OK	geometry3k_test_2440	irrelevant_warned	pred='C'	gold='C'	complete=True	new_tokens=2	duration_s=6.80
CALL geometry3k_test_2440 corrupt_trusted
OK	geometry3k_test_2440	corrupt_trusted	pred='C'	gold='C'	complete=True	new_tokens=2	duration_s=6.51
CALL geometry3k_test_2440 corrupt_warned
OK	geometry3k_test_2440	corrupt_warned	pred='C'	gold='C'	complete=True	new_tokens=2	duration_s=6.47
CALL geometry3k_test_2440 contradictory_trusted
OK	geometry3k_test_2440	contradictory_trusted	pred='C'	gold='C'	complete=True	new_tokens=2	duration_s=6.47
CALL geometry3k_test_2440 contradictory_selfverify
OK	geometry3k_test_2440	contradictory_selfverify	pred='C'	gold='C'	complete=True	new_tokens=2	duration_s=6.52
CALL geometry3k_test_2441 raw
FAIL	geometry3k_test_2441	raw	pred='C'	gold='B'	complete=True	new_tokens=2	duration_s=8.62
CALL geometry3k_test_2441 clean_topk6_cautious
FAIL	geometry3k_test_2441	clean_topk6_cautious	pred='C'	gold='B'	complete=True	new_tokens=2	duration_s=9.31
CALL geometry3k_test_2441 clean_topk6_trusted
FAIL	geometry3k_test_2441	clean_topk6_trusted	pred='C'	gold='B'	complete=True	new_tokens=2	duration_s=9.31
CALL geometry3k_test_2441 clean_topk6_selfverify
FAIL	geometry3k_test_2441	clean_topk6_selfverify	pred='C'	gold='B'	complete=True	new_tokens=2	duration_s=9.29
CALL geometry3k_test_2441 confidence_gated_topk6
FAIL	geometry3k_test_2441	confidence_gated_topk6	pred='C'	gold='B'	complete=True	new_tokens=2	duration_s=9.95
CALL geometry3k_test_2441 irrelevant_trusted
FAIL	geometry3k_test_2441	irrelevant_trusted	pred='C'	gold='B'	complete=True	new_tokens=2	duration_s=9.26
CALL geometry3k_test_2441 irrelevant_warned
FAIL	geometry3k_test_2441	irrelevant_warned	pred='C'	gold='B'	complete=True	new_tokens=2	duration_s=9.28
CALL geometry3k_test_2441 corrupt_trusted
FAIL	geometry3k_test_2441	corrupt_trusted	pred='C'	gold='B'	complete=True	new_tokens=2	duration_s=9.29
CALL geometry3k_test_2441 corrupt_warned
FAIL	geometry3k_test_2441	corrupt_warned	pred='C'	gold='B'	complete=True	new_tokens=2	duration_s=9.30
CALL geometry3k_test_2441 contradictory_trusted
FAIL	geometry3k_test_2441	contradictory_trusted	pred='C'	gold='B'	complete=True	new_tokens=2	duration_s=9.27
CALL geometry3k_test_2441 contradictory_selfverify
FAIL	geometry3k_test_2441	contradictory_selfverify	pred='C'	gold='B'	complete=True	new_tokens=2	duration_s=9.28
CALL geometry3k_test_2442 raw
OK	geometry3k_test_2442	raw	pred='C'	gold='C'	complete=True	new_tokens=2	duration_s=9.30
CALL geometry3k_test_2442 clean_topk6_cautious
OK	geometry3k_test_2442	clean_topk6_cautious	pred='C'	gold='C'	complete=True	new_tokens=2	duration_s=9.70
CALL geometry3k_test_2442 clean_topk6_trusted
OK	geometry3k_test_2442	clean_topk6_trusted	pred='C'	gold='C'	complete=True	new_tokens=2	duration_s=9.68
CALL geometry3k_test_2442 clean_topk6_selfverify
OK	geometry3k_test_2442	clean_topk6_selfverify	pred='C'	gold='C'	complete=True	new_tokens=2	duration_s=9.67
CALL geometry3k_test_2442 confidence_gated_topk6
OK	geometry3k_test_2442	confidence_gated_topk6	pred='C'	gold='C'	complete=True	new_tokens=2	duration_s=10.32
CALL geometry3k_test_2442 irrelevant_trusted
OK	geometry3k_test_2442	irrelevant_trusted	pred='C'	gold='C'	complete=True	new_tokens=2	duration_s=9.99
CALL geometry3k_test_2442 irrelevant_warned
OK	geometry3k_test_2442	irrelevant_warned	pred='C'	gold='C'	complete=True	new_tokens=2	duration_s=9.97
CALL geometry3k_test_2442 corrupt_trusted
OK	geometry3k_test_2442	corrupt_trusted	pred='C'	gold='C'	complete=True	new_tokens=2	duration_s=9.69
CALL geometry3k_test_2442 corrupt_warned
OK	geometry3k_test_2442	corrupt_warned	pred='C'	gold='C'	complete=True	new_tokens=2	duration_s=9.67
CALL geometry3k_test_2442 contradictory_trusted
OK	geometry3k_test_2442	contradictory_trusted	pred='C'	gold='C'	complete=True	new_tokens=2	duration_s=9.68
CALL geometry3k_test_2442 contradictory_selfverify
OK	geometry3k_test_2442	contradictory_selfverify	pred='C'	gold='C'	complete=True	new_tokens=2	duration_s=9.72
CALL geometry3k_test_2443 raw
FAIL	geometry3k_test_2443	raw	pred='B'	gold='C'	complete=True	new_tokens=2	duration_s=14.86
CALL geometry3k_test_2443 clean_topk6_cautious
FAIL	geometry3k_test_2443	clean_topk6_cautious	pred='B'	gold='C'	complete=True	new_tokens=2	duration_s=15.50
CALL geometry3k_test_2443 clean_topk6_trusted
FAIL	geometry3k_test_2443	clean_topk6_trusted	pred='B'	gold='C'	complete=True	new_tokens=2	duration_s=15.21
CALL geometry3k_test_2443 clean_topk6_selfverify
FAIL	geometry3k_test_2443	clean_topk6_selfverify	pred='B'	gold='C'	complete=True	new_tokens=2	duration_s=15.47
CALL geometry3k_test_2443 confidence_gated_topk6
FAIL	geometry3k_test_2443	confidence_gated_topk6	pred='B'	gold='C'	complete=True	new_tokens=2	duration_s=16.19
CALL geometry3k_test_2443 irrelevant_trusted
FAIL	geometry3k_test_2443	irrelevant_trusted	pred='B'	gold='C'	complete=True	new_tokens=2	duration_s=15.24
CALL geometry3k_test_2443 irrelevant_warned
FAIL	geometry3k_test_2443	irrelevant_warned	pred='B'	gold='C'	complete=True	new_tokens=2	duration_s=15.24
CALL geometry3k_test_2443 corrupt_trusted
FAIL	geometry3k_test_2443	corrupt_trusted	pred='B'	gold='C'	complete=True	new_tokens=2	duration_s=15.55
CALL geometry3k_test_2443 corrupt_warned
FAIL	geometry3k_test_2443	corrupt_warned	pred='B'	gold='C'	complete=True	new_tokens=2	duration_s=15.51
CALL geometry3k_test_2443 contradictory_trusted
FAIL	geometry3k_test_2443	contradictory_trusted	pred='B'	gold='C'	complete=True	new_tokens=2	duration_s=15.51
CALL geometry3k_test_2443 contradictory_selfverify
FAIL	geometry3k_test_2443	contradictory_selfverify	pred='B'	gold='C'	complete=True	new_tokens=2	duration_s=15.48
CALL geometry3k_test_2444 raw
FAIL	geometry3k_test_2444	raw	pred='C'	gold='A'	complete=True	new_tokens=8	duration_s=5.72
CALL geometry3k_test_2444 clean_topk6_cautious
FAIL	geometry3k_test_2444	clean_topk6_cautious	pred='C'	gold='A'	complete=True	new_tokens=8	duration_s=6.33
CALL geometry3k_test_2444 clean_topk6_trusted
FAIL	geometry3k_test_2444	clean_topk6_trusted	pred='C'	gold='A'	complete=True	new_tokens=2	duration_s=5.79
CALL geometry3k_test_2444 clean_topk6_selfverify
FAIL	geometry3k_test_2444	clean_topk6_selfverify	pred='C'	gold='A'	complete=True	new_tokens=2	duration_s=5.79
CALL geometry3k_test_2444 confidence_gated_topk6
FAIL	geometry3k_test_2444	confidence_gated_topk6	pred='C'	gold='A'	complete=True	new_tokens=2	duration_s=6.52
CALL geometry3k_test_2444 irrelevant_trusted
FAIL	geometry3k_test_2444	irrelevant_trusted	pred='C'	gold='A'	complete=True	new_tokens=8	duration_s=6.32
CALL geometry3k_test_2444 irrelevant_warned
FAIL	geometry3k_test_2444	irrelevant_warned	pred='C'	gold='A'	complete=True	new_tokens=8	duration_s=6.32
CALL geometry3k_test_2444 corrupt_trusted
FAIL	geometry3k_test_2444	corrupt_trusted	pred='C'	gold='A'	complete=True	new_tokens=2	duration_s=5.80
CALL geometry3k_test_2444 corrupt_warned
FAIL	geometry3k_test_2444	corrupt_warned	pred='C'	gold='A'	complete=True	new_tokens=2	duration_s=5.86
CALL geometry3k_test_2444 contradictory_trusted
FAIL	geometry3k_test_2444	contradictory_trusted	pred='C'	gold='A'	complete=True	new_tokens=2	duration_s=5.81
CALL geometry3k_test_2444 contradictory_selfverify
FAIL	geometry3k_test_2444	contradictory_selfverify	pred='C'	gold='A'	complete=True	new_tokens=2	duration_s=5.83
CALL geometry3k_test_2445 raw
OK	geometry3k_test_2445	raw	pred='B'	gold='B'	complete=True	new_tokens=2	duration_s=4.68
CALL geometry3k_test_2445 clean_topk6_cautious
OK	geometry3k_test_2445	clean_topk6_cautious	pred='B'	gold='B'	complete=True	new_tokens=2	duration_s=5.27
CALL geometry3k_test_2445 clean_topk6_trusted
OK	geometry3k_test_2445	clean_topk6_trusted	pred='B'	gold='B'	complete=True	new_tokens=2	duration_s=5.30
CALL geometry3k_test_2445 clean_topk6_selfverify
OK	geometry3k_test_2445	clean_topk6_selfverify	pred='B'	gold='B'	complete=True	new_tokens=2	duration_s=5.29
CALL geometry3k_test_2445 confidence_gated_topk6
OK	geometry3k_test_2445	confidence_gated_topk6	pred='B'	gold='B'	complete=True	new_tokens=2	duration_s=5.26
CALL geometry3k_test_2445 irrelevant_trusted
OK	geometry3k_test_2445	irrelevant_trusted	pred='B'	gold='B'	complete=True	new_tokens=2	duration_s=5.26
CALL geometry3k_test_2445 irrelevant_warned
OK	geometry3k_test_2445	irrelevant_warned	pred='B'	gold='B'	complete=True	new_tokens=2	duration_s=5.29
CALL geometry3k_test_2445 corrupt_trusted
OK	geometry3k_test_2445	corrupt_trusted	pred='B'	gold='B'	complete=True	new_tokens=2	duration_s=5.29
CALL geometry3k_test_2445 corrupt_warned
OK	geometry3k_test_2445	corrupt_warned	pred='B'	gold='B'	complete=True	new_tokens=2	duration_s=5.27
CALL geometry3k_test_2445 contradictory_trusted
OK	geometry3k_test_2445	contradictory_trusted	pred='B'	gold='B'	complete=True	new_tokens=2	duration_s=5.27
CALL geometry3k_test_2445 contradictory_selfverify
OK	geometry3k_test_2445	contradictory_selfverify	pred='B'	gold='B'	complete=True	new_tokens=2	duration_s=5.29
CALL geometry3k_test_2446 raw
OK	geometry3k_test_2446	raw	pred='B'	gold='B'	complete=True	new_tokens=2	duration_s=15.08
CALL geometry3k_test_2446 clean_topk6_cautious
OK	geometry3k_test_2446	clean_topk6_cautious	pred='B'	gold='B'	complete=True	new_tokens=2	duration_s=15.72
CALL geometry3k_test_2446 clean_topk6_trusted
OK	geometry3k_test_2446	clean_topk6_trusted	pred='B'	gold='B'	complete=True	new_tokens=2	duration_s=15.71
CALL geometry3k_test_2446 clean_topk6_selfverify
OK	geometry3k_test_2446	clean_topk6_selfverify	pred='B'	gold='B'	complete=True	new_tokens=2	duration_s=15.72
CALL geometry3k_test_2446 confidence_gated_topk6
OK	geometry3k_test_2446	confidence_gated_topk6	pred='B'	gold='B'	complete=True	new_tokens=2	duration_s=15.78
CALL geometry3k_test_2446 irrelevant_trusted
OK	geometry3k_test_2446	irrelevant_trusted	pred='B'	gold='B'	complete=True	new_tokens=2	duration_s=15.36
CALL geometry3k_test_2446 irrelevant_warned
OK	geometry3k_test_2446	irrelevant_warned	pred='B'	gold='B'	complete=True	new_tokens=2	duration_s=15.44
CALL geometry3k_test_2446 corrupt_trusted
OK	geometry3k_test_2446	corrupt_trusted	pred='B'	gold='B'	complete=True	new_tokens=2	duration_s=15.67
CALL geometry3k_test_2446 corrupt_warned
OK	geometry3k_test_2446	corrupt_warned	pred='B'	gold='B'	complete=True	new_tokens=2	duration_s=15.66
CALL geometry3k_test_2446 contradictory_trusted
OK	geometry3k_test_2446	contradictory_trusted	pred='B'	gold='B'	complete=True	new_tokens=2	duration_s=15.71
CALL geometry3k_test_2446 contradictory_selfverify
OK	geometry3k_test_2446	contradictory_selfverify	pred='B'	gold='B'	complete=True	new_tokens=2	duration_s=15.73
CALL geometry3k_test_2447 raw
FAIL	geometry3k_test_2447	raw	pred='B'	gold='A'	complete=True	new_tokens=2	duration_s=4.49
CALL geometry3k_test_2447 clean_topk6_cautious
FAIL	geometry3k_test_2447	clean_topk6_cautious	pred='B'	gold='A'	complete=True	new_tokens=2	duration_s=5.12
CALL geometry3k_test_2447 clean_topk6_trusted
FAIL	geometry3k_test_2447	clean_topk6_trusted	pred='B'	gold='A'	complete=True	new_tokens=2	duration_s=5.12
CALL geometry3k_test_2447 clean_topk6_selfverify
FAIL	geometry3k_test_2447	clean_topk6_selfverify	pred='B'	gold='A'	complete=True	new_tokens=2	duration_s=5.13
CALL geometry3k_test_2447 confidence_gated_topk6
FAIL	geometry3k_test_2447	confidence_gated_topk6	pred='B'	gold='A'	complete=True	new_tokens=2	duration_s=5.83
CALL geometry3k_test_2447 irrelevant_trusted
FAIL	geometry3k_test_2447	irrelevant_trusted	pred='B'	gold='A'	complete=True	new_tokens=2	duration_s=5.13
CALL geometry3k_test_2447 irrelevant_warned
FAIL	geometry3k_test_2447	irrelevant_warned	pred='B'	gold='A'	complete=True	new_tokens=2	duration_s=5.11
CALL geometry3k_test_2447 corrupt_trusted
FAIL	geometry3k_test_2447	corrupt_trusted	pred='B'	gold='A'	complete=True	new_tokens=2	duration_s=5.14
CALL geometry3k_test_2447 corrupt_warned
FAIL	geometry3k_test_2447	corrupt_warned	pred='B'	gold='A'	complete=True	new_tokens=2	duration_s=5.10
CALL geometry3k_test_2447 contradictory_trusted
FAIL	geometry3k_test_2447	contradictory_trusted	pred='B'	gold='A'	complete=True	new_tokens=2	duration_s=5.11
CALL geometry3k_test_2447 contradictory_selfverify
FAIL	geometry3k_test_2447	contradictory_selfverify	pred='B'	gold='A'	complete=True	new_tokens=2	duration_s=5.12
CALL geometry3k_test_2448 raw
OK	geometry3k_test_2448	raw	pred='D'	gold='D'	complete=True	new_tokens=6	duration_s=4.77
CALL geometry3k_test_2448 clean_topk6_cautious
OK	geometry3k_test_2448	clean_topk6_cautious	pred='D'	gold='D'	complete=True	new_tokens=2	duration_s=4.96
CALL geometry3k_test_2448 clean_topk6_trusted
OK	geometry3k_test_2448	clean_topk6_trusted	pred='D'	gold='D'	complete=True	new_tokens=2	duration_s=4.96
CALL geometry3k_test_2448 clean_topk6_selfverify
OK	geometry3k_test_2448	clean_topk6_selfverify	pred='D'	gold='D'	complete=True	new_tokens=2	duration_s=4.99
CALL geometry3k_test_2448 confidence_gated_topk6
OK	geometry3k_test_2448	confidence_gated_topk6	pred='D'	gold='D'	complete=True	new_tokens=2	duration_s=4.74
CALL geometry3k_test_2448 irrelevant_trusted
OK	geometry3k_test_2448	irrelevant_trusted	pred='D'	gold='D'	complete=True	new_tokens=2	duration_s=4.99
CALL geometry3k_test_2448 irrelevant_warned
OK	geometry3k_test_2448	irrelevant_warned	pred='D'	gold='D'	complete=True	new_tokens=6	duration_s=5.37
CALL geometry3k_test_2448 corrupt_trusted
OK	geometry3k_test_2448	corrupt_trusted	pred='D'	gold='D'	complete=True	new_tokens=2	duration_s=4.73
CALL geometry3k_test_2448 corrupt_warned
OK	geometry3k_test_2448	corrupt_warned	pred='D'	gold='D'	complete=True	new_tokens=2	duration_s=4.74
CALL geometry3k_test_2448 contradictory_trusted
OK	geometry3k_test_2448	contradictory_trusted	pred='D'	gold='D'	complete=True	new_tokens=2	duration_s=4.76
CALL geometry3k_test_2448 contradictory_selfverify
OK	geometry3k_test_2448	contradictory_selfverify	pred='D'	gold='D'	complete=True	new_tokens=2	duration_s=4.74
CALL geometry3k_test_2449 raw
OK	geometry3k_test_2449	raw	pred='C'	gold='C'	complete=True	new_tokens=2	duration_s=16.58
CALL geometry3k_test_2449 clean_topk6_cautious
OK	geometry3k_test_2449	clean_topk6_cautious	pred='C'	gold='C'	complete=True	new_tokens=2	duration_s=17.26
CALL geometry3k_test_2449 clean_topk6_trusted
OK	geometry3k_test_2449	clean_topk6_trusted	pred='C'	gold='C'	complete=True	new_tokens=2	duration_s=17.21
CALL geometry3k_test_2449 clean_topk6_selfverify
OK	geometry3k_test_2449	clean_topk6_selfverify	pred='C'	gold='C'	complete=True	new_tokens=2	duration_s=17.24
CALL geometry3k_test_2449 confidence_gated_topk6
OK	geometry3k_test_2449	confidence_gated_topk6	pred='C'	gold='C'	complete=True	new_tokens=2	duration_s=17.98
CALL geometry3k_test_2449 irrelevant_trusted
OK	geometry3k_test_2449	irrelevant_trusted	pred='C'	gold='C'	complete=True	new_tokens=2	duration_s=17.18
CALL geometry3k_test_2449 irrelevant_warned
OK	geometry3k_test_2449	irrelevant_warned	pred='C'	gold='C'	complete=True	new_tokens=2	duration_s=17.18
CALL geometry3k_test_2449 corrupt_trusted
OK	geometry3k_test_2449	corrupt_trusted	pred='C'	gold='C'	complete=True	new_tokens=2	duration_s=17.22
CALL geometry3k_test_2449 corrupt_warned
OK	geometry3k_test_2449	corrupt_warned	pred='C'	gold='C'	complete=True	new_tokens=2	duration_s=17.24
CALL geometry3k_test_2449 contradictory_trusted
OK	geometry3k_test_2449	contradictory_trusted	pred='C'	gold='C'	complete=True	new_tokens=2	duration_s=17.23
CALL geometry3k_test_2449 contradictory_selfverify
OK	geometry3k_test_2449	contradictory_selfverify	pred='C'	gold='C'	complete=True	new_tokens=2	duration_s=17.21
CALL geometry3k_test_2450 raw
OK	geometry3k_test_2450	raw	pred='D'	gold='D'	complete=True	new_tokens=2	duration_s=12.02
CALL geometry3k_test_2450 clean_topk6_cautious
OK	geometry3k_test_2450	clean_topk6_cautious	pred='D'	gold='D'	complete=True	new_tokens=2	duration_s=12.70
CALL geometry3k_test_2450 clean_topk6_trusted
OK	geometry3k_test_2450	clean_topk6_trusted	pred='D'	gold='D'	complete=True	new_tokens=2	duration_s=12.66
CALL geometry3k_test_2450 clean_topk6_selfverify
OK	geometry3k_test_2450	clean_topk6_selfverify	pred='D'	gold='D'	complete=True	new_tokens=2	duration_s=12.68
CALL geometry3k_test_2450 confidence_gated_topk6
OK	geometry3k_test_2450	confidence_gated_topk6	pred='D'	gold='D'	complete=True	new_tokens=2	duration_s=13.35
CALL geometry3k_test_2450 irrelevant_trusted
OK	geometry3k_test_2450	irrelevant_trusted	pred='D'	gold='D'	complete=True	new_tokens=2	duration_s=12.69
CALL geometry3k_test_2450 irrelevant_warned
OK	geometry3k_test_2450	irrelevant_warned	pred='D'	gold='D'	complete=True	new_tokens=2	duration_s=12.72
CALL geometry3k_test_2450 corrupt_trusted
OK	geometry3k_test_2450	corrupt_trusted	pred='D'	gold='D'	complete=True	new_tokens=2	duration_s=12.69
CALL geometry3k_test_2450 corrupt_warned
OK	geometry3k_test_2450	corrupt_warned	pred='D'	gold='D'	complete=True	new_tokens=2	duration_s=12.69
CALL geometry3k_test_2450 contradictory_trusted
OK	geometry3k_test_2450	contradictory_trusted	pred='D'	gold='D'	complete=True	new_tokens=2	duration_s=12.68
CALL geometry3k_test_2450 contradictory_selfverify
OK	geometry3k_test_2450	contradictory_selfverify	pred='D'	gold='D'	complete=True	new_tokens=2	duration_s=12.69
CALL geometry3k_test_2451 raw
FAIL	geometry3k_test_2451	raw	pred='B'	gold='A'	complete=True	new_tokens=2	duration_s=4.17
CALL geometry3k_test_2451 clean_topk6_cautious
FAIL	geometry3k_test_2451	clean_topk6_cautious	pred='B'	gold='A'	complete=True	new_tokens=5	duration_s=4.78
CALL geometry3k_test_2451 clean_topk6_trusted
FAIL	geometry3k_test_2451	clean_topk6_trusted	pred='B'	gold='A'	complete=True	new_tokens=2	duration_s=4.52
CALL geometry3k_test_2451 clean_topk6_selfverify
FAIL	geometry3k_test_2451	clean_topk6_selfverify	pred='B'	gold='A'	complete=True	new_tokens=5	duration_s=4.77
CALL geometry3k_test_2451 confidence_gated_topk6
FAIL	geometry3k_test_2451	confidence_gated_topk6	pred='B'	gold='A'	complete=True	new_tokens=2	duration_s=5.14
CALL geometry3k_test_2451 irrelevant_trusted
FAIL	geometry3k_test_2451	irrelevant_trusted	pred='B'	gold='A'	complete=True	new_tokens=2	duration_s=4.73
CALL geometry3k_test_2451 irrelevant_warned
FAIL	geometry3k_test_2451	irrelevant_warned	pred='B'	gold='A'	complete=True	new_tokens=2	duration_s=4.77
CALL geometry3k_test_2451 corrupt_trusted
FAIL	geometry3k_test_2451	corrupt_trusted	pred='B'	gold='A'	complete=True	new_tokens=2	duration_s=4.55
CALL geometry3k_test_2451 corrupt_warned
FAIL	geometry3k_test_2451	corrupt_warned	pred='B'	gold='A'	complete=True	new_tokens=2	duration_s=4.51
CALL geometry3k_test_2451 contradictory_trusted
FAIL	geometry3k_test_2451	contradictory_trusted	pred='B'	gold='A'	complete=True	new_tokens=2	duration_s=4.54
CALL geometry3k_test_2451 contradictory_selfverify
FAIL	geometry3k_test_2451	contradictory_selfverify	pred='B'	gold='A'	complete=True	new_tokens=2	duration_s=4.51
CALL geometry3k_test_2452 raw
FAIL	geometry3k_test_2452	raw	pred='A'	gold='B'	complete=True	new_tokens=2	duration_s=4.83
CALL geometry3k_test_2452 clean_topk6_cautious
FAIL	geometry3k_test_2452	clean_topk6_cautious	pred='A'	gold='B'	complete=True	new_tokens=2	duration_s=5.48
CALL geometry3k_test_2452 clean_topk6_trusted
FAIL	geometry3k_test_2452	clean_topk6_trusted	pred='A'	gold='B'	complete=True	new_tokens=2	duration_s=5.21
CALL geometry3k_test_2452 clean_topk6_selfverify
FAIL	geometry3k_test_2452	clean_topk6_selfverify	pred='A'	gold='B'	complete=True	new_tokens=2	duration_s=5.49
CALL geometry3k_test_2452 confidence_gated_topk6
FAIL	geometry3k_test_2452	confidence_gated_topk6	pred='A'	gold='B'	complete=True	new_tokens=2	duration_s=6.19
CALL geometry3k_test_2452 irrelevant_trusted
OK	geometry3k_test_2452	irrelevant_trusted	pred='B'	gold='B'	complete=True	new_tokens=2	duration_s=5.17
CALL geometry3k_test_2452 irrelevant_warned
FAIL	geometry3k_test_2452	irrelevant_warned	pred='A'	gold='B'	complete=True	new_tokens=2	duration_s=5.19
CALL geometry3k_test_2452 corrupt_trusted
FAIL	geometry3k_test_2452	corrupt_trusted	pred='D'	gold='B'	complete=True	new_tokens=2	duration_s=5.51
CALL geometry3k_test_2452 corrupt_warned
FAIL	geometry3k_test_2452	corrupt_warned	pred='D'	gold='B'	complete=True	new_tokens=2	duration_s=5.19
CALL geometry3k_test_2452 contradictory_trusted
FAIL	geometry3k_test_2452	contradictory_trusted	pred='D'	gold='B'	complete=True	new_tokens=2	duration_s=5.49
CALL geometry3k_test_2452 contradictory_selfverify
FAIL	geometry3k_test_2452	contradictory_selfverify	pred='D'	gold='B'	complete=True	new_tokens=2	duration_s=5.51
CALL geometry3k_test_2453 raw
FAIL	geometry3k_test_2453	raw	pred='B'	gold='A'	complete=True	new_tokens=2	duration_s=5.63
CALL geometry3k_test_2453 clean_topk6_cautious
FAIL	geometry3k_test_2453	clean_topk6_cautious	pred='B'	gold='A'	complete=True	new_tokens=2	duration_s=6.30
CALL geometry3k_test_2453 clean_topk6_trusted
FAIL	geometry3k_test_2453	clean_topk6_trusted	pred='B'	gold='A'	complete=True	new_tokens=2	duration_s=6.32
CALL geometry3k_test_2453 clean_topk6_selfverify
FAIL	geometry3k_test_2453	clean_topk6_selfverify	pred='B'	gold='A'	complete=True	new_tokens=2	duration_s=6.30
CALL geometry3k_test_2453 confidence_gated_topk6
FAIL	geometry3k_test_2453	confidence_gated_topk6	pred='B'	gold='A'	complete=True	new_tokens=2	duration_s=6.97
CALL geometry3k_test_2453 irrelevant_trusted
FAIL	geometry3k_test_2453	irrelevant_trusted	pred='B'	gold='A'	complete=True	new_tokens=2	duration_s=6.01
CALL geometry3k_test_2453 irrelevant_warned
FAIL	geometry3k_test_2453	irrelevant_warned	pred='B'	gold='A'	complete=True	new_tokens=2	duration_s=6.02
CALL geometry3k_test_2453 corrupt_trusted
FAIL	geometry3k_test_2453	corrupt_trusted	pred='B'	gold='A'	complete=True	new_tokens=2	duration_s=6.32
CALL geometry3k_test_2453 corrupt_warned
FAIL	geometry3k_test_2453	corrupt_warned	pred='B'	gold='A'	complete=True	new_tokens=2	duration_s=6.32
CALL geometry3k_test_2453 contradictory_trusted
FAIL	geometry3k_test_2453	contradictory_trusted	pred='B'	gold='A'	complete=True	new_tokens=2	duration_s=6.32
CALL geometry3k_test_2453 contradictory_selfverify
FAIL	geometry3k_test_2453	contradictory_selfverify	pred='B'	gold='A'	complete=True	new_tokens=2	duration_s=6.32
CALL geometry3k_test_2454 raw
FAIL	geometry3k_test_2454	raw	pred='C'	gold='D'	complete=True	new_tokens=7	duration_s=5.14
CALL geometry3k_test_2454 clean_topk6_cautious
FAIL	geometry3k_test_2454	clean_topk6_cautious	pred='B'	gold='D'	complete=True	new_tokens=2	duration_s=5.26
CALL geometry3k_test_2454 clean_topk6_trusted
FAIL	geometry3k_test_2454	clean_topk6_trusted	pred='B'	gold='D'	complete=True	new_tokens=2	duration_s=5.27
CALL geometry3k_test_2454 clean_topk6_selfverify
FAIL	geometry3k_test_2454	clean_topk6_selfverify	pred='B'	gold='D'	complete=True	new_tokens=2	duration_s=5.27
CALL geometry3k_test_2454 confidence_gated_topk6
FAIL	geometry3k_test_2454	confidence_gated_topk6	pred='C'	gold='D'	complete=True	new_tokens=2	duration_s=5.27
CALL geometry3k_test_2454 irrelevant_trusted
FAIL	geometry3k_test_2454	irrelevant_trusted	pred='C'	gold='D'	complete=True	new_tokens=2	duration_s=5.32
CALL geometry3k_test_2454 irrelevant_warned
FAIL	geometry3k_test_2454	irrelevant_warned	pred='C'	gold='D'	complete=True	new_tokens=2	duration_s=5.33
CALL geometry3k_test_2454 corrupt_trusted
FAIL	geometry3k_test_2454	corrupt_trusted	pred='C'	gold='D'	complete=True	new_tokens=2	duration_s=5.24
CALL geometry3k_test_2454 corrupt_warned
FAIL	geometry3k_test_2454	corrupt_warned	pred='C'	gold='D'	complete=True	new_tokens=2	duration_s=5.26
CALL geometry3k_test_2454 contradictory_trusted
FAIL	geometry3k_test_2454	contradictory_trusted	pred='C'	gold='D'	complete=True	new_tokens=2	duration_s=5.25
CALL geometry3k_test_2454 contradictory_selfverify
FAIL	geometry3k_test_2454	contradictory_selfverify	pred='C'	gold='D'	complete=True	new_tokens=2	duration_s=5.24
CALL geometry3k_test_2455 raw
FAIL	geometry3k_test_2455	raw	pred='A'	gold='B'	complete=True	new_tokens=2	duration_s=4.20
CALL geometry3k_test_2455 clean_topk6_cautious
FAIL	geometry3k_test_2455	clean_topk6_cautious	pred='A'	gold='B'	complete=True	new_tokens=2	duration_s=4.81
CALL geometry3k_test_2455 clean_topk6_trusted
FAIL	geometry3k_test_2455	clean_topk6_trusted	pred='A'	gold='B'	complete=True	new_tokens=2	duration_s=4.82
CALL geometry3k_test_2455 clean_topk6_selfverify
FAIL	geometry3k_test_2455	clean_topk6_selfverify	pred='A'	gold='B'	complete=True	new_tokens=2	duration_s=4.82
CALL geometry3k_test_2455 confidence_gated_topk6
FAIL	geometry3k_test_2455	confidence_gated_topk6	pred='A'	gold='B'	complete=True	new_tokens=2	duration_s=5.50
CALL geometry3k_test_2455 irrelevant_trusted
FAIL	geometry3k_test_2455	irrelevant_trusted	pred='A'	gold='B'	complete=True	new_tokens=2	duration_s=4.82
CALL geometry3k_test_2455 irrelevant_warned
FAIL	geometry3k_test_2455	irrelevant_warned	pred='A'	gold='B'	complete=True	new_tokens=2	duration_s=4.83
CALL geometry3k_test_2455 corrupt_trusted
FAIL	geometry3k_test_2455	corrupt_trusted	pred='A'	gold='B'	complete=True	new_tokens=2	duration_s=4.81
CALL geometry3k_test_2455 corrupt_warned
FAIL	geometry3k_test_2455	corrupt_warned	pred='A'	gold='B'	complete=True	new_tokens=2	duration_s=4.81
CALL geometry3k_test_2455 contradictory_trusted
FAIL	geometry3k_test_2455	contradictory_trusted	pred='A'	gold='B'	complete=True	new_tokens=2	duration_s=4.83
CALL geometry3k_test_2455 contradictory_selfverify
FAIL	geometry3k_test_2455	contradictory_selfverify	pred='A'	gold='B'	complete=True	new_tokens=2	duration_s=4.82
CALL geometry3k_test_2456 raw
OK	geometry3k_test_2456	raw	pred='B'	gold='B'	complete=True	new_tokens=2	duration_s=6.17
CALL geometry3k_test_2456 clean_topk6_cautious
OK	geometry3k_test_2456	clean_topk6_cautious	pred='B'	gold='B'	complete=True	new_tokens=2	duration_s=6.82
CALL geometry3k_test_2456 clean_topk6_trusted
OK	geometry3k_test_2456	clean_topk6_trusted	pred='B'	gold='B'	complete=True	new_tokens=2	duration_s=6.83
CALL geometry3k_test_2456 clean_topk6_selfverify
OK	geometry3k_test_2456	clean_topk6_selfverify	pred='B'	gold='B'	complete=True	new_tokens=2	duration_s=6.84
CALL geometry3k_test_2456 confidence_gated_topk6
OK	geometry3k_test_2456	confidence_gated_topk6	pred='B'	gold='B'	complete=True	new_tokens=2	duration_s=7.52
CALL geometry3k_test_2456 irrelevant_trusted
OK	geometry3k_test_2456	irrelevant_trusted	pred='B'	gold='B'	complete=True	new_tokens=2	duration_s=6.81
CALL geometry3k_test_2456 irrelevant_warned
OK	geometry3k_test_2456	irrelevant_warned	pred='B'	gold='B'	complete=True	new_tokens=2	duration_s=6.81
CALL geometry3k_test_2456 corrupt_trusted
OK	geometry3k_test_2456	corrupt_trusted	pred='B'	gold='B'	complete=True	new_tokens=2	duration_s=6.83
CALL geometry3k_test_2456 corrupt_warned
OK	geometry3k_test_2456	corrupt_warned	pred='B'	gold='B'	complete=True	new_tokens=2	duration_s=6.83
CALL geometry3k_test_2456 contradictory_trusted
OK	geometry3k_test_2456	contradictory_trusted	pred='B'	gold='B'	complete=True	new_tokens=2	duration_s=6.84
CALL geometry3k_test_2456 contradictory_selfverify
OK	geometry3k_test_2456	contradictory_selfverify	pred='B'	gold='B'	complete=True	new_tokens=2	duration_s=6.84
CALL geometry3k_test_2457 raw
FAIL	geometry3k_test_2457	raw	pred='B'	gold='C'	complete=True	new_tokens=2	duration_s=3.86
CALL geometry3k_test_2457 clean_topk6_cautious
FAIL	geometry3k_test_2457	clean_topk6_cautious	pred='B'	gold='C'	complete=True	new_tokens=2	duration_s=4.21
CALL geometry3k_test_2457 clean_topk6_trusted
FAIL	geometry3k_test_2457	clean_topk6_trusted	pred='B'	gold='C'	complete=True	new_tokens=2	duration_s=4.21
CALL geometry3k_test_2457 clean_topk6_selfverify
FAIL	geometry3k_test_2457	clean_topk6_selfverify	pred='B'	gold='C'	complete=True	new_tokens=2	duration_s=4.44
CALL geometry3k_test_2457 confidence_gated_topk6
FAIL	geometry3k_test_2457	confidence_gated_topk6	pred='B'	gold='C'	complete=True	new_tokens=2	duration_s=4.84
CALL geometry3k_test_2457 irrelevant_trusted
FAIL	geometry3k_test_2457	irrelevant_trusted	pred='B'	gold='C'	complete=True	new_tokens=2	duration_s=4.45
CALL geometry3k_test_2457 irrelevant_warned
FAIL	geometry3k_test_2457	irrelevant_warned	pred='B'	gold='C'	complete=True	new_tokens=2	duration_s=4.47
CALL geometry3k_test_2457 corrupt_trusted
FAIL	geometry3k_test_2457	corrupt_trusted	pred='B'	gold='C'	complete=True	new_tokens=2	duration_s=4.20
CALL geometry3k_test_2457 corrupt_warned
FAIL	geometry3k_test_2457	corrupt_warned	pred='B'	gold='C'	complete=True	new_tokens=2	duration_s=4.21
CALL geometry3k_test_2457 contradictory_trusted
FAIL	geometry3k_test_2457	contradictory_trusted	pred='B'	gold='C'	complete=True	new_tokens=2	duration_s=4.19
CALL geometry3k_test_2457 contradictory_selfverify
FAIL	geometry3k_test_2457	contradictory_selfverify	pred='B'	gold='C'	complete=True	new_tokens=2	duration_s=4.22
CALL geometry3k_test_2458 raw
FAIL	geometry3k_test_2458	raw	pred='B'	gold='D'	complete=True	new_tokens=2	duration_s=4.97
CALL geometry3k_test_2458 clean_topk6_cautious
FAIL	geometry3k_test_2458	clean_topk6_cautious	pred='B'	gold='D'	complete=True	new_tokens=2	duration_s=5.90
CALL geometry3k_test_2458 clean_topk6_trusted
FAIL	geometry3k_test_2458	clean_topk6_trusted	pred='B'	gold='D'	complete=True	new_tokens=2	duration_s=5.58
CALL geometry3k_test_2458 clean_topk6_selfverify
FAIL	geometry3k_test_2458	clean_topk6_selfverify	pred='B'	gold='D'	complete=True	new_tokens=2	duration_s=5.89
CALL geometry3k_test_2458 confidence_gated_topk6
FAIL	geometry3k_test_2458	confidence_gated_topk6	pred='B'	gold='D'	complete=True	new_tokens=2	duration_s=6.57
CALL geometry3k_test_2458 irrelevant_trusted
FAIL	geometry3k_test_2458	irrelevant_trusted	pred='B'	gold='D'	complete=True	new_tokens=2	duration_s=5.56
CALL geometry3k_test_2458 irrelevant_warned
FAIL	geometry3k_test_2458	irrelevant_warned	pred='B'	gold='D'	complete=True	new_tokens=2	duration_s=5.55
CALL geometry3k_test_2458 corrupt_trusted
FAIL	geometry3k_test_2458	corrupt_trusted	pred='B'	gold='D'	complete=True	new_tokens=2	duration_s=5.89
CALL geometry3k_test_2458 corrupt_warned
FAIL	geometry3k_test_2458	corrupt_warned	pred='B'	gold='D'	complete=True	new_tokens=2	duration_s=5.58
CALL geometry3k_test_2458 contradictory_trusted
FAIL	geometry3k_test_2458	contradictory_trusted	pred='B'	gold='D'	complete=True	new_tokens=2	duration_s=5.92
CALL geometry3k_test_2458 contradictory_selfverify
FAIL	geometry3k_test_2458	contradictory_selfverify	pred='B'	gold='D'	complete=True	new_tokens=2	duration_s=5.91
CALL geometry3k_test_2459 raw
FAIL	geometry3k_test_2459	raw	pred='C'	gold='D'	complete=True	new_tokens=2	duration_s=4.56
CALL geometry3k_test_2459 clean_topk6_cautious
FAIL	geometry3k_test_2459	clean_topk6_cautious	pred='C'	gold='D'	complete=True	new_tokens=7	duration_s=5.37
CALL geometry3k_test_2459 clean_topk6_trusted
FAIL	geometry3k_test_2459	clean_topk6_trusted	pred='C'	gold='D'	complete=True	new_tokens=2	duration_s=4.86
CALL geometry3k_test_2459 clean_topk6_selfverify
FAIL	geometry3k_test_2459	clean_topk6_selfverify	pred='C'	gold='D'	complete=True	new_tokens=2	duration_s=5.15
CALL geometry3k_test_2459 confidence_gated_topk6
FAIL	geometry3k_test_2459	confidence_gated_topk6	pred='C'	gold='D'	complete=True	new_tokens=2	duration_s=5.86
CALL geometry3k_test_2459 irrelevant_trusted
FAIL	geometry3k_test_2459	irrelevant_trusted	pred='C'	gold='D'	complete=True	new_tokens=2	duration_s=5.18
CALL geometry3k_test_2459 irrelevant_warned
FAIL	geometry3k_test_2459	irrelevant_warned	pred='C'	gold='D'	complete=True	new_tokens=2	duration_s=5.21
CALL geometry3k_test_2459 corrupt_trusted
FAIL	geometry3k_test_2459	corrupt_trusted	pred='C'	gold='D'	complete=True	new_tokens=2	duration_s=4.89
CALL geometry3k_test_2459 corrupt_warned
FAIL	geometry3k_test_2459	corrupt_warned	pred='C'	gold='D'	complete=True	new_tokens=2	duration_s=4.88
CALL geometry3k_test_2459 contradictory_trusted
FAIL	geometry3k_test_2459	contradictory_trusted	pred='C'	gold='D'	complete=True	new_tokens=2	duration_s=4.87
CALL geometry3k_test_2459 contradictory_selfverify
FAIL	geometry3k_test_2459	contradictory_selfverify	pred='C'	gold='D'	complete=True	new_tokens=2	duration_s=4.93
CALL geometry3k_test_2460 raw
FAIL	geometry3k_test_2460	raw	pred='B'	gold='A'	complete=True	new_tokens=2	duration_s=4.12
CALL geometry3k_test_2460 clean_topk6_cautious
FAIL	geometry3k_test_2460	clean_topk6_cautious	pred='B'	gold='A'	complete=True	new_tokens=2	duration_s=4.75
CALL geometry3k_test_2460 clean_topk6_trusted
FAIL	geometry3k_test_2460	clean_topk6_trusted	pred='B'	gold='A'	complete=True	new_tokens=2	duration_s=4.45
CALL geometry3k_test_2460 clean_topk6_selfverify
FAIL	geometry3k_test_2460	clean_topk6_selfverify	pred='B'	gold='A'	complete=True	new_tokens=2	duration_s=4.72
CALL geometry3k_test_2460 confidence_gated_topk6
FAIL	geometry3k_test_2460	confidence_gated_topk6	pred='B'	gold='A'	complete=True	new_tokens=2	duration_s=5.13
CALL geometry3k_test_2460 irrelevant_trusted
FAIL	geometry3k_test_2460	irrelevant_trusted	pred='B'	gold='A'	complete=True	new_tokens=2	duration_s=4.72
CALL geometry3k_test_2460 irrelevant_warned
FAIL	geometry3k_test_2460	irrelevant_warned	pred='B'	gold='A'	complete=True	new_tokens=2	duration_s=4.72
CALL geometry3k_test_2460 corrupt_trusted
FAIL	geometry3k_test_2460	corrupt_trusted	pred='B'	gold='A'	complete=True	new_tokens=2	duration_s=4.47
CALL geometry3k_test_2460 corrupt_warned
FAIL	geometry3k_test_2460	corrupt_warned	pred='B'	gold='A'	complete=True	new_tokens=2	duration_s=4.47
CALL geometry3k_test_2460 contradictory_trusted
FAIL	geometry3k_test_2460	contradictory_trusted	pred='B'	gold='A'	complete=True	new_tokens=2	duration_s=4.51
CALL geometry3k_test_2460 contradictory_selfverify
FAIL	geometry3k_test_2460	contradictory_selfverify	pred='B'	gold='A'	complete=True	new_tokens=2	duration_s=4.72
CALL geometry3k_test_2461 raw
OK	geometry3k_test_2461	raw	pred='B'	gold='B'	complete=True	new_tokens=2	duration_s=14.94
CALL geometry3k_test_2461 clean_topk6_cautious
OK	geometry3k_test_2461	clean_topk6_cautious	pred='B'	gold='B'	complete=True	new_tokens=2	duration_s=15.24
CALL geometry3k_test_2461 clean_topk6_trusted
OK	geometry3k_test_2461	clean_topk6_trusted	pred='B'	gold='B'	complete=True	new_tokens=2	duration_s=15.22
CALL geometry3k_test_2461 clean_topk6_selfverify
OK	geometry3k_test_2461	clean_topk6_selfverify	pred='B'	gold='B'	complete=True	new_tokens=2	duration_s=15.22
CALL geometry3k_test_2461 confidence_gated_topk6
OK	geometry3k_test_2461	confidence_gated_topk6	pred='B'	gold='B'	complete=True	new_tokens=2	duration_s=15.53
CALL geometry3k_test_2461 irrelevant_trusted
OK	geometry3k_test_2461	irrelevant_trusted	pred='B'	gold='B'	complete=True	new_tokens=2	duration_s=15.22
CALL geometry3k_test_2461 irrelevant_warned
OK	geometry3k_test_2461	irrelevant_warned	pred='B'	gold='B'	complete=True	new_tokens=2	duration_s=15.21
CALL geometry3k_test_2461 corrupt_trusted
OK	geometry3k_test_2461	corrupt_trusted	pred='B'	gold='B'	complete=True	new_tokens=2	duration_s=15.21
CALL geometry3k_test_2461 corrupt_warned
OK	geometry3k_test_2461	corrupt_warned	pred='B'	gold='B'	complete=True	new_tokens=2	duration_s=15.19
CALL geometry3k_test_2461 contradictory_trusted
OK	geometry3k_test_2461	contradictory_trusted	pred='B'	gold='B'	complete=True	new_tokens=2	duration_s=15.24
CALL geometry3k_test_2461 contradictory_selfverify
OK	geometry3k_test_2461	contradictory_selfverify	pred='B'	gold='B'	complete=True	new_tokens=2	duration_s=15.24
CALL geometry3k_test_2462 raw
OK	geometry3k_test_2462	raw	pred='C'	gold='C'	complete=True	new_tokens=2	duration_s=10.44
CALL geometry3k_test_2462 clean_topk6_cautious
OK	geometry3k_test_2462	clean_topk6_cautious	pred='C'	gold='C'	complete=True	new_tokens=2	duration_s=11.07
CALL geometry3k_test_2462 clean_topk6_trusted
OK	geometry3k_test_2462	clean_topk6_trusted	pred='C'	gold='C'	complete=True	new_tokens=2	duration_s=11.11
CALL geometry3k_test_2462 clean_topk6_selfverify
OK	geometry3k_test_2462	clean_topk6_selfverify	pred='C'	gold='C'	complete=True	new_tokens=2	duration_s=11.07
CALL geometry3k_test_2462 confidence_gated_topk6
OK	geometry3k_test_2462	confidence_gated_topk6	pred='C'	gold='C'	complete=True	new_tokens=2	duration_s=11.78
CALL geometry3k_test_2462 irrelevant_trusted
OK	geometry3k_test_2462	irrelevant_trusted	pred='C'	gold='C'	complete=True	new_tokens=2	duration_s=11.06
CALL geometry3k_test_2462 irrelevant_warned
OK	geometry3k_test_2462	irrelevant_warned	pred='C'	gold='C'	complete=True	new_tokens=2	duration_s=11.04
CALL geometry3k_test_2462 corrupt_trusted
OK	geometry3k_test_2462	corrupt_trusted	pred='C'	gold='C'	complete=True	new_tokens=2	duration_s=11.05
CALL geometry3k_test_2462 corrupt_warned
OK	geometry3k_test_2462	corrupt_warned	pred='C'	gold='C'	complete=True	new_tokens=2	duration_s=11.05
CALL geometry3k_test_2462 contradictory_trusted
OK	geometry3k_test_2462	contradictory_trusted	pred='C'	gold='C'	complete=True	new_tokens=2	duration_s=11.05
CALL geometry3k_test_2462 contradictory_selfverify
OK	geometry3k_test_2462	contradictory_selfverify	pred='C'	gold='C'	complete=True	new_tokens=2	duration_s=11.05
CALL geometry3k_test_2463 raw
FAIL	geometry3k_test_2463	raw	pred='C'	gold='D'	complete=True	new_tokens=11	duration_s=5.00
CALL geometry3k_test_2463 clean_topk6_cautious
OK	geometry3k_test_2463	clean_topk6_cautious	pred='D'	gold='D'	complete=True	new_tokens=2	duration_s=4.77
CALL geometry3k_test_2463 clean_topk6_trusted
OK	geometry3k_test_2463	clean_topk6_trusted	pred='D'	gold='D'	complete=True	new_tokens=2	duration_s=4.79
CALL geometry3k_test_2463 clean_topk6_selfverify
OK	geometry3k_test_2463	clean_topk6_selfverify	pred='D'	gold='D'	complete=True	new_tokens=2	duration_s=4.81
CALL geometry3k_test_2463 confidence_gated_topk6
OK	geometry3k_test_2463	confidence_gated_topk6	pred='D'	gold='D'	complete=True	new_tokens=2	duration_s=4.78
CALL geometry3k_test_2463 irrelevant_trusted
FAIL	geometry3k_test_2463	irrelevant_trusted	pred='C'	gold='D'	complete=True	new_tokens=2	duration_s=4.79
CALL geometry3k_test_2463 irrelevant_warned
FAIL	geometry3k_test_2463	irrelevant_warned	pred='C'	gold='D'	complete=True	new_tokens=2	duration_s=4.82
CALL geometry3k_test_2463 corrupt_trusted
OK	geometry3k_test_2463	corrupt_trusted	pred='D'	gold='D'	complete=True	new_tokens=2	duration_s=4.80
CALL geometry3k_test_2463 corrupt_warned
OK	geometry3k_test_2463	corrupt_warned	pred='D'	gold='D'	complete=True	new_tokens=2	duration_s=4.79
CALL geometry3k_test_2463 contradictory_trusted
OK	geometry3k_test_2463	contradictory_trusted	pred='D'	gold='D'	complete=True	new_tokens=2	duration_s=4.79
CALL geometry3k_test_2463 contradictory_selfverify
OK	geometry3k_test_2463	contradictory_selfverify	pred='D'	gold='D'	complete=True	new_tokens=2	duration_s=4.77
CALL geometry3k_test_2464 raw
OK	geometry3k_test_2464	raw	pred='B'	gold='B'	complete=True	new_tokens=2	duration_s=13.44
CALL geometry3k_test_2464 clean_topk6_cautious
OK	geometry3k_test_2464	clean_topk6_cautious	pred='B'	gold='B'	complete=True	new_tokens=2	duration_s=14.10
CALL geometry3k_test_2464 clean_topk6_trusted
OK	geometry3k_test_2464	clean_topk6_trusted	pred='B'	gold='B'	complete=True	new_tokens=2	duration_s=14.26
CALL geometry3k_test_2464 clean_topk6_selfverify
OK	geometry3k_test_2464	clean_topk6_selfverify	pred='B'	gold='B'	complete=True	new_tokens=2	duration_s=14.10
CALL geometry3k_test_2464 confidence_gated_topk6
OK	geometry3k_test_2464	confidence_gated_topk6	pred='B'	gold='B'	complete=True	new_tokens=2	duration_s=14.72
CALL geometry3k_test_2464 irrelevant_trusted
OK	geometry3k_test_2464	irrelevant_trusted	pred='B'	gold='B'	complete=True	new_tokens=2	duration_s=14.03
CALL geometry3k_test_2464 irrelevant_warned
OK	geometry3k_test_2464	irrelevant_warned	pred='B'	gold='B'	complete=True	new_tokens=2	duration_s=14.10
CALL geometry3k_test_2464 corrupt_trusted
OK	geometry3k_test_2464	corrupt_trusted	pred='B'	gold='B'	complete=True	new_tokens=2	duration_s=14.06
CALL geometry3k_test_2464 corrupt_warned
OK	geometry3k_test_2464	corrupt_warned	pred='B'	gold='B'	complete=True	new_tokens=2	duration_s=14.07
CALL geometry3k_test_2464 contradictory_trusted
OK	geometry3k_test_2464	contradictory_trusted	pred='B'	gold='B'	complete=True	new_tokens=2	duration_s=14.09
CALL geometry3k_test_2464 contradictory_selfverify
OK	geometry3k_test_2464	contradictory_selfverify	pred='B'	gold='B'	complete=True	new_tokens=2	duration_s=14.07
CALL geometry3k_test_2465 raw
FAIL	geometry3k_test_2465	raw	pred='B'	gold='A'	complete=True	new_tokens=2	duration_s=7.73
CALL geometry3k_test_2465 clean_topk6_cautious
FAIL	geometry3k_test_2465	clean_topk6_cautious	pred='B'	gold='A'	complete=True	new_tokens=2	duration_s=8.12
CALL geometry3k_test_2465 clean_topk6_trusted
FAIL	geometry3k_test_2465	clean_topk6_trusted	pred='B'	gold='A'	complete=True	new_tokens=2	duration_s=8.15
CALL geometry3k_test_2465 clean_topk6_selfverify
FAIL	geometry3k_test_2465	clean_topk6_selfverify	pred='B'	gold='A'	complete=True	new_tokens=2	duration_s=8.13
CALL geometry3k_test_2465 confidence_gated_topk6
FAIL	geometry3k_test_2465	confidence_gated_topk6	pred='B'	gold='A'	complete=True	new_tokens=2	duration_s=9.11
CALL geometry3k_test_2465 irrelevant_trusted
FAIL	geometry3k_test_2465	irrelevant_trusted	pred=''	gold='A'	complete=False	new_tokens=32	duration_s=10.90
CALL geometry3k_test_2465 irrelevant_warned
FAIL	geometry3k_test_2465	irrelevant_warned	pred='B'	gold='A'	complete=True	new_tokens=2	duration_s=8.41
CALL geometry3k_test_2465 corrupt_trusted
FAIL	geometry3k_test_2465	corrupt_trusted	pred='B'	gold='A'	complete=True	new_tokens=2	duration_s=8.16
CALL geometry3k_test_2465 corrupt_warned
FAIL	geometry3k_test_2465	corrupt_warned	pred='B'	gold='A'	complete=True	new_tokens=2	duration_s=8.12
CALL geometry3k_test_2465 contradictory_trusted
FAIL	geometry3k_test_2465	contradictory_trusted	pred='B'	gold='A'	complete=True	new_tokens=2	duration_s=8.17
CALL geometry3k_test_2465 contradictory_selfverify
FAIL	geometry3k_test_2465	contradictory_selfverify	pred='C'	gold='A'	complete=True	new_tokens=2	duration_s=8.12
CALL geometry3k_test_2466 raw
FAIL	geometry3k_test_2466	raw	pred='A'	gold='C'	complete=True	new_tokens=2	duration_s=11.01
CALL geometry3k_test_2466 clean_topk6_cautious
FAIL	geometry3k_test_2466	clean_topk6_cautious	pred='A'	gold='C'	complete=True	new_tokens=2	duration_s=11.41
CALL geometry3k_test_2466 clean_topk6_trusted
FAIL	geometry3k_test_2466	clean_topk6_trusted	pred='A'	gold='C'	complete=True	new_tokens=2	duration_s=11.41
CALL geometry3k_test_2466 clean_topk6_selfverify
FAIL	geometry3k_test_2466	clean_topk6_selfverify	pred='A'	gold='C'	complete=True	new_tokens=2	duration_s=11.42
CALL geometry3k_test_2466 confidence_gated_topk6
FAIL	geometry3k_test_2466	confidence_gated_topk6	pred='A'	gold='C'	complete=True	new_tokens=2	duration_s=12.08
CALL geometry3k_test_2466 irrelevant_trusted
FAIL	geometry3k_test_2466	irrelevant_trusted	pred='A'	gold='C'	complete=True	new_tokens=2	duration_s=11.44
CALL geometry3k_test_2466 irrelevant_warned
FAIL	geometry3k_test_2466	irrelevant_warned	pred='A'	gold='C'	complete=True	new_tokens=2	duration_s=11.49
CALL geometry3k_test_2466 corrupt_trusted
FAIL	geometry3k_test_2466	corrupt_trusted	pred='A'	gold='C'	complete=True	new_tokens=2	duration_s=11.44
CALL geometry3k_test_2466 corrupt_warned
FAIL	geometry3k_test_2466	corrupt_warned	pred='A'	gold='C'	complete=True	new_tokens=2	duration_s=11.42
CALL geometry3k_test_2466 contradictory_trusted
FAIL	geometry3k_test_2466	contradictory_trusted	pred='A'	gold='C'	complete=True	new_tokens=2	duration_s=11.54
CALL geometry3k_test_2466 contradictory_selfverify
FAIL	geometry3k_test_2466	contradictory_selfverify	pred='A'	gold='C'	complete=True	new_tokens=2	duration_s=11.46
CALL geometry3k_test_2467 raw
OK	geometry3k_test_2467	raw	pred='B'	gold='B'	complete=True	new_tokens=2	duration_s=5.38
CALL geometry3k_test_2467 clean_topk6_cautious
OK	geometry3k_test_2467	clean_topk6_cautious	pred='B'	gold='B'	complete=True	new_tokens=2	duration_s=5.98
CALL geometry3k_test_2467 clean_topk6_trusted
OK	geometry3k_test_2467	clean_topk6_trusted	pred='B'	gold='B'	complete=True	new_tokens=2	duration_s=5.93
CALL geometry3k_test_2467 clean_topk6_selfverify
OK	geometry3k_test_2467	clean_topk6_selfverify	pred='B'	gold='B'	complete=True	new_tokens=2	duration_s=5.99
CALL geometry3k_test_2467 confidence_gated_topk6
OK	geometry3k_test_2467	confidence_gated_topk6	pred='B'	gold='B'	complete=True	new_tokens=2	duration_s=6.86
CALL geometry3k_test_2467 irrelevant_trusted
OK	geometry3k_test_2467	irrelevant_trusted	pred='B'	gold='B'	complete=True	new_tokens=2	duration_s=7.83
CALL geometry3k_test_2467 irrelevant_warned
OK	geometry3k_test_2467	irrelevant_warned	pred='B'	gold='B'	complete=True	new_tokens=2	duration_s=7.21
CALL geometry3k_test_2467 corrupt_trusted
OK	geometry3k_test_2467	corrupt_trusted	pred='B'	gold='B'	complete=True	new_tokens=2	duration_s=7.30
CALL geometry3k_test_2467 corrupt_warned
OK	geometry3k_test_2467	corrupt_warned	pred='B'	gold='B'	complete=True	new_tokens=2	duration_s=7.32
CALL geometry3k_test_2467 contradictory_trusted
OK	geometry3k_test_2467	contradictory_trusted	pred='B'	gold='B'	complete=True	new_tokens=2	duration_s=7.43
CALL geometry3k_test_2467 contradictory_selfverify
OK	geometry3k_test_2467	contradictory_selfverify	pred='B'	gold='B'	complete=True	new_tokens=2	duration_s=7.44
CALL geometry3k_test_2468 raw
OK	geometry3k_test_2468	raw	pred='C'	gold='C'	complete=True	new_tokens=2	duration_s=5.35
CALL geometry3k_test_2468 clean_topk6_cautious
OK	geometry3k_test_2468	clean_topk6_cautious	pred='C'	gold='C'	complete=True	new_tokens=2	duration_s=6.53
CALL geometry3k_test_2468 clean_topk6_trusted
OK	geometry3k_test_2468	clean_topk6_trusted	pred='C'	gold='C'	complete=True	new_tokens=2	duration_s=6.98
CALL geometry3k_test_2468 clean_topk6_selfverify
OK	geometry3k_test_2468	clean_topk6_selfverify	pred='C'	gold='C'	complete=True	new_tokens=2	duration_s=5.08
CALL geometry3k_test_2468 confidence_gated_topk6
OK	geometry3k_test_2468	confidence_gated_topk6	pred='C'	gold='C'	complete=True	new_tokens=2	duration_s=5.74
CALL geometry3k_test_2468 irrelevant_trusted
OK	geometry3k_test_2468	irrelevant_trusted	pred='C'	gold='C'	complete=True	new_tokens=2	duration_s=5.04
CALL geometry3k_test_2468 irrelevant_warned
OK	geometry3k_test_2468	irrelevant_warned	pred='C'	gold='C'	complete=True	new_tokens=2	duration_s=5.07
CALL geometry3k_test_2468 corrupt_trusted
OK	geometry3k_test_2468	corrupt_trusted	pred='C'	gold='C'	complete=True	new_tokens=2	duration_s=5.08
CALL geometry3k_test_2468 corrupt_warned
OK	geometry3k_test_2468	corrupt_warned	pred='C'	gold='C'	complete=True	new_tokens=2	duration_s=5.06
CALL geometry3k_test_2468 contradictory_trusted
OK	geometry3k_test_2468	contradictory_trusted	pred='C'	gold='C'	complete=True	new_tokens=2	duration_s=5.04
CALL geometry3k_test_2468 contradictory_selfverify
OK	geometry3k_test_2468	contradictory_selfverify	pred='C'	gold='C'	complete=True	new_tokens=2	duration_s=5.04
CALL geometry3k_test_2469 raw
OK	geometry3k_test_2469	raw	pred='B'	gold='B'	complete=True	new_tokens=2	duration_s=15.03
CALL geometry3k_test_2469 clean_topk6_cautious
OK	geometry3k_test_2469	clean_topk6_cautious	pred='B'	gold='B'	complete=True	new_tokens=2	duration_s=15.46
CALL geometry3k_test_2469 clean_topk6_trusted
OK	geometry3k_test_2469	clean_topk6_trusted	pred='B'	gold='B'	complete=True	new_tokens=2	duration_s=15.39
CALL geometry3k_test_2469 clean_topk6_selfverify
OK	geometry3k_test_2469	clean_topk6_selfverify	pred='B'	gold='B'	complete=True	new_tokens=2	duration_s=15.44
CALL geometry3k_test_2469 confidence_gated_topk6
OK	geometry3k_test_2469	confidence_gated_topk6	pred='B'	gold='B'	complete=True	new_tokens=2	duration_s=15.73
CALL geometry3k_test_2469 irrelevant_trusted
OK	geometry3k_test_2469	irrelevant_trusted	pred='B'	gold='B'	complete=True	new_tokens=2	duration_s=15.38
CALL geometry3k_test_2469 irrelevant_warned
OK	geometry3k_test_2469	irrelevant_warned	pred='B'	gold='B'	complete=True	new_tokens=2	duration_s=15.34
CALL geometry3k_test_2469 corrupt_trusted
OK	geometry3k_test_2469	corrupt_trusted	pred='B'	gold='B'	complete=True	new_tokens=2	duration_s=15.59
CALL geometry3k_test_2469 corrupt_warned
OK	geometry3k_test_2469	corrupt_warned	pred='B'	gold='B'	complete=True	new_tokens=2	duration_s=15.57
CALL geometry3k_test_2469 contradictory_trusted
OK	geometry3k_test_2469	contradictory_trusted	pred='B'	gold='B'	complete=True	new_tokens=2	duration_s=15.62
CALL geometry3k_test_2469 contradictory_selfverify
OK	geometry3k_test_2469	contradictory_selfverify	pred='B'	gold='B'	complete=True	new_tokens=2	duration_s=15.58
CALL geometry3k_test_2470 raw
OK	geometry3k_test_2470	raw	pred='B'	gold='B'	complete=True	new_tokens=2	duration_s=4.31
CALL geometry3k_test_2470 clean_topk6_cautious
OK	geometry3k_test_2470	clean_topk6_cautious	pred='B'	gold='B'	complete=True	new_tokens=2	duration_s=4.64
CALL geometry3k_test_2470 clean_topk6_trusted
OK	geometry3k_test_2470	clean_topk6_trusted	pred='B'	gold='B'	complete=True	new_tokens=2	duration_s=4.64
CALL geometry3k_test_2470 clean_topk6_selfverify
OK	geometry3k_test_2470	clean_topk6_selfverify	pred='B'	gold='B'	complete=True	new_tokens=2	duration_s=4.94
CALL geometry3k_test_2470 confidence_gated_topk6
OK	geometry3k_test_2470	confidence_gated_topk6	pred='B'	gold='B'	complete=True	new_tokens=2	duration_s=5.57
CALL geometry3k_test_2470 irrelevant_trusted
OK	geometry3k_test_2470	irrelevant_trusted	pred='B'	gold='B'	complete=True	new_tokens=2	duration_s=4.59
CALL geometry3k_test_2470 irrelevant_warned
OK	geometry3k_test_2470	irrelevant_warned	pred='B'	gold='B'	complete=True	new_tokens=2	duration_s=4.91
CALL geometry3k_test_2470 corrupt_trusted
OK	geometry3k_test_2470	corrupt_trusted	pred='B'	gold='B'	complete=True	new_tokens=2	duration_s=4.60
CALL geometry3k_test_2470 corrupt_warned
OK	geometry3k_test_2470	corrupt_warned	pred='B'	gold='B'	complete=True	new_tokens=2	duration_s=4.61
CALL geometry3k_test_2470 contradictory_trusted
OK	geometry3k_test_2470	contradictory_trusted	pred='B'	gold='B'	complete=True	new_tokens=2	duration_s=4.62
CALL geometry3k_test_2470 contradictory_selfverify
OK	geometry3k_test_2470	contradictory_selfverify	pred='B'	gold='B'	complete=True	new_tokens=2	duration_s=4.63
CALL geometry3k_test_2471 raw
OK	geometry3k_test_2471	raw	pred='C'	gold='C'	complete=True	new_tokens=2	duration_s=4.53
CALL geometry3k_test_2471 clean_topk6_cautious
OK	geometry3k_test_2471	clean_topk6_cautious	pred='C'	gold='C'	complete=True	new_tokens=2	duration_s=5.13
CALL geometry3k_test_2471 clean_topk6_trusted
OK	geometry3k_test_2471	clean_topk6_trusted	pred='C'	gold='C'	complete=True	new_tokens=2	duration_s=5.09
CALL geometry3k_test_2471 clean_topk6_selfverify
OK	geometry3k_test_2471	clean_topk6_selfverify	pred='C'	gold='C'	complete=True	new_tokens=2	duration_s=5.13
CALL geometry3k_test_2471 confidence_gated_topk6
OK	geometry3k_test_2471	confidence_gated_topk6	pred='C'	gold='C'	complete=True	new_tokens=2	duration_s=5.83
CALL geometry3k_test_2471 irrelevant_trusted
OK	geometry3k_test_2471	irrelevant_trusted	pred='C'	gold='C'	complete=True	new_tokens=2	duration_s=5.14
CALL geometry3k_test_2471 irrelevant_warned
OK	geometry3k_test_2471	irrelevant_warned	pred='C'	gold='C'	complete=True	new_tokens=2	duration_s=5.14
CALL geometry3k_test_2471 corrupt_trusted
OK	geometry3k_test_2471	corrupt_trusted	pred='C'	gold='C'	complete=True	new_tokens=2	duration_s=5.11
CALL geometry3k_test_2471 corrupt_warned
OK	geometry3k_test_2471	corrupt_warned	pred='C'	gold='C'	complete=True	new_tokens=2	duration_s=5.11
CALL geometry3k_test_2471 contradictory_trusted
OK	geometry3k_test_2471	contradictory_trusted	pred='C'	gold='C'	complete=True	new_tokens=2	duration_s=5.13
CALL geometry3k_test_2471 contradictory_selfverify
OK	geometry3k_test_2471	contradictory_selfverify	pred='C'	gold='C'	complete=True	new_tokens=2	duration_s=5.11
CALL geometry3k_test_2472 raw
OK	geometry3k_test_2472	raw	pred='B'	gold='B'	complete=True	new_tokens=2	duration_s=4.19
CALL geometry3k_test_2472 clean_topk6_cautious
OK	geometry3k_test_2472	clean_topk6_cautious	pred='B'	gold='B'	complete=True	new_tokens=2	duration_s=4.81
CALL geometry3k_test_2472 clean_topk6_trusted
OK	geometry3k_test_2472	clean_topk6_trusted	pred='B'	gold='B'	complete=True	new_tokens=2	duration_s=4.81
CALL geometry3k_test_2472 clean_topk6_selfverify
OK	geometry3k_test_2472	clean_topk6_selfverify	pred='B'	gold='B'	complete=True	new_tokens=2	duration_s=4.83
CALL geometry3k_test_2472 confidence_gated_topk6
OK	geometry3k_test_2472	confidence_gated_topk6	pred='B'	gold='B'	complete=True	new_tokens=2	duration_s=5.58
CALL geometry3k_test_2472 irrelevant_trusted
OK	geometry3k_test_2472	irrelevant_trusted	pred='B'	gold='B'	complete=True	new_tokens=2	duration_s=4.81
CALL geometry3k_test_2472 irrelevant_warned
OK	geometry3k_test_2472	irrelevant_warned	pred='B'	gold='B'	complete=True	new_tokens=2	duration_s=4.79
CALL geometry3k_test_2472 corrupt_trusted
OK	geometry3k_test_2472	corrupt_trusted	pred='B'	gold='B'	complete=True	new_tokens=2	duration_s=4.80
CALL geometry3k_test_2472 corrupt_warned
OK	geometry3k_test_2472	corrupt_warned	pred='B'	gold='B'	complete=True	new_tokens=2	duration_s=4.82
CALL geometry3k_test_2472 contradictory_trusted
OK	geometry3k_test_2472	contradictory_trusted	pred='B'	gold='B'	complete=True	new_tokens=2	duration_s=4.82
CALL geometry3k_test_2472 contradictory_selfverify
OK	geometry3k_test_2472	contradictory_selfverify	pred='B'	gold='B'	complete=True	new_tokens=2	duration_s=4.83
CALL geometry3k_test_2473 raw
FAIL	geometry3k_test_2473	raw	pred='B'	gold='A'	complete=True	new_tokens=2	duration_s=10.40
CALL geometry3k_test_2473 clean_topk6_cautious
FAIL	geometry3k_test_2473	clean_topk6_cautious	pred='B'	gold='A'	complete=True	new_tokens=2	duration_s=11.08
CALL geometry3k_test_2473 clean_topk6_trusted
FAIL	geometry3k_test_2473	clean_topk6_trusted	pred='B'	gold='A'	complete=True	new_tokens=2	duration_s=11.09
CALL geometry3k_test_2473 clean_topk6_selfverify
FAIL	geometry3k_test_2473	clean_topk6_selfverify	pred='B'	gold='A'	complete=True	new_tokens=2	duration_s=11.10
CALL geometry3k_test_2473 confidence_gated_topk6
FAIL	geometry3k_test_2473	confidence_gated_topk6	pred='B'	gold='A'	complete=True	new_tokens=2	duration_s=11.07
CALL geometry3k_test_2473 irrelevant_trusted
FAIL	geometry3k_test_2473	irrelevant_trusted	pred='B'	gold='A'	complete=True	new_tokens=2	duration_s=11.06
CALL geometry3k_test_2473 irrelevant_warned
FAIL	geometry3k_test_2473	irrelevant_warned	pred='B'	gold='A'	complete=True	new_tokens=2	duration_s=11.10
CALL geometry3k_test_2473 corrupt_trusted
FAIL	geometry3k_test_2473	corrupt_trusted	pred='B'	gold='A'	complete=True	new_tokens=2	duration_s=11.04
CALL geometry3k_test_2473 corrupt_warned
FAIL	geometry3k_test_2473	corrupt_warned	pred='B'	gold='A'	complete=True	new_tokens=2	duration_s=11.05
CALL geometry3k_test_2473 contradictory_trusted
FAIL	geometry3k_test_2473	contradictory_trusted	pred='B'	gold='A'	complete=True	new_tokens=2	duration_s=11.13
CALL geometry3k_test_2473 contradictory_selfverify
FAIL	geometry3k_test_2473	contradictory_selfverify	pred='B'	gold='A'	complete=True	new_tokens=2	duration_s=11.02
CALL geometry3k_test_2474 raw
OK	geometry3k_test_2474	raw	pred='C'	gold='C'	complete=True	new_tokens=2	duration_s=4.40
CALL geometry3k_test_2474 clean_topk6_cautious
OK	geometry3k_test_2474	clean_topk6_cautious	pred='C'	gold='C'	complete=True	new_tokens=2	duration_s=5.01
CALL geometry3k_test_2474 clean_topk6_trusted
OK	geometry3k_test_2474	clean_topk6_trusted	pred='C'	gold='C'	complete=True	new_tokens=2	duration_s=5.01
CALL geometry3k_test_2474 clean_topk6_selfverify
FAIL	geometry3k_test_2474	clean_topk6_selfverify	pred='D'	gold='C'	complete=True	new_tokens=2	duration_s=5.02
CALL geometry3k_test_2474 confidence_gated_topk6
OK	geometry3k_test_2474	confidence_gated_topk6	pred='C'	gold='C'	complete=True	new_tokens=2	duration_s=6.12
CALL geometry3k_test_2474 irrelevant_trusted
OK	geometry3k_test_2474	irrelevant_trusted	pred='C'	gold='C'	complete=True	new_tokens=2	duration_s=5.00
CALL geometry3k_test_2474 irrelevant_warned
OK	geometry3k_test_2474	irrelevant_warned	pred='C'	gold='C'	complete=True	new_tokens=2	duration_s=5.00
CALL geometry3k_test_2474 corrupt_trusted
OK	geometry3k_test_2474	corrupt_trusted	pred='C'	gold='C'	complete=True	new_tokens=2	duration_s=5.04
CALL geometry3k_test_2474 corrupt_warned
OK	geometry3k_test_2474	corrupt_warned	pred='C'	gold='C'	complete=True	new_tokens=2	duration_s=5.03
CALL geometry3k_test_2474 contradictory_trusted
OK	geometry3k_test_2474	contradictory_trusted	pred='C'	gold='C'	complete=True	new_tokens=2	duration_s=5.03
CALL geometry3k_test_2474 contradictory_selfverify
FAIL	geometry3k_test_2474	contradictory_selfverify	pred='D'	gold='C'	complete=True	new_tokens=2	duration_s=5.05
CALL geometry3k_test_2475 raw
FAIL	geometry3k_test_2475	raw	pred='C'	gold='B'	complete=True	new_tokens=2	duration_s=8.20
CALL geometry3k_test_2475 clean_topk6_cautious
FAIL	geometry3k_test_2475	clean_topk6_cautious	pred='C'	gold='B'	complete=True	new_tokens=2	duration_s=8.90
CALL geometry3k_test_2475 clean_topk6_trusted
FAIL	geometry3k_test_2475	clean_topk6_trusted	pred='C'	gold='B'	complete=True	new_tokens=2	duration_s=8.89
CALL geometry3k_test_2475 clean_topk6_selfverify
FAIL	geometry3k_test_2475	clean_topk6_selfverify	pred='C'	gold='B'	complete=True	new_tokens=2	duration_s=8.92
CALL geometry3k_test_2475 confidence_gated_topk6
FAIL	geometry3k_test_2475	confidence_gated_topk6	pred='C'	gold='B'	complete=True	new_tokens=2	duration_s=10.25
CALL geometry3k_test_2475 irrelevant_trusted
FAIL	geometry3k_test_2475	irrelevant_trusted	pred='C'	gold='B'	complete=True	new_tokens=2	duration_s=8.91
CALL geometry3k_test_2475 irrelevant_warned
FAIL	geometry3k_test_2475	irrelevant_warned	pred='C'	gold='B'	complete=True	new_tokens=2	duration_s=8.95
CALL geometry3k_test_2475 corrupt_trusted
FAIL	geometry3k_test_2475	corrupt_trusted	pred='C'	gold='B'	complete=True	new_tokens=2	duration_s=8.95
CALL geometry3k_test_2475 corrupt_warned
FAIL	geometry3k_test_2475	corrupt_warned	pred='C'	gold='B'	complete=True	new_tokens=2	duration_s=8.90
CALL geometry3k_test_2475 contradictory_trusted
FAIL	geometry3k_test_2475	contradictory_trusted	pred='C'	gold='B'	complete=True	new_tokens=2	duration_s=8.90
CALL geometry3k_test_2475 contradictory_selfverify
FAIL	geometry3k_test_2475	contradictory_selfverify	pred='C'	gold='B'	complete=True	new_tokens=2	duration_s=8.88
CALL geometry3k_test_2476 raw
FAIL	geometry3k_test_2476	raw	pred='C'	gold='D'	complete=True	new_tokens=2	duration_s=4.86
CALL geometry3k_test_2476 clean_topk6_cautious
FAIL	geometry3k_test_2476	clean_topk6_cautious	pred='C'	gold='D'	complete=True	new_tokens=2	duration_s=5.44
CALL geometry3k_test_2476 clean_topk6_trusted
FAIL	geometry3k_test_2476	clean_topk6_trusted	pred='C'	gold='D'	complete=True	new_tokens=2	duration_s=5.45
CALL geometry3k_test_2476 clean_topk6_selfverify
FAIL	geometry3k_test_2476	clean_topk6_selfverify	pred='C'	gold='D'	complete=True	new_tokens=2	duration_s=5.46
CALL geometry3k_test_2476 confidence_gated_topk6
FAIL	geometry3k_test_2476	confidence_gated_topk6	pred='C'	gold='D'	complete=True	new_tokens=2	duration_s=6.23
CALL geometry3k_test_2476 irrelevant_trusted
FAIL	geometry3k_test_2476	irrelevant_trusted	pred='C'	gold='D'	complete=True	new_tokens=2	duration_s=5.48
CALL geometry3k_test_2476 irrelevant_warned
FAIL	geometry3k_test_2476	irrelevant_warned	pred='C'	gold='D'	complete=True	new_tokens=2	duration_s=5.50
CALL geometry3k_test_2476 corrupt_trusted
FAIL	geometry3k_test_2476	corrupt_trusted	pred='C'	gold='D'	complete=True	new_tokens=2	duration_s=5.47
CALL geometry3k_test_2476 corrupt_warned
FAIL	geometry3k_test_2476	corrupt_warned	pred='C'	gold='D'	complete=True	new_tokens=2	duration_s=5.45
CALL geometry3k_test_2476 contradictory_trusted
FAIL	geometry3k_test_2476	contradictory_trusted	pred='C'	gold='D'	complete=True	new_tokens=2	duration_s=5.47
CALL geometry3k_test_2476 contradictory_selfverify
FAIL	geometry3k_test_2476	contradictory_selfverify	pred='C'	gold='D'	complete=True	new_tokens=2	duration_s=5.46
CALL geometry3k_test_2477 raw
OK	geometry3k_test_2477	raw	pred='C'	gold='C'	complete=True	new_tokens=2	duration_s=7.99
CALL geometry3k_test_2477 clean_topk6_cautious
OK	geometry3k_test_2477	clean_topk6_cautious	pred='C'	gold='C'	complete=True	new_tokens=2	duration_s=8.62
CALL geometry3k_test_2477 clean_topk6_trusted
OK	geometry3k_test_2477	clean_topk6_trusted	pred='C'	gold='C'	complete=True	new_tokens=2	duration_s=8.72
CALL geometry3k_test_2477 clean_topk6_selfverify
OK	geometry3k_test_2477	clean_topk6_selfverify	pred='C'	gold='C'	complete=True	new_tokens=2	duration_s=8.60
CALL geometry3k_test_2477 confidence_gated_topk6
OK	geometry3k_test_2477	confidence_gated_topk6	pred='C'	gold='C'	complete=True	new_tokens=2	duration_s=9.28
CALL geometry3k_test_2477 irrelevant_trusted
OK	geometry3k_test_2477	irrelevant_trusted	pred='C'	gold='C'	complete=True	new_tokens=2	duration_s=8.64
CALL geometry3k_test_2477 irrelevant_warned
OK	geometry3k_test_2477	irrelevant_warned	pred='C'	gold='C'	complete=True	new_tokens=2	duration_s=8.63
CALL geometry3k_test_2477 corrupt_trusted
OK	geometry3k_test_2477	corrupt_trusted	pred='C'	gold='C'	complete=True	new_tokens=2	duration_s=8.63
CALL geometry3k_test_2477 corrupt_warned
OK	geometry3k_test_2477	corrupt_warned	pred='C'	gold='C'	complete=True	new_tokens=2	duration_s=8.64
CALL geometry3k_test_2477 contradictory_trusted
OK	geometry3k_test_2477	contradictory_trusted	pred='C'	gold='C'	complete=True	new_tokens=2	duration_s=8.64
CALL geometry3k_test_2477 contradictory_selfverify
OK	geometry3k_test_2477	contradictory_selfverify	pred='C'	gold='C'	complete=True	new_tokens=2	duration_s=8.66
CALL geometry3k_test_2478 raw
FAIL	geometry3k_test_2478	raw	pred='B'	gold='A'	complete=True	new_tokens=2	duration_s=7.26
CALL geometry3k_test_2478 clean_topk6_cautious
FAIL	geometry3k_test_2478	clean_topk6_cautious	pred='B'	gold='A'	complete=True	new_tokens=2	duration_s=7.66
CALL geometry3k_test_2478 clean_topk6_trusted
FAIL	geometry3k_test_2478	clean_topk6_trusted	pred='B'	gold='A'	complete=True	new_tokens=2	duration_s=7.65
CALL geometry3k_test_2478 clean_topk6_selfverify
FAIL	geometry3k_test_2478	clean_topk6_selfverify	pred='B'	gold='A'	complete=True	new_tokens=2	duration_s=7.66
CALL geometry3k_test_2478 confidence_gated_topk6
FAIL	geometry3k_test_2478	confidence_gated_topk6	pred='B'	gold='A'	complete=True	new_tokens=2	duration_s=8.33
CALL geometry3k_test_2478 irrelevant_trusted
FAIL	geometry3k_test_2478	irrelevant_trusted	pred='B'	gold='A'	complete=True	new_tokens=2	duration_s=7.63
CALL geometry3k_test_2478 irrelevant_warned
FAIL	geometry3k_test_2478	irrelevant_warned	pred='B'	gold='A'	complete=True	new_tokens=2	duration_s=7.65
CALL geometry3k_test_2478 corrupt_trusted
FAIL	geometry3k_test_2478	corrupt_trusted	pred='B'	gold='A'	complete=True	new_tokens=2	duration_s=7.62
CALL geometry3k_test_2478 corrupt_warned
FAIL	geometry3k_test_2478	corrupt_warned	pred='B'	gold='A'	complete=True	new_tokens=2	duration_s=7.63
CALL geometry3k_test_2478 contradictory_trusted
FAIL	geometry3k_test_2478	contradictory_trusted	pred='B'	gold='A'	complete=True	new_tokens=2	duration_s=7.65
CALL geometry3k_test_2478 contradictory_selfverify
FAIL	geometry3k_test_2478	contradictory_selfverify	pred='B'	gold='A'	complete=True	new_tokens=2	duration_s=7.63
CALL geometry3k_test_2479 raw
OK	geometry3k_test_2479	raw	pred='C'	gold='C'	complete=True	new_tokens=2	duration_s=21.49
CALL geometry3k_test_2479 clean_topk6_cautious
OK	geometry3k_test_2479	clean_topk6_cautious	pred='C'	gold='C'	complete=True	new_tokens=2	duration_s=22.09
CALL geometry3k_test_2479 clean_topk6_trusted
OK	geometry3k_test_2479	clean_topk6_trusted	pred='C'	gold='C'	complete=True	new_tokens=2	duration_s=22.16
CALL geometry3k_test_2479 clean_topk6_selfverify
OK	geometry3k_test_2479	clean_topk6_selfverify	pred='C'	gold='C'	complete=True	new_tokens=2	duration_s=22.17
CALL geometry3k_test_2479 confidence_gated_topk6
OK	geometry3k_test_2479	confidence_gated_topk6	pred='C'	gold='C'	complete=True	new_tokens=2	duration_s=22.83
CALL geometry3k_test_2479 irrelevant_trusted
OK	geometry3k_test_2479	irrelevant_trusted	pred='C'	gold='C'	complete=True	new_tokens=2	duration_s=22.16
CALL geometry3k_test_2479 irrelevant_warned
OK	geometry3k_test_2479	irrelevant_warned	pred='C'	gold='C'	complete=True	new_tokens=2	duration_s=22.27
CALL geometry3k_test_2479 corrupt_trusted
OK	geometry3k_test_2479	corrupt_trusted	pred='C'	gold='C'	complete=True	new_tokens=2	duration_s=22.25
CALL geometry3k_test_2479 corrupt_warned
OK	geometry3k_test_2479	corrupt_warned	pred='C'	gold='C'	complete=True	new_tokens=2	duration_s=22.62
CALL geometry3k_test_2479 contradictory_trusted
OK	geometry3k_test_2479	contradictory_trusted	pred='C'	gold='C'	complete=True	new_tokens=2	duration_s=22.22
CALL geometry3k_test_2479 contradictory_selfverify
OK	geometry3k_test_2479	contradictory_selfverify	pred='C'	gold='C'	complete=True	new_tokens=2	duration_s=22.13
CALL geometry3k_test_2480 raw
FAIL	geometry3k_test_2480	raw	pred='D'	gold='C'	complete=True	new_tokens=2	duration_s=19.20
CALL geometry3k_test_2480 clean_topk6_cautious
FAIL	geometry3k_test_2480	clean_topk6_cautious	pred='B'	gold='C'	complete=True	new_tokens=2	duration_s=19.90
CALL geometry3k_test_2480 clean_topk6_trusted
FAIL	geometry3k_test_2480	clean_topk6_trusted	pred='B'	gold='C'	complete=True	new_tokens=2	duration_s=19.90
CALL geometry3k_test_2480 clean_topk6_selfverify
FAIL	geometry3k_test_2480	clean_topk6_selfverify	pred='D'	gold='C'	complete=True	new_tokens=2	duration_s=19.90
CALL geometry3k_test_2480 confidence_gated_topk6
FAIL	geometry3k_test_2480	confidence_gated_topk6	pred='D'	gold='C'	complete=True	new_tokens=2	duration_s=20.66
CALL geometry3k_test_2480 irrelevant_trusted
FAIL	geometry3k_test_2480	irrelevant_trusted	pred='B'	gold='C'	complete=True	new_tokens=2	duration_s=19.84
CALL geometry3k_test_2480 irrelevant_warned
FAIL	geometry3k_test_2480	irrelevant_warned	pred='B'	gold='C'	complete=True	new_tokens=2	duration_s=19.85
CALL geometry3k_test_2480 corrupt_trusted
FAIL	geometry3k_test_2480	corrupt_trusted	pred='D'	gold='C'	complete=True	new_tokens=2	duration_s=19.99
CALL geometry3k_test_2480 corrupt_warned
FAIL	geometry3k_test_2480	corrupt_warned	pred='D'	gold='C'	complete=True	new_tokens=2	duration_s=19.96
CALL geometry3k_test_2480 contradictory_trusted
FAIL	geometry3k_test_2480	contradictory_trusted	pred='D'	gold='C'	complete=True	new_tokens=2	duration_s=20.06
CALL geometry3k_test_2480 contradictory_selfverify
FAIL	geometry3k_test_2480	contradictory_selfverify	pred='D'	gold='C'	complete=True	new_tokens=2	duration_s=20.05
CALL geometry3k_test_2481 raw
FAIL	geometry3k_test_2481	raw	pred='C'	gold='B'	complete=True	new_tokens=2	duration_s=21.89
CALL geometry3k_test_2481 clean_topk6_cautious
FAIL	geometry3k_test_2481	clean_topk6_cautious	pred='C'	gold='B'	complete=True	new_tokens=2	duration_s=22.49
CALL geometry3k_test_2481 clean_topk6_trusted
FAIL	geometry3k_test_2481	clean_topk6_trusted	pred='C'	gold='B'	complete=True	new_tokens=2	duration_s=22.47
CALL geometry3k_test_2481 clean_topk6_selfverify
FAIL	geometry3k_test_2481	clean_topk6_selfverify	pred='C'	gold='B'	complete=True	new_tokens=2	duration_s=22.54
CALL geometry3k_test_2481 confidence_gated_topk6
FAIL	geometry3k_test_2481	confidence_gated_topk6	pred='C'	gold='B'	complete=True	new_tokens=2	duration_s=23.20
CALL geometry3k_test_2481 irrelevant_trusted
FAIL	geometry3k_test_2481	irrelevant_trusted	pred='C'	gold='B'	complete=True	new_tokens=2	duration_s=22.56
CALL geometry3k_test_2481 irrelevant_warned
FAIL	geometry3k_test_2481	irrelevant_warned	pred='C'	gold='B'	complete=True	new_tokens=2	duration_s=22.52
CALL geometry3k_test_2481 corrupt_trusted
FAIL	geometry3k_test_2481	corrupt_trusted	pred='C'	gold='B'	complete=True	new_tokens=2	duration_s=22.51
CALL geometry3k_test_2481 corrupt_warned
FAIL	geometry3k_test_2481	corrupt_warned	pred='C'	gold='B'	complete=True	new_tokens=2	duration_s=22.51
CALL geometry3k_test_2481 contradictory_trusted
FAIL	geometry3k_test_2481	contradictory_trusted	pred='C'	gold='B'	complete=True	new_tokens=2	duration_s=22.47
CALL geometry3k_test_2481 contradictory_selfverify
FAIL	geometry3k_test_2481	contradictory_selfverify	pred='C'	gold='B'	complete=True	new_tokens=2	duration_s=22.48
CALL geometry3k_test_2482 raw
OK	geometry3k_test_2482	raw	pred='A'	gold='A'	complete=True	new_tokens=2	duration_s=4.20
CALL geometry3k_test_2482 clean_topk6_cautious
OK	geometry3k_test_2482	clean_topk6_cautious	pred='A'	gold='A'	complete=True	new_tokens=2	duration_s=4.76
CALL geometry3k_test_2482 clean_topk6_trusted
OK	geometry3k_test_2482	clean_topk6_trusted	pred='A'	gold='A'	complete=True	new_tokens=2	duration_s=4.55
CALL geometry3k_test_2482 clean_topk6_selfverify
OK	geometry3k_test_2482	clean_topk6_selfverify	pred='A'	gold='A'	complete=True	new_tokens=2	duration_s=4.76
CALL geometry3k_test_2482 confidence_gated_topk6
OK	geometry3k_test_2482	confidence_gated_topk6	pred='A'	gold='A'	complete=True	new_tokens=2	duration_s=4.78
CALL geometry3k_test_2482 irrelevant_trusted
OK	geometry3k_test_2482	irrelevant_trusted	pred='A'	gold='A'	complete=True	new_tokens=2	duration_s=4.77
CALL geometry3k_test_2482 irrelevant_warned
OK	geometry3k_test_2482	irrelevant_warned	pred='A'	gold='A'	complete=True	new_tokens=2	duration_s=4.77
CALL geometry3k_test_2482 corrupt_trusted
OK	geometry3k_test_2482	corrupt_trusted	pred='A'	gold='A'	complete=True	new_tokens=2	duration_s=4.54
CALL geometry3k_test_2482 corrupt_warned
OK	geometry3k_test_2482	corrupt_warned	pred='A'	gold='A'	complete=True	new_tokens=2	duration_s=4.53
CALL geometry3k_test_2482 contradictory_trusted
OK	geometry3k_test_2482	contradictory_trusted	pred='A'	gold='A'	complete=True	new_tokens=2	duration_s=4.54
CALL geometry3k_test_2482 contradictory_selfverify
OK	geometry3k_test_2482	contradictory_selfverify	pred='A'	gold='A'	complete=True	new_tokens=2	duration_s=4.53
CALL geometry3k_test_2483 raw
OK	geometry3k_test_2483	raw	pred='B'	gold='B'	complete=True	new_tokens=2	duration_s=12.01
CALL geometry3k_test_2483 clean_topk6_cautious
OK	geometry3k_test_2483	clean_topk6_cautious	pred='B'	gold='B'	complete=True	new_tokens=2	duration_s=12.39
CALL geometry3k_test_2483 clean_topk6_trusted
OK	geometry3k_test_2483	clean_topk6_trusted	pred='B'	gold='B'	complete=True	new_tokens=2	duration_s=12.38
CALL geometry3k_test_2483 clean_topk6_selfverify
OK	geometry3k_test_2483	clean_topk6_selfverify	pred='B'	gold='B'	complete=True	new_tokens=2	duration_s=12.40
CALL geometry3k_test_2483 confidence_gated_topk6
OK	geometry3k_test_2483	confidence_gated_topk6	pred='B'	gold='B'	complete=True	new_tokens=2	duration_s=12.70
CALL geometry3k_test_2483 irrelevant_trusted
FAIL	geometry3k_test_2483	irrelevant_trusted	pred='A'	gold='B'	complete=True	new_tokens=2	duration_s=12.39
CALL geometry3k_test_2483 irrelevant_warned
OK	geometry3k_test_2483	irrelevant_warned	pred='B'	gold='B'	complete=True	new_tokens=2	duration_s=12.43
CALL geometry3k_test_2483 corrupt_trusted
FAIL	geometry3k_test_2483	corrupt_trusted	pred='A'	gold='B'	complete=True	new_tokens=2	duration_s=12.41
CALL geometry3k_test_2483 corrupt_warned
OK	geometry3k_test_2483	corrupt_warned	pred='B'	gold='B'	complete=True	new_tokens=2	duration_s=12.41
CALL geometry3k_test_2483 contradictory_trusted
FAIL	geometry3k_test_2483	contradictory_trusted	pred='A'	gold='B'	complete=True	new_tokens=2	duration_s=12.35
CALL geometry3k_test_2483 contradictory_selfverify
OK	geometry3k_test_2483	contradictory_selfverify	pred='B'	gold='B'	complete=True	new_tokens=2	duration_s=12.38
CALL geometry3k_test_2484 raw
OK	geometry3k_test_2484	raw	pred='C'	gold='C'	complete=True	new_tokens=11	duration_s=5.03
CALL geometry3k_test_2484 clean_topk6_cautious
OK	geometry3k_test_2484	clean_topk6_cautious	pred='C'	gold='C'	complete=True	new_tokens=11	duration_s=5.56
CALL geometry3k_test_2484 clean_topk6_trusted
OK	geometry3k_test_2484	clean_topk6_trusted	pred='C'	gold='C'	complete=True	new_tokens=11	duration_s=5.35
CALL geometry3k_test_2484 clean_topk6_selfverify
OK	geometry3k_test_2484	clean_topk6_selfverify	pred='C'	gold='C'	complete=True	new_tokens=2	duration_s=4.79
CALL geometry3k_test_2484 confidence_gated_topk6
OK	geometry3k_test_2484	confidence_gated_topk6	pred='C'	gold='C'	complete=True	new_tokens=11	duration_s=5.60
CALL geometry3k_test_2484 irrelevant_trusted
OK	geometry3k_test_2484	irrelevant_trusted	pred='C'	gold='C'	complete=True	new_tokens=11	duration_s=5.61
CALL geometry3k_test_2484 irrelevant_warned
OK	geometry3k_test_2484	irrelevant_warned	pred='C'	gold='C'	complete=True	new_tokens=11	duration_s=5.63
CALL geometry3k_test_2484 corrupt_trusted
OK	geometry3k_test_2484	corrupt_trusted	pred='C'	gold='C'	complete=True	new_tokens=11	duration_s=5.36
CALL geometry3k_test_2484 corrupt_warned
OK	geometry3k_test_2484	corrupt_warned	pred='C'	gold='C'	complete=True	new_tokens=11	duration_s=5.37
CALL geometry3k_test_2484 contradictory_trusted
OK	geometry3k_test_2484	contradictory_trusted	pred='C'	gold='C'	complete=True	new_tokens=11	duration_s=5.35
CALL geometry3k_test_2484 contradictory_selfverify
OK	geometry3k_test_2484	contradictory_selfverify	pred='C'	gold='C'	complete=True	new_tokens=2	duration_s=4.57
CALL geometry3k_test_2485 raw
OK	geometry3k_test_2485	raw	pred='C'	gold='C'	complete=True	new_tokens=2	duration_s=4.20
CALL geometry3k_test_2485 clean_topk6_cautious
OK	geometry3k_test_2485	clean_topk6_cautious	pred='C'	gold='C'	complete=True	new_tokens=2	duration_s=4.80
CALL geometry3k_test_2485 clean_topk6_trusted
OK	geometry3k_test_2485	clean_topk6_trusted	pred='C'	gold='C'	complete=True	new_tokens=2	duration_s=4.80
CALL geometry3k_test_2485 clean_topk6_selfverify
OK	geometry3k_test_2485	clean_topk6_selfverify	pred='C'	gold='C'	complete=True	new_tokens=2	duration_s=4.81
CALL geometry3k_test_2485 confidence_gated_topk6
OK	geometry3k_test_2485	confidence_gated_topk6	pred='C'	gold='C'	complete=True	new_tokens=2	duration_s=5.53
CALL geometry3k_test_2485 irrelevant_trusted
OK	geometry3k_test_2485	irrelevant_trusted	pred='C'	gold='C'	complete=True	new_tokens=2	duration_s=4.79
CALL geometry3k_test_2485 irrelevant_warned
OK	geometry3k_test_2485	irrelevant_warned	pred='C'	gold='C'	complete=True	new_tokens=2	duration_s=4.80
CALL geometry3k_test_2485 corrupt_trusted
OK	geometry3k_test_2485	corrupt_trusted	pred='C'	gold='C'	complete=True	new_tokens=2	duration_s=4.80
CALL geometry3k_test_2485 corrupt_warned
OK	geometry3k_test_2485	corrupt_warned	pred='C'	gold='C'	complete=True	new_tokens=2	duration_s=4.81
CALL geometry3k_test_2485 contradictory_trusted
OK	geometry3k_test_2485	contradictory_trusted	pred='C'	gold='C'	complete=True	new_tokens=2	duration_s=4.82
CALL geometry3k_test_2485 contradictory_selfverify
OK	geometry3k_test_2485	contradictory_selfverify	pred='C'	gold='C'	complete=True	new_tokens=2	duration_s=4.83
CALL geometry3k_test_2486 raw
OK	geometry3k_test_2486	raw	pred='C'	gold='C'	complete=True	new_tokens=2	duration_s=4.80
CALL geometry3k_test_2486 clean_topk6_cautious
OK	geometry3k_test_2486	clean_topk6_cautious	pred='C'	gold='C'	complete=True	new_tokens=2	duration_s=5.16
CALL geometry3k_test_2486 clean_topk6_trusted
FAIL	geometry3k_test_2486	clean_topk6_trusted	pred='B'	gold='C'	complete=True	new_tokens=2	duration_s=5.16
CALL geometry3k_test_2486 clean_topk6_selfverify
OK	geometry3k_test_2486	clean_topk6_selfverify	pred='C'	gold='C'	complete=True	new_tokens=2	duration_s=5.15
CALL geometry3k_test_2486 confidence_gated_topk6
FAIL	geometry3k_test_2486	confidence_gated_topk6	pred='B'	gold='C'	complete=True	new_tokens=2	duration_s=5.86
CALL geometry3k_test_2486 irrelevant_trusted
OK	geometry3k_test_2486	irrelevant_trusted	pred='C'	gold='C'	complete=True	new_tokens=2	duration_s=5.50
CALL geometry3k_test_2486 irrelevant_warned
OK	geometry3k_test_2486	irrelevant_warned	pred='C'	gold='C'	complete=True	new_tokens=2	duration_s=5.47
CALL geometry3k_test_2486 corrupt_trusted
OK	geometry3k_test_2486	corrupt_trusted	pred='C'	gold='C'	complete=True	new_tokens=2	duration_s=5.14
CALL geometry3k_test_2486 corrupt_warned
OK	geometry3k_test_2486	corrupt_warned	pred='C'	gold='C'	complete=True	new_tokens=2	duration_s=5.15
CALL geometry3k_test_2486 contradictory_trusted
OK	geometry3k_test_2486	contradictory_trusted	pred='C'	gold='C'	complete=True	new_tokens=2	duration_s=5.16
CALL geometry3k_test_2486 contradictory_selfverify
OK	geometry3k_test_2486	contradictory_selfverify	pred='C'	gold='C'	complete=True	new_tokens=2	duration_s=5.15
CALL geometry3k_test_2487 raw
FAIL	geometry3k_test_2487	raw	pred='B'	gold='C'	complete=True	new_tokens=2	duration_s=5.22
CALL geometry3k_test_2487 clean_topk6_cautious
FAIL	geometry3k_test_2487	clean_topk6_cautious	pred='B'	gold='C'	complete=True	new_tokens=2	duration_s=5.57
CALL geometry3k_test_2487 clean_topk6_trusted
FAIL	geometry3k_test_2487	clean_topk6_trusted	pred='B'	gold='C'	complete=True	new_tokens=2	duration_s=5.55
CALL geometry3k_test_2487 clean_topk6_selfverify
FAIL	geometry3k_test_2487	clean_topk6_selfverify	pred='B'	gold='C'	complete=True	new_tokens=2	duration_s=5.57
CALL geometry3k_test_2487 confidence_gated_topk6
FAIL	geometry3k_test_2487	confidence_gated_topk6	pred='B'	gold='C'	complete=True	new_tokens=2	duration_s=5.90
CALL geometry3k_test_2487 irrelevant_trusted
FAIL	geometry3k_test_2487	irrelevant_trusted	pred='B'	gold='C'	complete=True	new_tokens=2	duration_s=5.54
CALL geometry3k_test_2487 irrelevant_warned
FAIL	geometry3k_test_2487	irrelevant_warned	pred='B'	gold='C'	complete=True	new_tokens=2	duration_s=5.55
CALL geometry3k_test_2487 corrupt_trusted
FAIL	geometry3k_test_2487	corrupt_trusted	pred='B'	gold='C'	complete=True	new_tokens=2	duration_s=5.55
CALL geometry3k_test_2487 corrupt_warned
FAIL	geometry3k_test_2487	corrupt_warned	pred='B'	gold='C'	complete=True	new_tokens=2	duration_s=5.56
CALL geometry3k_test_2487 contradictory_trusted
FAIL	geometry3k_test_2487	contradictory_trusted	pred='B'	gold='C'	complete=True	new_tokens=2	duration_s=5.54
CALL geometry3k_test_2487 contradictory_selfverify
FAIL	geometry3k_test_2487	contradictory_selfverify	pred='B'	gold='C'	complete=True	new_tokens=2	duration_s=5.56
CALL geometry3k_test_2488 raw
FAIL	geometry3k_test_2488	raw	pred='B'	gold='A'	complete=True	new_tokens=2	duration_s=15.80
CALL geometry3k_test_2488 clean_topk6_cautious
FAIL	geometry3k_test_2488	clean_topk6_cautious	pred='B'	gold='A'	complete=True	new_tokens=2	duration_s=16.39
CALL geometry3k_test_2488 clean_topk6_trusted
FAIL	geometry3k_test_2488	clean_topk6_trusted	pred='B'	gold='A'	complete=True	new_tokens=2	duration_s=16.41
CALL geometry3k_test_2488 clean_topk6_selfverify
FAIL	geometry3k_test_2488	clean_topk6_selfverify	pred='B'	gold='A'	complete=True	new_tokens=2	duration_s=16.35
CALL geometry3k_test_2488 confidence_gated_topk6
FAIL	geometry3k_test_2488	confidence_gated_topk6	pred='B'	gold='A'	complete=True	new_tokens=2	duration_s=16.75
CALL geometry3k_test_2488 irrelevant_trusted
FAIL	geometry3k_test_2488	irrelevant_trusted	pred='B'	gold='A'	complete=True	new_tokens=2	duration_s=16.38
CALL geometry3k_test_2488 irrelevant_warned
FAIL	geometry3k_test_2488	irrelevant_warned	pred='B'	gold='A'	complete=True	new_tokens=2	duration_s=16.38
CALL geometry3k_test_2488 corrupt_trusted
FAIL	geometry3k_test_2488	corrupt_trusted	pred='B'	gold='A'	complete=True	new_tokens=2	duration_s=16.36
CALL geometry3k_test_2488 corrupt_warned
FAIL	geometry3k_test_2488	corrupt_warned	pred='B'	gold='A'	complete=True	new_tokens=2	duration_s=16.45
CALL geometry3k_test_2488 contradictory_trusted
FAIL	geometry3k_test_2488	contradictory_trusted	pred='B'	gold='A'	complete=True	new_tokens=2	duration_s=16.39
CALL geometry3k_test_2488 contradictory_selfverify
FAIL	geometry3k_test_2488	contradictory_selfverify	pred='B'	gold='A'	complete=True	new_tokens=2	duration_s=16.35
CALL geometry3k_test_2489 raw
FAIL	geometry3k_test_2489	raw	pred='B'	gold='A'	complete=True	new_tokens=2	duration_s=9.72
CALL geometry3k_test_2489 clean_topk6_cautious
FAIL	geometry3k_test_2489	clean_topk6_cautious	pred='B'	gold='A'	complete=True	new_tokens=2	duration_s=10.37
CALL geometry3k_test_2489 clean_topk6_trusted
FAIL	geometry3k_test_2489	clean_topk6_trusted	pred='B'	gold='A'	complete=True	new_tokens=2	duration_s=10.36
CALL geometry3k_test_2489 clean_topk6_selfverify
FAIL	geometry3k_test_2489	clean_topk6_selfverify	pred='B'	gold='A'	complete=True	new_tokens=2	duration_s=10.36
CALL geometry3k_test_2489 confidence_gated_topk6
FAIL	geometry3k_test_2489	confidence_gated_topk6	pred='B'	gold='A'	complete=True	new_tokens=2	duration_s=10.68
CALL geometry3k_test_2489 irrelevant_trusted
FAIL	geometry3k_test_2489	irrelevant_trusted	pred='B'	gold='A'	complete=True	new_tokens=2	duration_s=10.27
CALL geometry3k_test_2489 irrelevant_warned
FAIL	geometry3k_test_2489	irrelevant_warned	pred='B'	gold='A'	complete=True	new_tokens=2	duration_s=10.25
CALL geometry3k_test_2489 corrupt_trusted
FAIL	geometry3k_test_2489	corrupt_trusted	pred='B'	gold='A'	complete=True	new_tokens=2	duration_s=10.30
CALL geometry3k_test_2489 corrupt_warned
FAIL	geometry3k_test_2489	corrupt_warned	pred='B'	gold='A'	complete=True	new_tokens=2	duration_s=10.38
CALL geometry3k_test_2489 contradictory_trusted
FAIL	geometry3k_test_2489	contradictory_trusted	pred='B'	gold='A'	complete=True	new_tokens=2	duration_s=10.34
CALL geometry3k_test_2489 contradictory_selfverify
FAIL	geometry3k_test_2489	contradictory_selfverify	pred='B'	gold='A'	complete=True	new_tokens=2	duration_s=10.36
CALL geometry3k_test_2490 raw
OK	geometry3k_test_2490	raw	pred='B'	gold='B'	complete=True	new_tokens=2	duration_s=6.79
CALL geometry3k_test_2490 clean_topk6_cautious
OK	geometry3k_test_2490	clean_topk6_cautious	pred='B'	gold='B'	complete=True	new_tokens=2	duration_s=7.43
CALL geometry3k_test_2490 clean_topk6_trusted
OK	geometry3k_test_2490	clean_topk6_trusted	pred='B'	gold='B'	complete=True	new_tokens=2	duration_s=7.39
CALL geometry3k_test_2490 clean_topk6_selfverify
OK	geometry3k_test_2490	clean_topk6_selfverify	pred='B'	gold='B'	complete=True	new_tokens=2	duration_s=7.41
CALL geometry3k_test_2490 confidence_gated_topk6
OK	geometry3k_test_2490	confidence_gated_topk6	pred='B'	gold='B'	complete=True	new_tokens=2	duration_s=8.11
CALL geometry3k_test_2490 irrelevant_trusted
OK	geometry3k_test_2490	irrelevant_trusted	pred='B'	gold='B'	complete=True	new_tokens=2	duration_s=7.42
CALL geometry3k_test_2490 irrelevant_warned
OK	geometry3k_test_2490	irrelevant_warned	pred='B'	gold='B'	complete=True	new_tokens=2	duration_s=7.42
CALL geometry3k_test_2490 corrupt_trusted
OK	geometry3k_test_2490	corrupt_trusted	pred='B'	gold='B'	complete=True	new_tokens=2	duration_s=7.40
CALL geometry3k_test_2490 corrupt_warned
OK	geometry3k_test_2490	corrupt_warned	pred='B'	gold='B'	complete=True	new_tokens=2	duration_s=7.43
CALL geometry3k_test_2490 contradictory_trusted
OK	geometry3k_test_2490	contradictory_trusted	pred='B'	gold='B'	complete=True	new_tokens=2	duration_s=7.43
CALL geometry3k_test_2490 contradictory_selfverify
OK	geometry3k_test_2490	contradictory_selfverify	pred='B'	gold='B'	complete=True	new_tokens=2	duration_s=7.41
CALL geometry3k_test_2491 raw
FAIL	geometry3k_test_2491	raw	pred='C'	gold='A'	complete=True	new_tokens=2	duration_s=5.60
CALL geometry3k_test_2491 clean_topk6_cautious
FAIL	geometry3k_test_2491	clean_topk6_cautious	pred='C'	gold='A'	complete=True	new_tokens=2	duration_s=5.91
CALL geometry3k_test_2491 clean_topk6_trusted
FAIL	geometry3k_test_2491	clean_topk6_trusted	pred='C'	gold='A'	complete=True	new_tokens=2	duration_s=5.91
CALL geometry3k_test_2491 clean_topk6_selfverify
FAIL	geometry3k_test_2491	clean_topk6_selfverify	pred='C'	gold='A'	complete=True	new_tokens=2	duration_s=5.91
CALL geometry3k_test_2491 confidence_gated_topk6
FAIL	geometry3k_test_2491	confidence_gated_topk6	pred='C'	gold='A'	complete=True	new_tokens=2	duration_s=6.62
CALL geometry3k_test_2491 irrelevant_trusted
FAIL	geometry3k_test_2491	irrelevant_trusted	pred='C'	gold='A'	complete=True	new_tokens=2	duration_s=5.92
CALL geometry3k_test_2491 irrelevant_warned
FAIL	geometry3k_test_2491	irrelevant_warned	pred='C'	gold='A'	complete=True	new_tokens=2	duration_s=5.91
CALL geometry3k_test_2491 corrupt_trusted
FAIL	geometry3k_test_2491	corrupt_trusted	pred='C'	gold='A'	complete=True	new_tokens=2	duration_s=5.89
CALL geometry3k_test_2491 corrupt_warned
FAIL	geometry3k_test_2491	corrupt_warned	pred='C'	gold='A'	complete=True	new_tokens=2	duration_s=5.91
CALL geometry3k_test_2491 contradictory_trusted
FAIL	geometry3k_test_2491	contradictory_trusted	pred='C'	gold='A'	complete=True	new_tokens=2	duration_s=5.92
CALL geometry3k_test_2491 contradictory_selfverify
FAIL	geometry3k_test_2491	contradictory_selfverify	pred='C'	gold='A'	complete=True	new_tokens=2	duration_s=5.90
CALL geometry3k_test_2492 raw
OK	geometry3k_test_2492	raw	pred='B'	gold='B'	complete=True	new_tokens=2	duration_s=10.48
CALL geometry3k_test_2492 clean_topk6_cautious
OK	geometry3k_test_2492	clean_topk6_cautious	pred='B'	gold='B'	complete=True	new_tokens=2	duration_s=11.20
CALL geometry3k_test_2492 clean_topk6_trusted
OK	geometry3k_test_2492	clean_topk6_trusted	pred='B'	gold='B'	complete=True	new_tokens=2	duration_s=11.16
CALL geometry3k_test_2492 clean_topk6_selfverify
OK	geometry3k_test_2492	clean_topk6_selfverify	pred='B'	gold='B'	complete=True	new_tokens=2	duration_s=11.17
CALL geometry3k_test_2492 confidence_gated_topk6
OK	geometry3k_test_2492	confidence_gated_topk6	pred='B'	gold='B'	complete=True	new_tokens=2	duration_s=11.52
CALL geometry3k_test_2492 irrelevant_trusted
OK	geometry3k_test_2492	irrelevant_trusted	pred='B'	gold='B'	complete=True	new_tokens=2	duration_s=11.13
CALL geometry3k_test_2492 irrelevant_warned
OK	geometry3k_test_2492	irrelevant_warned	pred='B'	gold='B'	complete=True	new_tokens=2	duration_s=11.14
CALL geometry3k_test_2492 corrupt_trusted
OK	geometry3k_test_2492	corrupt_trusted	pred='B'	gold='B'	complete=True	new_tokens=2	duration_s=11.15
CALL geometry3k_test_2492 corrupt_warned
OK	geometry3k_test_2492	corrupt_warned	pred='B'	gold='B'	complete=True	new_tokens=2	duration_s=11.15
CALL geometry3k_test_2492 contradictory_trusted
OK	geometry3k_test_2492	contradictory_trusted	pred='B'	gold='B'	complete=True	new_tokens=2	duration_s=11.13
CALL geometry3k_test_2492 contradictory_selfverify
OK	geometry3k_test_2492	contradictory_selfverify	pred='B'	gold='B'	complete=True	new_tokens=2	duration_s=11.14
CALL geometry3k_test_2493 raw
OK	geometry3k_test_2493	raw	pred='C'	gold='C'	complete=True	new_tokens=2	duration_s=12.06
CALL geometry3k_test_2493 clean_topk6_cautious
OK	geometry3k_test_2493	clean_topk6_cautious	pred='C'	gold='C'	complete=True	new_tokens=2	duration_s=12.69
CALL geometry3k_test_2493 clean_topk6_trusted
OK	geometry3k_test_2493	clean_topk6_trusted	pred='C'	gold='C'	complete=True	new_tokens=2	duration_s=12.85
CALL geometry3k_test_2493 clean_topk6_selfverify
OK	geometry3k_test_2493	clean_topk6_selfverify	pred='C'	gold='C'	complete=True	new_tokens=2	duration_s=12.69
CALL geometry3k_test_2493 confidence_gated_topk6
OK	geometry3k_test_2493	confidence_gated_topk6	pred='C'	gold='C'	complete=True	new_tokens=2	duration_s=13.07
CALL geometry3k_test_2493 irrelevant_trusted
OK	geometry3k_test_2493	irrelevant_trusted	pred='C'	gold='C'	complete=True	new_tokens=2	duration_s=12.71
CALL geometry3k_test_2493 irrelevant_warned
OK	geometry3k_test_2493	irrelevant_warned	pred='C'	gold='C'	complete=True	new_tokens=2	duration_s=12.72
CALL geometry3k_test_2493 corrupt_trusted
OK	geometry3k_test_2493	corrupt_trusted	pred='C'	gold='C'	complete=True	new_tokens=2	duration_s=12.65
CALL geometry3k_test_2493 corrupt_warned
OK	geometry3k_test_2493	corrupt_warned	pred='C'	gold='C'	complete=True	new_tokens=2	duration_s=12.72
CALL geometry3k_test_2493 contradictory_trusted
OK	geometry3k_test_2493	contradictory_trusted	pred='C'	gold='C'	complete=True	new_tokens=2	duration_s=12.71
CALL geometry3k_test_2493 contradictory_selfverify
OK	geometry3k_test_2493	contradictory_selfverify	pred='C'	gold='C'	complete=True	new_tokens=2	duration_s=12.70
CALL geometry3k_test_2494 raw
OK	geometry3k_test_2494	raw	pred='B'	gold='B'	complete=True	new_tokens=2	duration_s=4.95
CALL geometry3k_test_2494 clean_topk6_cautious
OK	geometry3k_test_2494	clean_topk6_cautious	pred='B'	gold='B'	complete=True	new_tokens=2	duration_s=5.51
CALL geometry3k_test_2494 clean_topk6_trusted
OK	geometry3k_test_2494	clean_topk6_trusted	pred='B'	gold='B'	complete=True	new_tokens=2	duration_s=5.54
CALL geometry3k_test_2494 clean_topk6_selfverify
OK	geometry3k_test_2494	clean_topk6_selfverify	pred='B'	gold='B'	complete=True	new_tokens=2	duration_s=5.52
CALL geometry3k_test_2494 confidence_gated_topk6
OK	geometry3k_test_2494	confidence_gated_topk6	pred='B'	gold='B'	complete=True	new_tokens=2	duration_s=5.55
CALL geometry3k_test_2494 irrelevant_trusted
OK	geometry3k_test_2494	irrelevant_trusted	pred='B'	gold='B'	complete=True	new_tokens=2	duration_s=5.25
CALL geometry3k_test_2494 irrelevant_warned
OK	geometry3k_test_2494	irrelevant_warned	pred='B'	gold='B'	complete=True	new_tokens=2	duration_s=5.26
CALL geometry3k_test_2494 corrupt_trusted
OK	geometry3k_test_2494	corrupt_trusted	pred='B'	gold='B'	complete=True	new_tokens=2	duration_s=5.53
CALL geometry3k_test_2494 corrupt_warned
OK	geometry3k_test_2494	corrupt_warned	pred='B'	gold='B'	complete=True	new_tokens=2	duration_s=5.53
CALL geometry3k_test_2494 contradictory_trusted
OK	geometry3k_test_2494	contradictory_trusted	pred='B'	gold='B'	complete=True	new_tokens=2	duration_s=5.52
CALL geometry3k_test_2494 contradictory_selfverify
OK	geometry3k_test_2494	contradictory_selfverify	pred='B'	gold='B'	complete=True	new_tokens=2	duration_s=5.55
CALL geometry3k_test_2495 raw
OK	geometry3k_test_2495	raw	pred='C'	gold='C'	complete=True	new_tokens=2	duration_s=4.41
CALL geometry3k_test_2495 clean_topk6_cautious
OK	geometry3k_test_2495	clean_topk6_cautious	pred='C'	gold='C'	complete=True	new_tokens=2	duration_s=5.00
CALL geometry3k_test_2495 clean_topk6_trusted
OK	geometry3k_test_2495	clean_topk6_trusted	pred='C'	gold='C'	complete=True	new_tokens=2	duration_s=4.99
CALL geometry3k_test_2495 clean_topk6_selfverify
OK	geometry3k_test_2495	clean_topk6_selfverify	pred='C'	gold='C'	complete=True	new_tokens=2	duration_s=4.98
CALL geometry3k_test_2495 confidence_gated_topk6
OK	geometry3k_test_2495	confidence_gated_topk6	pred='C'	gold='C'	complete=True	new_tokens=2	duration_s=5.00
CALL geometry3k_test_2495 irrelevant_trusted
OK	geometry3k_test_2495	irrelevant_trusted	pred='C'	gold='C'	complete=True	new_tokens=2	duration_s=5.01
CALL geometry3k_test_2495 irrelevant_warned
OK	geometry3k_test_2495	irrelevant_warned	pred='C'	gold='C'	complete=True	new_tokens=2	duration_s=5.03
CALL geometry3k_test_2495 corrupt_trusted
OK	geometry3k_test_2495	corrupt_trusted	pred='C'	gold='C'	complete=True	new_tokens=2	duration_s=5.00
CALL geometry3k_test_2495 corrupt_warned
OK	geometry3k_test_2495	corrupt_warned	pred='C'	gold='C'	complete=True	new_tokens=2	duration_s=5.00
CALL geometry3k_test_2495 contradictory_trusted
OK	geometry3k_test_2495	contradictory_trusted	pred='C'	gold='C'	complete=True	new_tokens=2	duration_s=4.98
CALL geometry3k_test_2495 contradictory_selfverify
OK	geometry3k_test_2495	contradictory_selfverify	pred='C'	gold='C'	complete=True	new_tokens=2	duration_s=5.00
CALL geometry3k_test_2496 raw
OK	geometry3k_test_2496	raw	pred='A'	gold='A'	complete=True	new_tokens=2	duration_s=3.87
CALL geometry3k_test_2496 clean_topk6_cautious
OK	geometry3k_test_2496	clean_topk6_cautious	pred='A'	gold='A'	complete=True	new_tokens=2	duration_s=4.23
CALL geometry3k_test_2496 clean_topk6_trusted
OK	geometry3k_test_2496	clean_topk6_trusted	pred='A'	gold='A'	complete=True	new_tokens=2	duration_s=4.22
CALL geometry3k_test_2496 clean_topk6_selfverify
OK	geometry3k_test_2496	clean_topk6_selfverify	pred='A'	gold='A'	complete=True	new_tokens=2	duration_s=4.22
CALL geometry3k_test_2496 confidence_gated_topk6
OK	geometry3k_test_2496	confidence_gated_topk6	pred='A'	gold='A'	complete=True	new_tokens=2	duration_s=4.47
CALL geometry3k_test_2496 irrelevant_trusted
OK	geometry3k_test_2496	irrelevant_trusted	pred='A'	gold='A'	complete=True	new_tokens=2	duration_s=4.24
CALL geometry3k_test_2496 irrelevant_warned
OK	geometry3k_test_2496	irrelevant_warned	pred='A'	gold='A'	complete=True	new_tokens=2	duration_s=4.46
CALL geometry3k_test_2496 corrupt_trusted
OK	geometry3k_test_2496	corrupt_trusted	pred='A'	gold='A'	complete=True	new_tokens=2	duration_s=4.22
CALL geometry3k_test_2496 corrupt_warned
OK	geometry3k_test_2496	corrupt_warned	pred='A'	gold='A'	complete=True	new_tokens=2	duration_s=4.23
CALL geometry3k_test_2496 contradictory_trusted
OK	geometry3k_test_2496	contradictory_trusted	pred='A'	gold='A'	complete=True	new_tokens=2	duration_s=4.23
CALL geometry3k_test_2496 contradictory_selfverify
OK	geometry3k_test_2496	contradictory_selfverify	pred='A'	gold='A'	complete=True	new_tokens=2	duration_s=4.22
CALL geometry3k_test_2497 raw
FAIL	geometry3k_test_2497	raw	pred='C'	gold='D'	complete=True	new_tokens=2	duration_s=9.35
CALL geometry3k_test_2497 clean_topk6_cautious
FAIL	geometry3k_test_2497	clean_topk6_cautious	pred='C'	gold='D'	complete=True	new_tokens=8	duration_s=10.57
CALL geometry3k_test_2497 clean_topk6_trusted
FAIL	geometry3k_test_2497	clean_topk6_trusted	pred='C'	gold='D'	complete=True	new_tokens=8	duration_s=10.58
CALL geometry3k_test_2497 clean_topk6_selfverify
FAIL	geometry3k_test_2497	clean_topk6_selfverify	pred='C'	gold='D'	complete=True	new_tokens=2	duration_s=10.05
CALL geometry3k_test_2497 confidence_gated_topk6
FAIL	geometry3k_test_2497	confidence_gated_topk6	pred='C'	gold='D'	complete=True	new_tokens=2	duration_s=10.69
CALL geometry3k_test_2497 irrelevant_trusted
FAIL	geometry3k_test_2497	irrelevant_trusted	pred='C'	gold='D'	complete=True	new_tokens=2	duration_s=10.02
CALL geometry3k_test_2497 irrelevant_warned
FAIL	geometry3k_test_2497	irrelevant_warned	pred='C'	gold='D'	complete=True	new_tokens=2	duration_s=9.99
CALL geometry3k_test_2497 corrupt_trusted
FAIL	geometry3k_test_2497	corrupt_trusted	pred='C'	gold='D'	complete=True	new_tokens=8	duration_s=10.56
CALL geometry3k_test_2497 corrupt_warned
FAIL	geometry3k_test_2497	corrupt_warned	pred='C'	gold='D'	complete=True	new_tokens=2	duration_s=9.99
CALL geometry3k_test_2497 contradictory_trusted
FAIL	geometry3k_test_2497	contradictory_trusted	pred='C'	gold='D'	complete=True	new_tokens=8	duration_s=10.55
CALL geometry3k_test_2497 contradictory_selfverify
FAIL	geometry3k_test_2497	contradictory_selfverify	pred='C'	gold='D'	complete=True	new_tokens=2	duration_s=10.05
CALL geometry3k_test_2498 raw
OK	geometry3k_test_2498	raw	pred='D'	gold='D'	complete=True	new_tokens=2	duration_s=6.70
CALL geometry3k_test_2498 clean_topk6_cautious
OK	geometry3k_test_2498	clean_topk6_cautious	pred='D'	gold='D'	complete=True	new_tokens=2	duration_s=7.34
CALL geometry3k_test_2498 clean_topk6_trusted
OK	geometry3k_test_2498	clean_topk6_trusted	pred='D'	gold='D'	complete=True	new_tokens=2	duration_s=7.01
CALL geometry3k_test_2498 clean_topk6_selfverify
OK	geometry3k_test_2498	clean_topk6_selfverify	pred='D'	gold='D'	complete=True	new_tokens=2	duration_s=7.30
CALL geometry3k_test_2498 confidence_gated_topk6
OK	geometry3k_test_2498	confidence_gated_topk6	pred='D'	gold='D'	complete=True	new_tokens=2	duration_s=7.68
CALL geometry3k_test_2498 irrelevant_trusted
OK	geometry3k_test_2498	irrelevant_trusted	pred='D'	gold='D'	complete=True	new_tokens=2	duration_s=7.34
CALL geometry3k_test_2498 irrelevant_warned
OK	geometry3k_test_2498	irrelevant_warned	pred='D'	gold='D'	complete=True	new_tokens=2	duration_s=7.34
CALL geometry3k_test_2498 corrupt_trusted
OK	geometry3k_test_2498	corrupt_trusted	pred='D'	gold='D'	complete=True	new_tokens=2	duration_s=7.02
CALL geometry3k_test_2498 corrupt_warned
OK	geometry3k_test_2498	corrupt_warned	pred='D'	gold='D'	complete=True	new_tokens=2	duration_s=7.05
CALL geometry3k_test_2498 contradictory_trusted
OK	geometry3k_test_2498	contradictory_trusted	pred='D'	gold='D'	complete=True	new_tokens=2	duration_s=7.01
CALL geometry3k_test_2498 contradictory_selfverify
OK	geometry3k_test_2498	contradictory_selfverify	pred='D'	gold='D'	complete=True	new_tokens=2	duration_s=6.99
CALL geometry3k_test_2499 raw
FAIL	geometry3k_test_2499	raw	pred='C'	gold='D'	complete=True	new_tokens=2	duration_s=4.20
CALL geometry3k_test_2499 clean_topk6_cautious
FAIL	geometry3k_test_2499	clean_topk6_cautious	pred='C'	gold='D'	complete=True	new_tokens=2	duration_s=4.77
CALL geometry3k_test_2499 clean_topk6_trusted
FAIL	geometry3k_test_2499	clean_topk6_trusted	pred='C'	gold='D'	complete=True	new_tokens=2	duration_s=4.76
CALL geometry3k_test_2499 clean_topk6_selfverify
FAIL	geometry3k_test_2499	clean_topk6_selfverify	pred='C'	gold='D'	complete=True	new_tokens=2	duration_s=4.78
CALL geometry3k_test_2499 confidence_gated_topk6
FAIL	geometry3k_test_2499	confidence_gated_topk6	pred='C'	gold='D'	complete=True	new_tokens=2	duration_s=4.53
CALL geometry3k_test_2499 irrelevant_trusted
FAIL	geometry3k_test_2499	irrelevant_trusted	pred='C'	gold='D'	complete=True	new_tokens=2	duration_s=4.81
CALL geometry3k_test_2499 irrelevant_warned
FAIL	geometry3k_test_2499	irrelevant_warned	pred='C'	gold='D'	complete=True	new_tokens=2	duration_s=4.81
CALL geometry3k_test_2499 corrupt_trusted
OK	geometry3k_test_2499	corrupt_trusted	pred='D'	gold='D'	complete=True	new_tokens=2	duration_s=4.79
CALL geometry3k_test_2499 corrupt_warned
FAIL	geometry3k_test_2499	corrupt_warned	pred='C'	gold='D'	complete=True	new_tokens=2	duration_s=4.80
CALL geometry3k_test_2499 contradictory_trusted
OK	geometry3k_test_2499	contradictory_trusted	pred='D'	gold='D'	complete=True	new_tokens=2	duration_s=4.76
CALL geometry3k_test_2499 contradictory_selfverify
OK	geometry3k_test_2499	contradictory_selfverify	pred='D'	gold='D'	complete=True	new_tokens=2	duration_s=4.77
CALL geometry3k_test_2500 raw
FAIL	geometry3k_test_2500	raw	pred='B'	gold='A'	complete=True	new_tokens=2	duration_s=12.68
CALL geometry3k_test_2500 clean_topk6_cautious
FAIL	geometry3k_test_2500	clean_topk6_cautious	pred='B'	gold='A'	complete=True	new_tokens=2	duration_s=13.38
CALL geometry3k_test_2500 clean_topk6_trusted
FAIL	geometry3k_test_2500	clean_topk6_trusted	pred='B'	gold='A'	complete=True	new_tokens=2	duration_s=13.31
CALL geometry3k_test_2500 clean_topk6_selfverify
FAIL	geometry3k_test_2500	clean_topk6_selfverify	pred='B'	gold='A'	complete=True	new_tokens=2	duration_s=13.30
CALL geometry3k_test_2500 confidence_gated_topk6
FAIL	geometry3k_test_2500	confidence_gated_topk6	pred='B'	gold='A'	complete=True	new_tokens=2	duration_s=14.06
CALL geometry3k_test_2500 irrelevant_trusted
FAIL	geometry3k_test_2500	irrelevant_trusted	pred='B'	gold='A'	complete=True	new_tokens=2	duration_s=13.05
CALL geometry3k_test_2500 irrelevant_warned
FAIL	geometry3k_test_2500	irrelevant_warned	pred='B'	gold='A'	complete=True	new_tokens=2	duration_s=13.31
CALL geometry3k_test_2500 corrupt_trusted
FAIL	geometry3k_test_2500	corrupt_trusted	pred='B'	gold='A'	complete=True	new_tokens=2	duration_s=13.33
CALL geometry3k_test_2500 corrupt_warned
FAIL	geometry3k_test_2500	corrupt_warned	pred='B'	gold='A'	complete=True	new_tokens=2	duration_s=13.32
CALL geometry3k_test_2500 contradictory_trusted
FAIL	geometry3k_test_2500	contradictory_trusted	pred='B'	gold='A'	complete=True	new_tokens=2	duration_s=13.33
CALL geometry3k_test_2500 contradictory_selfverify
FAIL	geometry3k_test_2500	contradictory_selfverify	pred='B'	gold='A'	complete=True	new_tokens=2	duration_s=13.32
CALL geometry3k_test_2501 raw
OK	geometry3k_test_2501	raw	pred='B'	gold='B'	complete=True	new_tokens=2	duration_s=17.75
CALL geometry3k_test_2501 clean_topk6_cautious
OK	geometry3k_test_2501	clean_topk6_cautious	pred='B'	gold='B'	complete=True	new_tokens=2	duration_s=18.37
CALL geometry3k_test_2501 clean_topk6_trusted
OK	geometry3k_test_2501	clean_topk6_trusted	pred='B'	gold='B'	complete=True	new_tokens=2	duration_s=18.35
CALL geometry3k_test_2501 clean_topk6_selfverify
OK	geometry3k_test_2501	clean_topk6_selfverify	pred='B'	gold='B'	complete=True	new_tokens=2	duration_s=18.35
CALL geometry3k_test_2501 confidence_gated_topk6
OK	geometry3k_test_2501	confidence_gated_topk6	pred='B'	gold='B'	complete=True	new_tokens=2	duration_s=19.07
CALL geometry3k_test_2501 irrelevant_trusted
OK	geometry3k_test_2501	irrelevant_trusted	pred='B'	gold='B'	complete=True	new_tokens=2	duration_s=18.40
CALL geometry3k_test_2501 irrelevant_warned
OK	geometry3k_test_2501	irrelevant_warned	pred='B'	gold='B'	complete=True	new_tokens=2	duration_s=18.37
CALL geometry3k_test_2501 corrupt_trusted
OK	geometry3k_test_2501	corrupt_trusted	pred='B'	gold='B'	complete=True	new_tokens=2	duration_s=18.40
CALL geometry3k_test_2501 corrupt_warned
OK	geometry3k_test_2501	corrupt_warned	pred='B'	gold='B'	complete=True	new_tokens=2	duration_s=18.35
CALL geometry3k_test_2501 contradictory_trusted
OK	geometry3k_test_2501	contradictory_trusted	pred='B'	gold='B'	complete=True	new_tokens=2	duration_s=18.34
CALL geometry3k_test_2501 contradictory_selfverify
OK	geometry3k_test_2501	contradictory_selfverify	pred='B'	gold='B'	complete=True	new_tokens=2	duration_s=18.33
CALL geometry3k_test_2502 raw
FAIL	geometry3k_test_2502	raw	pred='C'	gold='A'	complete=True	new_tokens=2	duration_s=9.99
CALL geometry3k_test_2502 clean_topk6_cautious
FAIL	geometry3k_test_2502	clean_topk6_cautious	pred='C'	gold='A'	complete=True	new_tokens=2	duration_s=10.64
CALL geometry3k_test_2502 clean_topk6_trusted
FAIL	geometry3k_test_2502	clean_topk6_trusted	pred='C'	gold='A'	complete=True	new_tokens=2	duration_s=10.60
CALL geometry3k_test_2502 clean_topk6_selfverify
FAIL	geometry3k_test_2502	clean_topk6_selfverify	pred='C'	gold='A'	complete=True	new_tokens=2	duration_s=10.63
CALL geometry3k_test_2502 confidence_gated_topk6
FAIL	geometry3k_test_2502	confidence_gated_topk6	pred='C'	gold='A'	complete=True	new_tokens=2	duration_s=10.99
CALL geometry3k_test_2502 irrelevant_trusted
FAIL	geometry3k_test_2502	irrelevant_trusted	pred='B'	gold='A'	complete=True	new_tokens=2	duration_s=10.36
CALL geometry3k_test_2502 irrelevant_warned
FAIL	geometry3k_test_2502	irrelevant_warned	pred='C'	gold='A'	complete=True	new_tokens=2	duration_s=10.64
CALL geometry3k_test_2502 corrupt_trusted
FAIL	geometry3k_test_2502	corrupt_trusted	pred='C'	gold='A'	complete=True	new_tokens=2	duration_s=10.64
CALL geometry3k_test_2502 corrupt_warned
FAIL	geometry3k_test_2502	corrupt_warned	pred='C'	gold='A'	complete=True	new_tokens=2	duration_s=10.64
CALL geometry3k_test_2502 contradictory_trusted
FAIL	geometry3k_test_2502	contradictory_trusted	pred='C'	gold='A'	complete=True	new_tokens=2	duration_s=10.65
CALL geometry3k_test_2502 contradictory_selfverify
FAIL	geometry3k_test_2502	contradictory_selfverify	pred='C'	gold='A'	complete=True	new_tokens=2	duration_s=10.60
CALL geometry3k_test_2503 raw
FAIL	geometry3k_test_2503	raw	pred='B'	gold='D'	complete=True	new_tokens=2	duration_s=4.22
CALL geometry3k_test_2503 clean_topk6_cautious
FAIL	geometry3k_test_2503	clean_topk6_cautious	pred='B'	gold='D'	complete=True	new_tokens=2	duration_s=4.80
CALL geometry3k_test_2503 clean_topk6_trusted
FAIL	geometry3k_test_2503	clean_topk6_trusted	pred='B'	gold='D'	complete=True	new_tokens=2	duration_s=4.79
CALL geometry3k_test_2503 clean_topk6_selfverify
FAIL	geometry3k_test_2503	clean_topk6_selfverify	pred='B'	gold='D'	complete=True	new_tokens=2	duration_s=4.80
CALL geometry3k_test_2503 confidence_gated_topk6
FAIL	geometry3k_test_2503	confidence_gated_topk6	pred='B'	gold='D'	complete=True	new_tokens=2	duration_s=5.51
CALL geometry3k_test_2503 irrelevant_trusted
FAIL	geometry3k_test_2503	irrelevant_trusted	pred='B'	gold='D'	complete=True	new_tokens=2	duration_s=4.76
CALL geometry3k_test_2503 irrelevant_warned
FAIL	geometry3k_test_2503	irrelevant_warned	pred='B'	gold='D'	complete=True	new_tokens=2	duration_s=4.81
CALL geometry3k_test_2503 corrupt_trusted
FAIL	geometry3k_test_2503	corrupt_trusted	pred='B'	gold='D'	complete=True	new_tokens=2	duration_s=4.83
CALL geometry3k_test_2503 corrupt_warned
FAIL	geometry3k_test_2503	corrupt_warned	pred='B'	gold='D'	complete=True	new_tokens=2	duration_s=4.83
CALL geometry3k_test_2503 contradictory_trusted
FAIL	geometry3k_test_2503	contradictory_trusted	pred='B'	gold='D'	complete=True	new_tokens=2	duration_s=4.83
CALL geometry3k_test_2503 contradictory_selfverify
FAIL	geometry3k_test_2503	contradictory_selfverify	pred='B'	gold='D'	complete=True	new_tokens=2	duration_s=4.83
CALL geometry3k_test_2504 raw
FAIL	geometry3k_test_2504	raw	pred='C'	gold='D'	complete=True	new_tokens=9	duration_s=5.10
CALL geometry3k_test_2504 clean_topk6_cautious
FAIL	geometry3k_test_2504	clean_topk6_cautious	pred='C'	gold='D'	complete=True	new_tokens=9	duration_s=5.66
CALL geometry3k_test_2504 clean_topk6_trusted
FAIL	geometry3k_test_2504	clean_topk6_trusted	pred='C'	gold='D'	complete=True	new_tokens=9	duration_s=5.66
CALL geometry3k_test_2504 clean_topk6_selfverify
FAIL	geometry3k_test_2504	clean_topk6_selfverify	pred='C'	gold='D'	complete=True	new_tokens=9	duration_s=5.66
CALL geometry3k_test_2504 confidence_gated_topk6
FAIL	geometry3k_test_2504	confidence_gated_topk6	pred='C'	gold='D'	complete=True	new_tokens=9	duration_s=6.12
CALL geometry3k_test_2504 irrelevant_trusted
FAIL	geometry3k_test_2504	irrelevant_trusted	pred='C'	gold='D'	complete=True	new_tokens=9	duration_s=5.70
CALL geometry3k_test_2504 irrelevant_warned
FAIL	geometry3k_test_2504	irrelevant_warned	pred='C'	gold='D'	complete=True	new_tokens=9	duration_s=5.68
CALL geometry3k_test_2504 corrupt_trusted
FAIL	geometry3k_test_2504	corrupt_trusted	pred='C'	gold='D'	complete=True	new_tokens=9	duration_s=5.65
CALL geometry3k_test_2504 corrupt_warned
FAIL	geometry3k_test_2504	corrupt_warned	pred='C'	gold='D'	complete=True	new_tokens=9	duration_s=5.67
CALL geometry3k_test_2504 contradictory_trusted
FAIL	geometry3k_test_2504	contradictory_trusted	pred='C'	gold='D'	complete=True	new_tokens=9	duration_s=5.70
CALL geometry3k_test_2504 contradictory_selfverify
FAIL	geometry3k_test_2504	contradictory_selfverify	pred='C'	gold='D'	complete=True	new_tokens=9	duration_s=5.69
CALL geometry3k_test_2505 raw
FAIL	geometry3k_test_2505	raw	pred='B'	gold='C'	complete=True	new_tokens=2	duration_s=4.21
CALL geometry3k_test_2505 clean_topk6_cautious
FAIL	geometry3k_test_2505	clean_topk6_cautious	pred='B'	gold='C'	complete=True	new_tokens=2	duration_s=4.84
CALL geometry3k_test_2505 clean_topk6_trusted
FAIL	geometry3k_test_2505	clean_topk6_trusted	pred='B'	gold='C'	complete=True	new_tokens=2	duration_s=4.82
CALL geometry3k_test_2505 clean_topk6_selfverify
FAIL	geometry3k_test_2505	clean_topk6_selfverify	pred='B'	gold='C'	complete=True	new_tokens=2	duration_s=4.82
CALL geometry3k_test_2505 confidence_gated_topk6
FAIL	geometry3k_test_2505	confidence_gated_topk6	pred='B'	gold='C'	complete=True	new_tokens=2	duration_s=5.55
CALL geometry3k_test_2505 irrelevant_trusted
FAIL	geometry3k_test_2505	irrelevant_trusted	pred='B'	gold='C'	complete=True	new_tokens=2	duration_s=4.80
CALL geometry3k_test_2505 irrelevant_warned
FAIL	geometry3k_test_2505	irrelevant_warned	pred='B'	gold='C'	complete=True	new_tokens=2	duration_s=4.80
CALL geometry3k_test_2505 corrupt_trusted
FAIL	geometry3k_test_2505	corrupt_trusted	pred='B'	gold='C'	complete=True	new_tokens=2	duration_s=4.82
CALL geometry3k_test_2505 corrupt_warned
FAIL	geometry3k_test_2505	corrupt_warned	pred='B'	gold='C'	complete=True	new_tokens=2	duration_s=4.82
CALL geometry3k_test_2505 contradictory_trusted
FAIL	geometry3k_test_2505	contradictory_trusted	pred='B'	gold='C'	complete=True	new_tokens=2	duration_s=4.84
CALL geometry3k_test_2505 contradictory_selfverify
FAIL	geometry3k_test_2505	contradictory_selfverify	pred='B'	gold='C'	complete=True	new_tokens=2	duration_s=4.82
CALL geometry3k_test_2506 raw
FAIL	geometry3k_test_2506	raw	pred='C'	gold='A'	complete=True	new_tokens=2	duration_s=5.51
CALL geometry3k_test_2506 clean_topk6_cautious
FAIL	geometry3k_test_2506	clean_topk6_cautious	pred='C'	gold='A'	complete=True	new_tokens=2	duration_s=6.14
CALL geometry3k_test_2506 clean_topk6_trusted
FAIL	geometry3k_test_2506	clean_topk6_trusted	pred='C'	gold='A'	complete=True	new_tokens=2	duration_s=6.16
CALL geometry3k_test_2506 clean_topk6_selfverify
FAIL	geometry3k_test_2506	clean_topk6_selfverify	pred='C'	gold='A'	complete=True	new_tokens=2	duration_s=6.15
CALL geometry3k_test_2506 confidence_gated_topk6
FAIL	geometry3k_test_2506	confidence_gated_topk6	pred='C'	gold='A'	complete=True	new_tokens=2	duration_s=6.87
CALL geometry3k_test_2506 irrelevant_trusted
FAIL	geometry3k_test_2506	irrelevant_trusted	pred='C'	gold='A'	complete=True	new_tokens=2	duration_s=6.17
CALL geometry3k_test_2506 irrelevant_warned
FAIL	geometry3k_test_2506	irrelevant_warned	pred='C'	gold='A'	complete=True	new_tokens=2	duration_s=6.13
CALL geometry3k_test_2506 corrupt_trusted
FAIL	geometry3k_test_2506	corrupt_trusted	pred='C'	gold='A'	complete=True	new_tokens=2	duration_s=6.16
CALL geometry3k_test_2506 corrupt_warned
FAIL	geometry3k_test_2506	corrupt_warned	pred='C'	gold='A'	complete=True	new_tokens=2	duration_s=6.14
CALL geometry3k_test_2506 contradictory_trusted
FAIL	geometry3k_test_2506	contradictory_trusted	pred='C'	gold='A'	complete=True	new_tokens=2	duration_s=6.15
CALL geometry3k_test_2506 contradictory_selfverify
FAIL	geometry3k_test_2506	contradictory_selfverify	pred='C'	gold='A'	complete=True	new_tokens=2	duration_s=6.13
CALL geometry3k_test_2507 raw
FAIL	geometry3k_test_2507	raw	pred='B'	gold='A'	complete=True	new_tokens=2	duration_s=20.62
CALL geometry3k_test_2507 clean_topk6_cautious
FAIL	geometry3k_test_2507	clean_topk6_cautious	pred='B'	gold='A'	complete=True	new_tokens=2	duration_s=21.00
CALL geometry3k_test_2507 clean_topk6_trusted
FAIL	geometry3k_test_2507	clean_topk6_trusted	pred='B'	gold='A'	complete=True	new_tokens=2	duration_s=21.02
CALL geometry3k_test_2507 clean_topk6_selfverify
FAIL	geometry3k_test_2507	clean_topk6_selfverify	pred='B'	gold='A'	complete=True	new_tokens=2	duration_s=21.26
CALL geometry3k_test_2507 confidence_gated_topk6
FAIL	geometry3k_test_2507	confidence_gated_topk6	pred='B'	gold='A'	complete=True	new_tokens=2	duration_s=21.97
CALL geometry3k_test_2507 irrelevant_trusted
FAIL	geometry3k_test_2507	irrelevant_trusted	pred='B'	gold='A'	complete=True	new_tokens=2	duration_s=20.93
CALL geometry3k_test_2507 irrelevant_warned
FAIL	geometry3k_test_2507	irrelevant_warned	pred='B'	gold='A'	complete=True	new_tokens=2	duration_s=20.89
CALL geometry3k_test_2507 corrupt_trusted
FAIL	geometry3k_test_2507	corrupt_trusted	pred='B'	gold='A'	complete=True	new_tokens=2	duration_s=20.94
CALL geometry3k_test_2507 corrupt_warned
FAIL	geometry3k_test_2507	corrupt_warned	pred='B'	gold='A'	complete=True	new_tokens=2	duration_s=20.91
CALL geometry3k_test_2507 contradictory_trusted
FAIL	geometry3k_test_2507	contradictory_trusted	pred='B'	gold='A'	complete=True	new_tokens=2	duration_s=20.91
CALL geometry3k_test_2507 contradictory_selfverify
FAIL	geometry3k_test_2507	contradictory_selfverify	pred='B'	gold='A'	complete=True	new_tokens=2	duration_s=20.87
CALL geometry3k_test_2508 raw
OK	geometry3k_test_2508	raw	pred='B'	gold='B'	complete=True	new_tokens=2	duration_s=6.95
CALL geometry3k_test_2508 clean_topk6_cautious
OK	geometry3k_test_2508	clean_topk6_cautious	pred='B'	gold='B'	complete=True	new_tokens=2	duration_s=7.56
CALL geometry3k_test_2508 clean_topk6_trusted
OK	geometry3k_test_2508	clean_topk6_trusted	pred='B'	gold='B'	complete=True	new_tokens=2	duration_s=7.59
CALL geometry3k_test_2508 clean_topk6_selfverify
OK	geometry3k_test_2508	clean_topk6_selfverify	pred='B'	gold='B'	complete=True	new_tokens=2	duration_s=7.59
CALL geometry3k_test_2508 confidence_gated_topk6
OK	geometry3k_test_2508	confidence_gated_topk6	pred='B'	gold='B'	complete=True	new_tokens=2	duration_s=7.62
CALL geometry3k_test_2508 irrelevant_trusted
OK	geometry3k_test_2508	irrelevant_trusted	pred='B'	gold='B'	complete=True	new_tokens=2	duration_s=7.56
CALL geometry3k_test_2508 irrelevant_warned
OK	geometry3k_test_2508	irrelevant_warned	pred='B'	gold='B'	complete=True	new_tokens=2	duration_s=7.60
CALL geometry3k_test_2508 corrupt_trusted
OK	geometry3k_test_2508	corrupt_trusted	pred='B'	gold='B'	complete=True	new_tokens=2	duration_s=7.63
CALL geometry3k_test_2508 corrupt_warned
OK	geometry3k_test_2508	corrupt_warned	pred='B'	gold='B'	complete=True	new_tokens=2	duration_s=7.29
CALL geometry3k_test_2508 contradictory_trusted
OK	geometry3k_test_2508	contradictory_trusted	pred='B'	gold='B'	complete=True	new_tokens=2	duration_s=7.60
CALL geometry3k_test_2508 contradictory_selfverify
OK	geometry3k_test_2508	contradictory_selfverify	pred='B'	gold='B'	complete=True	new_tokens=2	duration_s=7.60
CALL geometry3k_test_2509 raw
OK	geometry3k_test_2509	raw	pred='B'	gold='B'	complete=True	new_tokens=2	duration_s=6.06
CALL geometry3k_test_2509 clean_topk6_cautious
OK	geometry3k_test_2509	clean_topk6_cautious	pred='B'	gold='B'	complete=True	new_tokens=2	duration_s=6.70
CALL geometry3k_test_2509 clean_topk6_trusted
OK	geometry3k_test_2509	clean_topk6_trusted	pred='B'	gold='B'	complete=True	new_tokens=2	duration_s=6.72
CALL geometry3k_test_2509 clean_topk6_selfverify
OK	geometry3k_test_2509	clean_topk6_selfverify	pred='B'	gold='B'	complete=True	new_tokens=2	duration_s=6.74
CALL geometry3k_test_2509 confidence_gated_topk6
OK	geometry3k_test_2509	confidence_gated_topk6	pred='B'	gold='B'	complete=True	new_tokens=2	duration_s=7.39
CALL geometry3k_test_2509 irrelevant_trusted
OK	geometry3k_test_2509	irrelevant_trusted	pred='B'	gold='B'	complete=True	new_tokens=2	duration_s=6.70
CALL geometry3k_test_2509 irrelevant_warned
OK	geometry3k_test_2509	irrelevant_warned	pred='B'	gold='B'	complete=True	new_tokens=2	duration_s=6.71
CALL geometry3k_test_2509 corrupt_trusted
OK	geometry3k_test_2509	corrupt_trusted	pred='B'	gold='B'	complete=True	new_tokens=2	duration_s=6.75
CALL geometry3k_test_2509 corrupt_warned
OK	geometry3k_test_2509	corrupt_warned	pred='B'	gold='B'	complete=True	new_tokens=2	duration_s=6.71
CALL geometry3k_test_2509 contradictory_trusted
OK	geometry3k_test_2509	contradictory_trusted	pred='B'	gold='B'	complete=True	new_tokens=2	duration_s=6.72
CALL geometry3k_test_2509 contradictory_selfverify
OK	geometry3k_test_2509	contradictory_selfverify	pred='B'	gold='B'	complete=True	new_tokens=2	duration_s=6.74
CALL geometry3k_test_2510 raw
OK	geometry3k_test_2510	raw	pred='A'	gold='A'	complete=True	new_tokens=2	duration_s=15.25
CALL geometry3k_test_2510 clean_topk6_cautious
OK	geometry3k_test_2510	clean_topk6_cautious	pred='A'	gold='A'	complete=True	new_tokens=2	duration_s=15.93
CALL geometry3k_test_2510 clean_topk6_trusted
OK	geometry3k_test_2510	clean_topk6_trusted	pred='A'	gold='A'	complete=True	new_tokens=2	duration_s=15.89
CALL geometry3k_test_2510 clean_topk6_selfverify
OK	geometry3k_test_2510	clean_topk6_selfverify	pred='A'	gold='A'	complete=True	new_tokens=2	duration_s=15.89
CALL geometry3k_test_2510 confidence_gated_topk6
OK	geometry3k_test_2510	confidence_gated_topk6	pred='A'	gold='A'	complete=True	new_tokens=2	duration_s=16.61
CALL geometry3k_test_2510 irrelevant_trusted
OK	geometry3k_test_2510	irrelevant_trusted	pred='A'	gold='A'	complete=True	new_tokens=2	duration_s=15.87
CALL geometry3k_test_2510 irrelevant_warned
OK	geometry3k_test_2510	irrelevant_warned	pred='A'	gold='A'	complete=True	new_tokens=2	duration_s=15.90
CALL geometry3k_test_2510 corrupt_trusted
OK	geometry3k_test_2510	corrupt_trusted	pred='A'	gold='A'	complete=True	new_tokens=2	duration_s=15.84
CALL geometry3k_test_2510 corrupt_warned
OK	geometry3k_test_2510	corrupt_warned	pred='A'	gold='A'	complete=True	new_tokens=2	duration_s=15.88
CALL geometry3k_test_2510 contradictory_trusted
OK	geometry3k_test_2510	contradictory_trusted	pred='A'	gold='A'	complete=True	new_tokens=2	duration_s=15.87
CALL geometry3k_test_2510 contradictory_selfverify
OK	geometry3k_test_2510	contradictory_selfverify	pred='A'	gold='A'	complete=True	new_tokens=2	duration_s=15.86
CALL geometry3k_test_2511 raw
OK	geometry3k_test_2511	raw	pred='C'	gold='C'	complete=True	new_tokens=8	duration_s=11.03
CALL geometry3k_test_2511 clean_topk6_cautious
OK	geometry3k_test_2511	clean_topk6_cautious	pred='C'	gold='C'	complete=True	new_tokens=8	duration_s=11.65
CALL geometry3k_test_2511 clean_topk6_trusted
OK	geometry3k_test_2511	clean_topk6_trusted	pred='C'	gold='C'	complete=True	new_tokens=8	duration_s=11.60
CALL geometry3k_test_2511 clean_topk6_selfverify
OK	geometry3k_test_2511	clean_topk6_selfverify	pred='C'	gold='C'	complete=True	new_tokens=2	duration_s=11.10
CALL geometry3k_test_2511 confidence_gated_topk6
OK	geometry3k_test_2511	confidence_gated_topk6	pred='C'	gold='C'	complete=True	new_tokens=8	duration_s=12.05
CALL geometry3k_test_2511 irrelevant_trusted
OK	geometry3k_test_2511	irrelevant_trusted	pred='C'	gold='C'	complete=True	new_tokens=8	duration_s=11.68
CALL geometry3k_test_2511 irrelevant_warned
OK	geometry3k_test_2511	irrelevant_warned	pred='C'	gold='C'	complete=True	new_tokens=8	duration_s=11.65
CALL geometry3k_test_2511 corrupt_trusted
OK	geometry3k_test_2511	corrupt_trusted	pred='C'	gold='C'	complete=True	new_tokens=8	duration_s=11.66
CALL geometry3k_test_2511 corrupt_warned
OK	geometry3k_test_2511	corrupt_warned	pred='C'	gold='C'	complete=True	new_tokens=8	duration_s=11.61
CALL geometry3k_test_2511 contradictory_trusted
OK	geometry3k_test_2511	contradictory_trusted	pred='C'	gold='C'	complete=True	new_tokens=8	duration_s=11.64
CALL geometry3k_test_2511 contradictory_selfverify
OK	geometry3k_test_2511	contradictory_selfverify	pred='C'	gold='C'	complete=True	new_tokens=2	duration_s=11.15
CALL geometry3k_test_2512 raw
OK	geometry3k_test_2512	raw	pred='B'	gold='B'	complete=True	new_tokens=2	duration_s=5.84
CALL geometry3k_test_2512 clean_topk6_cautious
OK	geometry3k_test_2512	clean_topk6_cautious	pred='B'	gold='B'	complete=True	new_tokens=2	duration_s=6.17
CALL geometry3k_test_2512 clean_topk6_trusted
OK	geometry3k_test_2512	clean_topk6_trusted	pred='B'	gold='B'	complete=True	new_tokens=2	duration_s=6.13
CALL geometry3k_test_2512 clean_topk6_selfverify
OK	geometry3k_test_2512	clean_topk6_selfverify	pred='B'	gold='B'	complete=True	new_tokens=2	duration_s=6.15
CALL geometry3k_test_2512 confidence_gated_topk6
OK	geometry3k_test_2512	confidence_gated_topk6	pred='B'	gold='B'	complete=True	new_tokens=2	duration_s=6.12
CALL geometry3k_test_2512 irrelevant_trusted
OK	geometry3k_test_2512	irrelevant_trusted	pred='B'	gold='B'	complete=True	new_tokens=2	duration_s=6.16
CALL geometry3k_test_2512 irrelevant_warned
OK	geometry3k_test_2512	irrelevant_warned	pred='B'	gold='B'	complete=True	new_tokens=2	duration_s=6.14
CALL geometry3k_test_2512 corrupt_trusted
OK	geometry3k_test_2512	corrupt_trusted	pred='B'	gold='B'	complete=True	new_tokens=2	duration_s=6.15
CALL geometry3k_test_2512 corrupt_warned
OK	geometry3k_test_2512	corrupt_warned	pred='B'	gold='B'	complete=True	new_tokens=2	duration_s=6.12
CALL geometry3k_test_2512 contradictory_trusted
OK	geometry3k_test_2512	contradictory_trusted	pred='B'	gold='B'	complete=True	new_tokens=2	duration_s=6.15
CALL geometry3k_test_2512 contradictory_selfverify
OK	geometry3k_test_2512	contradictory_selfverify	pred='B'	gold='B'	complete=True	new_tokens=2	duration_s=6.12
CALL geometry3k_test_2513 raw
FAIL	geometry3k_test_2513	raw	pred='C'	gold='A'	complete=True	new_tokens=2	duration_s=7.78
CALL geometry3k_test_2513 clean_topk6_cautious
FAIL	geometry3k_test_2513	clean_topk6_cautious	pred='B'	gold='A'	complete=True	new_tokens=2	duration_s=8.34
CALL geometry3k_test_2513 clean_topk6_trusted
FAIL	geometry3k_test_2513	clean_topk6_trusted	pred='B'	gold='A'	complete=True	new_tokens=2	duration_s=8.37
CALL geometry3k_test_2513 clean_topk6_selfverify
FAIL	geometry3k_test_2513	clean_topk6_selfverify	pred='C'	gold='A'	complete=True	new_tokens=2	duration_s=8.36
CALL geometry3k_test_2513 confidence_gated_topk6
FAIL	geometry3k_test_2513	confidence_gated_topk6	pred='C'	gold='A'	complete=True	new_tokens=2	duration_s=9.00
CALL geometry3k_test_2513 irrelevant_trusted
FAIL	geometry3k_test_2513	irrelevant_trusted	pred='C'	gold='A'	complete=True	new_tokens=2	duration_s=8.03
CALL geometry3k_test_2513 irrelevant_warned
FAIL	geometry3k_test_2513	irrelevant_warned	pred='C'	gold='A'	complete=True	new_tokens=2	duration_s=8.33
CALL geometry3k_test_2513 corrupt_trusted
OK	geometry3k_test_2513	corrupt_trusted	pred='A'	gold='A'	complete=True	new_tokens=2	duration_s=8.34
CALL geometry3k_test_2513 corrupt_warned
FAIL	geometry3k_test_2513	corrupt_warned	pred='C'	gold='A'	complete=True	new_tokens=2	duration_s=8.33
CALL geometry3k_test_2513 contradictory_trusted
OK	geometry3k_test_2513	contradictory_trusted	pred='A'	gold='A'	complete=True	new_tokens=2	duration_s=8.38
CALL geometry3k_test_2513 contradictory_selfverify
FAIL	geometry3k_test_2513	contradictory_selfverify	pred='C'	gold='A'	complete=True	new_tokens=2	duration_s=8.34
CALL geometry3k_test_2514 raw
FAIL	geometry3k_test_2514	raw	pred='C'	gold='A'	complete=True	new_tokens=2	duration_s=4.11
CALL geometry3k_test_2514 clean_topk6_cautious
FAIL	geometry3k_test_2514	clean_topk6_cautious	pred='C'	gold='A'	complete=True	new_tokens=2	duration_s=4.72
CALL geometry3k_test_2514 clean_topk6_trusted
FAIL	geometry3k_test_2514	clean_topk6_trusted	pred='C'	gold='A'	complete=True	new_tokens=2	duration_s=4.70
CALL geometry3k_test_2514 clean_topk6_selfverify
FAIL	geometry3k_test_2514	clean_topk6_selfverify	pred='C'	gold='A'	complete=True	new_tokens=2	duration_s=4.69
CALL geometry3k_test_2514 confidence_gated_topk6
FAIL	geometry3k_test_2514	confidence_gated_topk6	pred='C'	gold='A'	complete=True	new_tokens=2	duration_s=5.43
CALL geometry3k_test_2514 irrelevant_trusted
FAIL	geometry3k_test_2514	irrelevant_trusted	pred='C'	gold='A'	complete=True	new_tokens=2	duration_s=4.73
CALL geometry3k_test_2514 irrelevant_warned
FAIL	geometry3k_test_2514	irrelevant_warned	pred='C'	gold='A'	complete=True	new_tokens=2	duration_s=4.69
CALL geometry3k_test_2514 corrupt_trusted
FAIL	geometry3k_test_2514	corrupt_trusted	pred='B'	gold='A'	complete=True	new_tokens=2	duration_s=4.71
CALL geometry3k_test_2514 corrupt_warned
FAIL	geometry3k_test_2514	corrupt_warned	pred='C'	gold='A'	complete=True	new_tokens=2	duration_s=4.71
CALL geometry3k_test_2514 contradictory_trusted
FAIL	geometry3k_test_2514	contradictory_trusted	pred='B'	gold='A'	complete=True	new_tokens=2	duration_s=4.70
CALL geometry3k_test_2514 contradictory_selfverify
FAIL	geometry3k_test_2514	contradictory_selfverify	pred='C'	gold='A'	complete=True	new_tokens=2	duration_s=4.72
CALL geometry3k_test_2515 raw
OK	geometry3k_test_2515	raw	pred='B'	gold='B'	complete=True	new_tokens=2	duration_s=17.94
CALL geometry3k_test_2515 clean_topk6_cautious
OK	geometry3k_test_2515	clean_topk6_cautious	pred='B'	gold='B'	complete=True	new_tokens=2	duration_s=18.55
CALL geometry3k_test_2515 clean_topk6_trusted
OK	geometry3k_test_2515	clean_topk6_trusted	pred='B'	gold='B'	complete=True	new_tokens=2	duration_s=18.53
CALL geometry3k_test_2515 clean_topk6_selfverify
OK	geometry3k_test_2515	clean_topk6_selfverify	pred='B'	gold='B'	complete=True	new_tokens=2	duration_s=18.58
CALL geometry3k_test_2515 confidence_gated_topk6
OK	geometry3k_test_2515	confidence_gated_topk6	pred='B'	gold='B'	complete=True	new_tokens=2	duration_s=19.25
CALL geometry3k_test_2515 irrelevant_trusted
OK	geometry3k_test_2515	irrelevant_trusted	pred='B'	gold='B'	complete=True	new_tokens=2	duration_s=18.31
CALL geometry3k_test_2515 irrelevant_warned
OK	geometry3k_test_2515	irrelevant_warned	pred='B'	gold='B'	complete=True	new_tokens=2	duration_s=18.28
CALL geometry3k_test_2515 corrupt_trusted
OK	geometry3k_test_2515	corrupt_trusted	pred='B'	gold='B'	complete=True	new_tokens=2	duration_s=18.26
CALL geometry3k_test_2515 corrupt_warned
OK	geometry3k_test_2515	corrupt_warned	pred='B'	gold='B'	complete=True	new_tokens=2	duration_s=18.28
CALL geometry3k_test_2515 contradictory_trusted
OK	geometry3k_test_2515	contradictory_trusted	pred='B'	gold='B'	complete=True	new_tokens=2	duration_s=18.53
CALL geometry3k_test_2515 contradictory_selfverify
OK	geometry3k_test_2515	contradictory_selfverify	pred='B'	gold='B'	complete=True	new_tokens=2	duration_s=18.52
CALL geometry3k_test_2516 raw
FAIL	geometry3k_test_2516	raw	pred='B'	gold='C'	complete=True	new_tokens=2	duration_s=11.35
CALL geometry3k_test_2516 clean_topk6_cautious
FAIL	geometry3k_test_2516	clean_topk6_cautious	pred='B'	gold='C'	complete=True	new_tokens=2	duration_s=11.76
CALL geometry3k_test_2516 clean_topk6_trusted
FAIL	geometry3k_test_2516	clean_topk6_trusted	pred='B'	gold='C'	complete=True	new_tokens=2	duration_s=11.73
CALL geometry3k_test_2516 clean_topk6_selfverify
FAIL	geometry3k_test_2516	clean_topk6_selfverify	pred='B'	gold='C'	complete=True	new_tokens=2	duration_s=11.73
CALL geometry3k_test_2516 confidence_gated_topk6
FAIL	geometry3k_test_2516	confidence_gated_topk6	pred='B'	gold='C'	complete=True	new_tokens=2	duration_s=12.44
CALL geometry3k_test_2516 irrelevant_trusted
OK	geometry3k_test_2516	irrelevant_trusted	pred='C'	gold='C'	complete=True	new_tokens=2	duration_s=11.76
CALL geometry3k_test_2516 irrelevant_warned
OK	geometry3k_test_2516	irrelevant_warned	pred='C'	gold='C'	complete=True	new_tokens=2	duration_s=11.72
CALL geometry3k_test_2516 corrupt_trusted
FAIL	geometry3k_test_2516	corrupt_trusted	pred='B'	gold='C'	complete=True	new_tokens=2	duration_s=11.74
CALL geometry3k_test_2516 corrupt_warned
FAIL	geometry3k_test_2516	corrupt_warned	pred='B'	gold='C'	complete=True	new_tokens=2	duration_s=11.75
CALL geometry3k_test_2516 contradictory_trusted
FAIL	geometry3k_test_2516	contradictory_trusted	pred='B'	gold='C'	complete=True	new_tokens=2	duration_s=11.75
CALL geometry3k_test_2516 contradictory_selfverify
FAIL	geometry3k_test_2516	contradictory_selfverify	pred='B'	gold='C'	complete=True	new_tokens=2	duration_s=11.74
CALL geometry3k_test_2517 raw
FAIL	geometry3k_test_2517	raw	pred='C'	gold='D'	complete=True	new_tokens=2	duration_s=10.77
CALL geometry3k_test_2517 clean_topk6_cautious
FAIL	geometry3k_test_2517	clean_topk6_cautious	pred='C'	gold='D'	complete=True	new_tokens=2	duration_s=11.36
CALL geometry3k_test_2517 clean_topk6_trusted
FAIL	geometry3k_test_2517	clean_topk6_trusted	pred='C'	gold='D'	complete=True	new_tokens=2	duration_s=11.39
CALL geometry3k_test_2517 clean_topk6_selfverify
FAIL	geometry3k_test_2517	clean_topk6_selfverify	pred='C'	gold='D'	complete=True	new_tokens=2	duration_s=11.42
CALL geometry3k_test_2517 confidence_gated_topk6
FAIL	geometry3k_test_2517	confidence_gated_topk6	pred='B'	gold='D'	complete=True	new_tokens=2	duration_s=12.04
CALL geometry3k_test_2517 irrelevant_trusted
FAIL	geometry3k_test_2517	irrelevant_trusted	pred='C'	gold='D'	complete=True	new_tokens=2	duration_s=11.37
CALL geometry3k_test_2517 irrelevant_warned
FAIL	geometry3k_test_2517	irrelevant_warned	pred='C'	gold='D'	complete=True	new_tokens=2	duration_s=11.37
CALL geometry3k_test_2517 corrupt_trusted
FAIL	geometry3k_test_2517	corrupt_trusted	pred='C'	gold='D'	complete=True	new_tokens=2	duration_s=11.37
CALL geometry3k_test_2517 corrupt_warned
FAIL	geometry3k_test_2517	corrupt_warned	pred='C'	gold='D'	complete=True	new_tokens=2	duration_s=11.38
CALL geometry3k_test_2517 contradictory_trusted
FAIL	geometry3k_test_2517	contradictory_trusted	pred='C'	gold='D'	complete=True	new_tokens=2	duration_s=11.38
CALL geometry3k_test_2517 contradictory_selfverify
FAIL	geometry3k_test_2517	contradictory_selfverify	pred='C'	gold='D'	complete=True	new_tokens=2	duration_s=11.39
CALL geometry3k_test_2518 raw
FAIL	geometry3k_test_2518	raw	pred='C'	gold='A'	complete=True	new_tokens=8	duration_s=5.06
CALL geometry3k_test_2518 clean_topk6_cautious
FAIL	geometry3k_test_2518	clean_topk6_cautious	pred='C'	gold='A'	complete=True	new_tokens=8	duration_s=5.64
CALL geometry3k_test_2518 clean_topk6_trusted
FAIL	geometry3k_test_2518	clean_topk6_trusted	pred='C'	gold='A'	complete=True	new_tokens=8	duration_s=5.63
CALL geometry3k_test_2518 clean_topk6_selfverify
FAIL	geometry3k_test_2518	clean_topk6_selfverify	pred='C'	gold='A'	complete=True	new_tokens=8	duration_s=5.65
CALL geometry3k_test_2518 confidence_gated_topk6
FAIL	geometry3k_test_2518	confidence_gated_topk6	pred='C'	gold='A'	complete=True	new_tokens=8	duration_s=6.32
CALL geometry3k_test_2518 irrelevant_trusted
FAIL	geometry3k_test_2518	irrelevant_trusted	pred='C'	gold='A'	complete=True	new_tokens=8	duration_s=5.69
CALL geometry3k_test_2518 irrelevant_warned
FAIL	geometry3k_test_2518	irrelevant_warned	pred='C'	gold='A'	complete=True	new_tokens=8	duration_s=5.68
CALL geometry3k_test_2518 corrupt_trusted
OK	geometry3k_test_2518	corrupt_trusted	pred='A'	gold='A'	complete=True	new_tokens=2	duration_s=5.10
CALL geometry3k_test_2518 corrupt_warned
FAIL	geometry3k_test_2518	corrupt_warned	pred='C'	gold='A'	complete=True	new_tokens=2	duration_s=5.13
CALL geometry3k_test_2518 contradictory_trusted
OK	geometry3k_test_2518	contradictory_trusted	pred='A'	gold='A'	complete=True	new_tokens=2	duration_s=5.11
CALL geometry3k_test_2518 contradictory_selfverify
FAIL	geometry3k_test_2518	contradictory_selfverify	pred='C'	gold='A'	complete=True	new_tokens=2	duration_s=5.12
CALL geometry3k_test_2519 raw
OK	geometry3k_test_2519	raw	pred='B'	gold='B'	complete=True	new_tokens=2	duration_s=5.37
CALL geometry3k_test_2519 clean_topk6_cautious
OK	geometry3k_test_2519	clean_topk6_cautious	pred='B'	gold='B'	complete=True	new_tokens=2	duration_s=5.97
CALL geometry3k_test_2519 clean_topk6_trusted
OK	geometry3k_test_2519	clean_topk6_trusted	pred='B'	gold='B'	complete=True	new_tokens=2	duration_s=5.96
CALL geometry3k_test_2519 clean_topk6_selfverify
OK	geometry3k_test_2519	clean_topk6_selfverify	pred='B'	gold='B'	complete=True	new_tokens=2	duration_s=5.97
CALL geometry3k_test_2519 confidence_gated_topk6
OK	geometry3k_test_2519	confidence_gated_topk6	pred='B'	gold='B'	complete=True	new_tokens=2	duration_s=6.93
CALL geometry3k_test_2519 irrelevant_trusted
OK	geometry3k_test_2519	irrelevant_trusted	pred='B'	gold='B'	complete=True	new_tokens=2	duration_s=5.96
CALL geometry3k_test_2519 irrelevant_warned
OK	geometry3k_test_2519	irrelevant_warned	pred='B'	gold='B'	complete=True	new_tokens=2	duration_s=5.95
CALL geometry3k_test_2519 corrupt_trusted
OK	geometry3k_test_2519	corrupt_trusted	pred='B'	gold='B'	complete=True	new_tokens=2	duration_s=5.96
CALL geometry3k_test_2519 corrupt_warned
OK	geometry3k_test_2519	corrupt_warned	pred='B'	gold='B'	complete=True	new_tokens=2	duration_s=5.98
CALL geometry3k_test_2519 contradictory_trusted
OK	geometry3k_test_2519	contradictory_trusted	pred='B'	gold='B'	complete=True	new_tokens=2	duration_s=5.95
CALL geometry3k_test_2519 contradictory_selfverify
OK	geometry3k_test_2519	contradictory_selfverify	pred='B'	gold='B'	complete=True	new_tokens=2	duration_s=5.97
CALL geometry3k_test_2520 raw
FAIL	geometry3k_test_2520	raw	pred='B'	gold='A'	complete=True	new_tokens=2	duration_s=12.05
CALL geometry3k_test_2520 clean_topk6_cautious
FAIL	geometry3k_test_2520	clean_topk6_cautious	pred='B'	gold='A'	complete=True	new_tokens=2	duration_s=12.72
CALL geometry3k_test_2520 clean_topk6_trusted
FAIL	geometry3k_test_2520	clean_topk6_trusted	pred='B'	gold='A'	complete=True	new_tokens=2	duration_s=12.73
CALL geometry3k_test_2520 clean_topk6_selfverify
FAIL	geometry3k_test_2520	clean_topk6_selfverify	pred='B'	gold='A'	complete=True	new_tokens=2	duration_s=12.75
CALL geometry3k_test_2520 confidence_gated_topk6
FAIL	geometry3k_test_2520	confidence_gated_topk6	pred='B'	gold='A'	complete=True	new_tokens=2	duration_s=13.37
CALL geometry3k_test_2520 irrelevant_trusted
FAIL	geometry3k_test_2520	irrelevant_trusted	pred='B'	gold='A'	complete=True	new_tokens=2	duration_s=12.77
CALL geometry3k_test_2520 irrelevant_warned
FAIL	geometry3k_test_2520	irrelevant_warned	pred='B'	gold='A'	complete=True	new_tokens=2	duration_s=12.74
CALL geometry3k_test_2520 corrupt_trusted
FAIL	geometry3k_test_2520	corrupt_trusted	pred='B'	gold='A'	complete=True	new_tokens=2	duration_s=12.67
CALL geometry3k_test_2520 corrupt_warned
FAIL	geometry3k_test_2520	corrupt_warned	pred='B'	gold='A'	complete=True	new_tokens=2	duration_s=12.68
CALL geometry3k_test_2520 contradictory_trusted
FAIL	geometry3k_test_2520	contradictory_trusted	pred='B'	gold='A'	complete=True	new_tokens=2	duration_s=12.65
CALL geometry3k_test_2520 contradictory_selfverify
FAIL	geometry3k_test_2520	contradictory_selfverify	pred='B'	gold='A'	complete=True	new_tokens=2	duration_s=12.69
CALL geometry3k_test_2521 raw
FAIL	geometry3k_test_2521	raw	pred='B'	gold='C'	complete=True	new_tokens=2	duration_s=6.07
CALL geometry3k_test_2521 clean_topk6_cautious
FAIL	geometry3k_test_2521	clean_topk6_cautious	pred='B'	gold='C'	complete=True	new_tokens=2	duration_s=6.70
CALL geometry3k_test_2521 clean_topk6_trusted
FAIL	geometry3k_test_2521	clean_topk6_trusted	pred='B'	gold='C'	complete=True	new_tokens=2	duration_s=6.75
CALL geometry3k_test_2521 clean_topk6_selfverify
FAIL	geometry3k_test_2521	clean_topk6_selfverify	pred='B'	gold='C'	complete=True	new_tokens=2	duration_s=6.70
CALL geometry3k_test_2521 confidence_gated_topk6
FAIL	geometry3k_test_2521	confidence_gated_topk6	pred='B'	gold='C'	complete=True	new_tokens=2	duration_s=7.37
CALL geometry3k_test_2521 irrelevant_trusted
FAIL	geometry3k_test_2521	irrelevant_trusted	pred='B'	gold='C'	complete=True	new_tokens=2	duration_s=6.72
CALL geometry3k_test_2521 irrelevant_warned
FAIL	geometry3k_test_2521	irrelevant_warned	pred='B'	gold='C'	complete=True	new_tokens=2	duration_s=6.71
CALL geometry3k_test_2521 corrupt_trusted
FAIL	geometry3k_test_2521	corrupt_trusted	pred='B'	gold='C'	complete=True	new_tokens=2	duration_s=6.76
CALL geometry3k_test_2521 corrupt_warned
FAIL	geometry3k_test_2521	corrupt_warned	pred='B'	gold='C'	complete=True	new_tokens=2	duration_s=6.70
CALL geometry3k_test_2521 contradictory_trusted
FAIL	geometry3k_test_2521	contradictory_trusted	pred='B'	gold='C'	complete=True	new_tokens=2	duration_s=6.74
CALL geometry3k_test_2521 contradictory_selfverify
FAIL	geometry3k_test_2521	contradictory_selfverify	pred='B'	gold='C'	complete=True	new_tokens=2	duration_s=6.73
CALL geometry3k_test_2522 raw
OK	geometry3k_test_2522	raw	pred='B'	gold='B'	complete=True	new_tokens=2	duration_s=5.48
CALL geometry3k_test_2522 clean_topk6_cautious
OK	geometry3k_test_2522	clean_topk6_cautious	pred='B'	gold='B'	complete=True	new_tokens=2	duration_s=5.81
CALL geometry3k_test_2522 clean_topk6_trusted
OK	geometry3k_test_2522	clean_topk6_trusted	pred='B'	gold='B'	complete=True	new_tokens=2	duration_s=5.82
CALL geometry3k_test_2522 clean_topk6_selfverify
OK	geometry3k_test_2522	clean_topk6_selfverify	pred='B'	gold='B'	complete=True	new_tokens=2	duration_s=5.83
CALL geometry3k_test_2522 confidence_gated_topk6
OK	geometry3k_test_2522	confidence_gated_topk6	pred='B'	gold='B'	complete=True	new_tokens=2	duration_s=6.51
CALL geometry3k_test_2522 irrelevant_trusted
FAIL	geometry3k_test_2522	irrelevant_trusted	pred='C'	gold='B'	complete=True	new_tokens=2	duration_s=5.84
CALL geometry3k_test_2522 irrelevant_warned
OK	geometry3k_test_2522	irrelevant_warned	pred='B'	gold='B'	complete=True	new_tokens=2	duration_s=6.13
CALL geometry3k_test_2522 corrupt_trusted
OK	geometry3k_test_2522	corrupt_trusted	pred='B'	gold='B'	complete=True	new_tokens=2	duration_s=5.78
CALL geometry3k_test_2522 corrupt_warned
OK	geometry3k_test_2522	corrupt_warned	pred='B'	gold='B'	complete=True	new_tokens=2	duration_s=5.80
CALL geometry3k_test_2522 contradictory_trusted
FAIL	geometry3k_test_2522	contradictory_trusted	pred='D'	gold='B'	complete=True	new_tokens=2	duration_s=5.82
CALL geometry3k_test_2522 contradictory_selfverify
FAIL	geometry3k_test_2522	contradictory_selfverify	pred='D'	gold='B'	complete=True	new_tokens=2	duration_s=5.82
CALL geometry3k_test_2523 raw
OK	geometry3k_test_2523	raw	pred='D'	gold='D'	complete=True	new_tokens=2	duration_s=5.54
CALL geometry3k_test_2523 clean_topk6_cautious
OK	geometry3k_test_2523	clean_topk6_cautious	pred='D'	gold='D'	complete=True	new_tokens=2	duration_s=6.16
CALL geometry3k_test_2523 clean_topk6_trusted
OK	geometry3k_test_2523	clean_topk6_trusted	pred='D'	gold='D'	complete=True	new_tokens=2	duration_s=6.11
CALL geometry3k_test_2523 clean_topk6_selfverify
OK	geometry3k_test_2523	clean_topk6_selfverify	pred='D'	gold='D'	complete=True	new_tokens=2	duration_s=6.16
CALL geometry3k_test_2523 confidence_gated_topk6
OK	geometry3k_test_2523	confidence_gated_topk6	pred='D'	gold='D'	complete=True	new_tokens=2	duration_s=6.83
CALL geometry3k_test_2523 irrelevant_trusted
OK	geometry3k_test_2523	irrelevant_trusted	pred='D'	gold='D'	complete=True	new_tokens=2	duration_s=6.14
CALL geometry3k_test_2523 irrelevant_warned
OK	geometry3k_test_2523	irrelevant_warned	pred='D'	gold='D'	complete=True	new_tokens=2	duration_s=6.18
CALL geometry3k_test_2523 corrupt_trusted
OK	geometry3k_test_2523	corrupt_trusted	pred='D'	gold='D'	complete=True	new_tokens=2	duration_s=6.13
CALL geometry3k_test_2523 corrupt_warned
OK	geometry3k_test_2523	corrupt_warned	pred='D'	gold='D'	complete=True	new_tokens=2	duration_s=6.14
CALL geometry3k_test_2523 contradictory_trusted
OK	geometry3k_test_2523	contradictory_trusted	pred='D'	gold='D'	complete=True	new_tokens=2	duration_s=6.13
CALL geometry3k_test_2523 contradictory_selfverify
OK	geometry3k_test_2523	contradictory_selfverify	pred='D'	gold='D'	complete=True	new_tokens=2	duration_s=6.15
CALL geometry3k_test_2524 raw
FAIL	geometry3k_test_2524	raw	pred='B'	gold='D'	complete=True	new_tokens=2	duration_s=6.04
CALL geometry3k_test_2524 clean_topk6_cautious
FAIL	geometry3k_test_2524	clean_topk6_cautious	pred='B'	gold='D'	complete=True	new_tokens=2	duration_s=6.66
CALL geometry3k_test_2524 clean_topk6_trusted
FAIL	geometry3k_test_2524	clean_topk6_trusted	pred='B'	gold='D'	complete=True	new_tokens=2	duration_s=6.64
CALL geometry3k_test_2524 clean_topk6_selfverify
FAIL	geometry3k_test_2524	clean_topk6_selfverify	pred='B'	gold='D'	complete=True	new_tokens=2	duration_s=6.65
CALL geometry3k_test_2524 confidence_gated_topk6
FAIL	geometry3k_test_2524	confidence_gated_topk6	pred='B'	gold='D'	complete=True	new_tokens=2	duration_s=7.34
CALL geometry3k_test_2524 irrelevant_trusted
FAIL	geometry3k_test_2524	irrelevant_trusted	pred='B'	gold='D'	complete=True	new_tokens=2	duration_s=6.70
CALL geometry3k_test_2524 irrelevant_warned
FAIL	geometry3k_test_2524	irrelevant_warned	pred='B'	gold='D'	complete=True	new_tokens=2	duration_s=6.67
CALL geometry3k_test_2524 corrupt_trusted
FAIL	geometry3k_test_2524	corrupt_trusted	pred='B'	gold='D'	complete=True	new_tokens=2	duration_s=6.66
CALL geometry3k_test_2524 corrupt_warned
FAIL	geometry3k_test_2524	corrupt_warned	pred='B'	gold='D'	complete=True	new_tokens=2	duration_s=6.66
CALL geometry3k_test_2524 contradictory_trusted
FAIL	geometry3k_test_2524	contradictory_trusted	pred='B'	gold='D'	complete=True	new_tokens=2	duration_s=6.66
CALL geometry3k_test_2524 contradictory_selfverify
FAIL	geometry3k_test_2524	contradictory_selfverify	pred='B'	gold='D'	complete=True	new_tokens=2	duration_s=6.67
CALL geometry3k_test_2525 raw
FAIL	geometry3k_test_2525	raw	pred='B'	gold='A'	complete=True	new_tokens=2	duration_s=4.19
CALL geometry3k_test_2525 clean_topk6_cautious
FAIL	geometry3k_test_2525	clean_topk6_cautious	pred='B'	gold='A'	complete=True	new_tokens=2	duration_s=4.79
CALL geometry3k_test_2525 clean_topk6_trusted
FAIL	geometry3k_test_2525	clean_topk6_trusted	pred='B'	gold='A'	complete=True	new_tokens=2	duration_s=4.79
CALL geometry3k_test_2525 clean_topk6_selfverify
FAIL	geometry3k_test_2525	clean_topk6_selfverify	pred='B'	gold='A'	complete=True	new_tokens=2	duration_s=4.81
CALL geometry3k_test_2525 confidence_gated_topk6
FAIL	geometry3k_test_2525	confidence_gated_topk6	pred='B'	gold='A'	complete=True	new_tokens=2	duration_s=5.52
CALL geometry3k_test_2525 irrelevant_trusted
FAIL	geometry3k_test_2525	irrelevant_trusted	pred='B'	gold='A'	complete=True	new_tokens=2	duration_s=4.80
CALL geometry3k_test_2525 irrelevant_warned
FAIL	geometry3k_test_2525	irrelevant_warned	pred='B'	gold='A'	complete=True	new_tokens=2	duration_s=4.83
CALL geometry3k_test_2525 corrupt_trusted
FAIL	geometry3k_test_2525	corrupt_trusted	pred='B'	gold='A'	complete=True	new_tokens=2	duration_s=4.79
CALL geometry3k_test_2525 corrupt_warned
FAIL	geometry3k_test_2525	corrupt_warned	pred='B'	gold='A'	complete=True	new_tokens=2	duration_s=4.81
CALL geometry3k_test_2525 contradictory_trusted
FAIL	geometry3k_test_2525	contradictory_trusted	pred='B'	gold='A'	complete=True	new_tokens=2	duration_s=4.79
CALL geometry3k_test_2525 contradictory_selfverify
FAIL	geometry3k_test_2525	contradictory_selfverify	pred='B'	gold='A'	complete=True	new_tokens=2	duration_s=4.77
CALL geometry3k_test_2526 raw
FAIL	geometry3k_test_2526	raw	pred='C'	gold='B'	complete=True	new_tokens=2	duration_s=7.16
CALL geometry3k_test_2526 clean_topk6_cautious
FAIL	geometry3k_test_2526	clean_topk6_cautious	pred='C'	gold='B'	complete=True	new_tokens=2	duration_s=7.79
CALL geometry3k_test_2526 clean_topk6_trusted
FAIL	geometry3k_test_2526	clean_topk6_trusted	pred='C'	gold='B'	complete=True	new_tokens=2	duration_s=7.82
CALL geometry3k_test_2526 clean_topk6_selfverify
FAIL	geometry3k_test_2526	clean_topk6_selfverify	pred='C'	gold='B'	complete=True	new_tokens=2	duration_s=7.84
CALL geometry3k_test_2526 confidence_gated_topk6
FAIL	geometry3k_test_2526	confidence_gated_topk6	pred='C'	gold='B'	complete=True	new_tokens=2	duration_s=8.50
CALL geometry3k_test_2526 irrelevant_trusted
FAIL	geometry3k_test_2526	irrelevant_trusted	pred='C'	gold='B'	complete=True	new_tokens=2	duration_s=7.80
CALL geometry3k_test_2526 irrelevant_warned
FAIL	geometry3k_test_2526	irrelevant_warned	pred='C'	gold='B'	complete=True	new_tokens=2	duration_s=7.82
CALL geometry3k_test_2526 corrupt_trusted
FAIL	geometry3k_test_2526	corrupt_trusted	pred='C'	gold='B'	complete=True	new_tokens=2	duration_s=7.82
CALL geometry3k_test_2526 corrupt_warned
FAIL	geometry3k_test_2526	corrupt_warned	pred='C'	gold='B'	complete=True	new_tokens=2	duration_s=7.77
CALL geometry3k_test_2526 contradictory_trusted
FAIL	geometry3k_test_2526	contradictory_trusted	pred='C'	gold='B'	complete=True	new_tokens=2	duration_s=7.80
CALL geometry3k_test_2526 contradictory_selfverify
FAIL	geometry3k_test_2526	contradictory_selfverify	pred='C'	gold='B'	complete=True	new_tokens=2	duration_s=7.84
CALL geometry3k_test_2527 raw
FAIL	geometry3k_test_2527	raw	pred='A'	gold='C'	complete=True	new_tokens=2	duration_s=4.54
CALL geometry3k_test_2527 clean_topk6_cautious
FAIL	geometry3k_test_2527	clean_topk6_cautious	pred='A'	gold='C'	complete=True	new_tokens=2	duration_s=5.18
CALL geometry3k_test_2527 clean_topk6_trusted
FAIL	geometry3k_test_2527	clean_topk6_trusted	pred='A'	gold='C'	complete=True	new_tokens=2	duration_s=5.13
CALL geometry3k_test_2527 clean_topk6_selfverify
FAIL	geometry3k_test_2527	clean_topk6_selfverify	pred='A'	gold='C'	complete=True	new_tokens=2	duration_s=5.13
CALL geometry3k_test_2527 confidence_gated_topk6
FAIL	geometry3k_test_2527	confidence_gated_topk6	pred='B'	gold='C'	complete=True	new_tokens=2	duration_s=5.84
CALL geometry3k_test_2527 irrelevant_trusted
OK	geometry3k_test_2527	irrelevant_trusted	pred='C'	gold='C'	complete=True	new_tokens=2	duration_s=5.10
CALL geometry3k_test_2527 irrelevant_warned
OK	geometry3k_test_2527	irrelevant_warned	pred='C'	gold='C'	complete=True	new_tokens=2	duration_s=5.10
CALL geometry3k_test_2527 corrupt_trusted
OK	geometry3k_test_2527	corrupt_trusted	pred='C'	gold='C'	complete=True	new_tokens=2	duration_s=5.14
CALL geometry3k_test_2527 corrupt_warned
FAIL	geometry3k_test_2527	corrupt_warned	pred='A'	gold='C'	complete=True	new_tokens=2	duration_s=5.13
CALL geometry3k_test_2527 contradictory_trusted
OK	geometry3k_test_2527	contradictory_trusted	pred='C'	gold='C'	complete=True	new_tokens=2	duration_s=5.14
CALL geometry3k_test_2527 contradictory_selfverify
OK	geometry3k_test_2527	contradictory_selfverify	pred='C'	gold='C'	complete=True	new_tokens=2	duration_s=5.12
CALL geometry3k_test_2528 raw
OK	geometry3k_test_2528	raw	pred='B'	gold='B'	complete=True	new_tokens=2	duration_s=4.19
CALL geometry3k_test_2528 clean_topk6_cautious
OK	geometry3k_test_2528	clean_topk6_cautious	pred='B'	gold='B'	complete=True	new_tokens=2	duration_s=4.82
CALL geometry3k_test_2528 clean_topk6_trusted
OK	geometry3k_test_2528	clean_topk6_trusted	pred='B'	gold='B'	complete=True	new_tokens=2	duration_s=4.82
CALL geometry3k_test_2528 clean_topk6_selfverify
OK	geometry3k_test_2528	clean_topk6_selfverify	pred='B'	gold='B'	complete=True	new_tokens=2	duration_s=4.82
CALL geometry3k_test_2528 confidence_gated_topk6
OK	geometry3k_test_2528	confidence_gated_topk6	pred='B'	gold='B'	complete=True	new_tokens=2	duration_s=5.50
CALL geometry3k_test_2528 irrelevant_trusted
OK	geometry3k_test_2528	irrelevant_trusted	pred='B'	gold='B'	complete=True	new_tokens=2	duration_s=4.81
CALL geometry3k_test_2528 irrelevant_warned
OK	geometry3k_test_2528	irrelevant_warned	pred='B'	gold='B'	complete=True	new_tokens=2	duration_s=4.82
CALL geometry3k_test_2528 corrupt_trusted
OK	geometry3k_test_2528	corrupt_trusted	pred='B'	gold='B'	complete=True	new_tokens=2	duration_s=4.82
CALL geometry3k_test_2528 corrupt_warned
OK	geometry3k_test_2528	corrupt_warned	pred='B'	gold='B'	complete=True	new_tokens=2	duration_s=4.81
CALL geometry3k_test_2528 contradictory_trusted
OK	geometry3k_test_2528	contradictory_trusted	pred='B'	gold='B'	complete=True	new_tokens=2	duration_s=4.83
CALL geometry3k_test_2528 contradictory_selfverify
OK	geometry3k_test_2528	contradictory_selfverify	pred='B'	gold='B'	complete=True	new_tokens=2	duration_s=4.83
CALL geometry3k_test_2529 raw
OK	geometry3k_test_2529	raw	pred='D'	gold='D'	complete=True	new_tokens=12	duration_s=5.30
CALL geometry3k_test_2529 clean_topk6_cautious
OK	geometry3k_test_2529	clean_topk6_cautious	pred='D'	gold='D'	complete=True	new_tokens=12	duration_s=5.89
CALL geometry3k_test_2529 clean_topk6_trusted
OK	geometry3k_test_2529	clean_topk6_trusted	pred='D'	gold='D'	complete=True	new_tokens=12	duration_s=5.90
CALL geometry3k_test_2529 clean_topk6_selfverify
OK	geometry3k_test_2529	clean_topk6_selfverify	pred='D'	gold='D'	complete=True	new_tokens=12	duration_s=5.90
CALL geometry3k_test_2529 confidence_gated_topk6
OK	geometry3k_test_2529	confidence_gated_topk6	pred='D'	gold='D'	complete=True	new_tokens=12	duration_s=5.91
CALL geometry3k_test_2529 irrelevant_trusted
OK	geometry3k_test_2529	irrelevant_trusted	pred='D'	gold='D'	complete=True	new_tokens=12	duration_s=5.89
CALL geometry3k_test_2529 irrelevant_warned
OK	geometry3k_test_2529	irrelevant_warned	pred='D'	gold='D'	complete=True	new_tokens=12	duration_s=5.89
CALL geometry3k_test_2529 corrupt_trusted
OK	geometry3k_test_2529	corrupt_trusted	pred='D'	gold='D'	complete=True	new_tokens=12	duration_s=5.93
CALL geometry3k_test_2529 corrupt_warned
OK	geometry3k_test_2529	corrupt_warned	pred='D'	gold='D'	complete=True	new_tokens=12	duration_s=5.90
CALL geometry3k_test_2529 contradictory_trusted
OK	geometry3k_test_2529	contradictory_trusted	pred='D'	gold='D'	complete=True	new_tokens=12	duration_s=5.89
CALL geometry3k_test_2529 contradictory_selfverify
OK	geometry3k_test_2529	contradictory_selfverify	pred='D'	gold='D'	complete=True	new_tokens=12	duration_s=5.92
CALL geometry3k_test_2530 raw
OK	geometry3k_test_2530	raw	pred='C'	gold='C'	complete=True	new_tokens=2	duration_s=4.16
CALL geometry3k_test_2530 clean_topk6_cautious
OK	geometry3k_test_2530	clean_topk6_cautious	pred='C'	gold='C'	complete=True	new_tokens=2	duration_s=4.45
CALL geometry3k_test_2530 clean_topk6_trusted
OK	geometry3k_test_2530	clean_topk6_trusted	pred='C'	gold='C'	complete=True	new_tokens=2	duration_s=4.47
CALL geometry3k_test_2530 clean_topk6_selfverify
OK	geometry3k_test_2530	clean_topk6_selfverify	pred='C'	gold='C'	complete=True	new_tokens=2	duration_s=4.48
CALL geometry3k_test_2530 confidence_gated_topk6
OK	geometry3k_test_2530	confidence_gated_topk6	pred='C'	gold='C'	complete=True	new_tokens=2	duration_s=5.12
CALL geometry3k_test_2530 irrelevant_trusted
OK	geometry3k_test_2530	irrelevant_trusted	pred='C'	gold='C'	complete=True	new_tokens=2	duration_s=4.71
CALL geometry3k_test_2530 irrelevant_warned
OK	geometry3k_test_2530	irrelevant_warned	pred='C'	gold='C'	complete=True	new_tokens=2	duration_s=4.75
CALL geometry3k_test_2530 corrupt_trusted
OK	geometry3k_test_2530	corrupt_trusted	pred='C'	gold='C'	complete=True	new_tokens=2	duration_s=4.47
CALL geometry3k_test_2530 corrupt_warned
OK	geometry3k_test_2530	corrupt_warned	pred='C'	gold='C'	complete=True	new_tokens=2	duration_s=4.47
CALL geometry3k_test_2530 contradictory_trusted
OK	geometry3k_test_2530	contradictory_trusted	pred='C'	gold='C'	complete=True	new_tokens=2	duration_s=4.47
CALL geometry3k_test_2530 contradictory_selfverify
OK	geometry3k_test_2530	contradictory_selfverify	pred='C'	gold='C'	complete=True	new_tokens=2	duration_s=4.49
CALL geometry3k_test_2531 raw
FAIL	geometry3k_test_2531	raw	pred='C'	gold='D'	complete=True	new_tokens=2	duration_s=4.13
CALL geometry3k_test_2531 clean_topk6_cautious
FAIL	geometry3k_test_2531	clean_topk6_cautious	pred='C'	gold='D'	complete=True	new_tokens=2	duration_s=4.73
CALL geometry3k_test_2531 clean_topk6_trusted
FAIL	geometry3k_test_2531	clean_topk6_trusted	pred='C'	gold='D'	complete=True	new_tokens=2	duration_s=4.71
CALL geometry3k_test_2531 clean_topk6_selfverify
FAIL	geometry3k_test_2531	clean_topk6_selfverify	pred='C'	gold='D'	complete=True	new_tokens=2	duration_s=4.75
CALL geometry3k_test_2531 confidence_gated_topk6
FAIL	geometry3k_test_2531	confidence_gated_topk6	pred='C'	gold='D'	complete=True	new_tokens=2	duration_s=5.41
CALL geometry3k_test_2531 irrelevant_trusted
FAIL	geometry3k_test_2531	irrelevant_trusted	pred='C'	gold='D'	complete=True	new_tokens=2	duration_s=4.73
CALL geometry3k_test_2531 irrelevant_warned
FAIL	geometry3k_test_2531	irrelevant_warned	pred='C'	gold='D'	complete=True	new_tokens=2	duration_s=4.77
CALL geometry3k_test_2531 corrupt_trusted
FAIL	geometry3k_test_2531	corrupt_trusted	pred='C'	gold='D'	complete=True	new_tokens=2	duration_s=4.75
CALL geometry3k_test_2531 corrupt_warned
FAIL	geometry3k_test_2531	corrupt_warned	pred='C'	gold='D'	complete=True	new_tokens=2	duration_s=4.75
CALL geometry3k_test_2531 contradictory_trusted
FAIL	geometry3k_test_2531	contradictory_trusted	pred='C'	gold='D'	complete=True	new_tokens=2	duration_s=4.74
CALL geometry3k_test_2531 contradictory_selfverify
FAIL	geometry3k_test_2531	contradictory_selfverify	pred='C'	gold='D'	complete=True	new_tokens=2	duration_s=4.75
CALL geometry3k_test_2532 raw
OK	geometry3k_test_2532	raw	pred='B'	gold='B'	complete=True	new_tokens=2	duration_s=7.96
CALL geometry3k_test_2532 clean_topk6_cautious
OK	geometry3k_test_2532	clean_topk6_cautious	pred='B'	gold='B'	complete=True	new_tokens=2	duration_s=8.66
CALL geometry3k_test_2532 clean_topk6_trusted
OK	geometry3k_test_2532	clean_topk6_trusted	pred='B'	gold='B'	complete=True	new_tokens=2	duration_s=8.63
CALL geometry3k_test_2532 clean_topk6_selfverify
OK	geometry3k_test_2532	clean_topk6_selfverify	pred='B'	gold='B'	complete=True	new_tokens=2	duration_s=8.63
CALL geometry3k_test_2532 confidence_gated_topk6
OK	geometry3k_test_2532	confidence_gated_topk6	pred='B'	gold='B'	complete=True	new_tokens=2	duration_s=8.60
CALL geometry3k_test_2532 irrelevant_trusted
OK	geometry3k_test_2532	irrelevant_trusted	pred='B'	gold='B'	complete=True	new_tokens=2	duration_s=8.59
CALL geometry3k_test_2532 irrelevant_warned
OK	geometry3k_test_2532	irrelevant_warned	pred='B'	gold='B'	complete=True	new_tokens=2	duration_s=8.61
CALL geometry3k_test_2532 corrupt_trusted
OK	geometry3k_test_2532	corrupt_trusted	pred='B'	gold='B'	complete=True	new_tokens=2	duration_s=8.61
CALL geometry3k_test_2532 corrupt_warned
OK	geometry3k_test_2532	corrupt_warned	pred='B'	gold='B'	complete=True	new_tokens=2	duration_s=8.62
CALL geometry3k_test_2532 contradictory_trusted
OK	geometry3k_test_2532	contradictory_trusted	pred='B'	gold='B'	complete=True	new_tokens=2	duration_s=8.64
CALL geometry3k_test_2532 contradictory_selfverify
OK	geometry3k_test_2532	contradictory_selfverify	pred='B'	gold='B'	complete=True	new_tokens=2	duration_s=8.63
CALL geometry3k_test_2533 raw
OK	geometry3k_test_2533	raw	pred='B'	gold='B'	complete=True	new_tokens=2	duration_s=11.85
CALL geometry3k_test_2533 clean_topk6_cautious
OK	geometry3k_test_2533	clean_topk6_cautious	pred='B'	gold='B'	complete=True	new_tokens=9	duration_s=13.10
CALL geometry3k_test_2533 clean_topk6_trusted
OK	geometry3k_test_2533	clean_topk6_trusted	pred='B'	gold='B'	complete=True	new_tokens=9	duration_s=13.09
CALL geometry3k_test_2533 clean_topk6_selfverify
OK	geometry3k_test_2533	clean_topk6_selfverify	pred='B'	gold='B'	complete=True	new_tokens=2	duration_s=12.48
CALL geometry3k_test_2533 confidence_gated_topk6
OK	geometry3k_test_2533	confidence_gated_topk6	pred='B'	gold='B'	complete=True	new_tokens=2	duration_s=13.14
CALL geometry3k_test_2533 irrelevant_trusted
OK	geometry3k_test_2533	irrelevant_trusted	pred='B'	gold='B'	complete=True	new_tokens=2	duration_s=12.46
CALL geometry3k_test_2533 irrelevant_warned
OK	geometry3k_test_2533	irrelevant_warned	pred='B'	gold='B'	complete=True	new_tokens=9	duration_s=13.11
CALL geometry3k_test_2533 corrupt_trusted
OK	geometry3k_test_2533	corrupt_trusted	pred='B'	gold='B'	complete=True	new_tokens=9	duration_s=13.08
CALL geometry3k_test_2533 corrupt_warned
OK	geometry3k_test_2533	corrupt_warned	pred='B'	gold='B'	complete=True	new_tokens=9	duration_s=13.05
CALL geometry3k_test_2533 contradictory_trusted
OK	geometry3k_test_2533	contradictory_trusted	pred='B'	gold='B'	complete=True	new_tokens=9	duration_s=13.07
CALL geometry3k_test_2533 contradictory_selfverify
OK	geometry3k_test_2533	contradictory_selfverify	pred='B'	gold='B'	complete=True	new_tokens=2	duration_s=12.45
CALL geometry3k_test_2534 raw
FAIL	geometry3k_test_2534	raw	pred='B'	gold='C'	complete=True	new_tokens=2	duration_s=12.52
CALL geometry3k_test_2534 clean_topk6_cautious
FAIL	geometry3k_test_2534	clean_topk6_cautious	pred='B'	gold='C'	complete=True	new_tokens=2	duration_s=12.93
CALL geometry3k_test_2534 clean_topk6_trusted
FAIL	geometry3k_test_2534	clean_topk6_trusted	pred='B'	gold='C'	complete=True	new_tokens=2	duration_s=12.87
CALL geometry3k_test_2534 clean_topk6_selfverify
FAIL	geometry3k_test_2534	clean_topk6_selfverify	pred='B'	gold='C'	complete=True	new_tokens=2	duration_s=12.91
CALL geometry3k_test_2534 confidence_gated_topk6
FAIL	geometry3k_test_2534	confidence_gated_topk6	pred='B'	gold='C'	complete=True	new_tokens=2	duration_s=13.79
CALL geometry3k_test_2534 irrelevant_trusted
FAIL	geometry3k_test_2534	irrelevant_trusted	pred='D'	gold='C'	complete=True	new_tokens=2	duration_s=12.90
CALL geometry3k_test_2534 irrelevant_warned
FAIL	geometry3k_test_2534	irrelevant_warned	pred='B'	gold='C'	complete=True	new_tokens=2	duration_s=13.19
CALL geometry3k_test_2534 corrupt_trusted
FAIL	geometry3k_test_2534	corrupt_trusted	pred='B'	gold='C'	complete=True	new_tokens=2	duration_s=12.91
CALL geometry3k_test_2534 corrupt_warned
FAIL	geometry3k_test_2534	corrupt_warned	pred='B'	gold='C'	complete=True	new_tokens=2	duration_s=12.90
CALL geometry3k_test_2534 contradictory_trusted
OK	geometry3k_test_2534	contradictory_trusted	pred='C'	gold='C'	complete=True	new_tokens=2	duration_s=12.88
CALL geometry3k_test_2534 contradictory_selfverify
OK	geometry3k_test_2534	contradictory_selfverify	pred='C'	gold='C'	complete=True	new_tokens=2	duration_s=12.89
CALL geometry3k_test_2535 raw
FAIL	geometry3k_test_2535	raw	pred='C'	gold='D'	complete=True	new_tokens=2	duration_s=7.47
CALL geometry3k_test_2535 clean_topk6_cautious
FAIL	geometry3k_test_2535	clean_topk6_cautious	pred='C'	gold='D'	complete=True	new_tokens=2	duration_s=8.12
CALL geometry3k_test_2535 clean_topk6_trusted
FAIL	geometry3k_test_2535	clean_topk6_trusted	pred='C'	gold='D'	complete=True	new_tokens=2	duration_s=8.08
CALL geometry3k_test_2535 clean_topk6_selfverify
FAIL	geometry3k_test_2535	clean_topk6_selfverify	pred='C'	gold='D'	complete=True	new_tokens=2	duration_s=8.07
CALL geometry3k_test_2535 confidence_gated_topk6
FAIL	geometry3k_test_2535	confidence_gated_topk6	pred='C'	gold='D'	complete=True	new_tokens=2	duration_s=8.78
CALL geometry3k_test_2535 irrelevant_trusted
FAIL	geometry3k_test_2535	irrelevant_trusted	pred='C'	gold='D'	complete=True	new_tokens=2	duration_s=8.07
CALL geometry3k_test_2535 irrelevant_warned
FAIL	geometry3k_test_2535	irrelevant_warned	pred='C'	gold='D'	complete=True	new_tokens=2	duration_s=8.08
CALL geometry3k_test_2535 corrupt_trusted
FAIL	geometry3k_test_2535	corrupt_trusted	pred='C'	gold='D'	complete=True	new_tokens=2	duration_s=8.08
CALL geometry3k_test_2535 corrupt_warned
FAIL	geometry3k_test_2535	corrupt_warned	pred='C'	gold='D'	complete=True	new_tokens=2	duration_s=8.09
CALL geometry3k_test_2535 contradictory_trusted
FAIL	geometry3k_test_2535	contradictory_trusted	pred='C'	gold='D'	complete=True	new_tokens=2	duration_s=8.09
CALL geometry3k_test_2535 contradictory_selfverify
FAIL	geometry3k_test_2535	contradictory_selfverify	pred='C'	gold='D'	complete=True	new_tokens=2	duration_s=8.07
CALL geometry3k_test_2536 raw
FAIL	geometry3k_test_2536	raw	pred='B'	gold='A'	complete=True	new_tokens=2	duration_s=6.73
CALL geometry3k_test_2536 clean_topk6_cautious
FAIL	geometry3k_test_2536	clean_topk6_cautious	pred='B'	gold='A'	complete=True	new_tokens=2	duration_s=7.34
CALL geometry3k_test_2536 clean_topk6_trusted
FAIL	geometry3k_test_2536	clean_topk6_trusted	pred='B'	gold='A'	complete=True	new_tokens=2	duration_s=7.33
CALL geometry3k_test_2536 clean_topk6_selfverify
FAIL	geometry3k_test_2536	clean_topk6_selfverify	pred='B'	gold='A'	complete=True	new_tokens=2	duration_s=7.36
CALL geometry3k_test_2536 confidence_gated_topk6
FAIL	geometry3k_test_2536	confidence_gated_topk6	pred='B'	gold='A'	complete=True	new_tokens=2	duration_s=8.03
CALL geometry3k_test_2536 irrelevant_trusted
FAIL	geometry3k_test_2536	irrelevant_trusted	pred='B'	gold='A'	complete=True	new_tokens=2	duration_s=7.35
CALL geometry3k_test_2536 irrelevant_warned
FAIL	geometry3k_test_2536	irrelevant_warned	pred='B'	gold='A'	complete=True	new_tokens=2	duration_s=7.38
CALL geometry3k_test_2536 corrupt_trusted
FAIL	geometry3k_test_2536	corrupt_trusted	pred='B'	gold='A'	complete=True	new_tokens=2	duration_s=7.32
CALL geometry3k_test_2536 corrupt_warned
FAIL	geometry3k_test_2536	corrupt_warned	pred='B'	gold='A'	complete=True	new_tokens=2	duration_s=7.34
CALL geometry3k_test_2536 contradictory_trusted
FAIL	geometry3k_test_2536	contradictory_trusted	pred='B'	gold='A'	complete=True	new_tokens=2	duration_s=7.33
CALL geometry3k_test_2536 contradictory_selfverify
FAIL	geometry3k_test_2536	contradictory_selfverify	pred='B'	gold='A'	complete=True	new_tokens=2	duration_s=7.36
CALL geometry3k_test_2537 raw
OK	geometry3k_test_2537	raw	pred='B'	gold='B'	complete=True	new_tokens=2	duration_s=4.95
CALL geometry3k_test_2537 clean_topk6_cautious
OK	geometry3k_test_2537	clean_topk6_cautious	pred='B'	gold='B'	complete=True	new_tokens=2	duration_s=5.57
CALL geometry3k_test_2537 clean_topk6_trusted
OK	geometry3k_test_2537	clean_topk6_trusted	pred='B'	gold='B'	complete=True	new_tokens=2	duration_s=5.57
CALL geometry3k_test_2537 clean_topk6_selfverify
OK	geometry3k_test_2537	clean_topk6_selfverify	pred='B'	gold='B'	complete=True	new_tokens=2	duration_s=5.89
CALL geometry3k_test_2537 confidence_gated_topk6
OK	geometry3k_test_2537	confidence_gated_topk6	pred='B'	gold='B'	complete=True	new_tokens=2	duration_s=6.55
CALL geometry3k_test_2537 irrelevant_trusted
OK	geometry3k_test_2537	irrelevant_trusted	pred='B'	gold='B'	complete=True	new_tokens=2	duration_s=5.51
CALL geometry3k_test_2537 irrelevant_warned
OK	geometry3k_test_2537	irrelevant_warned	pred='B'	gold='B'	complete=True	new_tokens=2	duration_s=5.52
CALL geometry3k_test_2537 corrupt_trusted
OK	geometry3k_test_2537	corrupt_trusted	pred='B'	gold='B'	complete=True	new_tokens=2	duration_s=5.56
CALL geometry3k_test_2537 corrupt_warned
OK	geometry3k_test_2537	corrupt_warned	pred='B'	gold='B'	complete=True	new_tokens=2	duration_s=5.55
CALL geometry3k_test_2537 contradictory_trusted
OK	geometry3k_test_2537	contradictory_trusted	pred='B'	gold='B'	complete=True	new_tokens=2	duration_s=5.85
CALL geometry3k_test_2537 contradictory_selfverify
OK	geometry3k_test_2537	contradictory_selfverify	pred='B'	gold='B'	complete=True	new_tokens=2	duration_s=5.87
CALL geometry3k_test_2538 raw
FAIL	geometry3k_test_2538	raw	pred='C'	gold='D'	complete=True	new_tokens=2	duration_s=7.50
CALL geometry3k_test_2538 clean_topk6_cautious
FAIL	geometry3k_test_2538	clean_topk6_cautious	pred='C'	gold='D'	complete=True	new_tokens=2	duration_s=8.11
CALL geometry3k_test_2538 clean_topk6_trusted
FAIL	geometry3k_test_2538	clean_topk6_trusted	pred='C'	gold='D'	complete=True	new_tokens=2	duration_s=8.13
CALL geometry3k_test_2538 clean_topk6_selfverify
FAIL	geometry3k_test_2538	clean_topk6_selfverify	pred='C'	gold='D'	complete=True	new_tokens=2	duration_s=8.11
CALL geometry3k_test_2538 confidence_gated_topk6
FAIL	geometry3k_test_2538	confidence_gated_topk6	pred='C'	gold='D'	complete=True	new_tokens=2	duration_s=8.79
CALL geometry3k_test_2538 irrelevant_trusted
FAIL	geometry3k_test_2538	irrelevant_trusted	pred='C'	gold='D'	complete=True	new_tokens=2	duration_s=8.14
CALL geometry3k_test_2538 irrelevant_warned
FAIL	geometry3k_test_2538	irrelevant_warned	pred='C'	gold='D'	complete=True	new_tokens=2	duration_s=8.12
CALL geometry3k_test_2538 corrupt_trusted
FAIL	geometry3k_test_2538	corrupt_trusted	pred='C'	gold='D'	complete=True	new_tokens=2	duration_s=8.16
CALL geometry3k_test_2538 corrupt_warned
FAIL	geometry3k_test_2538	corrupt_warned	pred='C'	gold='D'	complete=True	new_tokens=2	duration_s=8.11
CALL geometry3k_test_2538 contradictory_trusted
FAIL	geometry3k_test_2538	contradictory_trusted	pred='C'	gold='D'	complete=True	new_tokens=2	duration_s=8.15
CALL geometry3k_test_2538 contradictory_selfverify
FAIL	geometry3k_test_2538	contradictory_selfverify	pred='C'	gold='D'	complete=True	new_tokens=2	duration_s=8.11
CALL geometry3k_test_2539 raw
OK	geometry3k_test_2539	raw	pred='B'	gold='B'	complete=True	new_tokens=2	duration_s=12.04
CALL geometry3k_test_2539 clean_topk6_cautious
FAIL	geometry3k_test_2539	clean_topk6_cautious	pred='D'	gold='B'	complete=True	new_tokens=2	duration_s=12.72
CALL geometry3k_test_2539 clean_topk6_trusted
FAIL	geometry3k_test_2539	clean_topk6_trusted	pred='D'	gold='B'	complete=True	new_tokens=2	duration_s=12.68
CALL geometry3k_test_2539 clean_topk6_selfverify
FAIL	geometry3k_test_2539	clean_topk6_selfverify	pred='D'	gold='B'	complete=True	new_tokens=2	duration_s=12.69
CALL geometry3k_test_2539 confidence_gated_topk6
FAIL	geometry3k_test_2539	confidence_gated_topk6	pred='D'	gold='B'	complete=True	new_tokens=2	duration_s=13.36
CALL geometry3k_test_2539 irrelevant_trusted
FAIL	geometry3k_test_2539	irrelevant_trusted	pred='D'	gold='B'	complete=True	new_tokens=2	duration_s=12.73
CALL geometry3k_test_2539 irrelevant_warned
FAIL	geometry3k_test_2539	irrelevant_warned	pred='C'	gold='B'	complete=True	new_tokens=2	duration_s=12.72
CALL geometry3k_test_2539 corrupt_trusted
FAIL	geometry3k_test_2539	corrupt_trusted	pred='D'	gold='B'	complete=True	new_tokens=2	duration_s=12.69
CALL geometry3k_test_2539 corrupt_warned
FAIL	geometry3k_test_2539	corrupt_warned	pred='D'	gold='B'	complete=True	new_tokens=2	duration_s=12.69
CALL geometry3k_test_2539 contradictory_trusted
FAIL	geometry3k_test_2539	contradictory_trusted	pred='D'	gold='B'	complete=True	new_tokens=2	duration_s=12.66
CALL geometry3k_test_2539 contradictory_selfverify
FAIL	geometry3k_test_2539	contradictory_selfverify	pred='D'	gold='B'	complete=True	new_tokens=2	duration_s=12.74
CALL geometry3k_test_2540 raw
FAIL	geometry3k_test_2540	raw	pred='C'	gold='D'	complete=True	new_tokens=2	duration_s=7.14
CALL geometry3k_test_2540 clean_topk6_cautious
FAIL	geometry3k_test_2540	clean_topk6_cautious	pred='C'	gold='D'	complete=True	new_tokens=2	duration_s=7.82
CALL geometry3k_test_2540 clean_topk6_trusted
FAIL	geometry3k_test_2540	clean_topk6_trusted	pred='C'	gold='D'	complete=True	new_tokens=2	duration_s=7.80
CALL geometry3k_test_2540 clean_topk6_selfverify
FAIL	geometry3k_test_2540	clean_topk6_selfverify	pred='C'	gold='D'	complete=True	new_tokens=2	duration_s=7.80
CALL geometry3k_test_2540 confidence_gated_topk6
FAIL	geometry3k_test_2540	confidence_gated_topk6	pred='C'	gold='D'	complete=True	new_tokens=2	duration_s=8.48
CALL geometry3k_test_2540 irrelevant_trusted
FAIL	geometry3k_test_2540	irrelevant_trusted	pred='C'	gold='D'	complete=True	new_tokens=2	duration_s=7.77
CALL geometry3k_test_2540 irrelevant_warned
FAIL	geometry3k_test_2540	irrelevant_warned	pred='C'	gold='D'	complete=True	new_tokens=2	duration_s=7.80
CALL geometry3k_test_2540 corrupt_trusted
FAIL	geometry3k_test_2540	corrupt_trusted	pred='C'	gold='D'	complete=True	new_tokens=2	duration_s=7.78
CALL geometry3k_test_2540 corrupt_warned
FAIL	geometry3k_test_2540	corrupt_warned	pred='C'	gold='D'	complete=True	new_tokens=2	duration_s=7.76
CALL geometry3k_test_2540 contradictory_trusted
FAIL	geometry3k_test_2540	contradictory_trusted	pred='C'	gold='D'	complete=True	new_tokens=2	duration_s=7.82
CALL geometry3k_test_2540 contradictory_selfverify
FAIL	geometry3k_test_2540	contradictory_selfverify	pred='C'	gold='D'	complete=True	new_tokens=2	duration_s=7.84
CALL geometry3k_test_2541 raw
OK	geometry3k_test_2541	raw	pred='C'	gold='C'	complete=True	new_tokens=2	duration_s=11.52
CALL geometry3k_test_2541 clean_topk6_cautious
OK	geometry3k_test_2541	clean_topk6_cautious	pred='C'	gold='C'	complete=True	new_tokens=2	duration_s=11.91
CALL geometry3k_test_2541 clean_topk6_trusted
OK	geometry3k_test_2541	clean_topk6_trusted	pred='C'	gold='C'	complete=True	new_tokens=2	duration_s=11.91
CALL geometry3k_test_2541 clean_topk6_selfverify
OK	geometry3k_test_2541	clean_topk6_selfverify	pred='C'	gold='C'	complete=True	new_tokens=2	duration_s=11.88
CALL geometry3k_test_2541 confidence_gated_topk6
OK	geometry3k_test_2541	confidence_gated_topk6	pred='C'	gold='C'	complete=True	new_tokens=2	duration_s=12.57
CALL geometry3k_test_2541 irrelevant_trusted
OK	geometry3k_test_2541	irrelevant_trusted	pred='C'	gold='C'	complete=True	new_tokens=2	duration_s=11.87
CALL geometry3k_test_2541 irrelevant_warned
OK	geometry3k_test_2541	irrelevant_warned	pred='C'	gold='C'	complete=True	new_tokens=2	duration_s=11.86
CALL geometry3k_test_2541 corrupt_trusted
OK	geometry3k_test_2541	corrupt_trusted	pred='C'	gold='C'	complete=True	new_tokens=2	duration_s=11.91
CALL geometry3k_test_2541 corrupt_warned
OK	geometry3k_test_2541	corrupt_warned	pred='C'	gold='C'	complete=True	new_tokens=2	duration_s=11.90
CALL geometry3k_test_2541 contradictory_trusted
OK	geometry3k_test_2541	contradictory_trusted	pred='C'	gold='C'	complete=True	new_tokens=2	duration_s=11.91
CALL geometry3k_test_2541 contradictory_selfverify
OK	geometry3k_test_2541	contradictory_selfverify	pred='C'	gold='C'	complete=True	new_tokens=2	duration_s=11.88
CALL geometry3k_test_2542 raw
OK	geometry3k_test_2542	raw	pred='B'	gold='B'	complete=True	new_tokens=2	duration_s=21.18
CALL geometry3k_test_2542 clean_topk6_cautious
OK	geometry3k_test_2542	clean_topk6_cautious	pred='B'	gold='B'	complete=True	new_tokens=2	duration_s=21.59
CALL geometry3k_test_2542 clean_topk6_trusted
OK	geometry3k_test_2542	clean_topk6_trusted	pred='B'	gold='B'	complete=True	new_tokens=2	duration_s=21.57
CALL geometry3k_test_2542 clean_topk6_selfverify
OK	geometry3k_test_2542	clean_topk6_selfverify	pred='B'	gold='B'	complete=True	new_tokens=2	duration_s=21.61
CALL geometry3k_test_2542 confidence_gated_topk6
OK	geometry3k_test_2542	confidence_gated_topk6	pred='B'	gold='B'	complete=True	new_tokens=2	duration_s=21.97
CALL geometry3k_test_2542 irrelevant_trusted
OK	geometry3k_test_2542	irrelevant_trusted	pred='B'	gold='B'	complete=True	new_tokens=2	duration_s=21.57
CALL geometry3k_test_2542 irrelevant_warned
OK	geometry3k_test_2542	irrelevant_warned	pred='B'	gold='B'	complete=True	new_tokens=2	duration_s=21.90
CALL geometry3k_test_2542 corrupt_trusted
OK	geometry3k_test_2542	corrupt_trusted	pred='B'	gold='B'	complete=True	new_tokens=2	duration_s=21.58
CALL geometry3k_test_2542 corrupt_warned
OK	geometry3k_test_2542	corrupt_warned	pred='B'	gold='B'	complete=True	new_tokens=2	duration_s=21.55
CALL geometry3k_test_2542 contradictory_trusted
OK	geometry3k_test_2542	contradictory_trusted	pred='B'	gold='B'	complete=True	new_tokens=2	duration_s=21.63
CALL geometry3k_test_2542 contradictory_selfverify
OK	geometry3k_test_2542	contradictory_selfverify	pred='B'	gold='B'	complete=True	new_tokens=2	duration_s=21.54
CALL geometry3k_test_2543 raw
OK	geometry3k_test_2543	raw	pred='B'	gold='B'	complete=True	new_tokens=2	duration_s=5.50
CALL geometry3k_test_2543 clean_topk6_cautious
OK	geometry3k_test_2543	clean_topk6_cautious	pred='B'	gold='B'	complete=True	new_tokens=2	duration_s=6.10
CALL geometry3k_test_2543 clean_topk6_trusted
OK	geometry3k_test_2543	clean_topk6_trusted	pred='B'	gold='B'	complete=True	new_tokens=2	duration_s=6.09
CALL geometry3k_test_2543 clean_topk6_selfverify
OK	geometry3k_test_2543	clean_topk6_selfverify	pred='B'	gold='B'	complete=True	new_tokens=2	duration_s=6.11
CALL geometry3k_test_2543 confidence_gated_topk6
OK	geometry3k_test_2543	confidence_gated_topk6	pred='B'	gold='B'	complete=True	new_tokens=2	duration_s=6.79
CALL geometry3k_test_2543 irrelevant_trusted
OK	geometry3k_test_2543	irrelevant_trusted	pred='B'	gold='B'	complete=True	new_tokens=2	duration_s=6.16
CALL geometry3k_test_2543 irrelevant_warned
OK	geometry3k_test_2543	irrelevant_warned	pred='B'	gold='B'	complete=True	new_tokens=2	duration_s=6.13
CALL geometry3k_test_2543 corrupt_trusted
OK	geometry3k_test_2543	corrupt_trusted	pred='B'	gold='B'	complete=True	new_tokens=2	duration_s=6.14
CALL geometry3k_test_2543 corrupt_warned
OK	geometry3k_test_2543	corrupt_warned	pred='B'	gold='B'	complete=True	new_tokens=2	duration_s=6.13
CALL geometry3k_test_2543 contradictory_trusted
OK	geometry3k_test_2543	contradictory_trusted	pred='B'	gold='B'	complete=True	new_tokens=2	duration_s=6.12
CALL geometry3k_test_2543 contradictory_selfverify
OK	geometry3k_test_2543	contradictory_selfverify	pred='B'	gold='B'	complete=True	new_tokens=2	duration_s=6.16
CALL geometry3k_test_2544 raw
OK	geometry3k_test_2544	raw	pred='A'	gold='A'	complete=True	new_tokens=2	duration_s=7.72
CALL geometry3k_test_2544 clean_topk6_cautious
OK	geometry3k_test_2544	clean_topk6_cautious	pred='A'	gold='A'	complete=True	new_tokens=2	duration_s=8.29
CALL geometry3k_test_2544 clean_topk6_trusted
OK	geometry3k_test_2544	clean_topk6_trusted	pred='A'	gold='A'	complete=True	new_tokens=2	duration_s=8.36
CALL geometry3k_test_2544 clean_topk6_selfverify
OK	geometry3k_test_2544	clean_topk6_selfverify	pred='A'	gold='A'	complete=True	new_tokens=2	duration_s=8.33
CALL geometry3k_test_2544 confidence_gated_topk6
OK	geometry3k_test_2544	confidence_gated_topk6	pred='A'	gold='A'	complete=True	new_tokens=2	duration_s=8.69
CALL geometry3k_test_2544 irrelevant_trusted
OK	geometry3k_test_2544	irrelevant_trusted	pred='A'	gold='A'	complete=True	new_tokens=2	duration_s=8.36
CALL geometry3k_test_2544 irrelevant_warned
OK	geometry3k_test_2544	irrelevant_warned	pred='A'	gold='A'	complete=True	new_tokens=2	duration_s=8.34
CALL geometry3k_test_2544 corrupt_trusted
OK	geometry3k_test_2544	corrupt_trusted	pred='A'	gold='A'	complete=True	new_tokens=2	duration_s=8.32
CALL geometry3k_test_2544 corrupt_warned
OK	geometry3k_test_2544	corrupt_warned	pred='A'	gold='A'	complete=True	new_tokens=2	duration_s=8.33
CALL geometry3k_test_2544 contradictory_trusted
OK	geometry3k_test_2544	contradictory_trusted	pred='A'	gold='A'	complete=True	new_tokens=2	duration_s=8.34
CALL geometry3k_test_2544 contradictory_selfverify
OK	geometry3k_test_2544	contradictory_selfverify	pred='A'	gold='A'	complete=True	new_tokens=2	duration_s=8.34
CALL geometry3k_test_2545 raw
FAIL	geometry3k_test_2545	raw	pred='C'	gold='B'	complete=True	new_tokens=2	duration_s=5.48
CALL geometry3k_test_2545 clean_topk6_cautious
FAIL	geometry3k_test_2545	clean_topk6_cautious	pred='C'	gold='B'	complete=True	new_tokens=2	duration_s=6.12
CALL geometry3k_test_2545 clean_topk6_trusted
FAIL	geometry3k_test_2545	clean_topk6_trusted	pred='C'	gold='B'	complete=True	new_tokens=2	duration_s=6.09
CALL geometry3k_test_2545 clean_topk6_selfverify
FAIL	geometry3k_test_2545	clean_topk6_selfverify	pred='C'	gold='B'	complete=True	new_tokens=2	duration_s=6.13
CALL geometry3k_test_2545 confidence_gated_topk6
FAIL	geometry3k_test_2545	confidence_gated_topk6	pred='C'	gold='B'	complete=True	new_tokens=2	duration_s=6.79
CALL geometry3k_test_2545 irrelevant_trusted
FAIL	geometry3k_test_2545	irrelevant_trusted	pred='C'	gold='B'	complete=True	new_tokens=2	duration_s=6.14
CALL geometry3k_test_2545 irrelevant_warned
FAIL	geometry3k_test_2545	irrelevant_warned	pred='C'	gold='B'	complete=True	new_tokens=2	duration_s=6.10
CALL geometry3k_test_2545 corrupt_trusted
FAIL	geometry3k_test_2545	corrupt_trusted	pred='C'	gold='B'	complete=True	new_tokens=2	duration_s=6.15
CALL geometry3k_test_2545 corrupt_warned
FAIL	geometry3k_test_2545	corrupt_warned	pred='C'	gold='B'	complete=True	new_tokens=2	duration_s=6.11
CALL geometry3k_test_2545 contradictory_trusted
FAIL	geometry3k_test_2545	contradictory_trusted	pred='C'	gold='B'	complete=True	new_tokens=2	duration_s=6.14
CALL geometry3k_test_2545 contradictory_selfverify
FAIL	geometry3k_test_2545	contradictory_selfverify	pred='C'	gold='B'	complete=True	new_tokens=2	duration_s=6.14
CALL geometry3k_test_2546 raw
OK	geometry3k_test_2546	raw	pred='B'	gold='B'	complete=True	new_tokens=2	duration_s=3.86
CALL geometry3k_test_2546 clean_topk6_cautious
OK	geometry3k_test_2546	clean_topk6_cautious	pred='B'	gold='B'	complete=True	new_tokens=2	duration_s=4.46
CALL geometry3k_test_2546 clean_topk6_trusted
OK	geometry3k_test_2546	clean_topk6_trusted	pred='B'	gold='B'	complete=True	new_tokens=2	duration_s=4.45
CALL geometry3k_test_2546 clean_topk6_selfverify
OK	geometry3k_test_2546	clean_topk6_selfverify	pred='B'	gold='B'	complete=True	new_tokens=2	duration_s=4.46
CALL geometry3k_test_2546 confidence_gated_topk6
OK	geometry3k_test_2546	confidence_gated_topk6	pred='B'	gold='B'	complete=True	new_tokens=2	duration_s=5.19
CALL geometry3k_test_2546 irrelevant_trusted
OK	geometry3k_test_2546	irrelevant_trusted	pred='B'	gold='B'	complete=True	new_tokens=2	duration_s=4.45
CALL geometry3k_test_2546 irrelevant_warned
OK	geometry3k_test_2546	irrelevant_warned	pred='B'	gold='B'	complete=True	new_tokens=2	duration_s=4.45
CALL geometry3k_test_2546 corrupt_trusted
OK	geometry3k_test_2546	corrupt_trusted	pred='B'	gold='B'	complete=True	new_tokens=2	duration_s=4.49
CALL geometry3k_test_2546 corrupt_warned
OK	geometry3k_test_2546	corrupt_warned	pred='B'	gold='B'	complete=True	new_tokens=2	duration_s=4.49
CALL geometry3k_test_2546 contradictory_trusted
OK	geometry3k_test_2546	contradictory_trusted	pred='B'	gold='B'	complete=True	new_tokens=2	duration_s=4.48
CALL geometry3k_test_2546 contradictory_selfverify
OK	geometry3k_test_2546	contradictory_selfverify	pred='B'	gold='B'	complete=True	new_tokens=2	duration_s=4.48
CALL geometry3k_test_2547 raw
OK	geometry3k_test_2547	raw	pred='B'	gold='B'	complete=True	new_tokens=2	duration_s=18.73
CALL geometry3k_test_2547 clean_topk6_cautious
OK	geometry3k_test_2547	clean_topk6_cautious	pred='B'	gold='B'	complete=True	new_tokens=2	duration_s=19.09
CALL geometry3k_test_2547 clean_topk6_trusted
OK	geometry3k_test_2547	clean_topk6_trusted	pred='B'	gold='B'	complete=True	new_tokens=2	duration_s=19.02
CALL geometry3k_test_2547 clean_topk6_selfverify
OK	geometry3k_test_2547	clean_topk6_selfverify	pred='B'	gold='B'	complete=True	new_tokens=2	duration_s=19.36
CALL geometry3k_test_2547 confidence_gated_topk6
OK	geometry3k_test_2547	confidence_gated_topk6	pred='B'	gold='B'	complete=True	new_tokens=2	duration_s=19.10
CALL geometry3k_test_2547 irrelevant_trusted
OK	geometry3k_test_2547	irrelevant_trusted	pred='B'	gold='B'	complete=True	new_tokens=2	duration_s=19.07
CALL geometry3k_test_2547 irrelevant_warned
OK	geometry3k_test_2547	irrelevant_warned	pred='B'	gold='B'	complete=True	new_tokens=2	duration_s=19.04
CALL geometry3k_test_2547 corrupt_trusted
OK	geometry3k_test_2547	corrupt_trusted	pred='B'	gold='B'	complete=True	new_tokens=2	duration_s=19.03
CALL geometry3k_test_2547 corrupt_warned
OK	geometry3k_test_2547	corrupt_warned	pred='B'	gold='B'	complete=True	new_tokens=2	duration_s=19.03
CALL geometry3k_test_2547 contradictory_trusted
OK	geometry3k_test_2547	contradictory_trusted	pred='B'	gold='B'	complete=True	new_tokens=2	duration_s=19.04
CALL geometry3k_test_2547 contradictory_selfverify
OK	geometry3k_test_2547	contradictory_selfverify	pred='B'	gold='B'	complete=True	new_tokens=2	duration_s=19.01
CALL geometry3k_test_2548 raw
FAIL	geometry3k_test_2548	raw	pred='C'	gold='A'	complete=True	new_tokens=2	duration_s=8.83
CALL geometry3k_test_2548 clean_topk6_cautious
FAIL	geometry3k_test_2548	clean_topk6_cautious	pred='C'	gold='A'	complete=True	new_tokens=2	duration_s=9.50
CALL geometry3k_test_2548 clean_topk6_trusted
FAIL	geometry3k_test_2548	clean_topk6_trusted	pred='C'	gold='A'	complete=True	new_tokens=2	duration_s=9.49
CALL geometry3k_test_2548 clean_topk6_selfverify
FAIL	geometry3k_test_2548	clean_topk6_selfverify	pred='C'	gold='A'	complete=True	new_tokens=2	duration_s=9.48
CALL geometry3k_test_2548 confidence_gated_topk6
FAIL	geometry3k_test_2548	confidence_gated_topk6	pred='C'	gold='A'	complete=True	new_tokens=2	duration_s=9.91
CALL geometry3k_test_2548 irrelevant_trusted
FAIL	geometry3k_test_2548	irrelevant_trusted	pred='C'	gold='A'	complete=True	new_tokens=2	duration_s=9.54
CALL geometry3k_test_2548 irrelevant_warned
FAIL	geometry3k_test_2548	irrelevant_warned	pred='D'	gold='A'	complete=True	new_tokens=2	duration_s=9.50
CALL geometry3k_test_2548 corrupt_trusted
FAIL	geometry3k_test_2548	corrupt_trusted	pred='C'	gold='A'	complete=True	new_tokens=2	duration_s=9.48
CALL geometry3k_test_2548 corrupt_warned
FAIL	geometry3k_test_2548	corrupt_warned	pred='C'	gold='A'	complete=True	new_tokens=2	duration_s=9.55
CALL geometry3k_test_2548 contradictory_trusted
FAIL	geometry3k_test_2548	contradictory_trusted	pred='C'	gold='A'	complete=True	new_tokens=2	duration_s=9.52
CALL geometry3k_test_2548 contradictory_selfverify
FAIL	geometry3k_test_2548	contradictory_selfverify	pred='C'	gold='A'	complete=True	new_tokens=2	duration_s=9.49
CALL geometry3k_test_2549 raw
FAIL	geometry3k_test_2549	raw	pred='D'	gold='B'	complete=True	new_tokens=2	duration_s=4.20
CALL geometry3k_test_2549 clean_topk6_cautious
FAIL	geometry3k_test_2549	clean_topk6_cautious	pred='D'	gold='B'	complete=True	new_tokens=2	duration_s=4.78
CALL geometry3k_test_2549 clean_topk6_trusted
FAIL	geometry3k_test_2549	clean_topk6_trusted	pred='D'	gold='B'	complete=True	new_tokens=2	duration_s=4.80
CALL geometry3k_test_2549 clean_topk6_selfverify
FAIL	geometry3k_test_2549	clean_topk6_selfverify	pred='D'	gold='B'	complete=True	new_tokens=2	duration_s=4.81
CALL geometry3k_test_2549 confidence_gated_topk6
FAIL	geometry3k_test_2549	confidence_gated_topk6	pred='C'	gold='B'	complete=True	new_tokens=2	duration_s=5.47
CALL geometry3k_test_2549 irrelevant_trusted
FAIL	geometry3k_test_2549	irrelevant_trusted	pred='D'	gold='B'	complete=True	new_tokens=2	duration_s=4.83
CALL geometry3k_test_2549 irrelevant_warned
FAIL	geometry3k_test_2549	irrelevant_warned	pred='C'	gold='B'	complete=True	new_tokens=2	duration_s=4.83
CALL geometry3k_test_2549 corrupt_trusted
FAIL	geometry3k_test_2549	corrupt_trusted	pred='C'	gold='B'	complete=True	new_tokens=2	duration_s=4.80
CALL geometry3k_test_2549 corrupt_warned
FAIL	geometry3k_test_2549	corrupt_warned	pred='C'	gold='B'	complete=True	new_tokens=2	duration_s=4.79
CALL geometry3k_test_2549 contradictory_trusted
FAIL	geometry3k_test_2549	contradictory_trusted	pred='C'	gold='B'	complete=True	new_tokens=2	duration_s=4.78
CALL geometry3k_test_2549 contradictory_selfverify
FAIL	geometry3k_test_2549	contradictory_selfverify	pred='C'	gold='B'	complete=True	new_tokens=2	duration_s=4.78
CALL geometry3k_test_2550 raw
FAIL	geometry3k_test_2550	raw	pred='C'	gold='D'	complete=True	new_tokens=2	duration_s=4.23
CALL geometry3k_test_2550 clean_topk6_cautious
FAIL	geometry3k_test_2550	clean_topk6_cautious	pred=''	gold='D'	complete=False	new_tokens=32	duration_s=7.52
CALL geometry3k_test_2550 clean_topk6_trusted
FAIL	geometry3k_test_2550	clean_topk6_trusted	pred='C'	gold='D'	complete=True	new_tokens=2	duration_s=4.80
CALL geometry3k_test_2550 clean_topk6_selfverify
FAIL	geometry3k_test_2550	clean_topk6_selfverify	pred=''	gold='D'	complete=False	new_tokens=32	duration_s=7.55
CALL geometry3k_test_2550 confidence_gated_topk6
FAIL	geometry3k_test_2550	confidence_gated_topk6	pred='C'	gold='D'	complete=True	new_tokens=2	duration_s=5.16
CALL geometry3k_test_2550 irrelevant_trusted
FAIL	geometry3k_test_2550	irrelevant_trusted	pred='C'	gold='D'	complete=True	new_tokens=2	duration_s=4.80
CALL geometry3k_test_2550 irrelevant_warned
FAIL	geometry3k_test_2550	irrelevant_warned	pred='C'	gold='D'	complete=True	new_tokens=2	duration_s=4.81
CALL geometry3k_test_2550 corrupt_trusted
FAIL	geometry3k_test_2550	corrupt_trusted	pred='C'	gold='D'	complete=True	new_tokens=2	duration_s=4.82
CALL geometry3k_test_2550 corrupt_warned
FAIL	geometry3k_test_2550	corrupt_warned	pred='C'	gold='D'	complete=True	new_tokens=2	duration_s=4.82
CALL geometry3k_test_2550 contradictory_trusted
FAIL	geometry3k_test_2550	contradictory_trusted	pred='C'	gold='D'	complete=True	new_tokens=2	duration_s=4.82
CALL geometry3k_test_2550 contradictory_selfverify
FAIL	geometry3k_test_2550	contradictory_selfverify	pred='C'	gold='D'	complete=True	new_tokens=2	duration_s=4.82
CALL geometry3k_test_2551 raw
OK	geometry3k_test_2551	raw	pred='D'	gold='D'	complete=True	new_tokens=6	duration_s=9.42
CALL geometry3k_test_2551 clean_topk6_cautious
OK	geometry3k_test_2551	clean_topk6_cautious	pred='D'	gold='D'	complete=True	new_tokens=6	duration_s=9.82
CALL geometry3k_test_2551 clean_topk6_trusted
OK	geometry3k_test_2551	clean_topk6_trusted	pred='D'	gold='D'	complete=True	new_tokens=6	duration_s=9.83
CALL geometry3k_test_2551 clean_topk6_selfverify
OK	geometry3k_test_2551	clean_topk6_selfverify	pred='D'	gold='D'	complete=True	new_tokens=2	duration_s=9.48
CALL geometry3k_test_2551 confidence_gated_topk6
OK	geometry3k_test_2551	confidence_gated_topk6	pred='D'	gold='D'	complete=True	new_tokens=2	duration_s=10.06
CALL geometry3k_test_2551 irrelevant_trusted
OK	geometry3k_test_2551	irrelevant_trusted	pred='D'	gold='D'	complete=True	new_tokens=2	duration_s=9.75
CALL geometry3k_test_2551 irrelevant_warned
OK	geometry3k_test_2551	irrelevant_warned	pred='D'	gold='D'	complete=True	new_tokens=6	duration_s=10.10
CALL geometry3k_test_2551 corrupt_trusted
OK	geometry3k_test_2551	corrupt_trusted	pred='D'	gold='D'	complete=True	new_tokens=6	duration_s=9.81
CALL geometry3k_test_2551 corrupt_warned
OK	geometry3k_test_2551	corrupt_warned	pred='D'	gold='D'	complete=True	new_tokens=6	duration_s=9.81
CALL geometry3k_test_2551 contradictory_trusted
OK	geometry3k_test_2551	contradictory_trusted	pred='D'	gold='D'	complete=True	new_tokens=6	duration_s=9.82
CALL geometry3k_test_2551 contradictory_selfverify
OK	geometry3k_test_2551	contradictory_selfverify	pred='D'	gold='D'	complete=True	new_tokens=2	duration_s=9.46
CALL geometry3k_test_2552 raw
FAIL	geometry3k_test_2552	raw	pred='D'	gold='C'	complete=True	new_tokens=2	duration_s=5.84
CALL geometry3k_test_2552 clean_topk6_cautious
FAIL	geometry3k_test_2552	clean_topk6_cautious	pred='D'	gold='C'	complete=True	new_tokens=2	duration_s=6.48
CALL geometry3k_test_2552 clean_topk6_trusted
FAIL	geometry3k_test_2552	clean_topk6_trusted	pred='D'	gold='C'	complete=True	new_tokens=2	duration_s=6.47
CALL geometry3k_test_2552 clean_topk6_selfverify
FAIL	geometry3k_test_2552	clean_topk6_selfverify	pred='D'	gold='C'	complete=True	new_tokens=2	duration_s=6.47
CALL geometry3k_test_2552 confidence_gated_topk6
FAIL	geometry3k_test_2552	confidence_gated_topk6	pred='D'	gold='C'	complete=True	new_tokens=2	duration_s=6.87
CALL geometry3k_test_2552 irrelevant_trusted
FAIL	geometry3k_test_2552	irrelevant_trusted	pred='D'	gold='C'	complete=True	new_tokens=2	duration_s=6.14
CALL geometry3k_test_2552 irrelevant_warned
FAIL	geometry3k_test_2552	irrelevant_warned	pred='D'	gold='C'	complete=True	new_tokens=2	duration_s=6.15
CALL geometry3k_test_2552 corrupt_trusted
FAIL	geometry3k_test_2552	corrupt_trusted	pred='D'	gold='C'	complete=True	new_tokens=2	duration_s=6.46
CALL geometry3k_test_2552 corrupt_warned
FAIL	geometry3k_test_2552	corrupt_warned	pred='D'	gold='C'	complete=True	new_tokens=2	duration_s=6.45
CALL geometry3k_test_2552 contradictory_trusted
FAIL	geometry3k_test_2552	contradictory_trusted	pred='D'	gold='C'	complete=True	new_tokens=2	duration_s=6.46
CALL geometry3k_test_2552 contradictory_selfverify
FAIL	geometry3k_test_2552	contradictory_selfverify	pred='D'	gold='C'	complete=True	new_tokens=2	duration_s=6.46
CALL geometry3k_test_2553 raw
FAIL	geometry3k_test_2553	raw	pred='B'	gold='A'	complete=True	new_tokens=2	duration_s=9.88
CALL geometry3k_test_2553 clean_topk6_cautious
FAIL	geometry3k_test_2553	clean_topk6_cautious	pred='B'	gold='A'	complete=True	new_tokens=2	duration_s=10.56
CALL geometry3k_test_2553 clean_topk6_trusted
FAIL	geometry3k_test_2553	clean_topk6_trusted	pred='B'	gold='A'	complete=True	new_tokens=2	duration_s=10.58
CALL geometry3k_test_2553 clean_topk6_selfverify
FAIL	geometry3k_test_2553	clean_topk6_selfverify	pred='B'	gold='A'	complete=True	new_tokens=2	duration_s=10.57
CALL geometry3k_test_2553 confidence_gated_topk6
FAIL	geometry3k_test_2553	confidence_gated_topk6	pred='B'	gold='A'	complete=True	new_tokens=2	duration_s=11.28
CALL geometry3k_test_2553 irrelevant_trusted
FAIL	geometry3k_test_2553	irrelevant_trusted	pred='B'	gold='A'	complete=True	new_tokens=2	duration_s=10.55
CALL geometry3k_test_2553 irrelevant_warned
FAIL	geometry3k_test_2553	irrelevant_warned	pred='B'	gold='A'	complete=True	new_tokens=2	duration_s=10.60
CALL geometry3k_test_2553 corrupt_trusted
FAIL	geometry3k_test_2553	corrupt_trusted	pred='B'	gold='A'	complete=True	new_tokens=2	duration_s=10.55
CALL geometry3k_test_2553 corrupt_warned
FAIL	geometry3k_test_2553	corrupt_warned	pred='B'	gold='A'	complete=True	new_tokens=2	duration_s=10.49
CALL geometry3k_test_2553 contradictory_trusted
FAIL	geometry3k_test_2553	contradictory_trusted	pred='B'	gold='A'	complete=True	new_tokens=2	duration_s=10.60
CALL geometry3k_test_2553 contradictory_selfverify
FAIL	geometry3k_test_2553	contradictory_selfverify	pred='B'	gold='A'	complete=True	new_tokens=2	duration_s=10.55
CALL geometry3k_test_2554 raw
OK	geometry3k_test_2554	raw	pred='D'	gold='D'	complete=True	new_tokens=12	duration_s=5.36
CALL geometry3k_test_2554 clean_topk6_cautious
OK	geometry3k_test_2554	clean_topk6_cautious	pred='D'	gold='D'	complete=True	new_tokens=2	duration_s=5.00
CALL geometry3k_test_2554 clean_topk6_trusted
OK	geometry3k_test_2554	clean_topk6_trusted	pred='D'	gold='D'	complete=True	new_tokens=2	duration_s=5.00
CALL geometry3k_test_2554 clean_topk6_selfverify
OK	geometry3k_test_2554	clean_topk6_selfverify	pred='D'	gold='D'	complete=True	new_tokens=2	duration_s=5.03
CALL geometry3k_test_2554 confidence_gated_topk6
OK	geometry3k_test_2554	confidence_gated_topk6	pred='D'	gold='D'	complete=True	new_tokens=2	duration_s=5.02
CALL geometry3k_test_2554 irrelevant_trusted
OK	geometry3k_test_2554	irrelevant_trusted	pred='D'	gold='D'	complete=True	new_tokens=2	duration_s=5.05
CALL geometry3k_test_2554 irrelevant_warned
OK	geometry3k_test_2554	irrelevant_warned	pred='D'	gold='D'	complete=True	new_tokens=2	duration_s=5.04
CALL geometry3k_test_2554 corrupt_trusted
OK	geometry3k_test_2554	corrupt_trusted	pred='D'	gold='D'	complete=True	new_tokens=2	duration_s=5.02
CALL geometry3k_test_2554 corrupt_warned
OK	geometry3k_test_2554	corrupt_warned	pred='D'	gold='D'	complete=True	new_tokens=2	duration_s=5.03
CALL geometry3k_test_2554 contradictory_trusted
OK	geometry3k_test_2554	contradictory_trusted	pred='D'	gold='D'	complete=True	new_tokens=2	duration_s=5.02
CALL geometry3k_test_2554 contradictory_selfverify
OK	geometry3k_test_2554	contradictory_selfverify	pred='D'	gold='D'	complete=True	new_tokens=2	duration_s=5.02
CALL geometry3k_test_2555 raw
OK	geometry3k_test_2555	raw	pred='C'	gold='C'	complete=True	new_tokens=2	duration_s=12.04
CALL geometry3k_test_2555 clean_topk6_cautious
OK	geometry3k_test_2555	clean_topk6_cautious	pred='C'	gold='C'	complete=True	new_tokens=2	duration_s=12.69
CALL geometry3k_test_2555 clean_topk6_trusted
OK	geometry3k_test_2555	clean_topk6_trusted	pred='C'	gold='C'	complete=True	new_tokens=2	duration_s=12.40
CALL geometry3k_test_2555 clean_topk6_selfverify
OK	geometry3k_test_2555	clean_topk6_selfverify	pred='C'	gold='C'	complete=True	new_tokens=2	duration_s=12.67
CALL geometry3k_test_2555 confidence_gated_topk6
OK	geometry3k_test_2555	confidence_gated_topk6	pred='C'	gold='C'	complete=True	new_tokens=2	duration_s=13.33
CALL geometry3k_test_2555 irrelevant_trusted
OK	geometry3k_test_2555	irrelevant_trusted	pred='C'	gold='C'	complete=True	new_tokens=2	duration_s=12.45
CALL geometry3k_test_2555 irrelevant_warned
OK	geometry3k_test_2555	irrelevant_warned	pred='C'	gold='C'	complete=True	new_tokens=2	duration_s=12.68
CALL geometry3k_test_2555 corrupt_trusted
OK	geometry3k_test_2555	corrupt_trusted	pred='C'	gold='C'	complete=True	new_tokens=2	duration_s=12.44
CALL geometry3k_test_2555 corrupt_warned
OK	geometry3k_test_2555	corrupt_warned	pred='C'	gold='C'	complete=True	new_tokens=2	duration_s=12.35
CALL geometry3k_test_2555 contradictory_trusted
OK	geometry3k_test_2555	contradictory_trusted	pred='C'	gold='C'	complete=True	new_tokens=2	duration_s=12.41
CALL geometry3k_test_2555 contradictory_selfverify
OK	geometry3k_test_2555	contradictory_selfverify	pred='C'	gold='C'	complete=True	new_tokens=2	duration_s=12.69
CALL geometry3k_test_2556 raw
OK	geometry3k_test_2556	raw	pred='A'	gold='A'	complete=True	new_tokens=2	duration_s=4.50
CALL geometry3k_test_2556 clean_topk6_cautious
OK	geometry3k_test_2556	clean_topk6_cautious	pred='A'	gold='A'	complete=True	new_tokens=2	duration_s=5.10
CALL geometry3k_test_2556 clean_topk6_trusted
FAIL	geometry3k_test_2556	clean_topk6_trusted	pred='B'	gold='A'	complete=True	new_tokens=2	duration_s=5.10
CALL geometry3k_test_2556 clean_topk6_selfverify
FAIL	geometry3k_test_2556	clean_topk6_selfverify	pred='B'	gold='A'	complete=True	new_tokens=2	duration_s=5.08
CALL geometry3k_test_2556 confidence_gated_topk6
OK	geometry3k_test_2556	confidence_gated_topk6	pred='A'	gold='A'	complete=True	new_tokens=2	duration_s=5.80
CALL geometry3k_test_2556 irrelevant_trusted
OK	geometry3k_test_2556	irrelevant_trusted	pred='A'	gold='A'	complete=True	new_tokens=2	duration_s=5.07
CALL geometry3k_test_2556 irrelevant_warned
FAIL	geometry3k_test_2556	irrelevant_warned	pred='B'	gold='A'	complete=True	new_tokens=2	duration_s=5.09
CALL geometry3k_test_2556 corrupt_trusted
FAIL	geometry3k_test_2556	corrupt_trusted	pred='B'	gold='A'	complete=True	new_tokens=2	duration_s=5.11
CALL geometry3k_test_2556 corrupt_warned
OK	geometry3k_test_2556	corrupt_warned	pred='A'	gold='A'	complete=True	new_tokens=2	duration_s=5.08
CALL geometry3k_test_2556 contradictory_trusted
FAIL	geometry3k_test_2556	contradictory_trusted	pred='B'	gold='A'	complete=True	new_tokens=2	duration_s=5.08
CALL geometry3k_test_2556 contradictory_selfverify
FAIL	geometry3k_test_2556	contradictory_selfverify	pred='B'	gold='A'	complete=True	new_tokens=2	duration_s=5.11
CALL geometry3k_test_2557 raw
FAIL	geometry3k_test_2557	raw	pred='C'	gold='B'	complete=True	new_tokens=2	duration_s=9.87
CALL geometry3k_test_2557 clean_topk6_cautious
FAIL	geometry3k_test_2557	clean_topk6_cautious	pred='C'	gold='B'	complete=True	new_tokens=2	duration_s=10.58
CALL geometry3k_test_2557 clean_topk6_trusted
FAIL	geometry3k_test_2557	clean_topk6_trusted	pred='C'	gold='B'	complete=True	new_tokens=2	duration_s=10.60
CALL geometry3k_test_2557 clean_topk6_selfverify
FAIL	geometry3k_test_2557	clean_topk6_selfverify	pred='C'	gold='B'	complete=True	new_tokens=2	duration_s=10.57
CALL geometry3k_test_2557 confidence_gated_topk6
FAIL	geometry3k_test_2557	confidence_gated_topk6	pred='C'	gold='B'	complete=True	new_tokens=2	duration_s=10.60
CALL geometry3k_test_2557 irrelevant_trusted
FAIL	geometry3k_test_2557	irrelevant_trusted	pred='C'	gold='B'	complete=True	new_tokens=2	duration_s=10.55
CALL geometry3k_test_2557 irrelevant_warned
FAIL	geometry3k_test_2557	irrelevant_warned	pred='C'	gold='B'	complete=True	new_tokens=2	duration_s=10.57
CALL geometry3k_test_2557 corrupt_trusted
FAIL	geometry3k_test_2557	corrupt_trusted	pred='C'	gold='B'	complete=True	new_tokens=2	duration_s=10.59
CALL geometry3k_test_2557 corrupt_warned
FAIL	geometry3k_test_2557	corrupt_warned	pred='C'	gold='B'	complete=True	new_tokens=2	duration_s=10.56
CALL geometry3k_test_2557 contradictory_trusted
FAIL	geometry3k_test_2557	contradictory_trusted	pred='C'	gold='B'	complete=True	new_tokens=2	duration_s=10.58
CALL geometry3k_test_2557 contradictory_selfverify
FAIL	geometry3k_test_2557	contradictory_selfverify	pred='C'	gold='B'	complete=True	new_tokens=2	duration_s=10.57
CALL geometry3k_test_2558 raw
FAIL	geometry3k_test_2558	raw	pred='B'	gold='D'	complete=True	new_tokens=2	duration_s=4.94
CALL geometry3k_test_2558 clean_topk6_cautious
OK	geometry3k_test_2558	clean_topk6_cautious	pred='D'	gold='D'	complete=True	new_tokens=2	duration_s=5.55
CALL geometry3k_test_2558 clean_topk6_trusted
FAIL	geometry3k_test_2558	clean_topk6_trusted	pred=''	gold='D'	complete=False	new_tokens=32	duration_s=8.25
CALL geometry3k_test_2558 clean_topk6_selfverify
OK	geometry3k_test_2558	clean_topk6_selfverify	pred='D'	gold='D'	complete=True	new_tokens=2	duration_s=5.53
CALL geometry3k_test_2558 confidence_gated_topk6
OK	geometry3k_test_2558	confidence_gated_topk6	pred='D'	gold='D'	complete=True	new_tokens=2	duration_s=6.27
CALL geometry3k_test_2558 irrelevant_trusted
OK	geometry3k_test_2558	irrelevant_trusted	pred='D'	gold='D'	complete=True	new_tokens=2	duration_s=5.56
CALL geometry3k_test_2558 irrelevant_warned
OK	geometry3k_test_2558	irrelevant_warned	pred='D'	gold='D'	complete=True	new_tokens=2	duration_s=5.52
CALL geometry3k_test_2558 corrupt_trusted
OK	geometry3k_test_2558	corrupt_trusted	pred='D'	gold='D'	complete=True	new_tokens=2	duration_s=5.55
CALL geometry3k_test_2558 corrupt_warned
OK	geometry3k_test_2558	corrupt_warned	pred='D'	gold='D'	complete=True	new_tokens=2	duration_s=5.52
CALL geometry3k_test_2558 contradictory_trusted
OK	geometry3k_test_2558	contradictory_trusted	pred='D'	gold='D'	complete=True	new_tokens=2	duration_s=5.54
CALL geometry3k_test_2558 contradictory_selfverify
OK	geometry3k_test_2558	contradictory_selfverify	pred='D'	gold='D'	complete=True	new_tokens=2	duration_s=5.52
CALL geometry3k_test_2559 raw
OK	geometry3k_test_2559	raw	pred='A'	gold='A'	complete=True	new_tokens=2	duration_s=4.18
CALL geometry3k_test_2559 clean_topk6_cautious
OK	geometry3k_test_2559	clean_topk6_cautious	pred='A'	gold='A'	complete=True	new_tokens=2	duration_s=4.78
CALL geometry3k_test_2559 clean_topk6_trusted
OK	geometry3k_test_2559	clean_topk6_trusted	pred='A'	gold='A'	complete=True	new_tokens=2	duration_s=4.81
CALL geometry3k_test_2559 clean_topk6_selfverify
OK	geometry3k_test_2559	clean_topk6_selfverify	pred='A'	gold='A'	complete=True	new_tokens=2	duration_s=4.80
CALL geometry3k_test_2559 confidence_gated_topk6
OK	geometry3k_test_2559	confidence_gated_topk6	pred='A'	gold='A'	complete=True	new_tokens=2	duration_s=4.74
CALL geometry3k_test_2559 irrelevant_trusted
OK	geometry3k_test_2559	irrelevant_trusted	pred='A'	gold='A'	complete=True	new_tokens=2	duration_s=4.79
CALL geometry3k_test_2559 irrelevant_warned
OK	geometry3k_test_2559	irrelevant_warned	pred='A'	gold='A'	complete=True	new_tokens=2	duration_s=4.80
CALL geometry3k_test_2559 corrupt_trusted
OK	geometry3k_test_2559	corrupt_trusted	pred='A'	gold='A'	complete=True	new_tokens=2	duration_s=4.79
CALL geometry3k_test_2559 corrupt_warned
OK	geometry3k_test_2559	corrupt_warned	pred='A'	gold='A'	complete=True	new_tokens=2	duration_s=4.78
CALL geometry3k_test_2559 contradictory_trusted
OK	geometry3k_test_2559	contradictory_trusted	pred='A'	gold='A'	complete=True	new_tokens=2	duration_s=4.78
CALL geometry3k_test_2559 contradictory_selfverify
OK	geometry3k_test_2559	contradictory_selfverify	pred='A'	gold='A'	complete=True	new_tokens=2	duration_s=4.79
CALL geometry3k_test_2560 raw
OK	geometry3k_test_2560	raw	pred='B'	gold='B'	complete=True	new_tokens=2	duration_s=3.84
CALL geometry3k_test_2560 clean_topk6_cautious
OK	geometry3k_test_2560	clean_topk6_cautious	pred='B'	gold='B'	complete=True	new_tokens=2	duration_s=4.20
CALL geometry3k_test_2560 clean_topk6_trusted
OK	geometry3k_test_2560	clean_topk6_trusted	pred='B'	gold='B'	complete=True	new_tokens=2	duration_s=4.20
CALL geometry3k_test_2560 clean_topk6_selfverify
OK	geometry3k_test_2560	clean_topk6_selfverify	pred='B'	gold='B'	complete=True	new_tokens=2	duration_s=4.23
CALL geometry3k_test_2560 confidence_gated_topk6
OK	geometry3k_test_2560	confidence_gated_topk6	pred='B'	gold='B'	complete=True	new_tokens=2	duration_s=4.19
CALL geometry3k_test_2560 irrelevant_trusted
OK	geometry3k_test_2560	irrelevant_trusted	pred='B'	gold='B'	complete=True	new_tokens=2	duration_s=4.48
CALL geometry3k_test_2560 irrelevant_warned
OK	geometry3k_test_2560	irrelevant_warned	pred='B'	gold='B'	complete=True	new_tokens=2	duration_s=4.46
CALL geometry3k_test_2560 corrupt_trusted
OK	geometry3k_test_2560	corrupt_trusted	pred='B'	gold='B'	complete=True	new_tokens=2	duration_s=4.20
CALL geometry3k_test_2560 corrupt_warned
OK	geometry3k_test_2560	corrupt_warned	pred='B'	gold='B'	complete=True	new_tokens=2	duration_s=4.21
CALL geometry3k_test_2560 contradictory_trusted
OK	geometry3k_test_2560	contradictory_trusted	pred='B'	gold='B'	complete=True	new_tokens=2	duration_s=4.21
CALL geometry3k_test_2560 contradictory_selfverify
OK	geometry3k_test_2560	contradictory_selfverify	pred='B'	gold='B'	complete=True	new_tokens=2	duration_s=4.21
CALL geometry3k_test_2561 raw
OK	geometry3k_test_2561	raw	pred='C'	gold='C'	complete=True	new_tokens=2	duration_s=4.19
CALL geometry3k_test_2561 clean_topk6_cautious
OK	geometry3k_test_2561	clean_topk6_cautious	pred='C'	gold='C'	complete=True	new_tokens=2	duration_s=4.80
CALL geometry3k_test_2561 clean_topk6_trusted
OK	geometry3k_test_2561	clean_topk6_trusted	pred='C'	gold='C'	complete=True	new_tokens=2	duration_s=4.80
CALL geometry3k_test_2561 clean_topk6_selfverify
OK	geometry3k_test_2561	clean_topk6_selfverify	pred='C'	gold='C'	complete=True	new_tokens=2	duration_s=4.82
CALL geometry3k_test_2561 confidence_gated_topk6
FAIL	geometry3k_test_2561	confidence_gated_topk6	pred='D'	gold='C'	complete=True	new_tokens=2	duration_s=5.54
CALL geometry3k_test_2561 irrelevant_trusted
FAIL	geometry3k_test_2561	irrelevant_trusted	pred='D'	gold='C'	complete=True	new_tokens=2	duration_s=4.79
CALL geometry3k_test_2561 irrelevant_warned
FAIL	geometry3k_test_2561	irrelevant_warned	pred='D'	gold='C'	complete=True	new_tokens=2	duration_s=4.80
CALL geometry3k_test_2561 corrupt_trusted
OK	geometry3k_test_2561	corrupt_trusted	pred='C'	gold='C'	complete=True	new_tokens=2	duration_s=4.82
CALL geometry3k_test_2561 corrupt_warned
OK	geometry3k_test_2561	corrupt_warned	pred='C'	gold='C'	complete=True	new_tokens=2	duration_s=4.84
CALL geometry3k_test_2561 contradictory_trusted
FAIL	geometry3k_test_2561	contradictory_trusted	pred='D'	gold='C'	complete=True	new_tokens=2	duration_s=4.84
CALL geometry3k_test_2561 contradictory_selfverify
OK	geometry3k_test_2561	contradictory_selfverify	pred='C'	gold='C'	complete=True	new_tokens=2	duration_s=4.82
CALL geometry3k_test_2562 raw
OK	geometry3k_test_2562	raw	pred='C'	gold='C'	complete=True	new_tokens=2	duration_s=4.21
CALL geometry3k_test_2562 clean_topk6_cautious
OK	geometry3k_test_2562	clean_topk6_cautious	pred='C'	gold='C'	complete=True	new_tokens=2	duration_s=4.57
CALL geometry3k_test_2562 clean_topk6_trusted
OK	geometry3k_test_2562	clean_topk6_trusted	pred='C'	gold='C'	complete=True	new_tokens=2	duration_s=4.53
CALL geometry3k_test_2562 clean_topk6_selfverify
OK	geometry3k_test_2562	clean_topk6_selfverify	pred='C'	gold='C'	complete=True	new_tokens=2	duration_s=4.56
CALL geometry3k_test_2562 confidence_gated_topk6
OK	geometry3k_test_2562	confidence_gated_topk6	pred='C'	gold='C'	complete=True	new_tokens=2	duration_s=5.18
CALL geometry3k_test_2562 irrelevant_trusted
OK	geometry3k_test_2562	irrelevant_trusted	pred='C'	gold='C'	complete=True	new_tokens=2	duration_s=4.79
CALL geometry3k_test_2562 irrelevant_warned
OK	geometry3k_test_2562	irrelevant_warned	pred='C'	gold='C'	complete=True	new_tokens=2	duration_s=4.80
CALL geometry3k_test_2562 corrupt_trusted
OK	geometry3k_test_2562	corrupt_trusted	pred='C'	gold='C'	complete=True	new_tokens=2	duration_s=4.56
CALL geometry3k_test_2562 corrupt_warned
OK	geometry3k_test_2562	corrupt_warned	pred='C'	gold='C'	complete=True	new_tokens=2	duration_s=4.55
CALL geometry3k_test_2562 contradictory_trusted
OK	geometry3k_test_2562	contradictory_trusted	pred='C'	gold='C'	complete=True	new_tokens=2	duration_s=4.55
CALL geometry3k_test_2562 contradictory_selfverify
OK	geometry3k_test_2562	contradictory_selfverify	pred='C'	gold='C'	complete=True	new_tokens=2	duration_s=4.57
CALL geometry3k_test_2563 raw
FAIL	geometry3k_test_2563	raw	pred='C'	gold='A'	complete=True	new_tokens=2	duration_s=12.06
CALL geometry3k_test_2563 clean_topk6_cautious
FAIL	geometry3k_test_2563	clean_topk6_cautious	pred='B'	gold='A'	complete=True	new_tokens=2	duration_s=12.70
CALL geometry3k_test_2563 clean_topk6_trusted
FAIL	geometry3k_test_2563	clean_topk6_trusted	pred='B'	gold='A'	complete=True	new_tokens=2	duration_s=12.41
CALL geometry3k_test_2563 clean_topk6_selfverify
FAIL	geometry3k_test_2563	clean_topk6_selfverify	pred='B'	gold='A'	complete=True	new_tokens=2	duration_s=12.68
CALL geometry3k_test_2563 confidence_gated_topk6
FAIL	geometry3k_test_2563	confidence_gated_topk6	pred='B'	gold='A'	complete=True	new_tokens=2	duration_s=13.38
CALL geometry3k_test_2563 irrelevant_trusted
FAIL	geometry3k_test_2563	irrelevant_trusted	pred='B'	gold='A'	complete=True	new_tokens=2	duration_s=12.40
CALL geometry3k_test_2563 irrelevant_warned
FAIL	geometry3k_test_2563	irrelevant_warned	pred='B'	gold='A'	complete=True	new_tokens=2	duration_s=12.39
CALL geometry3k_test_2563 corrupt_trusted
FAIL	geometry3k_test_2563	corrupt_trusted	pred='B'	gold='A'	complete=True	new_tokens=2	duration_s=12.43
CALL geometry3k_test_2563 corrupt_warned
FAIL	geometry3k_test_2563	corrupt_warned	pred='B'	gold='A'	complete=True	new_tokens=2	duration_s=12.43
CALL geometry3k_test_2563 contradictory_trusted
FAIL	geometry3k_test_2563	contradictory_trusted	pred='B'	gold='A'	complete=True	new_tokens=2	duration_s=12.43
CALL geometry3k_test_2563 contradictory_selfverify
FAIL	geometry3k_test_2563	contradictory_selfverify	pred='B'	gold='A'	complete=True	new_tokens=2	duration_s=12.67
CALL geometry3k_test_2564 raw
FAIL	geometry3k_test_2564	raw	pred='C'	gold='A'	complete=True	new_tokens=2	duration_s=4.43
CALL geometry3k_test_2564 clean_topk6_cautious
FAIL	geometry3k_test_2564	clean_topk6_cautious	pred='C'	gold='A'	complete=True	new_tokens=2	duration_s=5.02
CALL geometry3k_test_2564 clean_topk6_trusted
FAIL	geometry3k_test_2564	clean_topk6_trusted	pred='C'	gold='A'	complete=True	new_tokens=2	duration_s=4.98
CALL geometry3k_test_2564 clean_topk6_selfverify
FAIL	geometry3k_test_2564	clean_topk6_selfverify	pred='C'	gold='A'	complete=True	new_tokens=2	duration_s=5.00
CALL geometry3k_test_2564 confidence_gated_topk6
FAIL	geometry3k_test_2564	confidence_gated_topk6	pred='C'	gold='A'	complete=True	new_tokens=2	duration_s=5.72
CALL geometry3k_test_2564 irrelevant_trusted
FAIL	geometry3k_test_2564	irrelevant_trusted	pred='C'	gold='A'	complete=True	new_tokens=2	duration_s=4.97
CALL geometry3k_test_2564 irrelevant_warned
FAIL	geometry3k_test_2564	irrelevant_warned	pred='C'	gold='A'	complete=True	new_tokens=2	duration_s=4.99
CALL geometry3k_test_2564 corrupt_trusted
FAIL	geometry3k_test_2564	corrupt_trusted	pred='C'	gold='A'	complete=True	new_tokens=2	duration_s=5.01
CALL geometry3k_test_2564 corrupt_warned
FAIL	geometry3k_test_2564	corrupt_warned	pred='C'	gold='A'	complete=True	new_tokens=2	duration_s=5.01
CALL geometry3k_test_2564 contradictory_trusted
FAIL	geometry3k_test_2564	contradictory_trusted	pred='C'	gold='A'	complete=True	new_tokens=2	duration_s=5.04
CALL geometry3k_test_2564 contradictory_selfverify
FAIL	geometry3k_test_2564	contradictory_selfverify	pred='C'	gold='A'	complete=True	new_tokens=2	duration_s=5.03
CALL geometry3k_test_2565 raw
OK	geometry3k_test_2565	raw	pred='A'	gold='A'	complete=True	new_tokens=2	duration_s=4.22
CALL geometry3k_test_2565 clean_topk6_cautious
OK	geometry3k_test_2565	clean_topk6_cautious	pred='A'	gold='A'	complete=True	new_tokens=2	duration_s=4.56
CALL geometry3k_test_2565 clean_topk6_trusted
OK	geometry3k_test_2565	clean_topk6_trusted	pred='A'	gold='A'	complete=True	new_tokens=2	duration_s=4.51
CALL geometry3k_test_2565 clean_topk6_selfverify
OK	geometry3k_test_2565	clean_topk6_selfverify	pred='A'	gold='A'	complete=True	new_tokens=2	duration_s=4.79
CALL geometry3k_test_2565 confidence_gated_topk6
OK	geometry3k_test_2565	confidence_gated_topk6	pred='A'	gold='A'	complete=True	new_tokens=2	duration_s=5.15
CALL geometry3k_test_2565 irrelevant_trusted
OK	geometry3k_test_2565	irrelevant_trusted	pred='A'	gold='A'	complete=True	new_tokens=2	duration_s=4.80
CALL geometry3k_test_2565 irrelevant_warned
OK	geometry3k_test_2565	irrelevant_warned	pred='A'	gold='A'	complete=True	new_tokens=2	duration_s=4.81
CALL geometry3k_test_2565 corrupt_trusted
FAIL	geometry3k_test_2565	corrupt_trusted	pred='D'	gold='A'	complete=True	new_tokens=2	duration_s=4.55
CALL geometry3k_test_2565 corrupt_warned
FAIL	geometry3k_test_2565	corrupt_warned	pred='D'	gold='A'	complete=True	new_tokens=2	duration_s=4.55
CALL geometry3k_test_2565 contradictory_trusted
FAIL	geometry3k_test_2565	contradictory_trusted	pred='D'	gold='A'	complete=True	new_tokens=2	duration_s=4.55
CALL geometry3k_test_2565 contradictory_selfverify
FAIL	geometry3k_test_2565	contradictory_selfverify	pred='D'	gold='A'	complete=True	new_tokens=2	duration_s=4.56
CALL geometry3k_test_2566 raw
OK	geometry3k_test_2566	raw	pred='B'	gold='B'	complete=True	new_tokens=2	duration_s=4.73
CALL geometry3k_test_2566 clean_topk6_cautious
OK	geometry3k_test_2566	clean_topk6_cautious	pred='B'	gold='B'	complete=True	new_tokens=2	duration_s=5.30
CALL geometry3k_test_2566 clean_topk6_trusted
OK	geometry3k_test_2566	clean_topk6_trusted	pred='B'	gold='B'	complete=True	new_tokens=2	duration_s=5.33
CALL geometry3k_test_2566 clean_topk6_selfverify
OK	geometry3k_test_2566	clean_topk6_selfverify	pred='B'	gold='B'	complete=True	new_tokens=2	duration_s=5.31
CALL geometry3k_test_2566 confidence_gated_topk6
OK	geometry3k_test_2566	confidence_gated_topk6	pred='B'	gold='B'	complete=True	new_tokens=2	duration_s=6.01
CALL geometry3k_test_2566 irrelevant_trusted
OK	geometry3k_test_2566	irrelevant_trusted	pred='B'	gold='B'	complete=True	new_tokens=2	duration_s=5.30
CALL geometry3k_test_2566 irrelevant_warned
OK	geometry3k_test_2566	irrelevant_warned	pred='B'	gold='B'	complete=True	new_tokens=2	duration_s=5.32
CALL geometry3k_test_2566 corrupt_trusted
OK	geometry3k_test_2566	corrupt_trusted	pred='B'	gold='B'	complete=True	new_tokens=2	duration_s=5.30
CALL geometry3k_test_2566 corrupt_warned
OK	geometry3k_test_2566	corrupt_warned	pred='B'	gold='B'	complete=True	new_tokens=2	duration_s=5.29
CALL geometry3k_test_2566 contradictory_trusted
OK	geometry3k_test_2566	contradictory_trusted	pred='B'	gold='B'	complete=True	new_tokens=2	duration_s=5.32
CALL geometry3k_test_2566 contradictory_selfverify
OK	geometry3k_test_2566	contradictory_selfverify	pred='B'	gold='B'	complete=True	new_tokens=2	duration_s=5.31
CALL geometry3k_test_2567 raw
FAIL	geometry3k_test_2567	raw	pred='C'	gold='D'	complete=True	new_tokens=2	duration_s=8.50
CALL geometry3k_test_2567 clean_topk6_cautious
FAIL	geometry3k_test_2567	clean_topk6_cautious	pred='C'	gold='D'	complete=True	new_tokens=2	duration_s=8.88
CALL geometry3k_test_2567 clean_topk6_trusted
FAIL	geometry3k_test_2567	clean_topk6_trusted	pred='C'	gold='D'	complete=True	new_tokens=2	duration_s=8.88
CALL geometry3k_test_2567 clean_topk6_selfverify
FAIL	geometry3k_test_2567	clean_topk6_selfverify	pred='C'	gold='D'	complete=True	new_tokens=2	duration_s=8.88
CALL geometry3k_test_2567 confidence_gated_topk6
FAIL	geometry3k_test_2567	confidence_gated_topk6	pred='C'	gold='D'	complete=True	new_tokens=2	duration_s=9.18
CALL geometry3k_test_2567 irrelevant_trusted
FAIL	geometry3k_test_2567	irrelevant_trusted	pred='A'	gold='D'	complete=True	new_tokens=2	duration_s=8.89
CALL geometry3k_test_2567 irrelevant_warned
FAIL	geometry3k_test_2567	irrelevant_warned	pred='C'	gold='D'	complete=True	new_tokens=2	duration_s=8.86
CALL geometry3k_test_2567 corrupt_trusted
FAIL	geometry3k_test_2567	corrupt_trusted	pred='C'	gold='D'	complete=True	new_tokens=2	duration_s=8.88
CALL geometry3k_test_2567 corrupt_warned
FAIL	geometry3k_test_2567	corrupt_warned	pred='C'	gold='D'	complete=True	new_tokens=2	duration_s=8.84
CALL geometry3k_test_2567 contradictory_trusted
FAIL	geometry3k_test_2567	contradictory_trusted	pred='C'	gold='D'	complete=True	new_tokens=2	duration_s=8.85
CALL geometry3k_test_2567 contradictory_selfverify
FAIL	geometry3k_test_2567	contradictory_selfverify	pred='C'	gold='D'	complete=True	new_tokens=2	duration_s=8.86
CALL geometry3k_test_2568 raw
OK	geometry3k_test_2568	raw	pred='A'	gold='A'	complete=True	new_tokens=2	duration_s=10.72
CALL geometry3k_test_2568 clean_topk6_cautious
FAIL	geometry3k_test_2568	clean_topk6_cautious	pred='B'	gold='A'	complete=True	new_tokens=2	duration_s=11.38
CALL geometry3k_test_2568 clean_topk6_trusted
FAIL	geometry3k_test_2568	clean_topk6_trusted	pred='B'	gold='A'	complete=True	new_tokens=2	duration_s=11.38
CALL geometry3k_test_2568 clean_topk6_selfverify
FAIL	geometry3k_test_2568	clean_topk6_selfverify	pred='B'	gold='A'	complete=True	new_tokens=2	duration_s=11.37
CALL geometry3k_test_2568 confidence_gated_topk6
FAIL	geometry3k_test_2568	confidence_gated_topk6	pred='B'	gold='A'	complete=True	new_tokens=2	duration_s=12.11
CALL geometry3k_test_2568 irrelevant_trusted
FAIL	geometry3k_test_2568	irrelevant_trusted	pred='B'	gold='A'	complete=True	new_tokens=2	duration_s=11.37
CALL geometry3k_test_2568 irrelevant_warned
FAIL	geometry3k_test_2568	irrelevant_warned	pred='B'	gold='A'	complete=True	new_tokens=2	duration_s=11.39
CALL geometry3k_test_2568 corrupt_trusted
FAIL	geometry3k_test_2568	corrupt_trusted	pred='B'	gold='A'	complete=True	new_tokens=2	duration_s=11.37
CALL geometry3k_test_2568 corrupt_warned
FAIL	geometry3k_test_2568	corrupt_warned	pred='B'	gold='A'	complete=True	new_tokens=2	duration_s=11.37
CALL geometry3k_test_2568 contradictory_trusted
FAIL	geometry3k_test_2568	contradictory_trusted	pred='B'	gold='A'	complete=True	new_tokens=2	duration_s=11.38
CALL geometry3k_test_2568 contradictory_selfverify
FAIL	geometry3k_test_2568	contradictory_selfverify	pred='B'	gold='A'	complete=True	new_tokens=2	duration_s=11.41
CALL geometry3k_test_2569 raw
FAIL	geometry3k_test_2569	raw	pred='C'	gold='A'	complete=True	new_tokens=2	duration_s=4.51
CALL geometry3k_test_2569 clean_topk6_cautious
FAIL	geometry3k_test_2569	clean_topk6_cautious	pred='C'	gold='A'	complete=True	new_tokens=2	duration_s=5.10
CALL geometry3k_test_2569 clean_topk6_trusted
FAIL	geometry3k_test_2569	clean_topk6_trusted	pred='C'	gold='A'	complete=True	new_tokens=2	duration_s=5.14
CALL geometry3k_test_2569 clean_topk6_selfverify
FAIL	geometry3k_test_2569	clean_topk6_selfverify	pred='C'	gold='A'	complete=True	new_tokens=2	duration_s=5.11
CALL geometry3k_test_2569 confidence_gated_topk6
OK	geometry3k_test_2569	confidence_gated_topk6	pred='A'	gold='A'	complete=True	new_tokens=2	duration_s=5.85
CALL geometry3k_test_2569 irrelevant_trusted
FAIL	geometry3k_test_2569	irrelevant_trusted	pred='C'	gold='A'	complete=True	new_tokens=2	duration_s=5.11
CALL geometry3k_test_2569 irrelevant_warned
FAIL	geometry3k_test_2569	irrelevant_warned	pred='C'	gold='A'	complete=True	new_tokens=2	duration_s=5.12
CALL geometry3k_test_2569 corrupt_trusted
FAIL	geometry3k_test_2569	corrupt_trusted	pred='C'	gold='A'	complete=True	new_tokens=2	duration_s=5.10
CALL geometry3k_test_2569 corrupt_warned
FAIL	geometry3k_test_2569	corrupt_warned	pred='C'	gold='A'	complete=True	new_tokens=2	duration_s=5.15
CALL geometry3k_test_2569 contradictory_trusted
FAIL	geometry3k_test_2569	contradictory_trusted	pred='C'	gold='A'	complete=True	new_tokens=2	duration_s=5.11
CALL geometry3k_test_2569 contradictory_selfverify
FAIL	geometry3k_test_2569	contradictory_selfverify	pred='C'	gold='A'	complete=True	new_tokens=2	duration_s=5.14
CALL geometry3k_test_2570 raw
OK	geometry3k_test_2570	raw	pred='B'	gold='B'	complete=True	new_tokens=2	duration_s=5.61
CALL geometry3k_test_2570 clean_topk6_cautious
OK	geometry3k_test_2570	clean_topk6_cautious	pred='B'	gold='B'	complete=True	new_tokens=8	duration_s=6.49
CALL geometry3k_test_2570 clean_topk6_trusted
OK	geometry3k_test_2570	clean_topk6_trusted	pred='B'	gold='B'	complete=True	new_tokens=2	duration_s=5.94
CALL geometry3k_test_2570 clean_topk6_selfverify
OK	geometry3k_test_2570	clean_topk6_selfverify	pred='B'	gold='B'	complete=True	new_tokens=2	duration_s=5.96
CALL geometry3k_test_2570 confidence_gated_topk6
OK	geometry3k_test_2570	confidence_gated_topk6	pred='B'	gold='B'	complete=True	new_tokens=2	duration_s=6.64
CALL geometry3k_test_2570 irrelevant_trusted
OK	geometry3k_test_2570	irrelevant_trusted	pred='B'	gold='B'	complete=True	new_tokens=8	duration_s=6.80
CALL geometry3k_test_2570 irrelevant_warned
OK	geometry3k_test_2570	irrelevant_warned	pred='B'	gold='B'	complete=True	new_tokens=2	duration_s=6.29
CALL geometry3k_test_2570 corrupt_trusted
FAIL	geometry3k_test_2570	corrupt_trusted	pred='A'	gold='B'	complete=True	new_tokens=8	duration_s=6.49
CALL geometry3k_test_2570 corrupt_warned
FAIL	geometry3k_test_2570	corrupt_warned	pred='C'	gold='B'	complete=True	new_tokens=8	duration_s=6.49
CALL geometry3k_test_2570 contradictory_trusted
FAIL	geometry3k_test_2570	contradictory_trusted	pred='A'	gold='B'	complete=True	new_tokens=8	duration_s=6.52
CALL geometry3k_test_2570 contradictory_selfverify
OK	geometry3k_test_2570	contradictory_selfverify	pred='B'	gold='B'	complete=True	new_tokens=2	duration_s=5.95
CALL geometry3k_test_2571 raw
OK	geometry3k_test_2571	raw	pred='B'	gold='B'	complete=True	new_tokens=2	duration_s=19.04
CALL geometry3k_test_2571 clean_topk6_cautious
OK	geometry3k_test_2571	clean_topk6_cautious	pred='B'	gold='B'	complete=True	new_tokens=2	duration_s=19.73
CALL geometry3k_test_2571 clean_topk6_trusted
OK	geometry3k_test_2571	clean_topk6_trusted	pred='B'	gold='B'	complete=True	new_tokens=2	duration_s=19.69
CALL geometry3k_test_2571 clean_topk6_selfverify
OK	geometry3k_test_2571	clean_topk6_selfverify	pred='B'	gold='B'	complete=True	new_tokens=2	duration_s=19.72
CALL geometry3k_test_2571 confidence_gated_topk6
OK	geometry3k_test_2571	confidence_gated_topk6	pred='B'	gold='B'	complete=True	new_tokens=2	duration_s=19.66
CALL geometry3k_test_2571 irrelevant_trusted
OK	geometry3k_test_2571	irrelevant_trusted	pred='B'	gold='B'	complete=True	new_tokens=2	duration_s=19.63
CALL geometry3k_test_2571 irrelevant_warned
OK	geometry3k_test_2571	irrelevant_warned	pred='B'	gold='B'	complete=True	new_tokens=2	duration_s=19.63
CALL geometry3k_test_2571 corrupt_trusted
OK	geometry3k_test_2571	corrupt_trusted	pred='B'	gold='B'	complete=True	new_tokens=2	duration_s=19.64
CALL geometry3k_test_2571 corrupt_warned
OK	geometry3k_test_2571	corrupt_warned	pred='B'	gold='B'	complete=True	new_tokens=2	duration_s=19.68
CALL geometry3k_test_2571 contradictory_trusted
OK	geometry3k_test_2571	contradictory_trusted	pred='B'	gold='B'	complete=True	new_tokens=2	duration_s=19.70
CALL geometry3k_test_2571 contradictory_selfverify
OK	geometry3k_test_2571	contradictory_selfverify	pred='B'	gold='B'	complete=True	new_tokens=2	duration_s=19.62
CALL geometry3k_test_2572 raw
FAIL	geometry3k_test_2572	raw	pred='C'	gold='D'	complete=True	new_tokens=2	duration_s=10.49
CALL geometry3k_test_2572 clean_topk6_cautious
FAIL	geometry3k_test_2572	clean_topk6_cautious	pred='C'	gold='D'	complete=True	new_tokens=2	duration_s=11.11
CALL geometry3k_test_2572 clean_topk6_trusted
FAIL	geometry3k_test_2572	clean_topk6_trusted	pred='C'	gold='D'	complete=True	new_tokens=2	duration_s=11.10
CALL geometry3k_test_2572 clean_topk6_selfverify
FAIL	geometry3k_test_2572	clean_topk6_selfverify	pred='C'	gold='D'	complete=True	new_tokens=2	duration_s=11.12
CALL geometry3k_test_2572 confidence_gated_topk6
FAIL	geometry3k_test_2572	confidence_gated_topk6	pred='C'	gold='D'	complete=True	new_tokens=2	duration_s=11.16
CALL geometry3k_test_2572 irrelevant_trusted
FAIL	geometry3k_test_2572	irrelevant_trusted	pred='C'	gold='D'	complete=True	new_tokens=2	duration_s=11.11
CALL geometry3k_test_2572 irrelevant_warned
FAIL	geometry3k_test_2572	irrelevant_warned	pred='C'	gold='D'	complete=True	new_tokens=2	duration_s=11.13
CALL geometry3k_test_2572 corrupt_trusted
FAIL	geometry3k_test_2572	corrupt_trusted	pred='C'	gold='D'	complete=True	new_tokens=2	duration_s=11.13
CALL geometry3k_test_2572 corrupt_warned
FAIL	geometry3k_test_2572	corrupt_warned	pred='C'	gold='D'	complete=True	new_tokens=2	duration_s=10.82
CALL geometry3k_test_2572 contradictory_trusted
FAIL	geometry3k_test_2572	contradictory_trusted	pred='C'	gold='D'	complete=True	new_tokens=2	duration_s=11.11
CALL geometry3k_test_2572 contradictory_selfverify
FAIL	geometry3k_test_2572	contradictory_selfverify	pred='C'	gold='D'	complete=True	new_tokens=2	duration_s=11.12
CALL geometry3k_test_2573 raw
FAIL	geometry3k_test_2573	raw	pred='C'	gold='B'	complete=True	new_tokens=2	duration_s=7.48
CALL geometry3k_test_2573 clean_topk6_cautious
FAIL	geometry3k_test_2573	clean_topk6_cautious	pred='C'	gold='B'	complete=True	new_tokens=2	duration_s=8.12
CALL geometry3k_test_2573 clean_topk6_trusted
FAIL	geometry3k_test_2573	clean_topk6_trusted	pred='C'	gold='B'	complete=True	new_tokens=2	duration_s=8.10
CALL geometry3k_test_2573 clean_topk6_selfverify
FAIL	geometry3k_test_2573	clean_topk6_selfverify	pred='C'	gold='B'	complete=True	new_tokens=2	duration_s=8.10
CALL geometry3k_test_2573 confidence_gated_topk6
FAIL	geometry3k_test_2573	confidence_gated_topk6	pred='C'	gold='B'	complete=True	new_tokens=2	duration_s=8.72
CALL geometry3k_test_2573 irrelevant_trusted
FAIL	geometry3k_test_2573	irrelevant_trusted	pred='C'	gold='B'	complete=True	new_tokens=2	duration_s=8.11
CALL geometry3k_test_2573 irrelevant_warned
FAIL	geometry3k_test_2573	irrelevant_warned	pred='C'	gold='B'	complete=True	new_tokens=2	duration_s=8.10
CALL geometry3k_test_2573 corrupt_trusted
FAIL	geometry3k_test_2573	corrupt_trusted	pred='C'	gold='B'	complete=True	new_tokens=2	duration_s=8.09
CALL geometry3k_test_2573 corrupt_warned
FAIL	geometry3k_test_2573	corrupt_warned	pred='C'	gold='B'	complete=True	new_tokens=2	duration_s=8.12
CALL geometry3k_test_2573 contradictory_trusted
FAIL	geometry3k_test_2573	contradictory_trusted	pred='C'	gold='B'	complete=True	new_tokens=2	duration_s=8.10
CALL geometry3k_test_2573 contradictory_selfverify
FAIL	geometry3k_test_2573	contradictory_selfverify	pred='C'	gold='B'	complete=True	new_tokens=2	duration_s=8.09
CALL geometry3k_test_2574 raw
OK	geometry3k_test_2574	raw	pred='C'	gold='C'	complete=True	new_tokens=2	duration_s=11.95
CALL geometry3k_test_2574 clean_topk6_cautious
OK	geometry3k_test_2574	clean_topk6_cautious	pred='C'	gold='C'	complete=True	new_tokens=2	duration_s=12.60
CALL geometry3k_test_2574 clean_topk6_trusted
OK	geometry3k_test_2574	clean_topk6_trusted	pred='C'	gold='C'	complete=True	new_tokens=2	duration_s=12.62
CALL geometry3k_test_2574 clean_topk6_selfverify
OK	geometry3k_test_2574	clean_topk6_selfverify	pred='C'	gold='C'	complete=True	new_tokens=2	duration_s=12.65
CALL geometry3k_test_2574 confidence_gated_topk6
OK	geometry3k_test_2574	confidence_gated_topk6	pred='C'	gold='C'	complete=True	new_tokens=2	duration_s=13.04
CALL geometry3k_test_2574 irrelevant_trusted
OK	geometry3k_test_2574	irrelevant_trusted	pred='C'	gold='C'	complete=True	new_tokens=2	duration_s=12.60
CALL geometry3k_test_2574 irrelevant_warned
OK	geometry3k_test_2574	irrelevant_warned	pred='C'	gold='C'	complete=True	new_tokens=2	duration_s=12.62
CALL geometry3k_test_2574 corrupt_trusted
OK	geometry3k_test_2574	corrupt_trusted	pred='C'	gold='C'	complete=True	new_tokens=2	duration_s=12.60
CALL geometry3k_test_2574 corrupt_warned
OK	geometry3k_test_2574	corrupt_warned	pred='C'	gold='C'	complete=True	new_tokens=2	duration_s=12.57
CALL geometry3k_test_2574 contradictory_trusted
OK	geometry3k_test_2574	contradictory_trusted	pred='C'	gold='C'	complete=True	new_tokens=2	duration_s=12.61
CALL geometry3k_test_2574 contradictory_selfverify
OK	geometry3k_test_2574	contradictory_selfverify	pred='C'	gold='C'	complete=True	new_tokens=2	duration_s=12.61
CALL geometry3k_test_2575 raw
FAIL	geometry3k_test_2575	raw	pred='C'	gold='D'	complete=True	new_tokens=2	duration_s=12.01
CALL geometry3k_test_2575 clean_topk6_cautious
FAIL	geometry3k_test_2575	clean_topk6_cautious	pred='C'	gold='D'	complete=True	new_tokens=2	duration_s=12.66
CALL geometry3k_test_2575 clean_topk6_trusted
FAIL	geometry3k_test_2575	clean_topk6_trusted	pred='C'	gold='D'	complete=True	new_tokens=2	duration_s=12.39
CALL geometry3k_test_2575 clean_topk6_selfverify
FAIL	geometry3k_test_2575	clean_topk6_selfverify	pred='C'	gold='D'	complete=True	new_tokens=2	duration_s=12.67
CALL geometry3k_test_2575 confidence_gated_topk6
FAIL	geometry3k_test_2575	confidence_gated_topk6	pred='C'	gold='D'	complete=True	new_tokens=2	duration_s=13.07
CALL geometry3k_test_2575 irrelevant_trusted
FAIL	geometry3k_test_2575	irrelevant_trusted	pred='C'	gold='D'	complete=True	new_tokens=2	duration_s=12.42
CALL geometry3k_test_2575 irrelevant_warned
FAIL	geometry3k_test_2575	irrelevant_warned	pred='C'	gold='D'	complete=True	new_tokens=2	duration_s=12.39
CALL geometry3k_test_2575 corrupt_trusted
FAIL	geometry3k_test_2575	corrupt_trusted	pred='C'	gold='D'	complete=True	new_tokens=2	duration_s=12.68
CALL geometry3k_test_2575 corrupt_warned
FAIL	geometry3k_test_2575	corrupt_warned	pred='C'	gold='D'	complete=True	new_tokens=2	duration_s=12.67
CALL geometry3k_test_2575 contradictory_trusted
FAIL	geometry3k_test_2575	contradictory_trusted	pred='C'	gold='D'	complete=True	new_tokens=2	duration_s=12.66
CALL geometry3k_test_2575 contradictory_selfverify
FAIL	geometry3k_test_2575	contradictory_selfverify	pred='C'	gold='D'	complete=True	new_tokens=2	duration_s=12.65
CALL geometry3k_test_2576 raw
OK	geometry3k_test_2576	raw	pred='B'	gold='B'	complete=True	new_tokens=2	duration_s=7.69
CALL geometry3k_test_2576 clean_topk6_cautious
OK	geometry3k_test_2576	clean_topk6_cautious	pred='B'	gold='B'	complete=True	new_tokens=2	duration_s=8.36
CALL geometry3k_test_2576 clean_topk6_trusted
OK	geometry3k_test_2576	clean_topk6_trusted	pred='B'	gold='B'	complete=True	new_tokens=2	duration_s=8.34
CALL geometry3k_test_2576 clean_topk6_selfverify
OK	geometry3k_test_2576	clean_topk6_selfverify	pred='B'	gold='B'	complete=True	new_tokens=2	duration_s=8.35
CALL geometry3k_test_2576 confidence_gated_topk6
OK	geometry3k_test_2576	confidence_gated_topk6	pred='B'	gold='B'	complete=True	new_tokens=2	duration_s=9.02
CALL geometry3k_test_2576 irrelevant_trusted
OK	geometry3k_test_2576	irrelevant_trusted	pred='B'	gold='B'	complete=True	new_tokens=2	duration_s=8.36
CALL geometry3k_test_2576 irrelevant_warned
OK	geometry3k_test_2576	irrelevant_warned	pred='B'	gold='B'	complete=True	new_tokens=2	duration_s=8.39
CALL geometry3k_test_2576 corrupt_trusted
OK	geometry3k_test_2576	corrupt_trusted	pred='B'	gold='B'	complete=True	new_tokens=2	duration_s=8.34
CALL geometry3k_test_2576 corrupt_warned
OK	geometry3k_test_2576	corrupt_warned	pred='B'	gold='B'	complete=True	new_tokens=2	duration_s=8.32
CALL geometry3k_test_2576 contradictory_trusted
OK	geometry3k_test_2576	contradictory_trusted	pred='B'	gold='B'	complete=True	new_tokens=2	duration_s=8.34
CALL geometry3k_test_2576 contradictory_selfverify
OK	geometry3k_test_2576	contradictory_selfverify	pred='B'	gold='B'	complete=True	new_tokens=2	duration_s=8.33
CALL geometry3k_test_2577 raw
OK	geometry3k_test_2577	raw	pred='B'	gold='B'	complete=True	new_tokens=7	duration_s=23.57
CALL geometry3k_test_2577 clean_topk6_cautious
OK	geometry3k_test_2577	clean_topk6_cautious	pred='B'	gold='B'	complete=True	new_tokens=7	duration_s=24.22
CALL geometry3k_test_2577 clean_topk6_trusted
OK	geometry3k_test_2577	clean_topk6_trusted	pred='B'	gold='B'	complete=True	new_tokens=7	duration_s=24.19
CALL geometry3k_test_2577 clean_topk6_selfverify
OK	geometry3k_test_2577	clean_topk6_selfverify	pred='B'	gold='B'	complete=True	new_tokens=2	duration_s=23.77
CALL geometry3k_test_2577 confidence_gated_topk6
OK	geometry3k_test_2577	confidence_gated_topk6	pred='B'	gold='B'	complete=True	new_tokens=2	duration_s=23.72
CALL geometry3k_test_2577 irrelevant_trusted
OK	geometry3k_test_2577	irrelevant_trusted	pred='B'	gold='B'	complete=True	new_tokens=2	duration_s=23.77
CALL geometry3k_test_2577 irrelevant_warned
OK	geometry3k_test_2577	irrelevant_warned	pred='B'	gold='B'	complete=True	new_tokens=2	duration_s=23.76
CALL geometry3k_test_2577 corrupt_trusted
OK	geometry3k_test_2577	corrupt_trusted	pred='B'	gold='B'	complete=True	new_tokens=7	duration_s=24.22
CALL geometry3k_test_2577 corrupt_warned
OK	geometry3k_test_2577	corrupt_warned	pred='B'	gold='B'	complete=True	new_tokens=7	duration_s=24.18
CALL geometry3k_test_2577 contradictory_trusted
OK	geometry3k_test_2577	contradictory_trusted	pred='B'	gold='B'	complete=True	new_tokens=7	duration_s=24.17
CALL geometry3k_test_2577 contradictory_selfverify
OK	geometry3k_test_2577	contradictory_selfverify	pred='B'	gold='B'	complete=True	new_tokens=7	duration_s=24.20
CALL geometry3k_test_2578 raw
OK	geometry3k_test_2578	raw	pred='A'	gold='A'	complete=True	new_tokens=2	duration_s=5.20
CALL geometry3k_test_2578 clean_topk6_cautious
OK	geometry3k_test_2578	clean_topk6_cautious	pred='A'	gold='A'	complete=True	new_tokens=2	duration_s=5.80
CALL geometry3k_test_2578 clean_topk6_trusted
OK	geometry3k_test_2578	clean_topk6_trusted	pred='A'	gold='A'	complete=True	new_tokens=2	duration_s=5.79
CALL geometry3k_test_2578 clean_topk6_selfverify
OK	geometry3k_test_2578	clean_topk6_selfverify	pred='A'	gold='A'	complete=True	new_tokens=2	duration_s=5.78
CALL geometry3k_test_2578 confidence_gated_topk6
OK	geometry3k_test_2578	confidence_gated_topk6	pred='A'	gold='A'	complete=True	new_tokens=2	duration_s=6.48
CALL geometry3k_test_2578 irrelevant_trusted
OK	geometry3k_test_2578	irrelevant_trusted	pred='A'	gold='A'	complete=True	new_tokens=2	duration_s=5.79
CALL geometry3k_test_2578 irrelevant_warned
OK	geometry3k_test_2578	irrelevant_warned	pred='A'	gold='A'	complete=True	new_tokens=2	duration_s=5.80
CALL geometry3k_test_2578 corrupt_trusted
OK	geometry3k_test_2578	corrupt_trusted	pred='A'	gold='A'	complete=True	new_tokens=2	duration_s=5.77
CALL geometry3k_test_2578 corrupt_warned
OK	geometry3k_test_2578	corrupt_warned	pred='A'	gold='A'	complete=True	new_tokens=2	duration_s=5.74
CALL geometry3k_test_2578 contradictory_trusted
OK	geometry3k_test_2578	contradictory_trusted	pred='A'	gold='A'	complete=True	new_tokens=2	duration_s=5.78
CALL geometry3k_test_2578 contradictory_selfverify
OK	geometry3k_test_2578	contradictory_selfverify	pred='A'	gold='A'	complete=True	new_tokens=2	duration_s=5.78
CALL geometry3k_test_2579 raw
OK	geometry3k_test_2579	raw	pred='A'	gold='A'	complete=True	new_tokens=2	duration_s=5.35
CALL geometry3k_test_2579 clean_topk6_cautious
OK	geometry3k_test_2579	clean_topk6_cautious	pred='A'	gold='A'	complete=True	new_tokens=2	duration_s=5.90
CALL geometry3k_test_2579 clean_topk6_trusted
OK	geometry3k_test_2579	clean_topk6_trusted	pred='A'	gold='A'	complete=True	new_tokens=2	duration_s=5.93
CALL geometry3k_test_2579 clean_topk6_selfverify
OK	geometry3k_test_2579	clean_topk6_selfverify	pred='A'	gold='A'	complete=True	new_tokens=2	duration_s=5.90
CALL geometry3k_test_2579 confidence_gated_topk6
OK	geometry3k_test_2579	confidence_gated_topk6	pred='A'	gold='A'	complete=True	new_tokens=2	duration_s=6.65
CALL geometry3k_test_2579 irrelevant_trusted
OK	geometry3k_test_2579	irrelevant_trusted	pred='A'	gold='A'	complete=True	new_tokens=2	duration_s=5.95
CALL geometry3k_test_2579 irrelevant_warned
OK	geometry3k_test_2579	irrelevant_warned	pred='A'	gold='A'	complete=True	new_tokens=2	duration_s=5.91
CALL geometry3k_test_2579 corrupt_trusted
OK	geometry3k_test_2579	corrupt_trusted	pred='A'	gold='A'	complete=True	new_tokens=2	duration_s=5.93
CALL geometry3k_test_2579 corrupt_warned
OK	geometry3k_test_2579	corrupt_warned	pred='A'	gold='A'	complete=True	new_tokens=2	duration_s=5.91
CALL geometry3k_test_2579 contradictory_trusted
OK	geometry3k_test_2579	contradictory_trusted	pred='A'	gold='A'	complete=True	new_tokens=2	duration_s=5.91
CALL geometry3k_test_2579 contradictory_selfverify
OK	geometry3k_test_2579	contradictory_selfverify	pred='A'	gold='A'	complete=True	new_tokens=2	duration_s=5.97
CALL geometry3k_test_2580 raw
OK	geometry3k_test_2580	raw	pred='D'	gold='D'	complete=True	new_tokens=2	duration_s=10.72
CALL geometry3k_test_2580 clean_topk6_cautious
OK	geometry3k_test_2580	clean_topk6_cautious	pred='D'	gold='D'	complete=True	new_tokens=2	duration_s=11.06
CALL geometry3k_test_2580 clean_topk6_trusted
OK	geometry3k_test_2580	clean_topk6_trusted	pred='D'	gold='D'	complete=True	new_tokens=2	duration_s=11.09
CALL geometry3k_test_2580 clean_topk6_selfverify
OK	geometry3k_test_2580	clean_topk6_selfverify	pred='D'	gold='D'	complete=True	new_tokens=2	duration_s=11.08
CALL geometry3k_test_2580 confidence_gated_topk6
OK	geometry3k_test_2580	confidence_gated_topk6	pred='D'	gold='D'	complete=True	new_tokens=2	duration_s=11.74
CALL geometry3k_test_2580 irrelevant_trusted
OK	geometry3k_test_2580	irrelevant_trusted	pred='D'	gold='D'	complete=True	new_tokens=2	duration_s=11.06
CALL geometry3k_test_2580 irrelevant_warned
OK	geometry3k_test_2580	irrelevant_warned	pred='D'	gold='D'	complete=True	new_tokens=2	duration_s=11.04
CALL geometry3k_test_2580 corrupt_trusted
OK	geometry3k_test_2580	corrupt_trusted	pred='D'	gold='D'	complete=True	new_tokens=2	duration_s=11.05
CALL geometry3k_test_2580 corrupt_warned
OK	geometry3k_test_2580	corrupt_warned	pred='D'	gold='D'	complete=True	new_tokens=2	duration_s=11.06
CALL geometry3k_test_2580 contradictory_trusted
OK	geometry3k_test_2580	contradictory_trusted	pred='D'	gold='D'	complete=True	new_tokens=2	duration_s=11.05
CALL geometry3k_test_2580 contradictory_selfverify
OK	geometry3k_test_2580	contradictory_selfverify	pred='D'	gold='D'	complete=True	new_tokens=2	duration_s=11.08
CALL geometry3k_test_2581 raw
FAIL	geometry3k_test_2581	raw	pred='B'	gold='A'	complete=True	new_tokens=2	duration_s=9.62
CALL geometry3k_test_2581 clean_topk6_cautious
FAIL	geometry3k_test_2581	clean_topk6_cautious	pred='B'	gold='A'	complete=True	new_tokens=2	duration_s=10.30
CALL geometry3k_test_2581 clean_topk6_trusted
FAIL	geometry3k_test_2581	clean_topk6_trusted	pred='B'	gold='A'	complete=True	new_tokens=2	duration_s=10.04
CALL geometry3k_test_2581 clean_topk6_selfverify
FAIL	geometry3k_test_2581	clean_topk6_selfverify	pred='B'	gold='A'	complete=True	new_tokens=2	duration_s=10.30
CALL geometry3k_test_2581 confidence_gated_topk6
FAIL	geometry3k_test_2581	confidence_gated_topk6	pred='B'	gold='A'	complete=True	new_tokens=2	duration_s=10.96
CALL geometry3k_test_2581 irrelevant_trusted
FAIL	geometry3k_test_2581	irrelevant_trusted	pred='B'	gold='A'	complete=True	new_tokens=2	duration_s=10.29
CALL geometry3k_test_2581 irrelevant_warned
FAIL	geometry3k_test_2581	irrelevant_warned	pred='B'	gold='A'	complete=True	new_tokens=2	duration_s=10.30
CALL geometry3k_test_2581 corrupt_trusted
FAIL	geometry3k_test_2581	corrupt_trusted	pred='B'	gold='A'	complete=True	new_tokens=2	duration_s=10.29
CALL geometry3k_test_2581 corrupt_warned
FAIL	geometry3k_test_2581	corrupt_warned	pred='B'	gold='A'	complete=True	new_tokens=2	duration_s=10.02
CALL geometry3k_test_2581 contradictory_trusted
FAIL	geometry3k_test_2581	contradictory_trusted	pred='B'	gold='A'	complete=True	new_tokens=2	duration_s=10.04
CALL geometry3k_test_2581 contradictory_selfverify
FAIL	geometry3k_test_2581	contradictory_selfverify	pred='B'	gold='A'	complete=True	new_tokens=2	duration_s=10.32
CALL geometry3k_test_2582 raw
OK	geometry3k_test_2582	raw	pred='B'	gold='B'	complete=True	new_tokens=2	duration_s=10.28
CALL geometry3k_test_2582 clean_topk6_cautious
OK	geometry3k_test_2582	clean_topk6_cautious	pred='B'	gold='B'	complete=True	new_tokens=2	duration_s=10.88
CALL geometry3k_test_2582 clean_topk6_trusted
OK	geometry3k_test_2582	clean_topk6_trusted	pred='B'	gold='B'	complete=True	new_tokens=2	duration_s=10.87
CALL geometry3k_test_2582 clean_topk6_selfverify
OK	geometry3k_test_2582	clean_topk6_selfverify	pred='B'	gold='B'	complete=True	new_tokens=2	duration_s=10.90
CALL geometry3k_test_2582 confidence_gated_topk6
OK	geometry3k_test_2582	confidence_gated_topk6	pred='B'	gold='B'	complete=True	new_tokens=2	duration_s=11.55
CALL geometry3k_test_2582 irrelevant_trusted
OK	geometry3k_test_2582	irrelevant_trusted	pred='B'	gold='B'	complete=True	new_tokens=2	duration_s=10.88
CALL geometry3k_test_2582 irrelevant_warned
OK	geometry3k_test_2582	irrelevant_warned	pred='B'	gold='B'	complete=True	new_tokens=2	duration_s=10.87
CALL geometry3k_test_2582 corrupt_trusted
OK	geometry3k_test_2582	corrupt_trusted	pred='B'	gold='B'	complete=True	new_tokens=2	duration_s=10.93
CALL geometry3k_test_2582 corrupt_warned
OK	geometry3k_test_2582	corrupt_warned	pred='B'	gold='B'	complete=True	new_tokens=2	duration_s=10.87
CALL geometry3k_test_2582 contradictory_trusted
OK	geometry3k_test_2582	contradictory_trusted	pred='B'	gold='B'	complete=True	new_tokens=2	duration_s=10.89
CALL geometry3k_test_2582 contradictory_selfverify
OK	geometry3k_test_2582	contradictory_selfverify	pred='B'	gold='B'	complete=True	new_tokens=2	duration_s=10.88
CALL geometry3k_test_2583 raw
FAIL	geometry3k_test_2583	raw	pred='C'	gold='A'	complete=True	new_tokens=2	duration_s=14.88
CALL geometry3k_test_2583 clean_topk6_cautious
FAIL	geometry3k_test_2583	clean_topk6_cautious	pred='C'	gold='A'	complete=True	new_tokens=2	duration_s=15.52
CALL geometry3k_test_2583 clean_topk6_trusted
FAIL	geometry3k_test_2583	clean_topk6_trusted	pred='C'	gold='A'	complete=True	new_tokens=2	duration_s=15.26
CALL geometry3k_test_2583 clean_topk6_selfverify
FAIL	geometry3k_test_2583	clean_topk6_selfverify	pred='C'	gold='A'	complete=True	new_tokens=2	duration_s=15.53
CALL geometry3k_test_2583 confidence_gated_topk6
FAIL	geometry3k_test_2583	confidence_gated_topk6	pred='C'	gold='A'	complete=True	new_tokens=2	duration_s=16.21
CALL geometry3k_test_2583 irrelevant_trusted
FAIL	geometry3k_test_2583	irrelevant_trusted	pred='C'	gold='A'	complete=True	new_tokens=2	duration_s=15.56
CALL geometry3k_test_2583 irrelevant_warned
FAIL	geometry3k_test_2583	irrelevant_warned	pred='C'	gold='A'	complete=True	new_tokens=2	duration_s=15.55
CALL geometry3k_test_2583 corrupt_trusted
FAIL	geometry3k_test_2583	corrupt_trusted	pred='C'	gold='A'	complete=True	new_tokens=2	duration_s=15.25
CALL geometry3k_test_2583 corrupt_warned
FAIL	geometry3k_test_2583	corrupt_warned	pred='C'	gold='A'	complete=True	new_tokens=2	duration_s=15.21
CALL geometry3k_test_2583 contradictory_trusted
FAIL	geometry3k_test_2583	contradictory_trusted	pred='C'	gold='A'	complete=True	new_tokens=2	duration_s=15.23
CALL geometry3k_test_2583 contradictory_selfverify
FAIL	geometry3k_test_2583	contradictory_selfverify	pred='C'	gold='A'	complete=True	new_tokens=2	duration_s=15.52
CALL geometry3k_test_2584 raw
OK	geometry3k_test_2584	raw	pred='D'	gold='D'	complete=True	new_tokens=2	duration_s=4.59
CALL geometry3k_test_2584 clean_topk6_cautious
OK	geometry3k_test_2584	clean_topk6_cautious	pred='D'	gold='D'	complete=True	new_tokens=2	duration_s=5.19
CALL geometry3k_test_2584 clean_topk6_trusted
OK	geometry3k_test_2584	clean_topk6_trusted	pred='D'	gold='D'	complete=True	new_tokens=2	duration_s=5.20
CALL geometry3k_test_2584 clean_topk6_selfverify
OK	geometry3k_test_2584	clean_topk6_selfverify	pred='D'	gold='D'	complete=True	new_tokens=2	duration_s=5.49
CALL geometry3k_test_2584 confidence_gated_topk6
OK	geometry3k_test_2584	confidence_gated_topk6	pred='D'	gold='D'	complete=True	new_tokens=2	duration_s=6.18
CALL geometry3k_test_2584 irrelevant_trusted
OK	geometry3k_test_2584	irrelevant_trusted	pred='D'	gold='D'	complete=True	new_tokens=2	duration_s=5.14
CALL geometry3k_test_2584 irrelevant_warned
OK	geometry3k_test_2584	irrelevant_warned	pred='D'	gold='D'	complete=True	new_tokens=2	duration_s=5.17
CALL geometry3k_test_2584 corrupt_trusted
OK	geometry3k_test_2584	corrupt_trusted	pred='D'	gold='D'	complete=True	new_tokens=2	duration_s=5.22
CALL geometry3k_test_2584 corrupt_warned
OK	geometry3k_test_2584	corrupt_warned	pred='D'	gold='D'	complete=True	new_tokens=2	duration_s=5.23
CALL geometry3k_test_2584 contradictory_trusted
OK	geometry3k_test_2584	contradictory_trusted	pred='D'	gold='D'	complete=True	new_tokens=2	duration_s=5.21
CALL geometry3k_test_2584 contradictory_selfverify
OK	geometry3k_test_2584	contradictory_selfverify	pred='D'	gold='D'	complete=True	new_tokens=2	duration_s=5.20
CALL geometry3k_test_2585 raw
FAIL	geometry3k_test_2585	raw	pred='A'	gold='C'	complete=True	new_tokens=2	duration_s=5.79
CALL geometry3k_test_2585 clean_topk6_cautious
FAIL	geometry3k_test_2585	clean_topk6_cautious	pred='A'	gold='C'	complete=True	new_tokens=2	duration_s=6.16
CALL geometry3k_test_2585 clean_topk6_trusted
FAIL	geometry3k_test_2585	clean_topk6_trusted	pred='B'	gold='C'	complete=True	new_tokens=2	duration_s=6.11
CALL geometry3k_test_2585 clean_topk6_selfverify
FAIL	geometry3k_test_2585	clean_topk6_selfverify	pred='A'	gold='C'	complete=True	new_tokens=2	duration_s=6.14
CALL geometry3k_test_2585 confidence_gated_topk6
FAIL	geometry3k_test_2585	confidence_gated_topk6	pred='B'	gold='C'	complete=True	new_tokens=2	duration_s=6.83
CALL geometry3k_test_2585 irrelevant_trusted
FAIL	geometry3k_test_2585	irrelevant_trusted	pred='B'	gold='C'	complete=True	new_tokens=2	duration_s=6.15
CALL geometry3k_test_2585 irrelevant_warned
FAIL	geometry3k_test_2585	irrelevant_warned	pred='A'	gold='C'	complete=True	new_tokens=2	duration_s=6.16
CALL geometry3k_test_2585 corrupt_trusted
FAIL	geometry3k_test_2585	corrupt_trusted	pred='A'	gold='C'	complete=True	new_tokens=2	duration_s=6.13
CALL geometry3k_test_2585 corrupt_warned
FAIL	geometry3k_test_2585	corrupt_warned	pred='A'	gold='C'	complete=True	new_tokens=2	duration_s=6.15
CALL geometry3k_test_2585 contradictory_trusted
FAIL	geometry3k_test_2585	contradictory_trusted	pred='A'	gold='C'	complete=True	new_tokens=2	duration_s=6.14
CALL geometry3k_test_2585 contradictory_selfverify
FAIL	geometry3k_test_2585	contradictory_selfverify	pred='A'	gold='C'	complete=True	new_tokens=2	duration_s=6.16
CALL geometry3k_test_2586 raw
FAIL	geometry3k_test_2586	raw	pred='B'	gold='C'	complete=True	new_tokens=2	duration_s=10.50
CALL geometry3k_test_2586 clean_topk6_cautious
FAIL	geometry3k_test_2586	clean_topk6_cautious	pred='B'	gold='C'	complete=True	new_tokens=2	duration_s=11.16
CALL geometry3k_test_2586 clean_topk6_trusted
FAIL	geometry3k_test_2586	clean_topk6_trusted	pred='B'	gold='C'	complete=True	new_tokens=2	duration_s=11.18
CALL geometry3k_test_2586 clean_topk6_selfverify
FAIL	geometry3k_test_2586	clean_topk6_selfverify	pred='B'	gold='C'	complete=True	new_tokens=2	duration_s=11.17
CALL geometry3k_test_2586 confidence_gated_topk6
FAIL	geometry3k_test_2586	confidence_gated_topk6	pred='B'	gold='C'	complete=True	new_tokens=2	duration_s=11.18
CALL geometry3k_test_2586 irrelevant_trusted
FAIL	geometry3k_test_2586	irrelevant_trusted	pred='B'	gold='C'	complete=True	new_tokens=2	duration_s=10.81
CALL geometry3k_test_2586 irrelevant_warned
FAIL	geometry3k_test_2586	irrelevant_warned	pred='B'	gold='C'	complete=True	new_tokens=2	duration_s=11.11
CALL geometry3k_test_2586 corrupt_trusted
FAIL	geometry3k_test_2586	corrupt_trusted	pred='B'	gold='C'	complete=True	new_tokens=2	duration_s=11.14
CALL geometry3k_test_2586 corrupt_warned
FAIL	geometry3k_test_2586	corrupt_warned	pred='B'	gold='C'	complete=True	new_tokens=2	duration_s=11.16
CALL geometry3k_test_2586 contradictory_trusted
FAIL	geometry3k_test_2586	contradictory_trusted	pred='B'	gold='C'	complete=True	new_tokens=2	duration_s=11.15
CALL geometry3k_test_2586 contradictory_selfverify
FAIL	geometry3k_test_2586	contradictory_selfverify	pred='B'	gold='C'	complete=True	new_tokens=2	duration_s=11.13
CALL geometry3k_test_2587 raw
OK	geometry3k_test_2587	raw	pred='D'	gold='D'	complete=True	new_tokens=2	duration_s=5.32
CALL geometry3k_test_2587 clean_topk6_cautious
OK	geometry3k_test_2587	clean_topk6_cautious	pred='D'	gold='D'	complete=True	new_tokens=2	duration_s=6.26
CALL geometry3k_test_2587 clean_topk6_trusted
OK	geometry3k_test_2587	clean_topk6_trusted	pred='D'	gold='D'	complete=True	new_tokens=2	duration_s=5.94
CALL geometry3k_test_2587 clean_topk6_selfverify
OK	geometry3k_test_2587	clean_topk6_selfverify	pred='D'	gold='D'	complete=True	new_tokens=2	duration_s=6.21
CALL geometry3k_test_2587 confidence_gated_topk6
OK	geometry3k_test_2587	confidence_gated_topk6	pred='D'	gold='D'	complete=True	new_tokens=2	duration_s=6.91
CALL geometry3k_test_2587 irrelevant_trusted
OK	geometry3k_test_2587	irrelevant_trusted	pred='D'	gold='D'	complete=True	new_tokens=2	duration_s=5.90
CALL geometry3k_test_2587 irrelevant_warned
OK	geometry3k_test_2587	irrelevant_warned	pred='D'	gold='D'	complete=True	new_tokens=2	duration_s=5.93
CALL geometry3k_test_2587 corrupt_trusted
OK	geometry3k_test_2587	corrupt_trusted	pred='D'	gold='D'	complete=True	new_tokens=2	duration_s=5.94
CALL geometry3k_test_2587 corrupt_warned
OK	geometry3k_test_2587	corrupt_warned	pred='D'	gold='D'	complete=True	new_tokens=2	duration_s=5.96
CALL geometry3k_test_2587 contradictory_trusted
OK	geometry3k_test_2587	contradictory_trusted	pred='D'	gold='D'	complete=True	new_tokens=2	duration_s=5.93
CALL geometry3k_test_2587 contradictory_selfverify
OK	geometry3k_test_2587	contradictory_selfverify	pred='D'	gold='D'	complete=True	new_tokens=2	duration_s=6.25
CALL geometry3k_test_2588 raw
OK	geometry3k_test_2588	raw	pred='D'	gold='D'	complete=True	new_tokens=2	duration_s=5.45
CALL geometry3k_test_2588 clean_topk6_cautious
OK	geometry3k_test_2588	clean_topk6_cautious	pred='D'	gold='D'	complete=True	new_tokens=2	duration_s=6.09
CALL geometry3k_test_2588 clean_topk6_trusted
OK	geometry3k_test_2588	clean_topk6_trusted	pred='D'	gold='D'	complete=True	new_tokens=2	duration_s=5.78
CALL geometry3k_test_2588 clean_topk6_selfverify
OK	geometry3k_test_2588	clean_topk6_selfverify	pred='D'	gold='D'	complete=True	new_tokens=2	duration_s=6.10
CALL geometry3k_test_2588 confidence_gated_topk6
OK	geometry3k_test_2588	confidence_gated_topk6	pred='D'	gold='D'	complete=True	new_tokens=2	duration_s=6.81
CALL geometry3k_test_2588 irrelevant_trusted
OK	geometry3k_test_2588	irrelevant_trusted	pred='D'	gold='D'	complete=True	new_tokens=2	duration_s=5.78
CALL geometry3k_test_2588 irrelevant_warned
OK	geometry3k_test_2588	irrelevant_warned	pred='D'	gold='D'	complete=True	new_tokens=2	duration_s=5.80
CALL geometry3k_test_2588 corrupt_trusted
OK	geometry3k_test_2588	corrupt_trusted	pred='D'	gold='D'	complete=True	new_tokens=2	duration_s=5.81
CALL geometry3k_test_2588 corrupt_warned
OK	geometry3k_test_2588	corrupt_warned	pred='D'	gold='D'	complete=True	new_tokens=2	duration_s=5.82
CALL geometry3k_test_2588 contradictory_trusted
OK	geometry3k_test_2588	contradictory_trusted	pred='D'	gold='D'	complete=True	new_tokens=2	duration_s=5.83
CALL geometry3k_test_2588 contradictory_selfverify
OK	geometry3k_test_2588	contradictory_selfverify	pred='D'	gold='D'	complete=True	new_tokens=2	duration_s=5.84
CALL geometry3k_test_2589 raw
FAIL	geometry3k_test_2589	raw	pred='C'	gold='D'	complete=True	new_tokens=11	duration_s=5.33
CALL geometry3k_test_2589 clean_topk6_cautious
FAIL	geometry3k_test_2589	clean_topk6_cautious	pred='C'	gold='D'	complete=True	new_tokens=11	duration_s=5.92
CALL geometry3k_test_2589 clean_topk6_trusted
FAIL	geometry3k_test_2589	clean_topk6_trusted	pred='C'	gold='D'	complete=True	new_tokens=11	duration_s=5.89
CALL geometry3k_test_2589 clean_topk6_selfverify
FAIL	geometry3k_test_2589	clean_topk6_selfverify	pred='C'	gold='D'	complete=True	new_tokens=2	duration_s=5.13
CALL geometry3k_test_2589 confidence_gated_topk6
FAIL	geometry3k_test_2589	confidence_gated_topk6	pred='C'	gold='D'	complete=True	new_tokens=11	duration_s=5.93
CALL geometry3k_test_2589 irrelevant_trusted
FAIL	geometry3k_test_2589	irrelevant_trusted	pred='C'	gold='D'	complete=True	new_tokens=11	duration_s=5.93
CALL geometry3k_test_2589 irrelevant_warned
FAIL	geometry3k_test_2589	irrelevant_warned	pred='C'	gold='D'	complete=True	new_tokens=11	duration_s=5.94
CALL geometry3k_test_2589 corrupt_trusted
FAIL	geometry3k_test_2589	corrupt_trusted	pred='C'	gold='D'	complete=True	new_tokens=11	duration_s=5.90
CALL geometry3k_test_2589 corrupt_warned
FAIL	geometry3k_test_2589	corrupt_warned	pred='C'	gold='D'	complete=True	new_tokens=11	duration_s=5.92
CALL geometry3k_test_2589 contradictory_trusted
FAIL	geometry3k_test_2589	contradictory_trusted	pred='C'	gold='D'	complete=True	new_tokens=11	duration_s=5.94
CALL geometry3k_test_2589 contradictory_selfverify
FAIL	geometry3k_test_2589	contradictory_selfverify	pred='C'	gold='D'	complete=True	new_tokens=11	duration_s=5.95
CALL geometry3k_test_2590 raw
FAIL	geometry3k_test_2590	raw	pred='C'	gold='D'	complete=True	new_tokens=2	duration_s=4.12
CALL geometry3k_test_2590 clean_topk6_cautious
FAIL	geometry3k_test_2590	clean_topk6_cautious	pred='C'	gold='D'	complete=True	new_tokens=2	duration_s=4.72
CALL geometry3k_test_2590 clean_topk6_trusted
FAIL	geometry3k_test_2590	clean_topk6_trusted	pred='C'	gold='D'	complete=True	new_tokens=2	duration_s=4.71
CALL geometry3k_test_2590 clean_topk6_selfverify
FAIL	geometry3k_test_2590	clean_topk6_selfverify	pred='C'	gold='D'	complete=True	new_tokens=2	duration_s=4.73
CALL geometry3k_test_2590 confidence_gated_topk6
FAIL	geometry3k_test_2590	confidence_gated_topk6	pred='C'	gold='D'	complete=True	new_tokens=2	duration_s=5.11
CALL geometry3k_test_2590 irrelevant_trusted
FAIL	geometry3k_test_2590	irrelevant_trusted	pred='C'	gold='D'	complete=True	new_tokens=2	duration_s=4.70
CALL geometry3k_test_2590 irrelevant_warned
FAIL	geometry3k_test_2590	irrelevant_warned	pred='C'	gold='D'	complete=True	new_tokens=2	duration_s=4.72
CALL geometry3k_test_2590 corrupt_trusted
FAIL	geometry3k_test_2590	corrupt_trusted	pred='C'	gold='D'	complete=True	new_tokens=2	duration_s=4.71
CALL geometry3k_test_2590 corrupt_warned
FAIL	geometry3k_test_2590	corrupt_warned	pred='C'	gold='D'	complete=True	new_tokens=2	duration_s=4.73
CALL geometry3k_test_2590 contradictory_trusted
FAIL	geometry3k_test_2590	contradictory_trusted	pred='C'	gold='D'	complete=True	new_tokens=2	duration_s=4.71
CALL geometry3k_test_2590 contradictory_selfverify
FAIL	geometry3k_test_2590	contradictory_selfverify	pred='C'	gold='D'	complete=True	new_tokens=2	duration_s=4.70
CALL geometry3k_test_2591 raw
OK	geometry3k_test_2591	raw	pred='B'	gold='B'	complete=True	new_tokens=2	duration_s=4.83
CALL geometry3k_test_2591 clean_topk6_cautious
OK	geometry3k_test_2591	clean_topk6_cautious	pred='B'	gold='B'	complete=True	new_tokens=2	duration_s=5.50
CALL geometry3k_test_2591 clean_topk6_trusted
OK	geometry3k_test_2591	clean_topk6_trusted	pred='B'	gold='B'	complete=True	new_tokens=2	duration_s=5.47
CALL geometry3k_test_2591 clean_topk6_selfverify
OK	geometry3k_test_2591	clean_topk6_selfverify	pred='B'	gold='B'	complete=True	new_tokens=2	duration_s=5.46
CALL geometry3k_test_2591 confidence_gated_topk6
OK	geometry3k_test_2591	confidence_gated_topk6	pred='B'	gold='B'	complete=True	new_tokens=2	duration_s=6.15
CALL geometry3k_test_2591 irrelevant_trusted
OK	geometry3k_test_2591	irrelevant_trusted	pred='B'	gold='B'	complete=True	new_tokens=2	duration_s=5.15
CALL geometry3k_test_2591 irrelevant_warned
OK	geometry3k_test_2591	irrelevant_warned	pred='B'	gold='B'	complete=True	new_tokens=2	duration_s=5.16
CALL geometry3k_test_2591 corrupt_trusted
OK	geometry3k_test_2591	corrupt_trusted	pred='B'	gold='B'	complete=True	new_tokens=2	duration_s=5.48
CALL geometry3k_test_2591 corrupt_warned
OK	geometry3k_test_2591	corrupt_warned	pred='B'	gold='B'	complete=True	new_tokens=2	duration_s=5.47
CALL geometry3k_test_2591 contradictory_trusted
OK	geometry3k_test_2591	contradictory_trusted	pred='B'	gold='B'	complete=True	new_tokens=2	duration_s=5.52
CALL geometry3k_test_2591 contradictory_selfverify
OK	geometry3k_test_2591	contradictory_selfverify	pred='B'	gold='B'	complete=True	new_tokens=2	duration_s=5.50
CALL geometry3k_test_2592 raw
OK	geometry3k_test_2592	raw	pred='C'	gold='C'	complete=True	new_tokens=2	duration_s=4.23
CALL geometry3k_test_2592 clean_topk6_cautious
OK	geometry3k_test_2592	clean_topk6_cautious	pred='C'	gold='C'	complete=True	new_tokens=2	duration_s=4.55
CALL geometry3k_test_2592 clean_topk6_trusted
OK	geometry3k_test_2592	clean_topk6_trusted	pred='C'	gold='C'	complete=True	new_tokens=2	duration_s=4.53
CALL geometry3k_test_2592 clean_topk6_selfverify
OK	geometry3k_test_2592	clean_topk6_selfverify	pred='C'	gold='C'	complete=True	new_tokens=2	duration_s=4.56
CALL geometry3k_test_2592 confidence_gated_topk6
OK	geometry3k_test_2592	confidence_gated_topk6	pred='C'	gold='C'	complete=True	new_tokens=2	duration_s=4.85
CALL geometry3k_test_2592 irrelevant_trusted
OK	geometry3k_test_2592	irrelevant_trusted	pred='C'	gold='C'	complete=True	new_tokens=2	duration_s=4.80
CALL geometry3k_test_2592 irrelevant_warned
OK	geometry3k_test_2592	irrelevant_warned	pred='C'	gold='C'	complete=True	new_tokens=2	duration_s=4.81
CALL geometry3k_test_2592 corrupt_trusted
FAIL	geometry3k_test_2592	corrupt_trusted	pred='B'	gold='C'	complete=True	new_tokens=2	duration_s=4.54
CALL geometry3k_test_2592 corrupt_warned
OK	geometry3k_test_2592	corrupt_warned	pred='C'	gold='C'	complete=True	new_tokens=2	duration_s=4.55
CALL geometry3k_test_2592 contradictory_trusted
FAIL	geometry3k_test_2592	contradictory_trusted	pred='B'	gold='C'	complete=True	new_tokens=2	duration_s=4.53
CALL geometry3k_test_2592 contradictory_selfverify
OK	geometry3k_test_2592	contradictory_selfverify	pred='C'	gold='C'	complete=True	new_tokens=2	duration_s=4.55
CALL geometry3k_test_2593 raw
FAIL	geometry3k_test_2593	raw	pred='B'	gold='D'	complete=True	new_tokens=2	duration_s=18.52
CALL geometry3k_test_2593 clean_topk6_cautious
FAIL	geometry3k_test_2593	clean_topk6_cautious	pred='B'	gold='D'	complete=True	new_tokens=2	duration_s=19.17
CALL geometry3k_test_2593 clean_topk6_trusted
FAIL	geometry3k_test_2593	clean_topk6_trusted	pred='B'	gold='D'	complete=True	new_tokens=2	duration_s=19.15
CALL geometry3k_test_2593 clean_topk6_selfverify
FAIL	geometry3k_test_2593	clean_topk6_selfverify	pred='B'	gold='D'	complete=True	new_tokens=2	duration_s=19.14
CALL geometry3k_test_2593 confidence_gated_topk6
FAIL	geometry3k_test_2593	confidence_gated_topk6	pred='B'	gold='D'	complete=True	new_tokens=2	duration_s=19.90
CALL geometry3k_test_2593 irrelevant_trusted
FAIL	geometry3k_test_2593	irrelevant_trusted	pred='B'	gold='D'	complete=True	new_tokens=2	duration_s=18.84
CALL geometry3k_test_2593 irrelevant_warned
FAIL	geometry3k_test_2593	irrelevant_warned	pred='B'	gold='D'	complete=True	new_tokens=2	duration_s=18.89
CALL geometry3k_test_2593 corrupt_trusted
FAIL	geometry3k_test_2593	corrupt_trusted	pred='B'	gold='D'	complete=True	new_tokens=2	duration_s=19.16
CALL geometry3k_test_2593 corrupt_warned
FAIL	geometry3k_test_2593	corrupt_warned	pred='B'	gold='D'	complete=True	new_tokens=2	duration_s=19.09
CALL geometry3k_test_2593 contradictory_trusted
FAIL	geometry3k_test_2593	contradictory_trusted	pred='B'	gold='D'	complete=True	new_tokens=2	duration_s=19.12
CALL geometry3k_test_2593 contradictory_selfverify
FAIL	geometry3k_test_2593	contradictory_selfverify	pred='B'	gold='D'	complete=True	new_tokens=2	duration_s=19.13
CALL geometry3k_test_2594 raw
OK	geometry3k_test_2594	raw	pred='B'	gold='B'	complete=True	new_tokens=2	duration_s=4.13
CALL geometry3k_test_2594 clean_topk6_cautious
OK	geometry3k_test_2594	clean_topk6_cautious	pred='B'	gold='B'	complete=True	new_tokens=2	duration_s=4.68
CALL geometry3k_test_2594 clean_topk6_trusted
OK	geometry3k_test_2594	clean_topk6_trusted	pred='B'	gold='B'	complete=True	new_tokens=2	duration_s=4.69
CALL geometry3k_test_2594 clean_topk6_selfverify
OK	geometry3k_test_2594	clean_topk6_selfverify	pred='B'	gold='B'	complete=True	new_tokens=2	duration_s=4.71
CALL geometry3k_test_2594 confidence_gated_topk6
OK	geometry3k_test_2594	confidence_gated_topk6	pred='B'	gold='B'	complete=True	new_tokens=2	duration_s=5.40
CALL geometry3k_test_2594 irrelevant_trusted
OK	geometry3k_test_2594	irrelevant_trusted	pred='B'	gold='B'	complete=True	new_tokens=2	duration_s=4.70
CALL geometry3k_test_2594 irrelevant_warned
OK	geometry3k_test_2594	irrelevant_warned	pred='B'	gold='B'	complete=True	new_tokens=2	duration_s=4.69
CALL geometry3k_test_2594 corrupt_trusted
OK	geometry3k_test_2594	corrupt_trusted	pred='B'	gold='B'	complete=True	new_tokens=2	duration_s=4.68
CALL geometry3k_test_2594 corrupt_warned
OK	geometry3k_test_2594	corrupt_warned	pred='B'	gold='B'	complete=True	new_tokens=2	duration_s=4.71
CALL geometry3k_test_2594 contradictory_trusted
OK	geometry3k_test_2594	contradictory_trusted	pred='B'	gold='B'	complete=True	new_tokens=2	duration_s=4.71
CALL geometry3k_test_2594 contradictory_selfverify
OK	geometry3k_test_2594	contradictory_selfverify	pred='B'	gold='B'	complete=True	new_tokens=2	duration_s=4.69
CALL geometry3k_test_2595 raw
FAIL	geometry3k_test_2595	raw	pred='B'	gold='A'	complete=True	new_tokens=2	duration_s=15.56
CALL geometry3k_test_2595 clean_topk6_cautious
FAIL	geometry3k_test_2595	clean_topk6_cautious	pred='B'	gold='A'	complete=True	new_tokens=2	duration_s=16.20
CALL geometry3k_test_2595 clean_topk6_trusted
FAIL	geometry3k_test_2595	clean_topk6_trusted	pred='B'	gold='A'	complete=True	new_tokens=2	duration_s=16.19
CALL geometry3k_test_2595 clean_topk6_selfverify
FAIL	geometry3k_test_2595	clean_topk6_selfverify	pred='B'	gold='A'	complete=True	new_tokens=2	duration_s=16.17
CALL geometry3k_test_2595 confidence_gated_topk6
FAIL	geometry3k_test_2595	confidence_gated_topk6	pred='B'	gold='A'	complete=True	new_tokens=2	duration_s=16.91
CALL geometry3k_test_2595 irrelevant_trusted
FAIL	geometry3k_test_2595	irrelevant_trusted	pred='B'	gold='A'	complete=True	new_tokens=2	duration_s=16.22
CALL geometry3k_test_2595 irrelevant_warned
FAIL	geometry3k_test_2595	irrelevant_warned	pred='B'	gold='A'	complete=True	new_tokens=2	duration_s=16.17
CALL geometry3k_test_2595 corrupt_trusted
FAIL	geometry3k_test_2595	corrupt_trusted	pred='B'	gold='A'	complete=True	new_tokens=2	duration_s=16.18
CALL geometry3k_test_2595 corrupt_warned
FAIL	geometry3k_test_2595	corrupt_warned	pred='B'	gold='A'	complete=True	new_tokens=2	duration_s=16.16
CALL geometry3k_test_2595 contradictory_trusted
FAIL	geometry3k_test_2595	contradictory_trusted	pred='B'	gold='A'	complete=True	new_tokens=2	duration_s=16.19
CALL geometry3k_test_2595 contradictory_selfverify
FAIL	geometry3k_test_2595	contradictory_selfverify	pred='B'	gold='A'	complete=True	new_tokens=2	duration_s=16.18
CALL geometry3k_test_2596 raw
FAIL	geometry3k_test_2596	raw	pred='B'	gold='D'	complete=True	new_tokens=2	duration_s=9.18
CALL geometry3k_test_2596 clean_topk6_cautious
FAIL	geometry3k_test_2596	clean_topk6_cautious	pred='B'	gold='D'	complete=True	new_tokens=2	duration_s=9.59
CALL geometry3k_test_2596 clean_topk6_trusted
FAIL	geometry3k_test_2596	clean_topk6_trusted	pred='B'	gold='D'	complete=True	new_tokens=2	duration_s=9.58
CALL geometry3k_test_2596 clean_topk6_selfverify
FAIL	geometry3k_test_2596	clean_topk6_selfverify	pred='B'	gold='D'	complete=True	new_tokens=2	duration_s=9.61
CALL geometry3k_test_2596 confidence_gated_topk6
FAIL	geometry3k_test_2596	confidence_gated_topk6	pred='B'	gold='D'	complete=True	new_tokens=2	duration_s=9.96
CALL geometry3k_test_2596 irrelevant_trusted
FAIL	geometry3k_test_2596	irrelevant_trusted	pred='B'	gold='D'	complete=True	new_tokens=2	duration_s=9.60
CALL geometry3k_test_2596 irrelevant_warned
FAIL	geometry3k_test_2596	irrelevant_warned	pred='B'	gold='D'	complete=True	new_tokens=2	duration_s=9.61
CALL geometry3k_test_2596 corrupt_trusted
FAIL	geometry3k_test_2596	corrupt_trusted	pred='B'	gold='D'	complete=True	new_tokens=2	duration_s=9.63
CALL geometry3k_test_2596 corrupt_warned
FAIL	geometry3k_test_2596	corrupt_warned	pred='B'	gold='D'	complete=True	new_tokens=2	duration_s=9.62
CALL geometry3k_test_2596 contradictory_trusted
FAIL	geometry3k_test_2596	contradictory_trusted	pred='B'	gold='D'	complete=True	new_tokens=2	duration_s=9.61
CALL geometry3k_test_2596 contradictory_selfverify
FAIL	geometry3k_test_2596	contradictory_selfverify	pred='B'	gold='D'	complete=True	new_tokens=2	duration_s=9.59
CALL geometry3k_test_2597 raw
OK	geometry3k_test_2597	raw	pred='B'	gold='B'	complete=True	new_tokens=2	duration_s=6.03
CALL geometry3k_test_2597 clean_topk6_cautious
OK	geometry3k_test_2597	clean_topk6_cautious	pred='B'	gold='B'	complete=True	new_tokens=2	duration_s=6.68
CALL geometry3k_test_2597 clean_topk6_trusted
OK	geometry3k_test_2597	clean_topk6_trusted	pred='B'	gold='B'	complete=True	new_tokens=2	duration_s=6.68
CALL geometry3k_test_2597 clean_topk6_selfverify
OK	geometry3k_test_2597	clean_topk6_selfverify	pred='B'	gold='B'	complete=True	new_tokens=2	duration_s=6.71
CALL geometry3k_test_2597 confidence_gated_topk6
OK	geometry3k_test_2597	confidence_gated_topk6	pred='B'	gold='B'	complete=True	new_tokens=2	duration_s=7.40
CALL geometry3k_test_2597 irrelevant_trusted
OK	geometry3k_test_2597	irrelevant_trusted	pred='B'	gold='B'	complete=True	new_tokens=2	duration_s=6.39
CALL geometry3k_test_2597 irrelevant_warned
OK	geometry3k_test_2597	irrelevant_warned	pred='B'	gold='B'	complete=True	new_tokens=2	duration_s=6.37
CALL geometry3k_test_2597 corrupt_trusted
OK	geometry3k_test_2597	corrupt_trusted	pred='B'	gold='B'	complete=True	new_tokens=2	duration_s=6.72
CALL geometry3k_test_2597 corrupt_warned
OK	geometry3k_test_2597	corrupt_warned	pred='B'	gold='B'	complete=True	new_tokens=2	duration_s=6.69
CALL geometry3k_test_2597 contradictory_trusted
OK	geometry3k_test_2597	contradictory_trusted	pred='B'	gold='B'	complete=True	new_tokens=2	duration_s=6.73
CALL geometry3k_test_2597 contradictory_selfverify
OK	geometry3k_test_2597	contradictory_selfverify	pred='B'	gold='B'	complete=True	new_tokens=2	duration_s=6.71
CALL geometry3k_test_2598 raw
OK	geometry3k_test_2598	raw	pred='A'	gold='A'	complete=True	new_tokens=2	duration_s=5.62
CALL geometry3k_test_2598 clean_topk6_cautious
OK	geometry3k_test_2598	clean_topk6_cautious	pred='A'	gold='A'	complete=True	new_tokens=2	duration_s=6.25
CALL geometry3k_test_2598 clean_topk6_trusted
OK	geometry3k_test_2598	clean_topk6_trusted	pred='A'	gold='A'	complete=True	new_tokens=2	duration_s=6.25
CALL geometry3k_test_2598 clean_topk6_selfverify
OK	geometry3k_test_2598	clean_topk6_selfverify	pred='A'	gold='A'	complete=True	new_tokens=2	duration_s=6.26
CALL geometry3k_test_2598 confidence_gated_topk6
OK	geometry3k_test_2598	confidence_gated_topk6	pred='A'	gold='A'	complete=True	new_tokens=2	duration_s=6.94
CALL geometry3k_test_2598 irrelevant_trusted
OK	geometry3k_test_2598	irrelevant_trusted	pred='A'	gold='A'	complete=True	new_tokens=2	duration_s=6.28
CALL geometry3k_test_2598 irrelevant_warned
OK	geometry3k_test_2598	irrelevant_warned	pred='A'	gold='A'	complete=True	new_tokens=2	duration_s=6.26
CALL geometry3k_test_2598 corrupt_trusted
FAIL	geometry3k_test_2598	corrupt_trusted	pred='D'	gold='A'	complete=True	new_tokens=2	duration_s=6.27
CALL geometry3k_test_2598 corrupt_warned
OK	geometry3k_test_2598	corrupt_warned	pred='A'	gold='A'	complete=True	new_tokens=2	duration_s=6.24
CALL geometry3k_test_2598 contradictory_trusted
OK	geometry3k_test_2598	contradictory_trusted	pred='A'	gold='A'	complete=True	new_tokens=2	duration_s=6.26
CALL geometry3k_test_2598 contradictory_selfverify
OK	geometry3k_test_2598	contradictory_selfverify	pred='A'	gold='A'	complete=True	new_tokens=2	duration_s=6.26
CALL geometry3k_test_2599 raw
OK	geometry3k_test_2599	raw	pred='C'	gold='C'	complete=True	new_tokens=2	duration_s=9.73
CALL geometry3k_test_2599 clean_topk6_cautious
OK	geometry3k_test_2599	clean_topk6_cautious	pred='C'	gold='C'	complete=True	new_tokens=2	duration_s=10.38
CALL geometry3k_test_2599 clean_topk6_trusted
OK	geometry3k_test_2599	clean_topk6_trusted	pred='C'	gold='C'	complete=True	new_tokens=2	duration_s=10.41
CALL geometry3k_test_2599 clean_topk6_selfverify
OK	geometry3k_test_2599	clean_topk6_selfverify	pred='C'	gold='C'	complete=True	new_tokens=2	duration_s=10.37
CALL geometry3k_test_2599 confidence_gated_topk6
OK	geometry3k_test_2599	confidence_gated_topk6	pred='C'	gold='C'	complete=True	new_tokens=2	duration_s=10.79
CALL geometry3k_test_2599 irrelevant_trusted
OK	geometry3k_test_2599	irrelevant_trusted	pred='C'	gold='C'	complete=True	new_tokens=2	duration_s=10.42
CALL geometry3k_test_2599 irrelevant_warned
OK	geometry3k_test_2599	irrelevant_warned	pred='C'	gold='C'	complete=True	new_tokens=2	duration_s=10.41
CALL geometry3k_test_2599 corrupt_trusted
OK	geometry3k_test_2599	corrupt_trusted	pred='C'	gold='C'	complete=True	new_tokens=2	duration_s=10.38
CALL geometry3k_test_2599 corrupt_warned
OK	geometry3k_test_2599	corrupt_warned	pred='C'	gold='C'	complete=True	new_tokens=2	duration_s=10.39
CALL geometry3k_test_2599 contradictory_trusted
OK	geometry3k_test_2599	contradictory_trusted	pred='C'	gold='C'	complete=True	new_tokens=2	duration_s=10.41
CALL geometry3k_test_2599 contradictory_selfverify
OK	geometry3k_test_2599	contradictory_selfverify	pred='C'	gold='C'	complete=True	new_tokens=2	duration_s=10.84
CALL geometry3k_test_2600 raw
FAIL	geometry3k_test_2600	raw	pred='B'	gold='D'	complete=True	new_tokens=11	duration_s=5.20
CALL geometry3k_test_2600 clean_topk6_cautious
FAIL	geometry3k_test_2600	clean_topk6_cautious	pred='B'	gold='D'	complete=True	new_tokens=2	duration_s=4.98
CALL geometry3k_test_2600 clean_topk6_trusted
FAIL	geometry3k_test_2600	clean_topk6_trusted	pred='B'	gold='D'	complete=True	new_tokens=2	duration_s=4.98
CALL geometry3k_test_2600 clean_topk6_selfverify
FAIL	geometry3k_test_2600	clean_topk6_selfverify	pred='B'	gold='D'	complete=True	new_tokens=2	duration_s=5.01
CALL geometry3k_test_2600 confidence_gated_topk6
FAIL	geometry3k_test_2600	confidence_gated_topk6	pred='B'	gold='D'	complete=True	new_tokens=11	duration_s=5.83
CALL geometry3k_test_2600 irrelevant_trusted
FAIL	geometry3k_test_2600	irrelevant_trusted	pred='B'	gold='D'	complete=True	new_tokens=2	duration_s=5.02
CALL geometry3k_test_2600 irrelevant_warned
FAIL	geometry3k_test_2600	irrelevant_warned	pred='B'	gold='D'	complete=True	new_tokens=2	duration_s=5.00
CALL geometry3k_test_2600 corrupt_trusted
FAIL	geometry3k_test_2600	corrupt_trusted	pred='B'	gold='D'	complete=True	new_tokens=2	duration_s=4.97
CALL geometry3k_test_2600 corrupt_warned
FAIL	geometry3k_test_2600	corrupt_warned	pred='B'	gold='D'	complete=True	new_tokens=2	duration_s=4.98
CALL geometry3k_test_2600 contradictory_trusted
FAIL	geometry3k_test_2600	contradictory_trusted	pred='B'	gold='D'	complete=True	new_tokens=2	duration_s=4.99
CALL geometry3k_test_2600 contradictory_selfverify
FAIL	geometry3k_test_2600	contradictory_selfverify	pred='B'	gold='D'	complete=True	new_tokens=2	duration_s=5.01
{
  "variants": {
    "raw": {
      "n": 200,
      "complete": 200,
      "correct": 102,
      "accuracy_on_complete": 0.51,
      "all_sample_accuracy": 0.51,
      "errors": 0,
      "truncated": 0,
      "missing_answer_line": 0,
      "avg_duration_s": 7.88341819524765
    },
    "clean_topk6_cautious": {
      "n": 200,
      "complete": 199,
      "correct": 103,
      "accuracy_on_complete": 0.5175879396984925,
      "all_sample_accuracy": 0.515,
      "errors": 0,
      "truncated": 1,
      "missing_answer_line": 1,
      "avg_duration_s": 8.492239910364152
    },
    "clean_topk6_trusted": {
      "n": 200,
      "complete": 199,
      "correct": 98,
      "accuracy_on_complete": 0.49246231155778897,
      "all_sample_accuracy": 0.49,
      "errors": 0,
      "truncated": 1,
      "missing_answer_line": 1,
      "avg_duration_s": 8.420921406745911
    },
    "clean_topk6_selfverify": {
      "n": 200,
      "complete": 199,
      "correct": 101,
      "accuracy_on_complete": 0.507537688442211,
      "all_sample_accuracy": 0.505,
      "errors": 0,
      "truncated": 1,
      "missing_answer_line": 1,
      "avg_duration_s": 8.448502782583237
    },
    "confidence_gated_topk6": {
      "n": 200,
      "complete": 200,
      "correct": 100,
      "accuracy_on_complete": 0.5,
      "all_sample_accuracy": 0.5,
      "errors": 0,
      "truncated": 0,
      "missing_answer_line": 0,
      "avg_duration_s": 8.989550726413727
    },
    "irrelevant_trusted": {
      "n": 200,
      "complete": 199,
      "correct": 102,
      "accuracy_on_complete": 0.5125628140703518,
      "all_sample_accuracy": 0.51,
      "errors": 0,
      "truncated": 1,
      "missing_answer_line": 1,
      "avg_duration_s": 8.446455638408661
    },
    "irrelevant_warned": {
      "n": 200,
      "complete": 200,
      "correct": 102,
      "accuracy_on_complete": 0.51,
      "all_sample_accuracy": 0.51,
      "errors": 0,
      "truncated": 0,
      "missing_answer_line": 0,
      "avg_duration_s": 8.459951584339143
    },
    "corrupt_trusted": {
      "n": 200,
      "complete": 199,
      "correct": 99,
      "accuracy_on_complete": 0.49748743718592964,
      "all_sample_accuracy": 0.495,
      "errors": 0,
      "truncated": 1,
      "missing_answer_line": 1,
      "avg_duration_s": 8.44765947341919
    },
    "corrupt_warned": {
      "n": 200,
      "complete": 200,
      "correct": 101,
      "accuracy_on_complete": 0.505,
      "all_sample_accuracy": 0.505,
      "errors": 0,
      "truncated": 0,
      "missing_answer_line": 0,
      "avg_duration_s": 8.459096947908401
    },
    "contradictory_trusted": {
      "n": 200,
      "complete": 200,
      "correct": 99,
      "accuracy_on_complete": 0.495,
      "all_sample_accuracy": 0.495,
      "errors": 0,
      "truncated": 0,
      "missing_answer_line": 0,
      "avg_duration_s": 8.501628119945526
    },
    "contradictory_selfverify": {
      "n": 200,
      "complete": 200,
      "correct": 102,
      "accuracy_on_complete": 0.51,
      "all_sample_accuracy": 0.51,
      "errors": 0,
      "truncated": 0,
      "missing_answer_line": 0,
      "avg_duration_s": 8.455665210485458
    }
  },
  "pairwise_vs_raw": {
    "clean_topk6_cautious": {
      "other_win": 3,
      "other_loss": 2,
      "both_correct": 100,
      "both_wrong": 94,
      "incomplete_pair": 1,
      "net": 1,
      "examples": {
        "other_win": [
          "geometry3k_test_2407",
          "geometry3k_test_2463",
          "geometry3k_test_2558"
        ],
        "other_loss": [
          "geometry3k_test_2539",
          "geometry3k_test_2568"
        ]
      }
    },
    "clean_topk6_trusted": {
      "other_win": 1,
      "other_loss": 5,
      "both_correct": 97,
      "both_wrong": 96,
      "incomplete_pair": 1,
      "net": -4,
      "examples": {
        "other_win": [
          "geometry3k_test_2463"
        ],
        "other_loss": [
          "geometry3k_test_2440",
          "geometry3k_test_2486",
          "geometry3k_test_2539",
          "geometry3k_test_2556",
          "geometry3k_test_2568"
        ]
      }
    },
    "clean_topk6_selfverify": {
      "other_win": 3,
      "other_loss": 4,
      "both_correct": 98,
      "both_wrong": 94,
      "incomplete_pair": 1,
      "net": -1,
      "examples": {
        "other_win": [
          "geometry3k_test_2407",
          "geometry3k_test_2463",
          "geometry3k_test_2558"
        ],
        "other_loss": [
          "geometry3k_test_2474",
          "geometry3k_test_2539",
          "geometry3k_test_2556",
          "geometry3k_test_2568"
        ]
      }
    },
    "confidence_gated_topk6": {
      "other_win": 3,
      "other_loss": 5,
      "both_correct": 97,
      "both_wrong": 95,
      "incomplete_pair": 0,
      "net": -2,
      "examples": {
        "other_win": [
          "geometry3k_test_2463",
          "geometry3k_test_2558",
          "geometry3k_test_2569"
        ],
        "other_loss": [
          "geometry3k_test_2440",
          "geometry3k_test_2486",
          "geometry3k_test_2539",
          "geometry3k_test_2561",
          "geometry3k_test_2568"
        ]
      }
    },
    "irrelevant_trusted": {
      "other_win": 5,
      "other_loss": 5,
      "both_correct": 97,
      "both_wrong": 92,
      "incomplete_pair": 1,
      "net": 0,
      "examples": {
        "other_win": [
          "geometry3k_test_2418",
          "geometry3k_test_2452",
          "geometry3k_test_2516",
          "geometry3k_test_2527",
          "geometry3k_test_2558"
        ],
        "other_loss": [
          "geometry3k_test_2483",
          "geometry3k_test_2522",
          "geometry3k_test_2539",
          "geometry3k_test_2561",
          "geometry3k_test_2568"
        ]
      }
    },
    "irrelevant_warned": {
      "other_win": 4,
      "other_loss": 4,
      "both_correct": 98,
      "both_wrong": 94,
      "incomplete_pair": 0,
      "net": 0,
      "examples": {
        "other_win": [
          "geometry3k_test_2418",
          "geometry3k_test_2516",
          "geometry3k_test_2527",
          "geometry3k_test_2558"
        ],
        "other_loss": [
          "geometry3k_test_2539",
          "geometry3k_test_2556",
          "geometry3k_test_2561",
          "geometry3k_test_2568"
        ]
      }
    },
    "corrupt_trusted": {
      "other_win": 7,
      "other_loss": 10,
      "both_correct": 92,
      "both_wrong": 90,
      "incomplete_pair": 1,
      "net": -3,
      "examples": {
        "other_win": [
          "geometry3k_test_2421",
          "geometry3k_test_2463",
          "geometry3k_test_2499",
          "geometry3k_test_2513",
          "geometry3k_test_2518",
          "geometry3k_test_2527",
          "geometry3k_test_2558"
        ],
        "other_loss": [
          "geometry3k_test_2409",
          "geometry3k_test_2427",
          "geometry3k_test_2483",
          "geometry3k_test_2539",
          "geometry3k_test_2556",
          "geometry3k_test_2565",
          "geometry3k_test_2568",
          "geometry3k_test_2570"
        ]
      }
    },
    "corrupt_warned": {
      "other_win": 3,
      "other_loss": 4,
      "both_correct": 98,
      "both_wrong": 95,
      "incomplete_pair": 0,
      "net": -1,
      "examples": {
        "other_win": [
          "geometry3k_test_2418",
          "geometry3k_test_2463",
          "geometry3k_test_2558"
        ],
        "other_loss": [
          "geometry3k_test_2539",
          "geometry3k_test_2565",
          "geometry3k_test_2568",
          "geometry3k_test_2570"
        ]
      }
    },
    "contradictory_trusted": {
      "other_win": 8,
      "other_loss": 11,
      "both_correct": 91,
      "both_wrong": 90,
      "incomplete_pair": 0,
      "net": -3,
      "examples": {
        "other_win": [
          "geometry3k_test_2421",
          "geometry3k_test_2463",
          "geometry3k_test_2499",
          "geometry3k_test_2513",
          "geometry3k_test_2518",
          "geometry3k_test_2527",
          "geometry3k_test_2534",
          "geometry3k_test_2558"
        ],
        "other_loss": [
          "geometry3k_test_2409",
          "geometry3k_test_2427",
          "geometry3k_test_2483",
          "geometry3k_test_2522",
          "geometry3k_test_2539",
          "geometry3k_test_2556",
          "geometry3k_test_2561",
          "geometry3k_test_2565"
        ]
      }
    },
    "contradictory_selfverify": {
      "other_win": 6,
      "other_loss": 6,
      "both_correct": 96,
      "both_wrong": 92,
      "incomplete_pair": 0,
      "net": 0,
      "examples": {
        "other_win": [
          "geometry3k_test_2418",
          "geometry3k_test_2463",
          "geometry3k_test_2499",
          "geometry3k_test_2527",
          "geometry3k_test_2534",
          "geometry3k_test_2558"
        ],
        "other_loss": [
          "geometry3k_test_2474",
          "geometry3k_test_2522",
          "geometry3k_test_2539",
          "geometry3k_test_2556",
          "geometry3k_test_2565",
          "geometry3k_test_2568"
        ]
      }
    }
  },
  "direct_comparisons": {
    "corrupt_warned_vs_corrupt_trusted": {
      "other_win": 7,
      "other_loss": 5,
      "both_correct": 94,
      "both_wrong": 93,
      "incomplete_pair": 1,
      "net": 2,
      "examples": {
        "other_win": [
          "geometry3k_test_2409",
          "geometry3k_test_2418",
          "geometry3k_test_2427",
          "geometry3k_test_2483",
          "geometry3k_test_2556",
          "geometry3k_test_2592",
          "geometry3k_test_2598"
        ],
        "other_loss": [
          "geometry3k_test_2421",
          "geometry3k_test_2499",
          "geometry3k_test_2513",
          "geometry3k_test_2518",
          "geometry3k_test_2527"
        ]
      }
    },
    "contradictory_selfverify_vs_contradictory_trusted": {
      "other_win": 7,
      "other_loss": 4,
      "both_correct": 95,
      "both_wrong": 94,
      "incomplete_pair": 0,
      "net": 3,
      "examples": {
        "other_win": [
          "geometry3k_test_2409",
          "geometry3k_test_2418",
          "geometry3k_test_2427",
          "geometry3k_test_2483",
          "geometry3k_test_2561",
          "geometry3k_test_2570",
          "geometry3k_test_2592"
        ],
        "other_loss": [
          "geometry3k_test_2421",
          "geometry3k_test_2474",
          "geometry3k_test_2513",
          "geometry3k_test_2518"
        ]
      }
    },
    "irrelevant_warned_vs_irrelevant_trusted": {
      "other_win": 2,
      "other_loss": 2,
      "both_correct": 100,
      "both_wrong": 95,
      "incomplete_pair": 1,
      "net": 0,
      "examples": {
        "other_win": [
          "geometry3k_test_2483",
          "geometry3k_test_2522"
        ],
        "other_loss": [
          "geometry3k_test_2452",
          "geometry3k_test_2556"
        ]
      }
    },
    "confidence_gated_topk6_vs_clean_topk6_cautious": {
      "other_win": 1,
      "other_loss": 4,
      "both_correct": 99,
      "both_wrong": 95,
      "incomplete_pair": 1,
      "net": -3,
      "examples": {
        "other_win": [
          "geometry3k_test_2569"
        ],
        "other_loss": [
          "geometry3k_test_2407",
          "geometry3k_test_2440",
          "geometry3k_test_2486",
          "geometry3k_test_2561"
        ]
      }
    },
    "clean_topk6_selfverify_vs_clean_topk6_cautious": {
      "other_win": 0,
      "other_loss": 2,
      "both_correct": 101,
      "both_wrong": 96,
      "incomplete_pair": 1,
      "net": -2,
      "examples": {
        "other_win": [],
        "other_loss": [
          "geometry3k_test_2474",
          "geometry3k_test_2556"
        ]
      }
    },
    "clean_topk6_trusted_vs_clean_topk6_cautious": {
      "other_win": 0,
      "other_loss": 4,
      "both_correct": 98,
      "both_wrong": 96,
      "incomplete_pair": 2,
      "net": -4,
      "examples": {
        "other_win": [],
        "other_loss": [
          "geometry3k_test_2407",
          "geometry3k_test_2440",
          "geometry3k_test_2486",
          "geometry3k_test_2556"
        ]
      }
    },
    "corrupt_trusted_vs_clean_topk6_trusted": {
      "other_win": 7,
      "other_loss": 7,
      "both_correct": 91,
      "both_wrong": 93,
      "incomplete_pair": 2,
      "net": 0,
      "examples": {
        "other_win": [
          "geometry3k_test_2421",
          "geometry3k_test_2440",
          "geometry3k_test_2486",
          "geometry3k_test_2499",
          "geometry3k_test_2513",
          "geometry3k_test_2518",
          "geometry3k_test_2527"
        ],
        "other_loss": [
          "geometry3k_test_2409",
          "geometry3k_test_2427",
          "geometry3k_test_2483",
          "geometry3k_test_2565",
          "geometry3k_test_2570",
          "geometry3k_test_2592",
          "geometry3k_test_2598"
        ]
      }
    },
    "irrelevant_trusted_vs_clean_topk6_trusted": {
      "other_win": 7,
      "other_loss": 4,
      "both_correct": 94,
      "both_wrong": 93,
      "incomplete_pair": 2,
      "net": 3,
      "examples": {
        "other_win": [
          "geometry3k_test_2418",
          "geometry3k_test_2440",
          "geometry3k_test_2452",
          "geometry3k_test_2486",
          "geometry3k_test_2516",
          "geometry3k_test_2527",
          "geometry3k_test_2556"
        ],
        "other_loss": [
          "geometry3k_test_2463",
          "geometry3k_test_2483",
          "geometry3k_test_2522",
          "geometry3k_test_2561"
        ]
      }
    },
    "contradictory_trusted_vs_clean_topk6_trusted": {
      "other_win": 8,
      "other_loss": 8,
      "both_correct": 90,
      "both_wrong": 93,
      "incomplete_pair": 1,
      "net": 0,
      "examples": {
        "other_win": [
          "geometry3k_test_2421",
          "geometry3k_test_2440",
          "geometry3k_test_2486",
          "geometry3k_test_2499",
          "geometry3k_test_2513",
          "geometry3k_test_2518",
          "geometry3k_test_2527",
          "geometry3k_test_2534"
        ],
        "other_loss": [
          "geometry3k_test_2409",
          "geometry3k_test_2427",
          "geometry3k_test_2483",
          "geometry3k_test_2522",
          "geometry3k_test_2561",
          "geometry3k_test_2565",
          "geometry3k_test_2570",
          "geometry3k_test_2592"
        ]
      }
    }
  },
  "n_unique_ids": 200
}
